Fecha;MP25;CO;NOX;NO2;NO;O3;TEMP_mean;TEMP_min;TEMP_max;RHUM_mean;WSPD_mean;WSPD_max;mes;dia_ano;dia_semana;mes_sin;mes_cos;dia_ano_sin;dia_ano_cos;lag_1_mp25;lead_1_mp25;MP25_Original;MP25_Reconstruido;Fue_Imputado_Target;MP25_Real;MP25_Continuo;MP25_t;MP25_lag1;MP25_lag2;MP25_lag3;MP25_lag7;MP25_roll_mean_3;MP25_roll_mean_7;MP25_roll_std_7;MP25_roll_min_7;MP25_roll_max_7;MP25_diff1;CO_lag1;NO2_lag1;WSPD_mean_lag1;TEMP_min_lag1;es_fin_de_semana;target_24h;target_48h;target_72h;target_24h_real;target_48h_real;target_72h_real
2020-01-08;8,0;0,41;17,5253;9,29;8,23119;18,0;18,379820833333333;13,2144;22,6;53,84567083333334;1,473091125;3,22157;1;8;2;0,49999999999999994;0,8660254037844387;0,13718540405660057;0,9905453876091833;13,0;11,0;8,0;8,0;0;8,0;8,0;8,0;13,0;15,0;14,0;15,0;12,0;13,571428571428571;2,63673679998231;8,0;16,0;-5,0;0,33;14,45;1,4072319333333334;13,792;0;11,0;13,0;14,0;11,0;13,0;14,0
2020-01-09;11,0;0,33;25,5244;13,42;12,1002;20,0;20,313120833333333;11,6358;28,6101;51,91405;1,1127777816666666;2,85367;1;9;3;0,49999999999999994;0,8660254037844387;0,1542040475626894;0,988039023376751;8,0;13,0;11,0;11,0;0;11,0;11,0;11,0;8,0;13,0;15,0;14,0;10,666666666666666;13,142857142857142;2,7945525240230875;8,0;16,0;3,0;0,41;9,29;1,473091125;13,2144;0;13,0;14,0;13,0;13,0;14,0;13,0
2020-01-10;13,0;0,38;30,7808;15,53;15,2547;27,0;23,0913875;13,2518;32,1333;39,40685833333333;1,0959463458333334;2,66209;1;10;4;0,49999999999999994;0,8660254037844387;0,17117705961019986;0,985240282501282;11,0;14,0;13,0;13,0;0;13,0;13,0;13,0;11,0;8,0;13,0;16,0;10,666666666666666;12,714285714285714;2,497617912751115;8,0;15,0;2,0;0,33;13,42;1,1127777816666666;11,6358;0;14,0;13,0;14,0;14,0;13,0;14,0
2020-01-11;14,0;0,49;26,5625;14,6;11,9606;34,0;24,149029166666665;14,6928;32,9;34,671754166666666;1,097506879166667;2,75728;1;11;5;0,49999999999999994;0,8660254037844387;0,18809941761179758;0,9821499931752291;13,0;13,0;14,0;14,0;0;14,0;14,0;14,0;13,0;11,0;8,0;15,0;12,666666666666666;12,571428571428571;2,370453040886408;8,0;15,0;1,0;0,38;15,53;1,0959463458333334;13,2518;1;13,0;14,0;14,0;13,0;14,0;14,0
2020-01-12;13,0;0,42;22,0178;13,59;8,43018;31,0;23,81482083333333;15,267;31,9167;37,0535125;1,1770808791666667;3,09997;1;12;6;0,49999999999999994;0,8660254037844387;0,20496611396949532;0,9787690698649216;14,0;14,0;13,0;13,0;0;13,0;13,0;13,0;14,0;13,0;11,0;14,0;13,333333333333334;12,428571428571429;2,29906813420444;8,0;15,0;-1,0;0,49;14,6;1,097506879166667;14,6928;1;14,0;14,0;13,0;14,0;14,0;13,0
2020-01-13;14,0;0,5;26,5123;14,38;12,1288;27,0;23,357429166666662;14,2283;32,05;45,84485416666666;1,2420511;2,96759;1;13;0;0,49999999999999994;0,8660254037844387;0,22177215755648186;0,975098513039961;13,0;14,0;14,0;14,0;0;14,0;14,0;14,0;13,0;14,0;13,0;15,0;13,666666666666666;12,285714285714286;2,1380899352993947;8,0;14,0;1,0;0,42;13,59;1,1770808791666667;15,267;0;14,0;13,0;22,0;14,0;13,0;22,0
2020-01-14;14,0;0,32;28,1802;15,72;12,4614;27,0;23,589033333333333;15,4442;30,8333;43,71969583333333;1,2874542583333333;3,03177;1;14;1;0,49999999999999994;0,8660254037844387;0,23851257519407648;0,9711394088771653;14,0;13,0;14,0;14,0;0;14,0;14,0;14,0;14,0;13,0;14,0;13,0;13,666666666666666;12,428571428571429;2,225394561056747;8,0;14,0;0,0;0,5;14,38;1,2420511;14,2283;0;13,0;22,0;22,0;13,0;22,0;22,0
2020-01-15;13,0;0,31;22,9863;13,8;9,19002;32,0;25,13660833333333;17,2869;32,9917;35,95169583333333;1,2161747083333332;2,6709;1;15;2;0,49999999999999994;0,8660254037844387;0,2551824131233728;0,9668929289391521;14,0;22,0;13,0;13,0;0;13,0;13,0;13,0;14,0;14,0;13,0;8,0;13,666666666666666;13,142857142857142;1,0690449676496967;11,0;14,0;-1,0;0,32;15,72;1,2874542583333333;15,4442;0;22,0;22,0;22,0;22,0;22,0;22,0
2020-01-16;22,0;0,31;48,676;22,67;26,0073;27,0;24,34358333333333;15,8428;32,775;35,15345;1,0392674;2,73548;1;16;3;0,49999999999999994;0,8660254037844387;0,2717767384711357;0,9623603298276545;13,0;22,0;22,0;22,0;0;22,0;22,0;22,0;13,0;14,0;14,0;11,0;16,333333333333332;14,714285714285714;3,251373336211725;13,0;22,0;9,0;0,31;13,8;1,2161747083333332;17,2869;0;22,0;22,0;17,0;22,0;22,0;17,0
2020-01-17;22,0;0,45;33,8981;17,63;16,272;30,0;24,107741666666666;15,942;32,725;40,344275;1,2840834083333337;2,75864;1;17;4;0,49999999999999994;0,8660254037844387;0,2882906407095177;0,9575429528116719;22,0;22,0;22,0;22,0;0;22,0;22,0;22,0;22,0;13,0;14,0;13,0;19,0;16,0;4,12310562561766;13,0;22,0;0,0;0,31;22,67;1,0392674;15,8428;0;22,0;17,0;18,0;22,0;17,0;18,0
2020-01-18;22,0;0,38;27,58;14,84;12,7443;31,0;25,172820833333333;18,4898;32,8667;44,1331375;1,2561168333333332;3,13613;1;18;5;0,49999999999999994;0,8660254037844387;0,3047192331091634;0,9524422234305676;22,0;17,0;22,0;22,0;0;22,0;22,0;22,0;22,0;22,0;13,0;14,0;22,0;17,142857142857142;4,561745697594705;13,0;22,0;0,0;0,45;17,63;1,2840834083333337;15,942;1;17,0;18,0;17,0;17,0;18,0;17,0
2020-01-19;17,0;0,42;13,8094;7,95;5,85604;28,0;22,428416666666667;18,675;27,0917;50,080450000000006;1,3965112916666664;3,40019;1;19;6;0,49999999999999994;0,8660254037844387;0,321057654185271;0,9470596510722283;22,0;18,0;17,0;17,0;0;17,0;17,0;17,0;22,0;22,0;22,0;13,0;20,333333333333332;17,714285714285715;4,19182878603463;13,0;22,0;-5,0;0,38;14,84;1,2561168333333332;18,4898;1;18,0;17,0;15,0;18,0;17,0;15,0
2020-01-20;18,0;0,38;24,1803;12,28;11,896;27,0;23,478270833333337;15,9927;31,9167;55,23488333333333;1,2878368;2,8647;1;20;0;0,49999999999999994;0,8660254037844387;0,3373010691361842;0,9413968285264122;17,0;17,0;18,0;18,0;0;18,0;18,0;18,0;17,0;22,0;22,0;14,0;19,0;18,285714285714285;3,8606685826112943;13,0;22,0;1,0;0,42;7,95;1,3965112916666664;18,675;0;17,0;15,0;12,0;17,0;15,0;12,0
2020-01-21;17,0;0,49;28,5803;15,88;12,6956;26,0;23,960016666666665;17,1188;30,2;48,76465;1,2865552708333332;3,12469;1;21;1;0,49999999999999994;0,8660254037844387;0,3534446712740877;0,9354554315134164;18,0;15,0;17,0;17,0;0;17,0;17,0;17,0;18,0;17,0;22,0;14,0;17,333333333333332;18,714285714285715;3,450327796711771;13,0;22,0;-1,0;0,38;12,28;1,2878368;15,9927;0;15,0;12,0;12,0;15,0;12,0;12,0
2020-01-22;15,0;0,4;20,7313;11,7;9,03024;24,0;21,758604166666668;15,467;29,625;56,47286666666667;1,5644275708333335;3,18301;1;22;2;0,49999999999999994;0,8660254037844387;0,3694836834473831;0,9292372181882051;17,0;12,0;15,0;15,0;0;15,0;15,0;15,0;17,0;18,0;17,0;13,0;16,666666666666668;19,0;2,9439202887759497;15,0;22,0;-2,0;0,49;15,88;1,2865552708333332;17,1188;0;12,0;12,0;15,0;12,0;12,0;15,0
2020-01-23;12,0;0,49;22,0812;11,19;10,8906;21,0;22,50922083333333;16,175;29,5083;57,31390416666667;1,5606498791666663;3,11388;1;23;3;0,49999999999999994;0,8660254037844387;0,38541335945432564;0,9227440286201427;15,0;12,0;12,0;12,0;0;12,0;12,0;12,0;15,0;17,0;18,0;22,0;14,666666666666666;17,571428571428573;3,598941643369749;12,0;22,0;-3,0;0,4;11,7;1,5644275708333335;15,467;0;12,0;15,0;15,0;12,0;15,0;15,0
2020-01-24;12,0;0,41;21,8577;10,86;11,001;25,0;24,170404166666668;17,6301;31,7667;50,36555416666667;1,34848925;3,1228;1;24;4;0,49999999999999994;0,8660254037844387;0,4012289854475009;0,9159777842484877;12,0;15,0;12,0;12,0;0;12,0;12,0;12,0;12,0;15,0;17,0;22,0;13,0;16,142857142857142;3,532165125838608;12,0;22,0;0,0;0,49;11,19;1,5606498791666663;16,175;0;15,0;15,0;13,0;15,0;15,0;13,0
2020-01-25;15,0;0,42;23,0116;13,56;9,44939;31,0;25,23109583333333;16,6619;33,0;38,554320833333335;1,1626048395833333;2,89524;1;25;5;0,49999999999999994;0,8660254037844387;0,4169258813287287;0,908940487313808;12,0;15,0;15,0;15,0;0;15,0;15,0;15,0;12,0;12,0;15,0;22,0;13,0;15,142857142857142;2,4102953780654772;12,0;18,0;3,0;0,41;10,86;1,34848925;17,6301;1;15,0;13,0;17,0;15,0;13,0;17,0
2020-01-26;15,0;0,5;22,905;13,04;9,86566;30,0;25,7982125;17,1771;33,5083;35,83560416666666;1,0244095141666667;2,72026;1;26;6;0,49999999999999994;0,8660254037844387;0,4324994021339788;0,901634220265486;15,0;13,0;15,0;15,0;0;15,0;15,0;15,0;15,0;12,0;12,0;17,0;14,0;14,857142857142858;2,2677868380553616;12,0;18,0;0,0;0,42;13,56;1,1626048395833333;16,6619;1;13,0;17,0;10,0;13,0;17,0;10,0
2020-01-27;13,0;0,4;23,9431;11,74;12,2022;24,0;25,890720833333333;18,9807;33,0637;41,24037916666666;1,3134132625;3,01954;1;27;0;0,49999999999999994;0,8660254037844387;0,44794493940789115;0,8940611451454876;15,0;17,0;13,0;13,0;0;13,0;13,0;13,0;15,0;15,0;12,0;18,0;14,333333333333334;14,142857142857142;1,8644544714716063;12,0;17,0;-2,0;0,5;13,04;1,0244095141666667;17,1771;0;17,0;10,0;16,0;17,0;10,0;16,0
2020-01-28;17,0;0,53;24,7899;13,05;11,7429;23,0;23,895591666666665;16,7982;31,45;45,03979583333333;1,3650030624999998;3,18529;1;28;1;0,49999999999999994;0,8660254037844387;0,4632579225674917;0,88622350294858;13,0;10,0;17,0;17,0;0;17,0;17,0;17,0;13,0;15,0;15,0;17,0;15,0;14,142857142857142;1,8644544714716063;12,0;17,0;4,0;0,4;11,74;1,3134132625;18,9807;0;10,0;16,0;17,0;10,0;16,0;17,0
2020-01-29;10,0;0,37;15,0664;6,74;8,32874;17,0;21,72515;15,2583;29,1083;54,330825;1,4832329583333337;3,21226;1;29;2;0,49999999999999994;0,8660254037844387;0,4784338202547012;0,8781236129591848;17,0;16,0;10,0;10,0;0;10,0;10,0;10,0;17,0;13,0;15,0;15,0;13,333333333333334;13,428571428571429;2,370453040886406;10,0;17,0;-7,0;0,53;13,05;1,3650030624999998;16,7982;0;16,0;17,0;15,0;16,0;17,0;15,0
2020-01-30;16,0;0,47;24,5926;14,08;10,5094;26,0;23,66780833333333;15,2351;31,9833;43,12637083333333;1,2805860625;2,88816;1;30;3;0,49999999999999994;0,8660254037844387;0,49346814167723735;0,8697638720650646;10,0;17,0;16,0;16,0;0;16,0;16,0;16,0;10,0;17,0;13,0;12,0;14,333333333333334;14,0;2,449489742783176;10,0;17,0;6,0;0,37;6,74;1,4832329583333337;15,2583;0;17,0;15,0;12,0;17,0;15,0;12,0
2020-01-31;17,0;0,43;35,7738;18,56;17,215;29,0;24,28594166666667;16,0021;31,9636;38,30575;1,3173309;3,04566;1;31;4;0,49999999999999994;0,8660254037844387;0,5083564379375122;0,8611467540480452;16,0;15,0;17,0;17,0;0;17,0;17,0;17,0;16,0;10,0;17,0;12,0;14,333333333333334;14,714285714285714;2,4976179127511124;10,0;17,0;1,0;0,47;14,08;1,2805860625;15,2351;0;15,0;12,0;8,0;15,0;12,0;8,0
2020-02-01;15,0;0,41;22,3354;14,55;7,78677;27,0;23,45755;15,6003;31,3417;44,49477916666667;1,3572479125;2,88943;2;32;5;0,8660254037844386;0,5000000000000001;0,5230943033491326;0,8522748088519838;17,0;12,0;15,0;15,0;0;15,0;15,0;15,0;17,0;16,0;10,0;15,0;16,0;14,714285714285714;2,4976179127511124;10,0;17,0;-2,0;0,43;18,56;1,3173309;16,0021;1;12,0;8,0;8,0;12,0;8,0;8,0
2020-02-02;12,0;0,43;17,4656;10,86;6,60541;25,0;23,892658333333333;16,6898;31,3917;45,41502916666667;1,3738782916666663;3,49663;2;33;6;0,8660254037844386;0,5000000000000001;0,5376773767406141;0,8431506618282;15,0;8,0;12,0;12,0;0;12,0;12,0;12,0;15,0;17,0;16,0;15,0;14,666666666666666;14,285714285714286;2,690370836538195;10,0;17,0;-3,0;0,41;14,55;1,3572479125;15,6003;1;8,0;8,0;8,0;8,0;8,0;8,0
2020-02-03;8,0;0,33;23,7391;14,12;9,6201;19,0;22,573754166666664;15,0608;30,5417;34,66362083333333;1,3491765000000002;3,45119;2;34;0;0,8660254037844386;0,5000000000000001;0,5521013427459208;0,8337770129585915;12,0;8,0;8,0;8,0;0;8,0;8,0;8,0;12,0;15,0;17,0;13,0;11,666666666666666;13,571428571428571;3,5989416433697485;8,0;17,0;-4,0;0,43;10,86;1,3738782916666663;16,6898;0;8,0;8,0;10,0;8,0;8,0;10,0
2020-02-04;8,0;0,35;19,2451;9,58;9,66708;19,0;21,110966666666663;14,6185;28,6182;47,74798333333334;1,3028078333333333;2,75785;2;35;1;0,8660254037844386;0,5000000000000001;0,5663619330814524;0,8241566360566663;8,0;8,0;8,0;8,0;0;8,0;8,0;8,0;8,0;12,0;15,0;17,0;9,333333333333334;12,285714285714286;3,7733400639347683;8,0;17,0;0,0;0,33;14,12;1,3491765000000002;15,0608;0;8,0;10,0;12,0;8,0;10,0;12,0
2020-02-05;8,0;0,27;17,1299;9,87;7,26427;22,0;19,42160833333333;13,3083;26,4917;44,67125416666667;1,488264458333333;3,15172;2;36;2;0,8660254037844386;0,5000000000000001;0,580454927809098;0,8142923779467267;8,0;10,0;8,0;8,0;0;8,0;8,0;8,0;8,0;8,0;12,0;10,0;8,0;12,0;4,0414518843273814;8,0;17,0;0,0;0,35;9,58;1,3028078333333333;14,6185;0;10,0;12,0;14,0;10,0;12,0;14,0
2020-02-06;10,0;0,32;22,5955;13,07;9,52844;25,084994270822705;19,504641666666668;11,5086;28,2833;42,729625;1,1594484125;2,72368;2;37;3;0,8660254037844386;0,5000000000000001;0,5943761565849831;0,804187157621448;8,0;12,0;10,0;10,0;0;10,0;10,0;10,0;8,0;8,0;8,0;16,0;8,666666666666666;11,142857142857142;3,670993118515817;8,0;17,0;2,0;0,27;9,87;1,488264458333333;13,3083;0;12,0;14,0;18,0;12,0;14,0;18,0
2020-02-07;12,0;0,44;32,2606;18,28;13,98;27,389053426913186;22,733041666666665;12,6116;32,2083;33,997425;1,0357127833333333;2,70709;2;38;4;0,8660254037844386;0,5000000000000001;0,6081214998935418;0,7938439653781019;10,0;14,0;12,0;12,0;0;12,0;12,0;12,0;10,0;8,0;8,0;17,0;10,0;10,428571428571429;2,6992062325273136;8,0;15,0;2,0;0,32;13,07;1,1594484125;11,5086;0;14,0;18,0;17,0;14,0;18,0;17,0
2020-02-08;14,0;0,46;35,2168;19,83;15,3836;27,411379327608834;24,42619583333333;15,1858;33,1667;31,61505;1,09114055;2,90546;2;39;5;0,8660254037844386;0,5000000000000001;0,6216868902665479;0,7832658619336791;12,0;18,0;14,0;14,0;0;14,0;14,0;14,0;12,0;10,0;8,0;15,0;12,0;10,285714285714286;2,4299715851758257;8,0;14,0;2,0;0,44;18,28;1,0357127833333333;12,6116;1;18,0;17,0;23,0;18,0;17,0;23,0
2020-02-09;18,0;0,45;20,925;14,77;6,1575;27,122602822992853;23,288395833333336;14,5268;31,575;38,238079166666665;1,1863508833333334;3,06444;2;40;6;0,8660254037844386;0,5000000000000001;0,6350683134867438;0,7724559775191742;14,0;17,0;18,0;18,0;0;18,0;18,0;18,0;14,0;12,0;10,0;12,0;14,666666666666666;11,142857142857142;3,804758924845369;8,0;18,0;4,0;0,46;19,83;1,09114055;15,1858;1;17,0;23,0;21,0;17,0;23,0;21,0
2020-02-10;17,0;0,7074239218646527;46,3323;25,3;21,0357;22,23443724100737;22,88830833333333;15,5761;30,0979;50,10378333333333;1,2997131208333337;3,44917;2;41;0;0,8660254037844386;0,5000000000000001;0,6482618097757122;0,7614175109532997;18,0;23,0;17,0;17,0;0;17,0;17,0;17,0;18,0;14,0;12,0;8,0;16,333333333333332;12,428571428571429;4,076646614442762;8,0;18,0;-1,0;0,45;14,77;1,1863508833333334;14,5268;0;23,0;21,0;15,0;23,0;21,0;15,0
2020-02-11;23,0;0,6398836875993068;32,5986;18,54;14,0602;22,87469503066204;22,93967083333333;15,7503;29,95;54,98300416666667;1,2416663708333333;3,22659;2;42;1;0,8660254037844386;0,5000000000000001;0,6612634749656386;0,7501537286959042;17,0;21,0;23,0;23,0;0;23,0;23,0;23,0;17,0;18,0;14,0;8,0;19,333333333333332;14,571428571428571;5,159365040297849;8,0;23,0;6,0;0,7074239218646527;25,3;1,2997131208333337;15,5761;0;21,0;15,0;24,0;21,0;15,0;24,0
2020-02-12;21,0;0,5897306201559609;28,0463;14,88;13,1676;22,66078358573483;22,11540833333333;16,0398;28,9333;55,709833333333336;1,3610022708333334;3,23223;2;43;2;0,8660254037844386;0,5000000000000001;0,6740694616546161;0,7386679638813748;23,0;15,0;21,0;21,0;0;21,0;21,0;21,0;23,0;17,0;18,0;8,0;20,333333333333332;16,428571428571427;4,720774754816659;10,0;23,0;-2,0;0,6398836875993068;18,54;1,2416663708333333;15,7503;0;15,0;24,0;19,0;15,0;24,0;19,0
2020-02-13;15,0;0,44765045143212157;20,4322;12,91;7,52437;24,43825365936133;22,178579166666665;15,6025;29,45;45,9557125;1,2980734166666668;2,7135;2;44;3;0,8660254037844386;0,5000000000000001;0,6866759803451553;0,726963615332308;21,0;24,0;15,0;15,0;0;15,0;15,0;15,0;21,0;23,0;17,0;10,0;19,666666666666668;17,142857142857142;3,891382420536067;12,0;23,0;-6,0;0,5897306201559609;14,88;1,3610022708333334;16,0398;0;24,0;19,0;16,0;24,0;19,0;16,0
2020-02-14;24,0;0,5039229650455228;37,4432;23,18;14,2653;25,59518632246536;23,498079166666667;14,6583;31,9083;32,56995833333333;0,9333035791666666;2,70113;2;45;4;0,8660254037844386;0,5000000000000001;0,6990793005655562;0,7150441465537444;15,0;19,0;24,0;24,0;0;24,0;24,0;24,0;15,0;21,0;23,0;12,0;20,0;18,857142857142858;3,8913824205360656;14,0;24,0;9,0;0,44765045143212157;12,91;1,2980734166666668;15,6025;0;19,0;16,0;10,0;19,0;16,0;10,0
2020-02-15;19,0;0,4840367810123424;32,4485;19,32;13,1286;26,5377860180649;23,45895833333333;15,0011;32,4274;34,85263333333334;1,079533691666667;2,82049;2;46;5;0,8660254037844386;0,5000000000000001;0,7112757519738152;0,7029130847082615;24,0;16,0;19,0;19,0;0;19,0;19,0;19,0;24,0;15,0;21,0;14,0;19,333333333333332;19,571428571428573;3,258688021128687;15,0;24,0;-5,0;0,5039229650455228;23,18;0,9333035791666666;14,6583;1;16,0;10,0;14,0;16,0;10,0;14,0
2020-02-16;16,0;0,4228438870282052;20,2305;13,18;7,04771;25,792372559117645;22,160016666666667;14,8417;30,2182;44,55386666666666;1,2275580458333335;3,33917;2;47;6;0,8660254037844386;0,5000000000000001;0,7232617254437388;0,6905740195722293;19,0;10,0;16,0;16,0;0;16,0;16,0;16,0;19,0;24,0;15,0;18,0;19,666666666666668;19,285714285714285;3,4982989063393686;15,0;24,0;-3,0;0,4840367810123424;19,32;1,079533691666667;15,0011;1;10,0;14,0;18,0;10,0;14,0;18,0
2020-02-17;10,0;0,36;18,5072;11,74;6,76812;24,627650541374855;20,4489125;11,6583;28,3667;53,11595833333334;1,28048925;2,58139;2;48;0;0,8660254037844386;0,5000000000000001;0,7350336741329413;0,6780306024735382;16,0;14,0;10,0;10,0;0;10,0;10,0;10,0;16,0;19,0;24,0;17,0;15,0;18,285714285714285;4,956957592256421;10,0;24,0;-6,0;0,4228438870282052;13,18;1,2275580458333335;14,8417;0;14,0;18,0;23,0;14,0;18,0;23,0
2020-02-18;14,0;0,45;35,4564;20,06;15,3997;27,54170303199615;24,3449;14,7333;33,9333;37,20182916666666;0,8857282958333333;3,10327;2;49;1;0,8660254037844386;0,5000000000000001;0,746588114532413;0,6652865452111116;10,0;18,0;14,0;14,0;0;14,0;14,0;14,0;10,0;16,0;19,0;23,0;13,333333333333334;17,0;4,690415759823432;10,0;24,0;4,0;0,36;11,74;1,28048925;11,6583;0;18,0;23,0;19,0;18,0;23,0;19,0
2020-02-19;18,0;0,44;39,1139;20,48;18,6378;26,744056598053767;24,51309583333333;15,5167;33,3917;34,644083333333334;0,9231356391666666;2,77062;2;50;2;0,8660254037844386;0,5000000000000001;0,7579216274973472;0,6523456189565257;14,0;23,0;18,0;18,0;0;18,0;18,0;18,0;14,0;10,0;16,0;21,0;14,0;16,571428571428573;4,391550328268403;10,0;24,0;4,0;0,45;20,06;0,8857282958333333;14,7333;0;23,0;19,0;17,0;23,0;19,0;17,0
2020-02-20;23,0;0,55;39,9515;23,64;16,3152;24,404898746680843;23,652283333333333;16,725;32,05;45,10834166666667;1,2672164375;3,38265;2;51;3;0,8660254037844386;0,5000000000000001;0,7690308592589181;0,6392116531380588;18,0;19,0;23,0;23,0;0;23,0;23,0;23,0;18,0;14,0;10,0;15,0;18,333333333333332;17,714285714285715;4,923220007078218;10,0;24,0;5,0;0,44;20,48;0,9231356391666666;15,5167;0;19,0;17,0;15,0;19,0;17,0;15,0
2020-02-21;19,0;0,39;26,0273;16,41;9,61781;21,047555046390208;19,89763333333333;13,8833;26,5957;62,480500000000006;1,4261325416666668;2,87229;2;52;4;0,8660254037844386;0,5000000000000001;0,7799125224167177;0,6258885343075018;23,0;17,0;19,0;19,0;0;19,0;19,0;19,0;23,0;18,0;14,0;24,0;20,0;17,0;4,163331998932268;10,0;23,0;-4,0;0,55;23,64;1,2672164375;16,725;0;17,0;15,0;15,0;17,0;15,0;15,0
2020-02-22;17,0;0,34;17,9641;12,08;5,88469;22,25538614533332;19,512729166666663;13,1033;26,6772;60,7229875;1,3253770833333334;2,81087;2;53;5;0,8660254037844386;0,5000000000000001;0,7905633969115482;0,612380204990065;19,0;15,0;17,0;17,0;0;17,0;17,0;17,0;19,0;23,0;18,0;19,0;19,666666666666668;16,714285714285715;4,070801956792862;10,0;23,0;-2,0;0,39;16,41;1,4261325416666668;13,8833;1;15,0;15,0;17,0;15,0;15,0;17,0
2020-02-23;15,0;0,36;14,0086;9,22;4,79156;23,554180441695117;19,401733333333333;12,4583;26,8738;60,2800125;1,4341129583333334;3,28399;2;54;6;0,8660254037844386;0,5000000000000001;0,8009803309782905;0,5986906625177214;17,0;15,0;15,0;15,0;0;15,0;15,0;15,0;17,0;19,0;23,0;16,0;17,0;16,571428571428573;4,117326918327105;10,0;23,0;-2,0;0,34;12,08;1,3253770833333334;13,1033;1;15,0;17,0;20,0;15,0;17,0;20,0
2020-02-24;15,0;0,36;19,7321;12,9;6,82886;20,993878416028487;17,5418;11,0268;24,4;65,83635833333334;1,4726352083333334;3,32048;2;55;0;0,8660254037844386;0,5000000000000001;0,8111602420785621;0,5848239578463322;15,0;17,0;15,0;15,0;0;15,0;15,0;15,0;15,0;17,0;19,0;10,0;15,666666666666666;17,285714285714285;3,09377254681539;14,0;23,0;0,0;0,36;9,22;1,4341129583333334;12,4583;0;17,0;20,0;18,0;17,0;20,0;18,0
2020-02-25;17,0;0,44;29,3342;19,36;9,96957;23,946145270374892;21,294495833333333;12,3761;30,4917;50,97936666666666;0,8616321708333333;2,14094;2;56;1;0,8660254037844386;0,5000000000000001;0,8211001178128892;0,5707841943569036;15,0;20,0;17,0;17,0;0;17,0;17,0;17,0;15,0;15,0;17,0;14,0;15,666666666666666;17,714285714285715;2,751622897751175;15,0;23,0;2,0;0,36;12,9;1,4726352083333334;11,0268;0;20,0;18,0;23,0;20,0;18,0;23,0
2020-02-26;20,0;0,6;61,0348;26,28;34,7563;25,05797434845112;24,19502083333333;15,1253;33,7588;36,016133333333336;0,93927025;2,60643;2;57;2;0,8660254037844386;0,5000000000000001;0,8307970168121247;0,5565755266413303;17,0;18,0;20,0;20,0;0;20,0;20,0;20,0;17,0;15,0;15,0;18,0;17,333333333333332;18,0;2,8867513459481287;15,0;23,0;3,0;0,44;19,36;0,8616321708333333;12,3761;0;18,0;23,0;25,0;18,0;23,0;25,0
2020-02-27;18,0;0,48;43,4657;22,25;21,2114;24,428700111172553;22,62099166666667;14,7;30,7196;35,877204166666665;1,0195752875;2,84166;2;58;3;0,8660254037844386;0,5000000000000001;0,8402480696078469;0,5422021592729844;20,0;23,0;18,0;18,0;0;18,0;18,0;18,0;20,0;17,0;15,0;23,0;18,333333333333332;17,285714285714285;1,889822365046139;15,0;20,0;-2,0;0,6;26,28;0,93927025;15,1253;0;23,0;25,0;15,0;23,0;25,0;15,0
2020-02-28;23,0;0,6;49,4974;25,25;24,2501;23,794958039187094;23,23669583333333;15,2917;32,1287;46,93225833333333;1,0004744541666668;3,27171;2;59;4;0,8660254037844386;0,5000000000000001;0,8494504794814806;0,527668345562516;18,0;25,0;23,0;23,0;0;23,0;23,0;23,0;18,0;20,0;17,0;19,0;20,333333333333332;17,857142857142858;2,853569193634026;15,0;23,0;5,0;0,48;22,25;1,0195752875;14,7;0;25,0;15,0;17,0;25,0;15,0;17,0
2020-02-29;25,0;0,7;38,9271;22,65;16,2751;21,98357516503198;23,03983333333333;16,4083;30,7094;53,06894166666667;1,045046191666667;2,82524;2;60;5;0,8660254037844386;0,5000000000000001;0,8584015232918917;0,512978386299228;23,0;15,0;25,0;25,0;0;25,0;25,0;25,0;23,0;18,0;20,0;17,0;22,0;19,0;3,872983346207415;15,0;25,0;2,0;0,6;25,25;1,0004744541666668;15,2917;1;15,0;17,0;21,0;15,0;17,0;21,0
2020-03-01;15,0;0,51;17,5699;13,12;4,44552;22,01035702535646;20,33997083333333;13,65;27,2;62,276575;1,290097925;2,96546;3;61;6;1,0;6,123233995736766e-17;0,8670985522812081;0,4981366284784055;25,0;17,0;15,0;15,0;0;15,0;15,0;15,0;25,0;23,0;18,0;15,0;21,0;19,0;3,872983346207415;15,0;25,0;-10,0;0,7;22,65;1,045046191666667;16,4083;1;17,0;21,0;21,0;17,0;21,0;21,0
2020-03-02;17,0;0,74;35,7728;20,1;15,6701;20,994734861965462;21,207241666666665;14,3833;28,45;58,92690416666667;1,1277806541666666;3,13262;3;62;0;1,0;6,123233995736766e-17;0,8755389928586302;0,4831474640149687;15,0;21,0;17,0;17,0;0;17,0;17,0;17,0;15,0;25,0;23,0;15,0;19,0;19,285714285714285;3,5923198500080535;15,0;25,0;2,0;0,51;13,12;1,290097925;13,65;0;21,0;21,0;24,0;21,0;21,0;24,0
2020-03-03;21,0;0,7469782652217203;41,0712;21,88;19,1894;24,0;21,90288333333333;14,3533;31,1167;57,864625;1,158622575;2,92235;3;63;1;1,0;6,123233995736766e-17;0,8837203473619977;0,4680153284438345;17,0;21,0;21,0;21,0;0;21,0;21,0;21,0;17,0;15,0;25,0;17,0;17,666666666666668;19,857142857142858;3,4846602621858436;15,0;25,0;4,0;0,74;20,1;1,1277806541666666;14,3833;0;21,0;24,0;22,0;21,0;24,0;22,0
2020-03-04;21,0;0,7221025867330475;38,912;20,46;18,4493;24,0;22,48484583333333;13,7942;31,5167;55,1530875;0,9916464166666668;2,49231;3;64;2;1,0;6,123233995736766e-17;0,8916401947968874;0,45274469960737107;21,0;24,0;21,0;21,0;0;21,0;21,0;21,0;21,0;17,0;15,0;20,0;19,666666666666668;20,0;3,5118845842842417;15,0;25,0;0,0;0,7469782652217203;21,88;1,158622575;14,3533;0;24,0;22,0;19,0;24,0;22,0;19,0
2020-03-05;24,0;0,767768293200862;55,987;28,68;27,3137;27,0;24,8927;16,3786;34,2667;41,08084166666666;0,7679370708333333;2,46403;3;65;3;1,0;6,123233995736766e-17;0,8992961915530253;0,4373400963303323;21,0;22,0;24,0;24,0;0;24,0;24,0;24,0;21,0;21,0;17,0;18,0;22,0;20,857142857142858;3,6709931185158093;15,0;25,0;3,0;0,7221025867330475;20,46;0,9916464166666668;13,7942;0;22,0;19,0;13,0;22,0;19,0;13,0
2020-03-06;22,0;0,5973286894940542;34,2836;20,98;13,3119;22,0;22,81883333333333;16,625;29,5667;48,010783333333336;1,1762657291666667;3,21367;3;66;4;1,0;6,123233995736766e-17;0,9066860720977985;0,4218060770826634;24,0;19,0;22,0;22,0;0;22,0;22,0;22,0;24,0;21,0;21,0;23,0;22,333333333333332;20,714285714285715;3,5923198500080504;15,0;25,0;-2,0;0,767768293200862;28,68;0,7679370708333333;16,3786;0;19,0;13,0;19,0;19,0;13,0;19,0
2020-03-07;19,0;0,6055154776915082;27,9981;18,86;9,13428;23,0;22,704016666666664;15,142;30,8917;51,44880416666667;1,0267423666666666;2,72139;3;67;5;1,0;6,123233995736766e-17;0,9138076496466615;0,4061472386305789;22,0;13,0;19,0;19,0;0;19,0;19,0;19,0;22,0;24,0;21,0;25,0;21,666666666666668;19,857142857142858;3,078342163598849;15,0;24,0;-3,0;0,5973286894940542;20,98;1,1762657291666667;16,625;1;13,0;19,0;20,0;13,0;19,0;20,0
2020-03-08;13,0;0,5839020546430136;19,7861;11,79;8,00414;21,0;23,473120833333336;15,8083;31,5667;51,61060416666666;0,916448575;2,57713;3;68;6;1,0;6,123233995736766e-17;0,9206588168102428;0,3903682146763026;19,0;19,0;13,0;13,0;0;13,0;13,0;13,0;19,0;22,0;24,0;15,0;18,0;19,571428571428573;3,6449573777637316;13,0;24,0;-6,0;0,6055154776915082;18,86;1,0267423666666666;15,142;1;19,0;20,0;19,0;19,0;20,0;19,0
2020-03-09;19,0;0,6881905953316054;40,5066;22,01;18,4991;23,0;24,454804166666666;16,3214;32,8333;44,21785;0,8664132375000001;2,45807;3;69;0;1,0;6,123233995736766e-17;0,9272375462179537;0,374473674486883;13,0;20,0;19,0;19,0;0;19,0;19,0;19,0;13,0;19,0;22,0;17,0;17,0;19,857142857142858;3,484660262185843;13,0;24,0;6,0;0,5839020546430136;11,79;0,916448575;15,8083;0;20,0;19,0;13,0;20,0;19,0;13,0
2020-03-10;20,0;0,7556107528096565;50,9839;25,18;25,8132;19,0;23,337391666666665;15,6;31,4167;42,52148333333333;0,9436082666666668;2,75077;3;70;1;1,0;6,123233995736766e-17;0,9335418911179212;0,35846832151248087;19,0;19,0;20,0;20,0;0;20,0;20,0;20,0;19,0;13,0;19,0;21,0;17,333333333333332;19,714285714285715;3,450327796711767;13,0;24,0;1,0;0,6881905953316054;22,01;0,8664132375000001;16,3214;0;19,0;13,0;11,0;19,0;13,0;11,0
2020-03-11;19,0;0,7559180185347956;45,6096;22,94;22,6793;19,0;23,5849;16,5768;31,7333;45,63385416666667;1,0083196041666669;2,56466;3;71;2;1,0;6,123233995736766e-17;0,9395699859530622;0,342356891994542;20,0;13,0;19,0;19,0;0;19,0;19,0;19,0;20,0;19,0;13,0;21,0;19,333333333333332;19,428571428571427;3,408672412985383;13,0;24,0;-1,0;0,7556107528096565;25,18;0,9436082666666668;15,6;0;13,0;11,0;12,0;13,0;11,0;12,0
2020-03-12;13,0;0,6511882053879745;31,5584;17,52;14,034;18,0;21,1715375;14,5252;28,3583;55,180929166666665;1,2146456791666669;3,05487;3;72;3;1,0;6,123233995736766e-17;0,945320046913132;0,3261441535642696;19,0;11,0;13,0;13,0;0;13,0;13,0;13,0;19,0;20,0;19,0;24,0;17,333333333333332;17,857142857142858;3,48466026218585;13,0;22,0;-6,0;0,7559180185347956;22,94;1,0083196041666669;16,5768;0;11,0;12,0;13,0;11,0;12,0;13,0
2020-03-13;11,0;0,7383631185699608;32,7739;15,03;17,7391;14,0;20,871795833333334;13,9198;28,0167;59,337829166666666;1,109072975;2,59771;3;73;4;1,0;6,123233995736766e-17;0,9507903724625832;0,3098349038318025;13,0;12,0;11,0;11,0;0;11,0;11,0;11,0;13,0;19,0;20,0;22,0;14,333333333333334;16,285714285714285;3,7733400639347745;11,0;20,0;-2,0;0,6511882053879745;17,52;1,2146456791666669;14,5252;0;12,0;13,0;17,71311258175768;12,0;13,0;
2020-03-14;12,0;0,5789519843209896;27,3519;15,31;12,0424;23,0;22,100579166666662;14,7691;29,9333;51,28465416666666;0,911288875;2,45837;3;74;5;1,0;6,123233995736766e-17;0,9559793438440766;0,2934339689665273;11,0;13,0;12,0;12,0;0;12,0;12,0;12,0;11,0;13,0;19,0;19,0;12,0;15,285714285714286;3,8606685826113045;11,0;20,0;1,0;0,7383631185699608;15,03;1,109072975;13,9198;1;13,0;17,71311258175768;24,988867587505748;13,0;;
2020-03-15;13,0;0,4267151637654719;22,434;15,41;7,02021;27,0;22,604120833333337;14,7768;30,8417;41,36262083333333;0,9439179916666666;2,72622;3;75;6;1,0;6,123233995736766e-17;0,9608854255574977;0,27694620226893646;12,0;;13,0;13,0;0;13,0;13,0;13,0;12,0;11,0;13,0;13,0;12,0;15,285714285714286;3,8606685826113045;11,0;20,0;1,0;0,5789519843209896;15,31;0,911288875;14,7691;1;17,71311258175768;24,988867587505748;25,388666454829103;;;
2020-03-16;17,71311258175768;0,5671692168505473;33,1303;16,84;16,2963;18,0;18,873291666666667;13,225;25,5833;51,9244125;1,32608715;2,97816;3;76;0;1,0;6,123233995736766e-17;0,9655071658143364;0,2603764827344581;13,0;;;17,71311258175768;1;;17,71311258175768;17,71311258175768;13,0;12,0;11,0;19,0;14,237704193919228;15,101873225965383;3,680768325637826;11,0;20,0;4,713112581757681;0,4267151637654719;15,41;0,9439179916666666;14,7768;0;24,988867587505748;25,388666454829103;27,36439127315663;;;
2020-03-17;24,988867587505748;0,6437453178832226;33,8563;17,68;16,1833;21,0;18,907675;11,9003;26,8333;59,38250416666667;0,9956154958333332;2,4036;3;77;1;1,0;6,123233995736766e-17;0,969843196967294;0,24372971360968387;;;;24,988867587505748;1;;24,988867587505748;24,988867587505748;17,71311258175768;13,0;12,0;20,0;18,56732672308781;15,814568595609062;5,024835015257507;11,0;24,988867587505748;7,275755005748067;0,5671692168505473;16,84;1,32608715;13,225;0;25,388666454829103;27,36439127315663;33,27931525787534;;;
2020-03-18;25,388666454829103;0,6235854303423529;39,0678;19,44;19,6318;23,0;20,06554583333333;12,7783;28,0417;52,6689375;0,9783628416666666;2,81577;3;78;2;1,0;6,123233995736766e-17;0,9738922359149924;0,22701082094141847;;;;25,388666454829103;1;;25,388666454829103;25,388666454829103;24,988867587505748;17,71311258175768;13,0;19,0;22,696882208030843;16,727235232013218;6,15331151284618;11,0;25,388666454829103;0,399798867323355;0,6437453178832226;17,68;0,9956154958333332;11,9003;0;27,36439127315663;33,27931525787534;15,167831898779038;;;
2020-03-19;27,36439127315663;0,6283556012795215;33,1926;18,79;14,4061;22,0;19,82579583333333;11,8;28,6917;54,62207916666667;0,7795698125;2,49941;3;79;3;1,0;6,123233995736766e-17;0,9776530844816641;0,2102247521189836;;;;27,36439127315663;1;;27,36439127315663;27,36439127315663;25,388666454829103;24,988867587505748;17,71311258175768;13,0;25,913975105163825;18,77929112817845;7,035146620205336;11,0;27,36439127315663;1,975724818327528;0,6235854303423529;19,44;0,9783628416666666;12,7783;0;33,27931525787534;15,167831898779038;9,660909335113331;;;
2020-03-20;33,27931525787534;0,47;38,7205;19,45;19,2813;24,0;18,878616666666662;12,1417;27,0167;58,77217916666667;1,0723714291666666;2,66776;3;80;4;1,0;6,123233995736766e-17;0,981124629771712;0,19337647441020586;;;;33,27931525787534;1;;33,27931525787534;33,27931525787534;27,36439127315663;25,388666454829103;24,988867587505748;11,0;28,677457661953692;21,96205045073207;7,913947169127437;12,0;33,27931525787534;5,914923984718708;0,6283556012795215;18,79;0,7795698125;11,8;0;15,167831898779038;9,660909335113331;15,125874301046121;;;
2020-03-21;15,167831898779038;0,34;13,201;8,87;4,33793;21,0;14,652952916666663;9,73334;20,525;71,54654583333333;1,3287657916666666;2,50256;3;81;5;1,0;6,123233995736766e-17;0,984305844499033;0,17647097349152166;;;;15,167831898779038;1;;15,167831898779038;15,167831898779038;33,27931525787534;27,36439127315663;25,388666454829103;12,0;25,270512809937003;22,414597864843362;7,317430345746164;13,0;33,27931525787534;-18,1114833590963;0,47;19,45;1,0723714291666666;12,1417;1;9,660909335113331;15,125874301046121;15,921709372324703;;;
2020-03-22;9,660909335113331;0,27;10,5815;6,67;3,915;25,0;17,913120833333334;11,25;26,0;59,065779166666665;0,9000769166666668;2,06004;3;82;6;1,0;6,123233995736766e-17;0,9871957872910085;0,15951325197263655;;;;9,660909335113331;1;;9,660909335113331;9,660909335113331;15,167831898779038;33,27931525787534;27,36439127315663;13,0;19,36935216392257;21,937584912716694;8,10038939239198;9,660909335113331;33,27931525787534;-5,506922563665707;0,34;8,87;1,3287657916666666;9,73334;1;15,125874301046121;15,921709372324703;14,748438177387328;;;
2020-03-23;15,125874301046121;0,48;27,7563;14,76;13,0096;19,0;19,80535833333333;10,9167;30,15;50,35876666666667;0,9191267291666666;2,87721;3;83;0;1,0;6,123233995736766e-17;0,9897936029670716;0,14250832791617088;;;;15,125874301046121;1;;15,125874301046121;15,125874301046121;9,660909335113331;15,167831898779038;33,27931525787534;17,71311258175768;13,31820517831283;21,56797944404362;8,379487130437985;9,660909335113331;33,27931525787534;5,46496496593279;0,27;6,67;0,9000769166666668;11,25;0;15,921709372324703;14,748438177387328;22,04778587374008;;;
2020-03-24;15,921709372324703;0,4;34,288;16,04;18,2504;15,0;19,6827875;10,7091;28,7333;46,591145833333336;0,9270524375;2,96812;3;84;1;1,0;6,123233995736766e-17;0,992098522791769;0,12546123335273648;;;;15,921709372324703;1;;15,921709372324703;15,921709372324703;15,125874301046121;9,660909335113331;15,167831898779038;24,988867587505748;13,569497669494718;20,27267112758918;8,46293833926326;9,660909335113331;33,27931525787534;0,7958350712785816;0,48;14,76;0,9191267291666666;10,9167;0;14,748438177387328;22,04778587374008;16,0;;;16,0
2020-03-25;14,748438177387328;0,28;28,3753;13,27;15,1072;19,0;20,224620833333333;12,95;28,1583;55,6506375;0,6885117583333332;1,76754;3;85;2;1,0;6,123233995736766e-17;0,9941098647022418;0,10837701279187609;;;;14,748438177387328;1;;14,748438177387328;14,748438177387328;15,921709372324703;15,125874301046121;9,660909335113331;25,388666454829103;15,265340616919383;18,752638516526073;8,345639575390253;9,660909335113331;33,27931525787534;-1,1732711949373744;0,4;16,04;0,9270524375;10,7091;0;22,04778587374008;16,0;22,0;;16,0;22,0
2020-03-26;22,04778587374008;0,55;36,4877;17,29;19,1948;19,0;19,142204166666662;12,875;26,2417;63,08699166666667;1,01010639;2,9564;3;86;3;1,0;6,123233995736766e-17;0,9958270335100595;0,09126072172931188;;16,0;;22,04778587374008;1;;22,04778587374008;22,04778587374008;14,748438177387328;15,921709372324703;15,125874301046121;27,36439127315663;17,572644474484036;17,993123459466563;7,643688771845696;9,660909335113331;33,27931525787534;7,299347696352751;0,28;13,27;0,6885117583333332;12,95;0;16,0;22,0;20,0;16,0;22,0;20,0
2020-03-27;16,0;0,27;17,4312;11,86;5,58228;14,0;15,460579166666667;12,1583;20,3818;82,5638;1,1561390416666668;2,45208;3;87;4;1,0;6,123233995736766e-17;0,9972495210773451;0,07411742515094437;;22,0;16,0;16,0;0;16,0;16,0;16,0;22,04778587374008;14,748438177387328;15,921709372324703;33,27931525787534;17,598741350375803;15,524649851198657;3,610337380101993;9,660909335113331;22,04778587374008;-6,047785873740079;0,55;17,29;1,01010639;12,875;0;22,0;20,0;23,0;22,0;20,0;23,0
2020-03-28;22,0;0,43;17,9469;12,53;5,42062;19,0;16,3277125;11,5833;22,3083;77,13350416666667;0,8386444208333333;2,44942;3;88;5;1,0;6,123233995736766e-17;0,998376906467142;0,056952196034039754;16,0;20,0;22,0;22,0;0;22,0;22,0;22,0;16,0;22,04778587374008;14,748438177387328;15,167831898779038;20,015928624580027;16,500673865658793;4,34629528736376;9,660909335113331;22,04778587374008;6,0;0,27;11,86;1,1561390416666668;12,1583;1;20,0;23,0;18,0;20,0;23,0;18,0
2020-03-29;20,0;0,34;16,6177;11,4;5,2224;29,0;19,122970833333333;11,7025;27,1818;63,306129166666665;0,6344359495833333;2,27301;3;89;6;1,0;6,123233995736766e-17;0,9992088560679753;0,03977011384605572;22,0;23,0;20,0;20,0;0;20,0;20,0;20,0;22,0;16,0;22,04778587374008;9,660909335113331;19,333333333333332;17,97768681778546;3,2540648960361445;14,748438177387328;22,04778587374008;-2,0;0,43;12,53;0,8386444208333333;11,5833;1;23,0;18,0;16,0;23,0;18,0;16,0
2020-03-30;23,0;0,53;31,9484;18,41;13,5423;28,0;21,31315833333333;13,6833;30,0333;49,92541666666667;0,6740952024999999;2,5963;3;90;0;1,0;6,123233995736766e-17;0,9997451236925734;0,022576263041545485;20,0;18,0;23,0;23,0;0;23,0;23,0;23,0;20,0;22,0;16,0;15,125874301046121;21,666666666666668;19,102561917636017;3,458492379237335;14,748438177387328;23,0;3,0;0,34;11,4;0,6344359495833333;11,7025;0;18,0;16,0;19,0;18,0;16,0;19,0
2020-03-31;18,0;0,4;41,3569;21,65;19,716;27,0;20,845091666666665;13,05;28,9;46,02867083333334;0,7892701208333334;2,52977;3;91;1;1,0;6,123233995736766e-17;0,9999855506507186;0,005375731557583884;23,0;16,0;18,0;18,0;0;18,0;18,0;18,0;23,0;20,0;22,0;15,921709372324703;20,333333333333332;19,399460578732487;3,2209676440974975;14,748438177387328;23,0;-5,0;0,53;18,41;0,6740952024999999;13,6833;0;16,0;19,0;30,0;16,0;19,0;30,0
2020-04-01;16,0;0,43;30,0503;20,38;9,67281;24,0;19,889904166666668;12,5083;28,6167;42,615375;0,7004569374999999;2,02727;4;92;2;0,8660254037844387;-0,4999999999999998;0,9999300657962057;-0,011826390691832589;18,0;19,0;16,0;16,0;0;16,0;16,0;16,0;18,0;23,0;20,0;14,748438177387328;19,0;19,57825512482001;2,9424577540582493;16,0;23,0;-2,0;0,4;21,65;0,7892701208333334;13,05;0;19,0;30,0;26,0;19,0;30,0;26,0
2020-04-02;19,0;0,51;49,0594;25,94;23,122;29,0;21,286625;11,6917;33,2917;36,170745833333335;0,674592875;2,19528;4;93;3;0,8660254037844387;-0,4999999999999998;0,9995786855478958;-0,029025013321975237;16,0;30,0;19,0;19,0;0;19,0;19,0;19,0;16,0;18,0;23,0;22,04778587374008;17,666666666666668;19,142857142857142;2,7342623276105837;16,0;23,0;3,0;0,43;20,38;0,7004569374999999;12,5083;0;30,0;26,0;16,0;30,0;26,0;16,0
2020-04-03;30,0;0,66;46,7721;25,36;21,4236;29,0;18,622325;11,3358;26,6333;49,74738333333334;0,8396862;2,41916;4;94;4;0,8660254037844387;-0,4999999999999998;0,9989315138848577;-0,046215046983708354;19,0;26,0;30,0;30,0;0;30,0;30,0;30,0;19,0;16,0;18,0;16,0;21,666666666666668;21,142857142857142;4,561745697594698;16,0;30,0;11,0;0,51;25,94;0,674592875;11,6917;0;26,0;16,0;16,0;26,0;16,0;16,0
2020-04-04;26,0;0,62;33,4849;20,07;13,4194;26,0;18,041083333333333;11,9167;25,3083;58,863675;0,695867325;2,09739;4;95;5;0,8660254037844387;-0,4999999999999998;0,9979887423155984;-0,06339140486951038;30,0;16,0;26,0;26,0;0;26,0;26,0;26,0;30,0;19,0;16,0;22,0;25,0;21,714285714285715;4,923220007078208;16,0;30,0;-4,0;0,66;25,36;0,8396862;11,3358;1;16,0;16,0;17,0;16,0;16,0;17,0
2020-04-05;16,0;0,31;16,3271;11,61;4,72087;19,0;17,7170625;11,2167;25,8167;58,93785416666666;0,8240985958333332;2,41097;4;96;6;0,8660254037844387;-0,4999999999999998;0,9967506498213929;-0,08054900421874167;26,0;16,0;16,0;16,0;0;16,0;16,0;16,0;26,0;30,0;19,0;20,0;24,0;21,142857142857142;5,367450401216925;16,0;30,0;-10,0;0,62;20,07;0,695867325;11,9167;1;16,0;17,0;26,0;16,0;17,0;26,0
2020-04-06;16,0;0,42;39,2163;23,87;15,3538;19,0;19,7192625;11,21;29,2182;45,7398875;0,5796916041666668;2,15431;4;97;0;0,8660254037844387;-0,4999999999999998;0,9952176027737294;-0,09768276782171598;16,0;17,0;16,0;16,0;0;16,0;16,0;16,0;16,0;26,0;30,0;23,0;19,333333333333332;20,142857142857142;5,610364558225287;16,0;30,0;0,0;0,31;11,61;0,8240985958333332;11,2167;0;17,0;26,0;25,0;17,0;26,0;25,0
2020-04-07;17,0;0,46;48,5356;26,93;21,6167;22,0;21,015754166666667;12,7417;30,5167;39,48719583333333;0,6057626500000001;2,42926;4;98;1;0,8660254037844387;-0,4999999999999998;0,9933900548258936;-0,11478762552212701;16,0;26,0;17,0;17,0;0;17,0;17,0;17,0;16,0;16,0;26,0;18,0;16,333333333333332;20,0;5,686240703077322;16,0;30,0;1,0;0,42;23,87;0,5796916041666668;11,21;0;26,0;25,0;21,0;26,0;25,0;21,0
2020-04-08;26,0;0,65;33,6603;21,65;12,0203;23,0;17,1632625;11,6667;23,9667;54,67401666666667;1,0630247791666667;2,71664;4;99;2;0,8660254037844387;-0,4999999999999998;0,9912685467787256;-0,13185851571739118;17,0;25,0;26,0;26,0;0;26,0;26,0;26,0;17,0;16,0;16,0;16,0;19,666666666666668;21,428571428571427;5,769377287516756;16,0;30,0;9,0;0,46;26,93;0,6057626500000001;12,7417;0;25,0;21,0;21,0;25,0;21,0;21,0
2020-04-09;25,0;0,35;20,4402;14,71;5,73344;24,0;15,481954166666666;11,1417;22,3667;74,55495833333333;1,0320741666666666;2,2592;4;100;3;0,8660254037844387;-0,4999999999999998;0,9888537064205885;-0,1488903868564548;26,0;21,0;25,0;25,0;0;25,0;25,0;25,0;26,0;17,0;16,0;19,0;22,666666666666668;22,285714285714285;5,794085654478061;16,0;30,0;-1,0;0,65;21,65;1,0630247791666667;11,6667;0;21,0;21,0;25,0;21,0;21,0;25,0
2020-04-10;21,0;0,54;13,0083;8,97;4,03531;24,0;14,952795833333331;10,45;21,2667;76,2828375;0,9949214583333332;2,26356;4;101;4;0,8660254037844387;-0,4999999999999998;0,986146248341595;-0,16587819893463143;25,0;21,0;21,0;21,0;0;21,0;21,0;21,0;25,0;26,0;17,0;30,0;24,0;21,0;4,690415759823422;16,0;26,0;-4,0;0,35;14,71;1,0320741666666666;11,1417;0;21,0;25,0;22,0;21,0;25,0;22,0
2020-04-11;21,0;0,35;14,8886;10,42;4,465;22,0;15,5623;10,6335;20,2801;73,15996249999999;0,7264433291666667;1,66838;4;102;5;0,8660254037844387;-0,4999999999999998;0,9831469737221499;-0,1828169249850199;21,0;25,0;21,0;21,0;0;21,0;21,0;21,0;21,0;25,0;26,0;26,0;22,333333333333332;20,285714285714285;4,151878519188053;16,0;26,0;0,0;0,54;8,97;0,9949214583333332;10,45;1;25,0;22,0;24,0;25,0;22,0;24,0
2020-04-12;25,0;0,52;14,8648;10,81;4,05848;17,0;14,539695833333331;13,05;18,6167;78,594875;0,6715154583333334;1,65243;4;103;6;0,8660254037844387;-0,4999999999999998;0,9798567700958665;-0,1997015525660636;21,0;22,0;25,0;25,0;0;25,0;25,0;25,0;21,0;21,0;25,0;16,0;22,333333333333332;21,571428571428573;3,99404318358989;16,0;26,0;4,0;0,35;10,42;0,7264433291666667;10,6335;1;22,0;24,0;27,0;22,0;24,0;27,0
2020-04-13;22,0;0,41;33,8213;23,09;10,7327;16,0;16,358433333333334;11,0917;23,9583;61,55987083333333;0,5484933416666666;1,82905;4;104;0;0,8660254037844387;-0,4999999999999998;0,9762766110869321;-0,21652708524481437;25,0;24,0;22,0;22,0;0;22,0;22,0;22,0;25,0;21,0;21,0;16,0;22,666666666666668;22,428571428571427;3,154739442867009;17,0;26,0;-3,0;0,52;10,81;0,6715154583333334;13,05;0;24,0;27,0;31,0;24,0;27,0;31,0
2020-04-14;24,0;0,63;52,1967;24,14;28,066;24,0;17,154079166666666;8,75833;26,5833;53,8242875;0,6097987416666667;2,0103;4;105;1;0,8660254037844387;-0,4999999999999998;0,9724075561219968;-0,23328854407545518;22,0;27,0;24,0;24,0;0;24,0;24,0;24,0;22,0;25,0;21,0;17,0;23,666666666666668;23,428571428571427;2,070196678027032;21,0;26,0;2,0;0,41;23,09;0,5484933416666666;11,0917;0;27,0;31,0;31,0;27,0;31,0;31,0
2020-04-15;27,0;0,43;32,6605;20,66;11,9966;27,0;15,934049583333334;9,89999;22,875;53,1094125;0,7209780333333334;2,42864;4;106;2;0,8660254037844387;-0,4999999999999998;0,9682507501166718;-0,2499809690726521;24,0;31,0;27,0;27,0;0;27,0;27,0;27,0;24,0;22,0;25,0;26,0;24,333333333333332;23,571428571428573;2,299068134204412;21,0;27,0;3,0;0,63;24,14;0,6097987416666667;8,75833;0;31,0;31,0;23,0;31,0;31,0;23,0
2020-04-16;31,0;0,51;36,6245;24,56;12,0741;24,0;16,121199583333333;8,63333;25,5667;64,42343749999999;0,5478373541666667;1,79435;4;107;3;0,8660254037844387;-0,4999999999999998;0,9638074231367307;-0,26659942067929354;27,0;31,0;31,0;31,0;0;31,0;31,0;31,0;27,0;24,0;22,0;25,0;27,333333333333332;24,428571428571427;3,6449573777637156;21,0;31,0;4,0;0,43;20,66;0,7209780333333334;9,89999;0;31,0;23,0;17,0;31,0;23,0;17,0
2020-04-17;31,0;0,7;58,3753;33,01;25,3696;23,0;18,3433375;10,0698;28,8;54,601954166666665;0,4706366208333333;2,22107;4;108;4;0,8660254037844387;-0,4999999999999998;0,9590788900341131;-0,28313898122818354;31,0;23,0;31,0;31,0;0;31,0;31,0;31,0;31,0;27,0;24,0;21,0;29,666666666666668;25,857142857142858;4,017817460121473;21,0;31,0;0,0;0,51;24,56;0,5478373541666667;8,63333;0;23,0;17,0;18,0;23,0;17,0;18,0
2020-04-18;23,0;0,7;38,5232;22,31;16,2254;22,0;19,381154166666665;11,2274;28,3583;51,89384583333333;0,6135528875;1,88535;4;109;5;0,8660254037844387;-0,4999999999999998;0,9540665500578387;-0,2995947563972602;31,0;17,0;23,0;23,0;0;23,0;23,0;23,0;31,0;31,0;27,0;21,0;28,333333333333332;26,142857142857142;3,6709931185157916;22,0;31,0;-8,0;0,7;33,01;0,4706366208333333;10,0698;1;17,0;18,0;18,0;17,0;18,0;18,0
2020-04-19;17,0;0,55;24,3189;15,62;8,70116;23,0;20,344354166666665;12,8183;28,6917;61,01815833333333;0,5249765275;1,82892;4;110;6;0,8660254037844387;-0,4999999999999998;0,9487718864399473;-0,31596187665790293;23,0;18,0;17,0;17,0;0;17,0;17,0;17,0;23,0;31,0;31,0;25,0;23,666666666666668;25,0;5,066228051190206;17,0;31,0;-6,0;0,7;22,31;0,6135528875;11,2274;1;18,0;18,0;26,0;18,0;18,0;26,0
2020-04-20;18,0;0,63;41,9373;25,03;16,9179;15,0;20,278554166666662;13,1009;29,5167;55,489725;0,550117225;2,14945;4;111;0;0,8660254037844387;-0,4999999999999998;0,9431964659565866;-0,33223549871590435;17,0;18,0;18,0;18,0;0;18,0;18,0;18,0;17,0;23,0;31,0;22,0;19,333333333333332;24,428571428571427;5,652643713553933;17,0;31,0;1,0;0,55;15,62;0,5249765275;12,8183;0;18,0;26,0;23,0;18,0;26,0;23,0
2020-04-21;18,0;0,7;55,3564;28,23;27,124;18,0;20,389375;12,5001;29,4091;46,13955833333333;0,4756599458333333;1,99828;4;112;1;0,8660254037844387;-0,4999999999999998;0,9373419384643772;-0,3484108069446808;18,0;26,0;18,0;18,0;0;18,0;18,0;18,0;18,0;17,0;23,0;24,0;17,666666666666668;23,571428571428573;6,160550377391683;17,0;31,0;0,0;0,63;25,03;0,550117225;13,1009;0;26,0;23,0;15,0;26,0;23,0;15,0
2020-04-22;26,0;0,52;41,2808;25,92;15,3695;21,0;19,280695833333333;12,9333;26,7167;57,06707083333333;0,7054760708333333;1,91423;4;113;2;0,8660254037844387;-0,4999999999999998;0,9312100364121947;-0,3644830148102912;18,0;23,0;26,0;26,0;0;26,0;26,0;26,0;18,0;18,0;17,0;27,0;20,666666666666668;23,428571428571427;6,078847008469682;17,0;31,0;8,0;0,7;28,23;0,4756599458333333;12,5001;0;23,0;15,0;17,0;23,0;15,0;17,0
2020-04-23;23,0;0,52;28,5373;19,9;8,65012;10,0;14,755716666666666;12,2417;18,475;81,15364583333333;0,9283807083333334;2,16435;4;114;3;0,8660254037844387;-0,4999999999999998;0,9248025743285089;-0,38044736628785164;26,0;15,0;23,0;23,0;0;23,0;23,0;23,0;26,0;18,0;18,0;31,0;22,333333333333332;22,285714285714285;5,089672082242801;17,0;31,0;-3,0;0,52;25,92;0,7054760708333333;12,9333;0;15,0;17,0;10,0;15,0;17,0;10,0
2020-04-24;15,0;0,35;28,8886;15,06;13,833;8,0;13,981808333333332;10,2433;16,9333;78,5490375;0,8022990916666667;1,77013;4;115;4;0,8660254037844387;-0,4999999999999998;0,9181214482844364;-0,39629913726891813;23,0;17,0;15,0;15,0;0;15,0;15,0;15,0;23,0;26,0;18,0;31,0;21,333333333333332;20,0;3,9999999999999853;15,0;26,0;-8,0;0,52;19,9;0,9283807083333334;12,2417;0;17,0;10,0;7,0;17,0;10,0;7,0
2020-04-25;17,0;0,54;33,6927;14,55;19,1547;13,0;14,683787083333334;8,4424;22,1667;71,826575;0,4638470345833334;1,81825;4;116;5;0,8660254037844387;-0,4999999999999998;0,9111686353326631;-0,41203363695942635;15,0;10,0;17,0;17,0;0;17,0;17,0;17,0;15,0;23,0;26,0;23,0;18,333333333333332;19,142857142857142;3,891382420536053;15,0;26,0;2,0;0,35;15,06;0,8022990916666667;10,2433;1;10,0;7,0;12,0;10,0;7,0;12,0
2020-04-26;10,0;0,51;20,1549;11,72;8,43875;14,0;15,070709166666669;9,71684;21,0583;67,31774583333333;0,6424893833333333;1,56179;4;117;6;0,8660254037844387;-0,4999999999999998;0,9039461929224011;-0,42764620926777464;17,0;7,0;10,0;10,0;0;10,0;10,0;10,0;17,0;15,0;23,0;17,0;14,0;18,142857142857142;5,209880722517267;10,0;26,0;-7,0;0,54;14,55;0,4638470345833334;8,4424;1;7,0;12,0;20,0;7,0;12,0;20,0
2020-04-27;7,0;0,3;23,5266;12,44;11,0959;13,0;14,591854166666666;10,2167;20,5667;64,52629166666667;0,8897082958333332;2,36679;4;118;0;0,8660254037844387;-0,4999999999999998;0,8964562582905575;-0,44313223418263453;10,0;12,0;7,0;7,0;0;7,0;7,0;7,0;10,0;17,0;15,0;18,0;11,333333333333334;16,571428571428573;6,7046536787802005;7,0;26,0;-3,0;0,51;11,72;0,6424893833333333;9,71684;0;12,0;20,0;28,0;12,0;20,0;28,0
2020-04-28;12,0;0,5;45,0149;21,69;23,336;11,0;14,803281666666663;8,48553;23,3333;61,96789583333333;0,3395982958333333;1,14617;4;119;1;0,8660254037844387;-0,4999999999999998;0,8887010478292915;-0,45848712914008766;7,0;20,0;12,0;12,0;0;12,0;12,0;12,0;7,0;10,0;17,0;18,0;9,666666666666666;15,714285714285714;6,872997543873791;7,0;26,0;5,0;0,3;12,44;0,8897082958333332;10,2167;0;20,0;28,0;32,0;20,0;28,0;32,0
2020-04-29;20,0;0,73;69,6606;30,92;38,7461;14,0;15,2462825;6,65915;26,025;49,90972083333333;0,5992355625;1,90033;4;120;2;0,8660254037844387;-0,4999999999999998;0,8806828564301475;-0,47370635037968;12,0;28,0;20,0;20,0;0;20,0;20,0;20,0;12,0;7,0;10,0;26,0;13,0;14,857142857142858;5,63999324552111;7,0;23,0;8,0;0,5;21,69;0,3395982958333333;8,48553;0;28,0;32,0;30,0;28,0;32,0;30,0
2020-04-30;28,0;0,83;86,5588;36,86;49,6978;14,0;14,418265833333336;7,24212;23,6417;54,656762500000006;0,4556850291666667;1,97694;4;121;3;0,8660254037844387;-0,4999999999999998;0,8724040568049612;-0,48878539428899265;20,0;32,0;28,0;28,0;0;28,0;28,0;28,0;20,0;12,0;7,0;23,0;20,0;15,571428571428571;6,996597812678736;7,0;28,0;8,0;0,73;30,92;0,5992355625;6,65915;0;32,0;30,0;28,0;32,0;30,0;28,0
2020-05-01;32,0;0,88;59,0727;27,84;31,2277;22,0;14,839808333333332;7,03333;24,9417;48,147445833333336;0,4489496791666666;1,78152;5;122;4;0,49999999999999994;-0,8660254037844387;0,8638670987837349;-0,503719798736334;28,0;30,0;32,0;32,0;0;32,0;32,0;32,0;28,0;20,0;12,0;15,0;26,666666666666668;18,0;9,327379053088809;7,0;32,0;4,0;0,83;36,86;0,4556850291666667;7,24212;0;30,0;28,0;23,0;30,0;28,0;23,0
2020-05-02;30,0;0,667711894086473;41,5372;21,97;19,5705;19,0;13,934392916666669;6,15988;22,5612;65,02980000000001;0,662368925;2,19213;5;123;5;0,49999999999999994;-0,8660254037844387;0,8550745085896932;-0,518505144391157;32,0;28,0;30,0;30,0;0;30,0;30,0;30,0;32,0;28,0;20,0;17,0;30,0;19,857142857142858;10,33486931748649;7,0;32,0;-2,0;0,88;27,84;0,4489496791666666;7,03333;1;28,0;23,0;23,0;28,0;23,0;23,0
2020-05-03;28,0;0,4377673234288174;20,2672;15,53;4,73542;24,0;16,016775;10,75;22,4083;61,69529166666667;0,6952151083333332;1,96687;5;124;6;0,49999999999999994;-0,8660254037844387;0,8460288880917339;-0,533137056031809;30,0;23,0;28,0;28,0;0;28,0;28,0;28,0;30,0;32,0;28,0;10,0;30,0;22,428571428571427;9,692903638868014;7,0;32,0;-2,0;0,667711894086473;21,97;0,662368925;6,15988;1;23,0;23,0;31,0;23,0;23,0;31,0
2020-05-04;23,0;0,6348900156793607;31,3412;21,84;9,505;14,0;17,040341666666666;12,3105;23,6833;56,58882500000001;0,6115422916666666;1,37559;5;125;0;0,49999999999999994;-0,8660254037844387;0,8367329140344921;-0,5476112038402312;28,0;23,0;23,0;23,0;0;23,0;23,0;23,0;28,0;30,0;32,0;7,0;27,0;24,714285714285715;6,945365018348209;12,0;32,0;-5,0;0,4377673234288174;15,53;0,6952151083333332;10,75;0;23,0;31,0;28,0;23,0;31,0;28,0
2020-05-05;23,0;0,9595320765369229;69,1851;32,3;36,8835;10,0;15,903944583333336;8,50999;25,7667;51,755741666666665;0,3385610208333333;1,26291;5;126;1;0,49999999999999994;-0,8660254037844387;0,8271893372462497;-0,5619233046832195;23,0;31,0;23,0;23,0;0;23,0;23,0;23,0;23,0;28,0;30,0;12,0;24,666666666666668;26,285714285714285;4,3479606604432;20,0;32,0;0,0;0,6348900156793607;21,84;0,6115422916666666;12,3105;0;31,0;28,0;38,0;31,0;28,0;38,0
2020-05-06;31,0;0,84;130,351;48,71;81,6403;10,0;16,665282916666666;8,06683;28,8917;45,63862916666667;0,2687160416666667;0,571932;5;127;2;0,49999999999999994;-0,8660254037844387;0,8174009818249189;-0,5760691233798758;23,0;28,0;31,0;31,0;0;31,0;31,0;31,0;23,0;23,0;28,0;20,0;25,666666666666668;27,857142857142858;3,625307868699828;23,0;32,0;8,0;0,9595320765369229;32,3;0,3385610208333333;8,50999;0;28,0;38,0;33,0;28,0;38,0;33,0
2020-05-07;28,0;0,35;90,0562;41,72;48,3404;16,0;17,25178875;8,01961;29,17;39,10040416666667;0,5326354833333333;1,7386;5;128;3;0,49999999999999994;-0,8660254037844387;0,8073707443023492;-0,5900444739548627;31,0;38,0;28,0;28,0;0;28,0;28,0;28,0;31,0;23,0;23,0;28,0;27,333333333333332;27,857142857142858;3,625307868699828;23,0;32,0;-3,0;0,84;48,71;0,2687160416666667;8,06683;0;38,0;33,0;22,0;38,0;33,0;22,0
2020-05-08;38,0;0,39;74,2358;38,23;36,006;17,0;15,138907916666668;7,89285;25,4351;54,9125875;0,6742674000000001;2,15602;5;129;4;0,49999999999999994;-0,8660254037844387;0,7971015927871943;-0,6038452208771035;28,0;33,0;38,0;38,0;0;38,0;38,0;38,0;28,0;31,0;23,0;32,0;32,333333333333336;28,714285714285715;5,154748157905322;23,0;38,0;10,0;0,35;41,72;0,5326354833333333;8,01961;0;33,0;22,0;25,0;33,0;22,0;25,0
2020-05-09;33,0;0,33;39,4888;23,68;15,8054;19,0;14,959579166666666;7,90907;24,7504;65,28908750000001;0,7361143499999999;2,29903;5;130;5;0,49999999999999994;-0,8660254037844387;0,7865965660866021;-0,6174672802835514;38,0;22,0;33,0;33,0;0;33,0;33,0;33,0;38,0;28,0;31,0;30,0;33,0;29,142857142857142;5,398412465054599;23,0;38,0;-5,0;0,39;38,23;0,6742674000000001;7,89285;1;22,0;25,0;26,0;22,0;25,0;26,0
2020-05-10;22,0;0,6;26,795;14,88;11,9152;13,0;12,48318;7,26704;18,7891;76,08969583333334;0,6162552125;1,92594;5;131;6;0,49999999999999994;-0,8660254037844387;0,7758587728069828;-0,6309066211876704;33,0;25,0;22,0;22,0;0;22,0;22,0;22,0;33,0;38,0;28,0;28,0;31,0;28,285714285714285;6,047431568147615;22,0;38,0;-11,0;0,33;23,68;0,7361143499999999;7,90907;1;25,0;26,0;38,0;25,0;26,0;38,0
2020-05-11;25,0;0,4;46,9804;22,36;24,6189;11,0;12,519983333333334;6,17509;20,0544;70,96234166666666;0,5279210666666666;1,50522;5;132;0;0,49999999999999994;-0,8660254037844387;0,7648913904341225;-0,6441592666722685;22,0;26,0;25,0;25,0;0;25,0;25,0;25,0;22,0;33,0;38,0;23,0;26,666666666666668;28,571428571428573;5,798193478924911;22,0;38,0;3,0;0,6;14,88;0,6162552125;7,26704;0;26,0;38,0;28,0;26,0;38,0;28,0
2020-05-12;26,0;0,35;52,5372;27,81;24,7291;5,0;11,273217916666669;7,43333;15,9333;68,35580833333334;0,4348534291666666;1,5093;5;133;1;0,49999999999999994;-0,8660254037844387;0,753697664392914;-0,6572212950663319;25,0;38,0;26,0;26,0;0;26,0;26,0;26,0;25,0;22,0;33,0;23,0;24,333333333333332;29,0;5,416025603090615;22,0;38,0;1,0;0,4;22,36;0,5279210666666666;6,17509;0;38,0;28,0;27,0;38,0;28,0;27,0
2020-05-13;38,0;0,59;68,1697;35,31;32,8555;11,0;12,149174583333334;5,43443;21,8;61,85360416666666;0,4598721708333333;1,15189;5;134;2;0,49999999999999994;-0,8660254037844387;0,742280907086982;-0,6700888411055113;26,0;28,0;38,0;38,0;0;38,0;38,0;38,0;26,0;25,0;22,0;31,0;29,666666666666668;30,0;6,403124237432826;22,0;38,0;12,0;0,35;27,81;0,4348534291666666;7,43333;0;28,0;27,0;25,0;28,0;27,0;25,0
2020-05-14;28,0;0,55;79,998;35,65;44,3456;11,0;13,084529166666668;4,91749;22,9917;47,151495833333335;0,4960089625;1,46543;5;135;3;0,49999999999999994;-0,8660254037844387;0,7306444969184916;-0,6827580970759147;38,0;27,0;28,0;28,0;0;28,0;28,0;28,0;38,0;26,0;25,0;28,0;30,666666666666668;30,0;6,403124237432826;22,0;38,0;-10,0;0,59;35,31;0,4598721708333333;5,43443;0;27,0;25,0;21,0;27,0;25,0;21,0
2020-05-15;27,0;0,82;103,342;38,37;64,9713;9,0;15,49073875;7,84238;26,5475;43,526125;0,390539575;1,30029;5;136;4;0,49999999999999994;-0,8660254037844387;0,7187918772884232;-0,6952253139408722;28,0;25,0;27,0;27,0;0;27,0;27,0;27,0;28,0;38,0;26,0;38,0;31,0;28,428571428571427;5,38074167307637;22,0;38,0;-1,0;0,55;35,65;0,4960089625;4,91749;0;25,0;21,0;30,0;25,0;21,0;30,0
2020-05-16;25,0;1,12;75,6514;28,97;46,6832;15,0;16,547503333333335;8,0;26,9711;49,108175;0,4170307499999999;1,07668;5;137;5;0,49999999999999994;-0,8660254037844387;0,7067265555776158;-0,7074868024503348;27,0;21,0;25,0;25,0;0;25,0;25,0;25,0;27,0;28,0;38,0;33,0;26,666666666666668;27,285714285714285;5,089672082242792;22,0;38,0;-2,0;0,82;38,37;0,390539575;7,84238;1;21,0;30,0;31,0;21,0;30,0;31,0
2020-05-17;21,0;0,77;36,8692;22,68;14,1908;18,0;16,598361666666666;9,16142;27,1366;48,95719166666667;0,5273448791666667;1,85426;5;138;6;0,49999999999999994;-0,8660254037844387;0,6944521021088763;-0,719538934232584;25,0;30,0;21,0;21,0;0;21,0;21,0;21,0;25,0;27,0;28,0;22,0;24,333333333333332;27,142857142857142;5,273473599964599;21,0;38,0;-4,0;1,12;28,97;0,4170307499999999;8,0;1;30,0;31,0;26,0;30,0;31,0;26,0
2020-05-18;30,0;0,7;42,8843;21,74;21,1439;9,0;12,53619125;6,51777;20,1601;75,23595;0,6448087291666666;1,86873;5;139;0;0,49999999999999994;-0,8660254037844387;0,6819721490904629;-0,7313781428679254;21,0;31,0;30,0;30,0;0;30,0;30,0;30,0;21,0;25,0;27,0;25,0;25,333333333333332;27,857142857142858;5,273473599964597;21,0;38,0;9,0;0,77;22,68;0,5273448791666667;9,16142;0;31,0;26,0;18,0;31,0;26,0;18,0
2020-05-19;31,0;0,52;30,1236;18,34;11,78;5,0;9,852436666666668;7,28451;11,875;90,79433333333331;0,6900030416666666;1,36941;5;140;1;0,49999999999999994;-0,8660254037844387;0,6692903895412567;-0,7430009249440493;30,0;26,0;31,0;31,0;0;31,0;31,0;31,0;30,0;21,0;25,0;26,0;27,333333333333332;28,571428571428573;5,318431562567486;21,0;38,0;1,0;0,7;21,74;0,6448087291666666;6,51777;0;26,0;18,0;31,0;26,0;18,0;31,0
2020-05-20;26,0;0,25;40,9228;21,43;19,4955;3,0;10,826150833333337;8,75977;13,4616;87,43224166666666;0,5728279166666667;2,4973;5;141;2;0,49999999999999994;-0,8660254037844387;0,6564105761979381;-0,7544038410927472;31,0;18,0;26,0;26,0;0;26,0;26,0;26,0;31,0;30,0;21,0;38,0;29,0;26,857142857142858;3,3380918415850878;21,0;31,0;-5,0;0,52;18,34;0,6900030416666666;7,28451;0;18,0;31,0;33,0;18,0;31,0;33,0
2020-05-21;18,0;0,5;38,0173;16,88;21,1392;7,0;10,017387083333334;6,1337;15,0191;86,51675;0,4534134875;1,29975;5;142;3;0,49999999999999994;-0,8660254037844387;0,6433365204044917;-0,765583517007675;26,0;31,0;18,0;18,0;0;18,0;18,0;18,0;26,0;31,0;30,0;28,0;25,0;25,428571428571427;4,64962876142251;18,0;31,0;-8,0;0,25;21,43;0,5728279166666667;8,75977;0;31,0;33,0;25,0;31,0;33,0;25,0
2020-05-22;31,0;0,67;95,5468;29,49;66,0601;6,0;9,9625625;3,38406;19,5609;71,46139166666667;0,3594375583333333;1,00298;5;143;4;0,49999999999999994;-0,8660254037844387;0,6300720909843687;-0,7765366444428655;18,0;33,0;31,0;31,0;0;31,0;31,0;31,0;18,0;26,0;31,0;27,0;25,0;26,0;5,099019513592765;18,0;31,0;13,0;0,5;16,88;0,4534134875;6,1337;0;33,0;25,0;26,0;33,0;25,0;26,0
2020-05-23;33,0;1,05;88,1064;34,98;53,1312;7,0;12,42167;3,60055;23,75;53,85715833333333;0,5262189375;1,19519;5;144;5;0,49999999999999994;-0,8660254037844387;0,6166212130956382;-0,7872599821916922;31,0;25,0;33,0;33,0;0;33,0;33,0;33,0;31,0;18,0;26,0;25,0;27,333333333333332;27,142857142857142;5,698788509515883;18,0;33,0;2,0;0,67;29,49;0,3594375583333333;3,38406;1;25,0;26,0;26,0;25,0;26,0;26,0
2020-05-24;25,0;1,05;76,4098;29,47;46,9387;10,0;14,645666666666664;5,6174;26,3833;46,11858333333333;0,4704223458333333;1,61462;5;145;6;0,49999999999999994;-0,8660254037844387;0,6029878670694714;-0,7977503570459932;33,0;26,0;25,0;25,0;0;25,0;25,0;25,0;33,0;31,0;18,0;21,0;29,666666666666668;27,714285714285715;5,154748157905327;18,0;33,0;-8,0;1,05;34,98;0,5262189375;3,60055;1;26,0;26,0;35,0;26,0;26,0;35,0
2020-05-25;26,0;0,91;138,263;45,16;93,1;6,0;17,345810833333335;8,3174;30,0891;43,22793333333333;0,3947715458333333;0,79759;5;146;0;0,49999999999999994;-0,8660254037844387;0,5891760872322963;-0,8080046647350754;25,0;26,0;26,0;26,0;0;26,0;26,0;26,0;25,0;33,0;31,0;30,0;28,0;27,142857142857142;5,0803074522634555;18,0;33,0;1,0;1,05;29,47;0,4704223458333333;5,6174;0;26,0;35,0;40,0;26,0;35,0;40,0
2020-05-26;26,0;0,59;75,3805;28,2;47,1766;8,0;14,218047083333332;9,45073;21,1972;62,55556666666666;0,8474063083333333;2,28844;5;147;1;0,49999999999999994;-0,8660254037844387;0,5751899607119775;-0,8180198708443174;26,0;35,0;26,0;26,0;0;26,0;26,0;26,0;26,0;25,0;33,0;31,0;25,666666666666668;26,428571428571427;4,790864322059304;18,0;33,0;0,0;0,91;45,16;0,3947715458333333;8,3174;0;35,0;40,0;43,0;35,0;40,0;43,0
2020-05-27;35,0;0,21;35,2295;23,79;11,4363;3,0;10,753710416666664;8,75888;12,2333;93,66899166666668;0,4135778583333333;1,03946;5;148;2;0,49999999999999994;-0,8660254037844387;0,5610336262283677;-0,8277930117131022;26,0;40,0;35,0;35,0;0;35,0;35,0;35,0;26,0;26,0;25,0;26,0;29,0;27,714285714285715;5,765248931147294;18,0;35,0;9,0;0,59;28,2;0,8474063083333333;9,45073;0;40,0;43,0;42,0;40,0;43,0;42,0
2020-05-28;40,0;0,28;54,1073;24,35;29,7527;3,0;11,927001249999998;9,88623;14,3333;83,35101666666667;0,4628072958333333;1,15675;5;149;3;0,49999999999999994;-0,8660254037844387;0,5467112728685939;-0,8373211953118121;35,0;43,0;40,0;40,0;0;40,0;40,0;40,0;35,0;26,0;26,0;18,0;33,666666666666664;30,857142857142858;5,58057856703558;25,0;40,0;5,0;0,21;23,79;0,4135778583333333;8,75888;0;43,0;42,0;46,0;43,0;42,0;46,0
2020-05-29;43,0;0,66;64,5209;22,89;41,6328;4,0;11,599505;9,5768;14,35;82,02703333333334;0,5515416629166666;1,69844;5;150;4;0,49999999999999994;-0,8660254037844387;0,5322271388474397;-0,8466016020976267;40,0;42,0;43,0;43,0;0;43,0;43,0;43,0;40,0;35,0;26,0;31,0;39,333333333333336;32,57142857142857;7,2308861341964175;25,0;43,0;3,0;0,28;24,35;0,4628072958333333;9,88623;0;42,0;46,0;29,0;42,0;46,0;29,0
2020-05-30;42,0;0,78;47,1869;23,21;23,9749;9,0;11,9658825;6,48378;18,1333;76,11238333333334;0,5225324458333332;1,33235;5;151;5;0,49999999999999994;-0,8660254037844387;0,5175855102531889;-0,8556314858488706;43,0;46,0;42,0;42,0;0;42,0;42,0;42,0;43,0;40,0;35,0;33,0;41,666666666666664;33,857142857142854;8,071112509614574;25,0;43,0;-1,0;0,66;22,89;0,5515416629166666;9,5768;1;46,0;29,0;38,0;46,0;29,0;38,0
2020-05-31;46,0;0,8;43,4334;21,95;21,4829;13,0;13,585160416666668;8,675;19,6909;76,08341666666666;0,5036784666666666;1,38653;5;152;6;0,49999999999999994;-0,8660254037844387;0,5027907197793043;-0,8644081744776648;42,0;29,0;46,0;46,0;0;46,0;46,0;46,0;42,0;43,0;40,0;25,0;43,666666666666664;36,857142857142854;8,132825901423;26,0;46,0;4,0;0,78;23,21;0,5225324458333332;6,48378;1;29,0;38,0;10,0;29,0;38,0;10,0
2020-06-01;29,0;0,34;55,4533;24,51;30,9405;9,0;12,992739166666668;8,81126;19,7283;74,7398875;0,3972560249999999;1,74791;6;153;0;1,2246467991473532e-16;-1,0;0,4878471454423119;-0,8729290708206411;46,0;38,0;29,0;29,0;0;29,0;29,0;29,0;46,0;42,0;43,0;26,0;39,0;37,285714285714285;7,521398046336084;26,0;46,0;-17,0;0,8;21,95;0,5036784666666666;8,675;0;38,0;10,0;23,0;38,0;10,0;23,0
2020-06-02;38,0;0,33;65,7266;28,79;36,9335;2,0;10,53607875;8,5529;13,3917;81,51719583333333;0,5443710458333333;1,85905;6;154;1;1,2246467991473532e-16;-1,0;0,47275920928627757;-0,881191653407483;29,0;10,0;38,0;38,0;0;38,0;38,0;38,0;29,0;46,0;42,0;26,0;37,666666666666664;39,0;5,656854249492351;29,0;46,0;9,0;0,34;24,51;0,3972560249999999;8,81126;0;10,0;23,0;37,0;10,0;23,0;37,0
2020-06-03;10,0;0,27;34,3123;16,96;17,3488;11,0;8,586494583333334;4,49275;11,8833;77,53125416666667;0,771809675;2,198;6;155;2;1,2246467991473532e-16;-1,0;0,4575313760742512;-0,8891934772070711;38,0;23,0;10,0;10,0;0;10,0;10,0;10,0;38,0;29,0;46,0;35,0;25,666666666666668;35,42857142857143;12,434590770067478;10,0;46,0;-28,0;0,33;28,79;0,5443710458333333;8,5529;0;23,0;37,0;35,0;23,0;37,0;35,0
2020-06-04;23,0;0,59;76,1161;24,67;51,4468;7,0;7,840513333333334;2,3919;14,7612;75,94030416666666;0,4522593166666667;1,46419;6;156;3;1,2246467991473532e-16;-1,0;0,44216815196707204;-0,8969321743510065;10,0;37,0;23,0;23,0;0;23,0;23,0;23,0;10,0;38,0;29,0;40,0;23,666666666666668;33,0;13,038404810405288;10,0;46,0;13,0;0,27;16,96;0,771809675;4,49275;0;37,0;35,0;41,0;37,0;35,0;41,0
2020-06-05;37,0;0,94;106,425;35,26;71,1691;6,0;8,578546666666666;2,1;16,8417;72,38661666666667;0,3733705708333333;1,14383;6;157;4;1,2246467991473532e-16;-1,0;0,42667408318992467;-0,9044054548343001;23,0;35,0;37,0;37,0;0;37,0;37,0;37,0;23,0;10,0;38,0;43,0;23,333333333333332;32,142857142857146;12,45563555756417;10,0;46,0;14,0;0,59;24,67;0,4522593166666667;2,3919;0;35,0;41,0;42,0;35,0;41,0;42,0
2020-06-06;35,0;0,58;75,9585;34,56;41,4018;8,0;8,792191666666666;2,80073;16,5704;74,13961666666667;0,7071168375;2,14632;6;158;5;1,2246467991473532e-16;-1,0;0,4110537546870351;-0,9116111071930239;37,0;41,0;35,0;35,0;0;35,0;35,0;35,0;37,0;23,0;10,0;42,0;31,666666666666668;31,142857142857142;11,795883059053143;10,0;46,0;-2,0;0,94;35,26;0,3733705708333333;2,1;1;41,0;42,0;40,0;41,0;42,0;40,0
2020-06-07;41,0;0,81;62,2295;27,93;34,2956;10,0;7,382091249999999;2,01722;14,2007;83,76004166666667;0,5874874333333333;2,06337;6;159;6;1,2246467991473532e-16;-1,0;0,3953117887649151;-0,9185469991587165;35,0;42,0;41,0;41,0;0;41,0;41,0;41,0;35,0;37,0;23,0;46,0;37,666666666666664;30,428571428571427;10,860588425696866;10,0;41,0;6,0;0,58;34,56;0,7071168375;2,80073;1;42,0;40,0;45,0;42,0;40,0;45,0
2020-06-08;42,0;1,44;117,364;41,21;76,1548;1,0;6,812251666666668;2,36712;11,55;81,48505833333333;0,3066602958333333;0,8972;6;160;0;1,2246467991473532e-16;-1,0;0,37945284372454435;-0,925211078289358;41,0;40,0;42,0;42,0;0;42,0;42,0;42,0;41,0;35,0;37,0;29,0;39,333333333333336;32,285714285714285;11,657819774930545;10,0;42,0;1,0;0,81;27,93;0,5874874333333333;2,01722;0;40,0;45,0;49,0;40,0;45,0;49,0
2020-06-09;40,0;1,1;97,2157;33,85;63,367;6,0;8,765022083333333;2,55851;17,1833;70,91893333333333;0,3923532666666667;1,80482;6;161;1;1,2246467991473532e-16;-1,0;0,36348161248290634;-0,9316013725767187;42,0;45,0;40,0;40,0;0;40,0;40,0;40,0;42,0;41,0;35,0;38,0;41,0;32,57142857142857;11,84422704467092;10,0;42,0;-2,0;1,44;41,21;0,3066602958333333;2,36712;0;45,0;49,0;19,0;45,0;49,0;19,0
2020-06-10;45,0;1,17;103,926;35,53;68,3973;7,0;7,841421666666666;2,04167;15,7439;71,59389583333333;0,3402036875;1,1634;6;162;2;1,2246467991473532e-16;-1,0;0,3474028211842774;-0,9377159910299093;40,0;49,0;45,0;45,0;0;45,0;45,0;45,0;40,0;42,0;41,0;10,0;42,333333333333336;37,57142857142857;7,2078000077957585;23,0;45,0;5,0;1,1;33,85;0,3923532666666667;2,55851;0;49,0;19,0;30,0;49,0;19,0;30,0
2020-06-11;49,0;1,14;109,303;36,68;72,6259;4,0;6,9291695833333335;1,38372;11,4848;75,97092083333332;0,5514014333333334;1,55206;6;163;3;1,2246467991473532e-16;-1,0;0,3312212278016865;-0,9435531242349544;45,0;19,0;49,0;49,0;0;49,0;49,0;49,0;45,0;40,0;42,0;23,0;44,666666666666664;41,285714285714285;4,7157284949512;35,0;49,0;4,0;1,17;35,53;0,3402036875;2,04167;0;19,0;30,0;24,0;19,0;30,0;24,0
2020-06-12;19,0;0,7;50,5419;21,43;29,1107;6,0;8,499990833333333;3,9674;13,1505;83,9245625;0,8372128791666666;3,80496;6;164;4;1,2246467991473532e-16;-1,0;0,31494162072895193;-0,9491110448902284;49,0;30,0;19,0;19,0;0;19,0;19,0;19,0;49,0;45,0;40,0;37,0;37,666666666666664;38,714285714285715;9,707630773679785;19,0;49,0;-30,0;1,14;36,68;0,5514014333333334;1,38372;0;30,0;24,0;27,0;30,0;24,0;27,0
2020-06-13;30,0;1,18;108,673;32,91;75,7642;4,0;8,270632916666667;1,10018;18,975;73,80155833333333;0,4058959958333333;0,9637;6;165;5;1,2246467991473532e-16;-1,0;0,2985688173637202;-0,9543881083175908;19,0;24,0;30,0;30,0;0;30,0;30,0;30,0;19,0;49,0;45,0;35,0;32,666666666666664;38,0;10,19803902718555;19,0;49,0;11,0;0,7;21,43;0,8372128791666666;3,9674;1;24,0;27,0;39,0;24,0;27,0;39,0
2020-06-14;24,0;0,89;63,2609;26,14;37,1255;8,0;11,420490416666668;3,0336;23,8895;61,81055416666667;0,5693053625;1,56347;6;166;6;1,2246467991473532e-16;-1,0;0,2821076626819194;-0,9593827529490743;30,0;27,0;24,0;24,0;0;24,0;24,0;24,0;30,0;19,0;49,0;41,0;24,333333333333332;35,57142857142857;11,32632836737987;19,0;49,0;-6,0;1,18;32,91;0,4058959958333333;1,10018;1;27,0;39,0;17,0;27,0;39,0;17,0
2020-06-15;27,0;0,41;37,5009;21,32;16,1836;6,0;9,528796666666668;6,00833;14,1605;85,28242083333333;0,8323935833333334;1,96261;6;167;0;1,2246467991473532e-16;-1,0;0,26556302780405594;-0,9640935007889755;24,0;39,0;27,0;27,0;0;27,0;27,0;27,0;24,0;30,0;19,0;42,0;27,0;33,42857142857143;11,326328367379872;19,0;49,0;3,0;0,89;26,14;0,5693053625;3,0336;0;39,0;17,0;33,0;39,0;17,0;33,0
2020-06-16;39,0;0,78;114,085;32,7;81,3892;1,0;9,682049166666667;6,73351;13,9767;86,07757500000001;0,4063751124999999;1,24949;6;168;1;1,2246467991473532e-16;-1,0;0,24893980855376657;-0,9685189578512204;27,0;17,0;39,0;39,0;0;39,0;39,0;39,0;27,0;24,0;30,0;40,0;30,0;33,285714285714285;11,23557275968141;19,0;49,0;12,0;0,41;21,32;0,8323935833333334;6,00833;0;17,0;33,0;24,0;17,0;33,0;24,0
2020-06-17;17,0;0,53;47,1939;20,51;26,6802;5,0;9,811184583333333;7,28478;11,9505;84,97003333333333;1,2336535791666667;3,64496;6;169;2;1,2246467991473532e-16;-1,0;0,23224292400907015;-0,9726578145718654;39,0;33,0;17,0;17,0;0;17,0;17,0;17,0;39,0;27,0;24,0;45,0;27,666666666666668;29,285714285714285;11,353623294119004;17,0;49,0;-22,0;0,78;32,7;0,4063751124999999;6,73351;0;33,0;24,0;28,0;33,0;24,0;28,0
2020-06-18;33,0;1,04;155,786;34,72;121,07;1,0;8,633066666666666;7,21803;11,2833;87,23020000000001;0,3902549666666666;0,89929;6;170;3;1,2246467991473532e-16;-1,0;0,21547731504673012;-0,976508846196619;17,0;24,0;33,0;33,0;0;33,0;33,0;33,0;17,0;39,0;27,0;49,0;29,666666666666668;27,0;7,7674534651540155;17,0;39,0;16,0;0,53;20,51;1,2336535791666667;7,28478;0;24,0;28,0;39,0;24,0;28,0;39,0
2020-06-19;24,0;1,11;80,8262;25,27;55,5534;2,0;10,4371625;8,67625;13,5667;83,00151666666666;0,5324516333333333;1,73459;6;171;4;1,2246467991473532e-16;-1,0;0,19864794288017112;-0,9800709131432666;33,0;28,0;24,0;24,0;0;24,0;24,0;24,0;33,0;17,0;39,0;19,0;24,666666666666668;27,714285714285715;7,111359122659208;17,0;39,0;-9,0;1,04;34,72;0,3902549666666666;7,21803;0;28,0;39,0;35,0;28,0;39,0;35,0
2020-06-20;28,0;1,26;77,303;25,15;52,1487;1,0;10,429315416666666;9,02847;11,9022;89,60610833333334;0,5720183041666667;1,65551;6;172;5;1,2246467991473532e-16;-1,0;0,18175978759137534;-0,9833429613388902;24,0;39,0;28,0;28,0;0;28,0;28,0;28,0;24,0;33,0;17,0;30,0;28,333333333333332;27,428571428571427;7,044078904941894;17,0;39,0;4,0;1,11;25,27;0,5324516333333333;8,67625;1;39,0;35,0;6,0;39,0;35,0;6,0
2020-06-21;39,0;1,2;71,324;24,81;46,5114;4,0;9,6097225;5,10979;14,8015;85,444975;0,2617734041666666;0,778214;6;173;6;1,2246467991473532e-16;-1,0;0,16481784665719793;-0,9863240225317866;28,0;35,0;39,0;39,0;0;39,0;39,0;39,0;28,0;24,0;33,0;24,0;30,333333333333332;29,571428571428573;8,038597366397159;17,0;39,0;11,0;1,26;25,15;0,5720183041666667;9,02847;1;35,0;6,0;6,0;35,0;6,0;6,0
2020-06-22;35,0;0,85;72,8267;27,52;45,3032;1,0;9,342972083333333;8,12808;11,6427;92,86194166666668;0,596054375;1,32308;6;174;0;1,2246467991473532e-16;-1,0;0,14782713347053048;-0,9890132145779883;39,0;6,0;35,0;35,0;0;35,0;35,0;35,0;39,0;28,0;24,0;27,0;34,0;30,714285714285715;8,179533110438614;17,0;39,0;-4,0;1,2;24,81;0,2617734041666666;5,10979;0;6,0;6,0;25,0;6,0;6,0;25,0
2020-06-23;6,0;0,83;29,4828;18,26;11,2204;9,0;9,53392125;7,675;12,8917;85,27824166666666;1,335343125;3,4699;6;175;1;1,2246467991473532e-16;-1,0;0,13079267585675922;-0,9914097417023038;35,0;6,0;6,0;6,0;0;6,0;6,0;6,0;35,0;39,0;28,0;39,0;26,666666666666668;26,0;11,460075625114047;6,0;39,0;-29,0;0,85;27,52;0,596054375;8,12808;0;6,0;25,0;25,0;6,0;25,0;25,0
2020-06-24;6,0;0,48;28,8169;16,96;11,8541;13,0;7,557144583333333;3,36702;11,8445;79,21265833333334;1,102825416666667;2,04802;6;176;2;1,2246467991473532e-16;-1,0;0,11371951458594969;-0,9935128947338007;6,0;25,0;6,0;6,0;0;6,0;6,0;6,0;6,0;35,0;39,0;17,0;15,666666666666666;24,428571428571427;13,47661113258995;6,0;39,0;0,0;0,83;18,26;1,335343125;7,675;0;25,0;25,0;44,0;25,0;25,0;44,0
2020-06-25;25,0;0,72;93,4153;30,49;62,9223;2,0;6,008659521739131;0,250109;10,7609;78,8904375;0,34946775;1,05798;6;177;3;1,2246467991473532e-16;-1,0;0,0966127018812031;-0,9953220513156602;6,0;25,0;25,0;25,0;0;25,0;25,0;25,0;6,0;6,0;35,0;33,0;12,333333333333334;23,285714285714285;12,957806986707347;6,0;39,0;19,0;0,48;16,96;1,102825416666667;3,36702;0;25,0;44,0;33,0;25,0;44,0;33,0
2020-06-26;25,0;1,35;84,127;32,83;51,297;3,0;9,803400833333331;6,70009;14,2083;62,88921249999999;0,6480650833333333;1,33631;6;178;4;1,2246467991473532e-16;-1,0;0,07947729992362097;-0,9968366760893436;25,0;44,0;25,0;25,0;0;25,0;25,0;25,0;25,0;6,0;6,0;24,0;18,666666666666668;23,428571428571427;12,972498382567412;6,0;39,0;0,0;0,72;30,49;0,34946775;0,250109;0;44,0;33,0;17,0;44,0;33,0;17,0
2020-06-27;44,0;1,78;140,393;36,8;103,588;2,0;9,30358625;4,37627;15,6167;75,10034583333334;0,2774197375;0,848489;6;179;5;1,2246467991473532e-16;-1,0;0,062318379354325076;-0,998056320853012;25,0;33,0;44,0;44,0;0;44,0;44,0;44,0;25,0;25,0;6,0;28,0;31,333333333333332;25,714285714285715;15,14061079474983;6,0;44,0;19,0;1,35;32,83;0,6480650833333333;6,70009;1;33,0;17,0;20,0;33,0;17,0;20,0
2020-06-28;33,0;0,82;81,8715;25,62;56,2505;3,0;10,318596666666666;6,54249;15,3423;75,77787083333332;0,500397725;1,47417;6;180;6;1,2246467991473532e-16;-1,0;0,04514101777397193;-0,9989806246941579;44,0;17,0;33,0;33,0;0;33,0;33,0;33,0;44,0;25,0;25,0;39,0;34,0;24,857142857142858;14,415600015591567;6,0;44,0;-11,0;1,78;36,8;0,2774197375;4,37627;1;17,0;20,0;18,0;17,0;20,0;18,0
2020-06-29;17,0;0,33;33,6053;18,39;15,2199;7,0;8,398180416666667;5,94257;11,043;88,63824166666666;0,8997672916666667;3,64026;6;181;0;1,2246467991473532e-16;-1,0;0,02795029824021032;-0,999609314096404;33,0;20,0;17,0;17,0;0;17,0;17,0;17,0;33,0;44,0;25,0;35,0;31,333333333333332;22,285714285714285;13,901010583338717;6,0;44,0;-16,0;0,82;25,62;0,500397725;6,54249;0;20,0;18,0;32,0;20,0;18,0;32,0
2020-06-30;20,0;1,1;81,0208;25,82;55,1996;3,0;7,941829583333334;2,01667;12,7833;83,23716666666667;0,4070060666666666;1,06271;6;182;1;1,2246467991473532e-16;-1,0;0,01075130776352193;-0,9999422030204416;17,0;18,0;20,0;20,0;0;20,0;20,0;20,0;17,0;33,0;44,0;6,0;23,333333333333332;24,285714285714285;12,051476890327384;6,0;44,0;3,0;0,33;18,39;0,8997672916666667;5,94257;0;18,0;32,0;39,0;18,0;32,0;39,0
2020-07-01;18,0;1,58;97,3979;31,06;66,3376;2,0;9,83010875;7,175;14,8333;85,410475;0,6357736833333333;2,36104;7;183;2;-0,4999999999999997;-0,8660254037844388;-0,00645086419810515;-0,9999791929590823;20,0;32,0;18,0;18,0;0;18,0;18,0;18,0;20,0;17,0;33,0;6,0;18,333333333333332;26,0;9,626352718795754;17,0;44,0;-2,0;1,1;25,82;0,4070060666666666;2,01667;0;32,0;39,0;12,0;32,0;39,0;12,0
2020-07-02;32,0;0,62;107,685;30,77;76,9103;3,0;10,078177916666666;4,99277;17,1094;86,55797916666667;0,3115652;0,878012;7;184;3;-0,4999999999999997;-0,8660254037844388;-0,023651127245231586;-0,9997202729664083;18,0;39,0;32,0;32,0;0;32,0;32,0;32,0;18,0;20,0;17,0;25,0;23,333333333333332;27,0;9,865765724632482;17,0;44,0;14,0;1,58;31,06;0,6357736833333333;7,175;0;39,0;12,0;9,0;39,0;12,0;9,0
2020-07-03;39,0;1,3503016677765347;111,217;28,33;82,8867;6,0;10,7339625;6,00073;17,4833;81,10272916666666;0,6059177;2,05193;7;185;4;-0,4999999999999997;-0,8660254037844388;-0,04084439154329611;-0,9991655196610109;32,0;12,0;39,0;39,0;0;39,0;39,0;39,0;32,0;18,0;20,0;25,0;29,666666666666668;29,0;10,770329614268995;17,0;44,0;7,0;0,62;30,77;0,3115652;4,99277;0;12,0;9,0;25,0;12,0;9,0;25,0
2020-07-04;12,0;0,5810497978869251;29,6768;16,87;12,809;10,0;7,851520416666666;5,41821;10,1426;88,71185416666667;1,4449867083333334;2,99728;7;186;5;-0,4999999999999997;-0,8660254037844388;-0,05802556932878035;-0,9983150972033183;39,0;9,0;12,0;12,0;0;12,0;12,0;12,0;39,0;32,0;18,0;44,0;27,666666666666668;24,428571428571427;10,11364001167305;12,0;39,0;-27,0;1,3503016677765347;28,33;0,6059177;6,00073;1;9,0;25,0;37,0;9,0;25,0;37,0
2020-07-05;9,0;0,535498513906852;21,5075;14,06;7,4475;13,0;8,099575416666667;3,7592;12,4439;84,01662916666668;0,3936354333333333;1,11623;7;187;6;-0,4999999999999997;-0,8660254037844388;-0,07518957641475855;-0,9971692572470178;12,0;25,0;9,0;9,0;0;9,0;9,0;9,0;12,0;39,0;32,0;33,0;20,0;21,0;10,770329614268999;9,0;39,0;-3,0;0,5810497978869251;16,87;1,4449867083333334;5,41821;1;25,0;37,0;24,0;25,0;37,0;24,0
2020-07-06;25,0;0,9873927486561547;66,8635;27,67;39,189;3,0;8,493155416666667;6,35833;12,1765;83,41203333333333;0,3380103;0,91844;7;188;0;-0,4999999999999997;-0,8660254037844388;-0,09233133369539122;-0,9957283388645872;9,0;37,0;25,0;25,0;0;25,0;25,0;25,0;9,0;12,0;39,0;17,0;15,333333333333334;22,142857142857142;10,699354675689102;9,0;39,0;16,0;0,535498513906852;14,06;0,3936354333333333;3,7592;0;37,0;24,0;40,0;37,0;24,0;40,0
2020-07-07;37,0;0,67;95,8036;28,5;67,306;5,0;8,55808375;5,02654;13,3667;82,17157083333333;0,4286740583333333;1,77994;7;189;1;-0,4999999999999997;-0,8660254037844388;-0,10944576864891556;-0,993992768446958;25,0;24,0;37,0;37,0;0;37,0;37,0;37,0;25,0;9,0;12,0;20,0;23,666666666666668;24,571428571428573;11,984116472191323;9,0;39,0;12,0;0,9873927486561547;27,67;0,3380103;6,35833;0;24,0;40,0;51,0;24,0;40,0;51,0
2020-07-08;24,0;0,4;69,3912;29,43;39,965;6,0;9,248845833333332;7,1;13,9368;80,27891666666666;0,5055560041666667;1,05588;7;190;2;-0,4999999999999997;-0,8660254037844388;-0,12652781683868314;-0,9919630595773397;37,0;40,0;24,0;24,0;0;24,0;24,0;24,0;37,0;25,0;9,0;18,0;28,666666666666668;25,428571428571427;11,645559137244007;9,0;39,0;-13,0;0,67;28,5;0,4286740583333333;5,02654;0;40,0;51,0;60,0;40,0;51,0;60,0
2020-07-09;40,0;0,87;135,569;39,13;96,4373;4,0;10,290665;7,00896;16,35;79,38698333333333;0,3413690625;1,03766;7;191;3;-0,4999999999999997;-0,8660254037844388;-0,1435724234118113;-0,9896398128792412;24,0;51,0;40,0;40,0;0;40,0;40,0;40,0;24,0;37,0;25,0;32,0;33,666666666666664;26,571428571428573;12,739141034061678;9,0;40,0;16,0;0,4;29,43;0,5055560041666667;7,1;0;51,0;60,0;59,0;51,0;60,0;59,0
2020-07-10;51,0;0,9;145,081;41,34;103,744;2,0;9,853583333333331;7,1587;14,025;82,34133333333334;0,4349929708333333;1,53815;7;192;4;-0,4999999999999997;-0,8660254037844388;-0,16057454459499376;-0,9870237158387383;40,0;60,0;51,0;51,0;0;51,0;51,0;51,0;40,0;24,0;37,0;39,0;38,333333333333336;28,285714285714285;15,250292737237155;9,0;51,0;11,0;0,87;39,13;0,3413690625;7,00896;0;60,0;59,0;60,0;60,0;59,0;60,0
2020-07-11;60,0;0,74;92,8584;34,69;58,1696;5,0;9,579294166666669;5,35146;15,2417;87,01926250000001;0,4003997083333333;1,40146;7;193;5;-0,4999999999999997;-0,8660254037844388;-0,17752914918703497;-0,984115542601034;51,0;59,0;60,0;60,0;0;60,0;60,0;60,0;51,0;40,0;24,0;12,0;50,333333333333336;35,142857142857146;17,353468158925953;9,0;60,0;9,0;0,9;41,34;0,4349929708333333;7,1587;1;59,0;60,0;37,0;59,0;60,0;37,0
2020-07-12;59,0;0,63;70,8187;28,32;42,5005;10,0;10,767721666666668;5,66777;17,8417;82,17565;0,3361276875;0,90771;7;194;6;-0,4999999999999997;-0,8660254037844388;-0,19443122004766195;-0,9809161537413774;60,0;60,0;59,0;59,0;0;59,0;59,0;59,0;60,0;51,0;40,0;9,0;56,666666666666664;42,285714285714285;14,918827989203049;24,0;60,0;-1,0;0,74;34,69;0,4003997083333333;5,35146;1;60,0;37,0;60,0;60,0;37,0;60,0
2020-07-13;60,0;1,03;162,474;50,18;112,298;5,0;12,370238333333331;5,43406;22,9667;70,37232916666666;0,3937224458333333;0,829747;7;195;0;-0,4999999999999997;-0,8660254037844388;-0,2112757555821793;-0,9774264960104055;59,0;37,0;60,0;60,0;0;60,0;60,0;60,0;59,0;60,0;51,0;25,0;59,666666666666664;47,285714285714285;13,996598226167729;24,0;60,0;1,0;0,63;28,32;0,3361276875;5,66777;0;37,0;60,0;58,0;37,0;60,0;58,0
2020-07-14;37,0;0,62;156,29;48,15;108,144;5,0;12,639629166666666;4,8587;22,9391;57,38122083333334;0,50163775;0,913534;7;196;1;-0,4999999999999997;-0,8660254037844388;-0,2280577712215198;-0,9736476020539838;60,0;60,0;37,0;37,0;0;37,0;37,0;37,0;60,0;59,0;60,0;37,0;52,0;47,285714285714285;13,996598226167729;24,0;60,0;-23,0;1,03;50,18;0,3937224458333333;5,43406;0;60,0;58,0;57,0;60,0;58,0;57,0
2020-07-15;60,0;0,41;97,2157;37,5;59,7151;6,0;11,534155416666666;4,925;21,563;61,61437083333333;0,747174625;2,31418;7;197;2;-0,4999999999999997;-0,8660254037844388;-0,24477230089725957;-0,9695805901076308;37,0;58,0;60,0;60,0;0;60,0;60,0;60,0;37,0;60,0;59,0;24,0;52,333333333333336;52,42857142857143;10,080627342534163;37,0;60,0;23,0;0,62;48,15;0,50163775;4,8587;0;58,0;57,0;45,0;58,0;57,0;45,0
2020-07-16;58,0;0,74;126,836;35,05;91,787;1,0;7,264179583333333;3,17573;10,8351;92,1034625;0,2927470333333333;0,628675;7;198;3;-0,4999999999999997;-0,8660254037844388;-0,2614143985111562;-0,965226663665613;60,0;57,0;58,0;58,0;0;58,0;58,0;58,0;60,0;37,0;60,0;40,0;51,666666666666664;55,0;8,56348838577674;37,0;60,0;-2,0;0,41;37,5;0,747174625;4,925;0;57,0;45,0;27,0;57,0;45,0;27,0
2020-07-17;57,0;0,72;114,573;32,98;81,5885;2,0;9,359254166666666;6,9012;13,201;85,64164166666666;0,4999226958333333;1,18942;7;199;4;-0,4999999999999997;-0,8660254037844388;-0,2779791393987801;-0,9605871111248129;58,0;45,0;57,0;57,0;0;57,0;57,0;57,0;58,0;60,0;37,0;51,0;58,333333333333336;55,857142857142854;8,395009855633898;37,0;60,0;-1,0;0,74;35,05;0,2927470333333333;3,17573;0;45,0;27,0;13,0;45,0;27,0;13,0
2020-07-18;45,0;0,86;123,057;28,82;94,2354;2,0;10,035891666666666;7,32573;13,6;87,57048333333334;0,3109901095833333;1,08375;7;200;5;-0,4999999999999997;-0,8660254037844388;-0,2944616217868012;-0,9556633054034704;57,0;27,0;45,0;45,0;0;45,0;45,0;45,0;57,0;58,0;60,0;60,0;53,333333333333336;53,714285714285715;9,050124966251111;37,0;60,0;-12,0;0,72;32,98;0,4999226958333333;6,9012;1;27,0;13,0;10,0;27,0;13,0;10,0
2020-07-19;27,0;0,4;52,2608;15,4;36,8581;9,0;11,662034166666666;8,26741;16,7808;86,1410375;0,6748136833333334;2,19456;7;201;6;-0,4999999999999997;-0,8660254037844388;-0,3108569682435036;-0,9504567035349151;45,0;13,0;27,0;27,0;0;27,0;27,0;27,0;45,0;57,0;58,0;59,0;43,0;49,142857142857146;13,107613200332223;27,0;60,0;-18,0;0,86;28,82;0,3109901095833333;7,32573;1;13,0;10,0;14,0;13,0;10,0;14,0
2020-07-20;13,0;0,22;55,8457;19,97;35,8716;9,0;10,912881666666664;6,15833;16,9631;80,46646666666668;0,6809130291666666;2,58026;7;202;0;-0,4999999999999997;-0,8660254037844388;-0,3271603271220951;-0,9449688462364056;27,0;10,0;13,0;13,0;0;13,0;13,0;13,0;27,0;45,0;57,0;60,0;28,333333333333332;42,42857142857143;17,812515664153505;13,0;60,0;-14,0;0,4;15,4;0,6748136833333334;8,26741;0;10,0;14,0;40,0;10,0;14,0;40,0
2020-07-21;10,0;0,12;43,1665;26,72;16,4486;6,0;7,932437916666667;7,36667;8,69386;91,88667083333333;1,1318705083333334;2,63517;7;203;1;-0,4999999999999997;-0,8660254037844388;-0,34336687399638804;-0,939201357453208;13,0;14,0;10,0;10,0;0;10,0;10,0;10,0;13,0;27,0;45,0;37,0;16,666666666666668;38,57142857142857;21,686071896166762;10,0;60,0;-3,0;0,22;19,97;0,6809130291666666;6,15833;0;14,0;40,0;25,0;14,0;40,0;25,0
2020-07-22;14,0;0,25;73,3754;27,98;45,3917;8,0;7,389799166666666;3,22555;12,334;83,5622875;0,4882188999999999;1,44201;7;204;2;-0,4999999999999997;-0,8660254037844388;-0,3594718130884232;-0,9331559438780432;10,0;40,0;14,0;14,0;0;14,0;14,0;14,0;10,0;13,0;27,0;60,0;12,333333333333334;32,0;21,07130750570547;10,0;58,0;4,0;0,12;26,72;1,1318705083333334;7,36667;0;40,0;25,0;41,0;40,0;25,0;41,0
2020-07-23;40,0;0,38;88,1249;30,5;57,6279;6,0;6,686755000000001;1,32518;12,575;81,08966666666667;0,5409593083333334;1,72074;7;205;3;-0,4999999999999997;-0,8660254037844388;-0,3754703786876202;-0,9268343944460494;14,0;25,0;40,0;40,0;0;40,0;40,0;40,0;14,0;10,0;13,0;58,0;21,333333333333332;29,428571428571427;18,28348200660131;10,0;57,0;26,0;0,25;27,98;0,4882188999999999;3,22555;0;25,0;41,0;71,0;25,0;41,0;71,0
2020-07-24;25,0;0,47;104,901;32,7;72,1971;7,0;6,824600791666668;0,783379;14,1938;71,58929166666667;0,5175211083333333;1,5072;7;206;4;-0,4999999999999997;-0,8660254037844388;-0,3913578365610259;-0,9202385798054075;40,0;41,0;25,0;25,0;0;25,0;25,0;25,0;40,0;14,0;10,0;57,0;26,333333333333332;24,857142857142858;13,655628527321257;10,0;45,0;-15,0;0,38;30,5;0,5409593083333334;1,32518;0;41,0;71,0;49,0;41,0;71,0;49,0
2020-07-25;41,0;0,79;133,857;43,86;89,9994;1,0;6,90203;1,97504;12,225;68,32308333333333;0,4387947833333334;1,29967;7;207;5;-0,4999999999999997;-0,8660254037844388;-0,4071294853542516;-0,9133704517637858;25,0;71,0;41,0;41,0;0;41,0;41,0;41,0;25,0;40,0;14,0;45,0;35,333333333333336;24,285714285714285;12,724180205607022;10,0;41,0;16,0;0,47;32,7;0,5175211083333333;0,783379;1;71,0;49,0;49,0;71,0;49,0;49,0
2020-07-26;71,0;1,43;134,731;44,47;90,2618;2,0;9,037474583333331;6,75988;12,8;67,51446666666666;0,3635962083333333;1,73157;7;208;6;-0,4999999999999997;-0,8660254037844388;-0,4227806579826773;-0,9062320427107697;41,0;49,0;71,0;71,0;0;71,0;71,0;71,0;41,0;25,0;40,0;27,0;45,666666666666664;30,571428571428573;21,869744266582405;10,0;71,0;30,0;0,79;43,86;0,4387947833333334;1,97504;1;49,0;49,0;40,0;49,0;49,0;40,0
2020-07-27;49,0;0,67;93,7422;35,14;58,6058;4,0;8,783719583333333;4,14312;14,2422;71,52854166666667;0,4408452958333333;1,33065;7;209;0;-0,4999999999999997;-0,8660254037844388;-0,4383067230125192;-0,898825465016444;71,0;49,0;49,0;49,0;0;49,0;49,0;49,0;71,0;41,0;25,0;13,0;53,666666666666664;35,714285714285715;21,273726250270034;10,0;71,0;-22,0;1,43;44,47;0,3635962083333333;6,75988;0;49,0;40,0;32,0;49,0;40,0;32,0
2020-07-28;49,0;0,95;156,711;44,33;112,386;6,0;8,407045;1,29185;17,625;72,15792083333334;0,3630203541666667;1,4048;7;210;1;-0,4999999999999997;-0,8660254037844388;-0,45370308603134424;-0,8911529104063088;49,0;40,0;49,0;49,0;0;49,0;49,0;49,0;49,0;71,0;41,0;10,0;56,333333333333336;41,285714285714285;18,31860880556786;14,0;71,0;0,0;0,67;35,14;0,4408452958333333;4,14312;0;40,0;32,0;60,0;40,0;32,0;60,0
2020-07-29;40,0;0,94;170,958;51,29;119,669;6,0;11,201273333333331;2,5419;22,4308;58,97544583333333;0,4774887083333333;0,966389;7;211;2;-0,4999999999999997;-0,8660254037844388;-0,46896519100763184;-0,8832166493127127;49,0;32,0;40,0;40,0;0;40,0;40,0;40,0;49,0;49,0;71,0;14,0;46,0;45,0;13,98809017223818;25,0;71,0;-9,0;0,95;44,33;0,3630203541666667;1,29185;0;32,0;60,0;44,0;32,0;60,0;44,0
2020-07-30;32,0;0,37;78,2386;36,37;41,8697;6,0;9,972489583333331;4,21684;16,1583;66,5680625;0,776105175;1,64571;7;212;3;-0,4999999999999997;-0,8660254037844388;-0,48408852163897587;-0,8750190302029955;40,0;60,0;32,0;32,0;0;32,0;32,0;32,0;40,0;49,0;49,0;40,0;40,333333333333336;43,857142857142854;14,76966002123464;25,0;71,0;-8,0;0,94;51,29;0,4774887083333333;2,5419;0;60,0;44,0;48,0;60,0;44,0;48,0
2020-07-31;60,0;1,11;170,945;57,94;113,003;3,0;11,642439583333331;4,29321;18,575;65,60122083333333;0,4613761958333333;1,97959;7;213;4;-0,4999999999999997;-0,8660254037844388;-0,4990686026885319;-0,8665624788845385;32,0;44,0;60,0;60,0;0;60,0;60,0;60,0;32,0;40,0;49,0;25,0;44,0;48,857142857142854;13,158375931050795;32,0;71,0;28,0;0,37;36,37;0,776105175;4,21684;0;44,0;48,0;41,0;44,0;48,0;41,0
2020-08-01;44,0;0,83;99,5977;32,63;66,9658;6,0;10,774296666666666;6,90987;14,0167;70,23067083333333;0,807003475;2,45563;8;214;5;-0,8660254037844385;-0,5000000000000004;-0,5139010013093103;-0,8578494977869301;60,0;48,0;44,0;44,0;0;44,0;44,0;44,0;60,0;32,0;40,0;41,0;45,333333333333336;49,285714285714285;12,906255404703112;32,0;71,0;-16,0;1,11;57,94;0,4613761958333333;4,29321;1;48,0;41,0;36,0;48,0;41,0;36,0
2020-08-02;48,0;0,71;70,5559;29,06;41,4912;14,0;10,7270325;2,6587;20,7833;69,64504166666667;0,4134965875;1,36293;8;215;6;-0,8660254037844385;-0,5000000000000004;-0,5285813283559292;-0,8488826652214553;44,0;41,0;48,0;48,0;0;48,0;48,0;48,0;44,0;60,0;32,0;71,0;50,666666666666664;46,0;8,698658900466576;32,0;60,0;4,0;0,83;32,63;0,807003475;6,90987;1;41,0;36,0;15,0;41,0;36,0;15,0
2020-08-03;41,0;0,43;71,1959;35,35;35,8436;9,0;11,3572225;5,00887;19,625;74,958275;0,6153238208333334;1,71382;8;216;0;-0,8660254037844385;-0,5000000000000004;-0,5431052396834317;-0,8396646346181327;48,0;36,0;41,0;41,0;0;41,0;41,0;41,0;48,0;44,0;60,0;49,0;44,333333333333336;44,857142857142854;8,764104278791047;32,0;60,0;-7,0;0,71;29,06;0,4134965875;2,6587;0;36,0;15,0;19,0;36,0;15,0;19,0
2020-08-04;36,0;0,45;85,5286;38,27;47,2549;10,0;12,759206666666666;5,5;22,1333;72,95684166666666;0,4696623333333333;1,25465;8;217;1;-0,8660254037844385;-0,5000000000000004;-0,5574684374327892;-0,8301981337405212;41,0;15,0;36,0;36,0;0;36,0;36,0;36,0;41,0;48,0;44,0;49,0;41,666666666666664;43,0;9,110433579144283;32,0;60,0;-5,0;0,43;35,35;0,6153238208333334;5,00887;0;15,0;19,0;46,0;15,0;19,0;46,0
2020-08-05;15,0;0,19;43,8097;21,96;21,8455;6,0;11,820239583333333;8,0616;15,3355;82,6859875;1,2114134791666666;2,94628;8;218;2;-0,8660254037844385;-0,5000000000000004;-0,5716666713027052;-0,8204859638785327;36,0;19,0;15,0;15,0;0;15,0;15,0;15,0;36,0;41,0;48,0;40,0;30,666666666666668;39,42857142857143;14,045843309880471;15,0;60,0;-21,0;0,45;38,27;0,4696623333333333;5,5;0;19,0;46,0;40,0;19,0;46,0;40,0
2020-08-06;19,0;0,17;39,3571;24,49;14,8653;8,0;12,63741;9,5022;18,5833;73,590975;0,7195675;1,88925;8;219;3;-0,8660254037844385;-0,5000000000000004;-0,5856957398073508;-0,8105309990194823;15,0;46,0;19,0;19,0;0;19,0;19,0;19,0;15,0;36,0;41,0;32,0;23,333333333333332;37,57142857142857;15,925421426733024;15,0;60,0;4,0;0,19;21,96;1,2114134791666666;8,0616;0;46,0;40,0;31,0;46,0;40,0;31,0
2020-08-07;46,0;0,44;73,3599;34,87;38,4902;7,0;12,388399166666666;6,08414;20,3083;68,61047916666666;0,6078475833333333;1,60105;8;220;4;-0,8660254037844385;-0,5000000000000004;-0,5995514915196489;-0,8003361849976323;19,0;40,0;46,0;46,0;0;46,0;46,0;46,0;19,0;15,0;36,0;60,0;26,666666666666668;35,57142857142857;13,302344941865728;15,0;48,0;27,0;0,17;24,49;0,7195675;9,5022;0;40,0;31,0;22,0;40,0;31,0;22,0
2020-08-08;40,0;0,64;71,5762;37,29;34,2836;13,0;14,115890833333331;7,00072;23,8333;59,811725;0,5303009875;1,26953;8;221;5;-0,8660254037844385;-0,5000000000000004;-0,6132298262997502;-0,7899045386224707;46,0;31,0;40,0;40,0;0;40,0;40,0;40,0;46,0;19,0;15,0;44,0;35,0;35,0;12,96148139681571;15,0;48,0;-6,0;0,44;34,87;0,6078475833333333;6,08414;1;31,0;22,0;22,0;31,0;22,0;22,0
2020-08-09;31,0;0,43;34,4648;21,66;12,8046;11,0;12,223484166666664;7,00033;16,2955;69,1124375;0,9890512041666668;2,60062;8;222;6;-0,8660254037844385;-0,5000000000000004;-0,6267266965083301;-0,7792391467859886;40,0;22,0;31,0;31,0;0;31,0;31,0;31,0;40,0;46,0;19,0;48,0;39,0;32,57142857142857;11,645559137244009;15,0;46,0;-9,0;0,64;37,29;0,5303009875;7,00072;1;22,0;22,0;33,0;22,0;22,0;33,0
2020-08-10;22,0;0,4;55,9308;26,82;29,1075;7,0;8,835275416666667;3,76729;16,952;73,99785;0,5036619375;1,9091;8;223;0;-0,8660254037844385;-0,5000000000000004;-0,6400381082043503;-0,7683431655492202;31,0;22,0;22,0;22,0;0;22,0;22,0;22,0;31,0;40,0;46,0;41,0;31,0;29,857142857142858;11,567606658662095;15,0;46,0;-9,0;0,43;21,66;0,9890512041666668;7,00033;0;22,0;33,0;36,0;22,0;33,0;36,0
2020-08-11;22,0;0,33;61,7194;28,98;32,7424;8,0;8,088666250000001;1,71692;16,3094;64,10028333333334;0,6069150208333333;1,94351;8;224;1;-0,8660254037844385;-0,5000000000000004;-0,65316012232693;-0,7572198192083127;22,0;33,0;22,0;22,0;0;22,0;22,0;22,0;22,0;31,0;40,0;36,0;25,0;27,857142857142858;11,53875457503352;15,0;46,0;0,0;0,4;26,82;0,5036619375;3,76729;0;33,0;36,0;20,0;33,0;36,0;20,0
2020-08-12;33,0;0,51;69,6127;31,35;38,2612;10,0;7,756715833333334;1,40018;15,1333;63,53017083333333;0,57643945;1,98063;8;225;2;-0,8660254037844385;-0,5000000000000004;-0,666088855860977;-0,7458723993404063;22,0;36,0;33,0;33,0;0;33,0;33,0;33,0;22,0;22,0;31,0;15,0;25,666666666666668;30,428571428571427;10,113640011673052;19,0;46,0;11,0;0,33;28,98;0,6069150208333333;1,71692;0;36,0;20,0;39,0;36,0;20,0;39,0
2020-08-13;36,0;0,49;65,7889;30,77;35,0224;12,0;8,543837916666666;1,79174;15,5443;69,317325;0,6882678291666666;1,86967;8;226;3;-0,8660254037844385;-0,5000000000000004;-0,6788204829862355;-0,734304263829602;33,0;20,0;36,0;36,0;0;36,0;36,0;36,0;33,0;22,0;22,0;19,0;30,333333333333332;32,857142857142854;8,87747282786738;22,0;46,0;3,0;0,51;31,35;0,57643945;1,40018;0;20,0;39,0;47,0;20,0;39,0;47,0
2020-08-14;20,0;0,37;51,531;28,15;23,382;9,0;7,847180000000001;3,81681;12,8849;76,36635;0,4207793333333333;0,95641;8;227;4;-0,8660254037844385;-0,5000000000000004;-0,6913512362094071;-0,722518835873311;36,0;39,0;20,0;20,0;0;20,0;20,0;20,0;36,0;33,0;22,0;46,0;29,666666666666668;29,142857142857142;7,840675383931561;20,0;40,0;-16,0;0,49;30,77;0,6882678291666666;1,79174;0;39,0;47,0;26,0;39,0;47,0;26,0
2020-08-15;39,0;0,68;54,9671;27,05;27,9126;13,0;8,02534375;2,12558;15,6176;68,63577916666667;0,4813360083333333;1,70612;8;228;5;-0,8660254037844385;-0,5000000000000004;-0,7036774074790128;-0,7105196029692745;20,0;47,0;39,0;39,0;0;39,0;39,0;39,0;20,0;36,0;33,0;40,0;31,666666666666668;29,0;7,615773105863899;20,0;39,0;19,0;0,37;28,15;0,4207793333333333;3,81681;1;47,0;26,0;18,0;47,0;26,0;18,0
2020-08-16;47,0;0,91;48,0967;23,42;24,6739;15,0;8,784558333333333;1,36689;17,6511;61,527683333333336;0,5966981666666666;1,9706;8;229;6;-0,8660254037844385;-0,5000000000000004;-0,7157953492826642;-0,6983101158835584;39,0;26,0;47,0;47,0;0;47,0;47,0;47,0;39,0;20,0;36,0;31,0;35,333333333333336;31,285714285714285;10,258562045340227;20,0;47,0;8,0;0,68;27,05;0,4813360083333333;2,12558;1;26,0;18,0;28,0;26,0;18,0;28,0
2020-08-17;26,0;0,61;64,4803;30,34;34,1377;10,0;9,248613333333331;1,85017;17,425;62,48150833333333;0,6581713333333333;2,00307;8;230;0;-0,8660254037844385;-0,5000000000000004;-0,7277014757264236;-0,6858939875998223;47,0;18,0;26,0;26,0;0;26,0;26,0;26,0;47,0;39,0;20,0;22,0;37,333333333333336;31,857142857142858;9,75412000863517;20,0;47,0;-21,0;0,91;23,42;0,5966981666666666;1,36689;0;18,0;28,0;38,0;18,0;28,0;38,0
2020-08-18;18,0;0,42;44,8828;23,12;21,7587;8,0;7,266599583333334;2,92516;10,5939;82,90548333333334;0,8838730333333333;2,05475;8;231;1;-0,8660254037844385;-0,5000000000000004;-0,7393922635959241;-0,673274892250183;26,0;28,0;18,0;18,0;0;18,0;18,0;18,0;26,0;47,0;39,0;22,0;30,333333333333332;31,285714285714285;10,515294982615961;18,0;47,0;-8,0;0,61;30,34;0,6581713333333333;1,85017;0;28,0;38,0;33,0;28,0;38,0;33,0
2020-08-19;28,0;0,27;42,8644;27,74;15,1206;10,0;10,084103333333331;5,90859;16,4031;71,10785;0,601712175;1,45805;8;232;2;-0,8660254037844385;-0,5000000000000004;-0,7508642533989489;-0,6604565640279754;18,0;38,0;28,0;28,0;0;28,0;28,0;28,0;18,0;26,0;47,0;33,0;24,0;30,571428571428573;10,549204438521139;18,0;47,0;10,0;0,42;23,12;0,8838730333333333;2,92516;0;38,0;33,0;30,0;38,0;33,0;30,0
2020-08-20;38,0;0,87;131,714;46,75;84,9614;9,0;12,125270833333332;2,85065;23,8023;54,99605416666666;0,4604742541666666;1,56955;8;233;3;-0,8660254037844385;-0,5000000000000004;-0,7621140503891487;-0,6474427960827475;28,0;33,0;38,0;38,0;0;38,0;38,0;38,0;28,0;18,0;26,0;36,0;28,0;30,857142857142858;10,745984853711189;18,0;47,0;10,0;0,27;27,74;0,601712175;5,90859;0;33,0;30,0;15,0;33,0;30,0;15,0
2020-08-21;33,0;0,99;142,315;47,75;94,5673;12,0;14,02581875;4,9426;24,6193;43,38765;0,5987102416666666;1,74643;8;234;4;-0,8660254037844385;-0,5000000000000004;-0,7731383255706026;-0,6342374393978054;38,0;30,0;33,0;33,0;0;33,0;33,0;33,0;38,0;28,0;18,0;20,0;33,0;32,714285714285715;9,621404708847267;18,0;47,0;-5,0;0,87;46,75;0,4604742541666666;2,85065;0;30,0;15,0;10,0;30,0;15,0;10,0
2020-08-22;30,0;0,46;67,4966;28,51;38,9841;18,0;12,713246666666668;5,66733;23,3756;55,010325;1,0936224583333334;3,04242;8;235;5;-0,8660254037844385;-0,5000000000000004;-0,7839338166829201;-0,620844401650647;33,0;15,0;30,0;30,0;0;30,0;30,0;30,0;33,0;38,0;28,0;39,0;33,666666666666664;31,428571428571427;9,235026490796553;18,0;47,0;-3,0;0,99;47,75;0,5987102416666666;4,9426;1;15,0;10,0;12,0;15,0;10,0;12,0
2020-08-23;15,0;0,14;13,3798;10,28;3,10215;21,0;10,103964166666666;7,50033;14,5113;75,7922625;1,045766958333333;2,21466;8;236;6;-0,8660254037844385;-0,5000000000000004;-0,7944973291665992;-0,6072676460566135;30,0;10,0;15,0;15,0;0;15,0;15,0;15,0;30,0;33,0;38,0;47,0;26,0;26,857142857142858;8,09173593712686;15,0;38,0;-15,0;0,46;28,51;1,0936224583333334;5,66733;1;10,0;12,0;7,0;10,0;12,0;7,0
2020-08-24;10,0;0,15;28,0649;17,56;10,5098;16,0;12,0395175;8,77499;18,4037;61,0800875;1,1699730041666667;3,27571;8;237;0;-0,8660254037844385;-0,5000000000000004;-0,8048257371083452;-0,593511190196115;15,0;12,0;10,0;10,0;0;10,0;10,0;10,0;15,0;30,0;33,0;26,0;18,333333333333332;24,571428571428573;10,325649985305885;10,0;38,0;-5,0;0,14;10,28;1,045766958333333;7,50033;0;12,0;7,0;14,0;12,0;7,0;14,0
2020-08-25;12,0;0,23;32,0827;18,94;13,1398;12,0;9,446748333333334;5,6179;14,7266;79,34155;0,9485898666666668;2,70297;8;238;1;-0,8660254037844385;-0,5000000000000004;-0,8149159841660791;-0,5795791048257612;10,0;7,0;12,0;12,0;0;12,0;12,0;12,0;10,0;15,0;30,0;18,0;12,333333333333334;23,714285714285715;11,17607989881791;10,0;38,0;2,0;0,15;17,56;1,1699730041666667;8,77499;0;7,0;14,0;15,0;7,0;14,0;15,0
2020-08-26;7,0;0,18;30,2493;18,48;11,7648;13,0;9,8994225;5,83427;14,6925;76,86655;0,9438250333333332;2,79403;8;239;2;-0,8660254037844385;-0,5000000000000004;-0,8247650844733614;-0,5654755126737576;12,0;14,0;7,0;7,0;0;7,0;7,0;7,0;12,0;10,0;15,0;28,0;9,666666666666666;20,714285714285715;12,566016150903266;7,0;38,0;-5,0;0,23;18,94;0,9485898666666668;5,6179;0;14,0;15,0;12,0;14,0;15,0;12,0
2020-08-27;14,0;0,36;43,3574;20,25;23,1042;12,0;8,487483333333333;2,50034;14,9669;80,18867916666666;0,8404278666666666;2,68739;8;240;3;-0,8660254037844385;-0,5000000000000004;-0,8343701235229538;-0,5512045872199277;7,0;15,0;14,0;14,0;0;14,0;14,0;14,0;7,0;12,0;10,0;38,0;11,0;17,285714285714285;10,094788848943882;7,0;33,0;7,0;0,18;18,48;0,9438250333333332;5,83427;0;15,0;12,0;22,0;15,0;12,0;22,0
2020-08-28;15,0;0,36;38,9158;25,99;12,9264;6,0;8,718483749999999;6,23414;11,7605;78,3376;0,6028148958333334;1,46436;8;241;4;-0,8660254037844385;-0,5000000000000004;-0,8437282590292712;-0,5367705514607103;14,0;12,0;15,0;15,0;0;15,0;15,0;15,0;14,0;7,0;12,0;33,0;12,0;14,714285714285714;7,341986237031622;7,0;30,0;1,0;0,36;20,25;0,8404278666666666;2,50034;0;12,0;22,0;20,0;12,0;22,0;20,0
2020-08-29;12,0;0,27;21,9054;16,24;5,66949;17,0;10,767640833333331;6,53354;16,6116;66,0313125;0,8369695;2,05633;8;242;5;-0,8660254037844385;-0,5000000000000004;-0,8528367217694595;-0,522177676659508;15,0;22,0;12,0;12,0;0;12,0;12,0;12,0;15,0;14,0;7,0;30,0;13,666666666666666;12,142857142857142;2,9113897843109826;7,0;15,0;-3,0;0,36;25,99;0,6028148958333334;6,23414;1;22,0;20,0;15,0;22,0;20,0;15,0
2020-08-30;22,0;0,34;23,8753;17,19;6,68107;15,0;9,92875625;3,02565;17,8773;67,87922083333333;0,5278284416666666;1,92011;8;243;6;-0,8660254037844385;-0,5000000000000004;-0,8616928164028522;-0,5074302810827518;12,0;20,0;22,0;22,0;0;22,0;22,0;22,0;12,0;15,0;14,0;15,0;16,333333333333332;13,142857142857142;4,705619740571587;7,0;22,0;10,0;0,27;16,24;0,8369695;6,53354;1;20,0;15,0;27,0;20,0;15,0;27,0
2020-08-31;20,0;0,51;47,2449;21,35;25,8915;13,0;9,557084583333332;3,82555;16,2929;68,7519625;1,0686206875;2,53835;8;244;0;-0,8660254037844385;-0,5000000000000004;-0,8702939222685674;-0,49253272872205434;22,0;15,0;20,0;20,0;0;20,0;20,0;20,0;22,0;12,0;15,0;10,0;18,0;14,571428571428571;5,094347941825412;7,0;22,0;-2,0;0,34;17,19;0,5278284416666666;3,02565;0;15,0;27,0;24,0;15,0;27,0;24,0
2020-09-01;15,0;0,28;26,9459;20,42;6,5225;12,0;9,069480416666666;7,2344;12,3443;77,260525;0,81077575;1,95953;9;245;1;-1,0;-1,8369701987210297e-16;-0,8786374941610001;-0,4774894280028391;20,0;27,0;15,0;15,0;0;15,0;15,0;15,0;20,0;22,0;12,0;12,0;19,0;15,0;4,966554808583766;7,0;22,0;-5,0;0,51;21,35;1,0686206875;3,82555;0;27,0;24,0;28,0;27,0;24,0;28,0
2020-09-02;27,0;0,43;29,4151;21,02;8,39171;16,0;10,836937083333334;5,38357;17,1045;69,08767916666666;0,6621737666666666;1,7798;9;246;2;-1,0;-1,8369701987210297e-16;-0,886721063082993;-0,46230483047981086;15,0;24,0;27,0;27,0;0;27,0;27,0;27,0;15,0;20,0;22,0;7,0;20,666666666666668;17,857142857142858;5,3363086938622954;12,0;27,0;12,0;0,28;20,42;0,81077575;7,2344;0;24,0;28,0;19,0;24,0;28,0;19,0
2020-09-03;24,0;0,39;49,3826;29,41;19,9689;8,0;11,94608;6,8;19,0534;65,31277083333333;0,6931009499999999;2,11878;9;247;3;-1,0;-1,8369701987210297e-16;-0,8945422369764496;-0,4469834295196741;27,0;28,0;24,0;24,0;0;24,0;24,0;24,0;27,0;15,0;20,0;14,0;22,0;19,285714285714285;5,468524655221164;12,0;27,0;-3,0;0,43;21,02;0,6621737666666666;5,38357;0;28,0;19,0;24,0;28,0;19,0;24,0
2020-09-04;28,0;0,42;64,8131;26,61;38,1998;17,0;12,221955;8,3;18,944;69,66010833333333;1,2341367958333334;2,95869;9;248;4;-1,0;-1,8369701987210297e-16;-0,9020987014301837;-0,43152975897147144;24,0;19,0;28,0;28,0;0;28,0;28,0;28,0;24,0;27,0;15,0;15,0;26,333333333333332;21,142857142857142;5,956189257922412;12,0;28,0;4,0;0,39;29,41;0,6931009499999999;6,8;0;19,0;24,0;20,0;19,0;24,0;20,0
2020-09-05;19,0;0,12;19,6218;15,91;3,71;21,0;11,681380833333334;7,80924;17,3092;68,625525;0,9100688333333332;1,93767;9;249;5;-1,0;-1,8369701987210297e-16;-0,9093882203647925;-0,4159483918249421;28,0;24,0;19,0;19,0;0;19,0;19,0;19,0;28,0;24,0;27,0;12,0;23,666666666666668;22,142857142857142;4,598136268408864;15,0;28,0;-9,0;0,42;26,61;1,2341367958333334;8,3;1;24,0;20,0;20,0;24,0;20,0;20,0
2020-09-06;24,0;0,34;35,4206;19,95;15,4704;20,0;12,552312083333334;4,12563;21,4083;61,4294375;0,6175877625;2,19242;9;250;6;-1,0;-1,8369701987210297e-16;-0,9164086366943458;-0,4002439388573056;19,0;20,0;24,0;24,0;0;24,0;24,0;24,0;19,0;28,0;24,0;22,0;23,666666666666668;22,428571428571427;4,649628761422515;15,0;28,0;5,0;0,12;15,91;0,9100688333333332;7,80924;1;20,0;20,0;23,0;20,0;20,0;23,0
2020-09-07;20,0;0,27;55,8392;28,03;27,8104;13,0;13,154527083333331;5,40871;21,5468;66,15780833333334;0,6761244291666667;2,23899;9;251;0;-1,0;-1,8369701987210297e-16;-0,9231578729647039;-0,38442104726885545;24,0;20,0;20,0;20,0;0;20,0;20,0;20,0;24,0;19,0;28,0;20,0;21,0;22,428571428571427;4,649628761422515;15,0;28,0;-4,0;0,34;19,95;0,6175877625;4,12563;0;20,0;23,0;16,0;20,0;23,0;16,0
2020-09-08;20,0;0,2;34,7362;21,92;12,8211;5,0;10,0990875;8,79192;11,2767;86,234875;0,8655157125;1,92097;9;252;1;-1,0;-1,8369701987210297e-16;-0,9296339319682695;-0,3684843993077793;20,0;23,0;20,0;20,0;0;20,0;20,0;20,0;20,0;24,0;19,0;15,0;21,333333333333332;23,142857142857142;3,5790395093549425;19,0;28,0;0,0;0,27;28,03;0,6761244291666667;5,40871;0;23,0;16,0;21,0;23,0;16,0;21,0
2020-09-09;23,0;0,21;42,0627;26,34;15,7216;14,0;14,446784583333333;8,99409;22,3523;63,50353333333334;0,7088731250000001;1,96595;9;253;2;-1,0;-1,8369701987210297e-16;-0,9358348973349941;-0,35243871088460327;20,0;16,0;23,0;23,0;0;23,0;23,0;23,0;20,0;20,0;24,0;27,0;21,0;22,571428571428573;3,1547394428670033;19,0;28,0;3,0;0,2;21,92;0,8655157125;8,79192;0;16,0;21,0;41,0;16,0;21,0;41,0
2020-09-10;16,0;0,32;48,5329;22,12;26,4141;14,0;13,992067083333334;7,72591;20,4176;69,37510416666667;1,007898375;2,3848;9;254;3;-1,0;-1,8369701987210297e-16;-0,9417589340994617;-0,33628873017668287;23,0;21,0;16,0;16,0;0;16,0;16,0;16,0;23,0;20,0;20,0;24,0;19,666666666666668;21,428571428571427;3,909694909543985;16,0;28,0;-7,0;0,21;26,34;0,7088731250000001;8,99409;0;21,0;41,0;21,0;21,0;41,0;21,0
2020-09-11;21,0;0,13;34,526;21,62;12,902;14,0;13,547742083333333;7,36736;20,6391;61,86233333333333;0,8356046541666666;2,13452;9;255;4;-1,0;-1,8369701987210297e-16;-0,9474042892438845;-0,32003923622313857;16,0;41,0;21,0;21,0;0;21,0;21,0;21,0;16,0;23,0;20,0;28,0;20,0;20,428571428571427;2,6367367999822853;16,0;24,0;5,0;0,32;22,12;1,007898375;7,72591;0;41,0;21,0;22,0;41,0;21,0;22,0
2020-09-12;41,0;0,37;45,3645;24,07;21,291;18,0;12,773468333333334;4,88371;20,9226;55,16408333333334;0,7944406625;2,61565;9;256;5;-1,0;-1,8369701987210297e-16;-0,9527692922168511;-0,30369503751065885;21,0;21,0;41,0;41,0;0;41,0;41,0;41,0;21,0;16,0;23,0;19,0;26,0;23,571428571428573;8,100558475750143;16,0;41,0;20,0;0,13;21,62;0,8356046541666666;7,36736;1;21,0;22,0;20,0;21,0;22,0;20,0
2020-09-13;21,0;0,21;34,3741;22,01;12,3622;19,0;13,30031;5,06676;22,1145;49,16584583333333;0,8329135916666667;2,99703;9;257;6;-1,0;-1,8369701987210297e-16;-0,9578523554276669;-0,28726097055059635;41,0;22,0;21,0;21,0;0;21,0;21,0;21,0;41,0;21,0;16,0;24,0;27,666666666666668;23,142857142857142;8,153293228885511;16,0;41,0;-20,0;0,37;24,07;0,7944406625;4,88371;1;22,0;20,0;26,0;22,0;20,0;26,0
2020-09-14;22,0;0,42;81,8448;33,55;48,2955;20,0;15,590864166666668;5,68487;27,2851;46,78775833333333;0,9026250291666668;2,37509;9;258;0;-1,0;-1,8369701987210297e-16;-0,9626519747161487;-0,2707418984477642;21,0;20,0;22,0;22,0;0;22,0;22,0;22,0;21,0;41,0;21,0;20,0;28,0;23,428571428571427;8,059303999253336;16,0;41,0;1,0;0,21;22,01;0,8329135916666667;5,06676;0;20,0;26,0;26,0;20,0;26,0;26,0
2020-09-15;20,0;0,12;28,1288;19,45;8,67876;16,0;10,804522083333334;6,66777;16,1932;77,6296875;1,279893375;2,62409;9;259;1;-1,0;-1,8369701987210297e-16;-0,9671667297977312;-0,2541427094613622;22,0;26,0;20,0;20,0;0;20,0;20,0;20,0;22,0;21,0;41,0;20,0;21,0;23,428571428571427;8,059303999253336;16,0;41,0;-2,0;0,42;33,55;0,9026250291666668;5,68487;0;26,0;26,0;24,0;26,0;26,0;24,0
2020-09-16;26,0;0,15;35,2566;23,62;11,6382;19,0;14,560789166666666;9,14421;21,9417;67,78632083333333;0,9383232125;2,29195;9;260;2;-1,0;-1,8369701987210297e-16;-0,97139528468375;-0,23746831555846842;20,0;26,0;26,0;26,0;0;26,0;26,0;26,0;20,0;22,0;21,0;23,0;22,666666666666668;23,857142857142858;8,112306935115537;16,0;41,0;6,0;0,12;19,45;1,279893375;6,66777;0;26,0;24,0;22,0;26,0;24,0;22,0
2020-09-17;26,0;0,33;52,9076;29,19;23,7216;21,0;16,935392083333333;8,58423;26,4058;60,751441666666665;0,6883538499999999;1,91493;9;261;3;-1,0;-1,8369701987210297e-16;-0,9753363880767837;-0,2207236509605022;26,0;24,0;26,0;26,0;0;26,0;26,0;26,0;26,0;20,0;22,0;16,0;24,0;25,285714285714285;7,341986237031621;20,0;41,0;0,0;0,15;23,62;0,9383232125;9,14421;0;24,0;22,0;19,0;24,0;22,0;19,0
2020-09-18;24,0;0,39;32,9918;18,48;14,5143;24,0;16,976711666666667;8,98367;25,9631;51,29447083333333;0,8114286791666667;2,88797;9;262;4;-1,0;-1,8369701987210297e-16;-0,9789888737409319;-0,20391367068311472;26,0;22,0;24,0;24,0;0;24,0;24,0;24,0;26,0;26,0;20,0;21,0;25,333333333333332;25,714285714285715;7,134757312253988;20,0;41,0;-2,0;0,33;29,19;0,6883538499999999;8,58423;0;22,0;19,0;21,0;22,0;19,0;21,0
2020-09-19;22,0;0,33;24,5384;14,77;9,76555;31,0;17,20550916666667;8,11143;27,1283;50,77804583333333;0,89794601875;2,91946;9;263;5;-1,0;-1,8369701987210297e-16;-0,9823516608469237;-0,18704334906991657;24,0;19,0;22,0;22,0;0;22,0;22,0;22,0;24,0;26,0;26,0;41,0;24,0;23,0;2,3804761428475887;20,0;26,0;-2,0;0,39;18,48;0,8114286791666667;8,98367;1;19,0;21,0;19,0;19,0;21,0;19,0
2020-09-20;19,0;0,13;16,936;12,97;3,96833;30,0;16,057207916666666;8,4357;25,0515;61,131908333333335;0,96898845;2,83097;9;264;6;-1,0;-1,8369701987210297e-16;-0,9854237542919524;-0,17011767832049052;22,0;21,0;19,0;19,0;0;19,0;19,0;19,0;22,0;24,0;26,0;21,0;21,666666666666668;22,714285714285715;2,7516228977511505;19,0;26,0;-3,0;0,33;14,77;0,89794601875;8,11143;1;21,0;19,0;21,0;21,0;19,0;21,0
2020-09-21;21,0;0,2;39,9975;21,51;18,485;21,0;16,00883333333333;7,05914;26,4254;66,4248375;0,8976367499999999;2,58132;9;265;0;-1,0;-1,8369701987210297e-16;-0,9882042449941422;-0,15314166701312007;19,0;19,0;21,0;21,0;0;21,0;21,0;21,0;19,0;22,0;24,0;22,0;20,666666666666668;22,571428571428573;2,8199966227605344;19,0;26,0;2,0;0,13;12,97;0,96898845;8,4357;0;19,0;21,0;22,0;19,0;21,0;22,0
2020-09-22;19,0;0,21;48,942;24,64;24,3059;24,0;18,1202875;10,0009;26,2558;56,6256125;0,8255361875;2,4485;9;266;1;-1,0;-1,8369701987210297e-16;-0,9906923101615609;-0,13612033862266704;21,0;21,0;19,0;19,0;0;19,0;19,0;19,0;21,0;19,0;22,0;20,0;19,666666666666668;22,428571428571427;2,9920529661723605;19,0;26,0;-2,0;0,2;21,51;0,8976367499999999;7,05914;0;21,0;22,0;14,0;21,0;22,0;14,0
2020-09-23;21,0;0,29;57,2811;30,42;26,8618;24,0;18,616525;10,4502;27,3714;49,08611666666667;0,5857733458333333;2,47543;9;267;2;-1,0;-1,8369701987210297e-16;-0,9928872135356962;-0,11905873003404988;19,0;22,0;21,0;21,0;0;21,0;21,0;21,0;19,0;21,0;19,0;26,0;20,333333333333332;21,714285714285715;2,5634797778465965;19,0;26,0;2,0;0,21;24,64;0,8255361875;10,0009;0;22,0;14,0;7,0;22,0;14,0;7,0
2020-09-24;22,0;0,22;48,7109;28,39;20,3175;22,0;16,058889583333332;9,86665;24,8036;61,289658333333335;1,13423957;3,41837;9;268;3;-1,0;-1,8369701987210297e-16;-0,994788305609327;-0,10196189005174576;21,0;14,0;22,0;22,0;0;22,0;22,0;22,0;21,0;19,0;21,0;26,0;20,666666666666668;21,142857142857142;1,7728105208557974;19,0;24,0;1,0;0,29;30,42;0,5857733458333333;10,4502;0;14,0;7,0;14,0;14,0;7,0;14,0
2020-09-25;14,0;0,1;18,212;14,41;3,8042;15,0;10,0915325;8,98624;12,0254;89,18332083333333;1,3916755416666666;2,08801;9;269;4;-1,0;-1,8369701987210297e-16;-0,9963950238187231;-0,08483487790576538;22,0;7,0;14,0;14,0;0;14,0;14,0;14,0;22,0;21,0;19,0;24,0;19,0;19,714285714285715;2,811540841738165;14,0;22,0;-8,0;0,22;28,39;1,13423957;9,86665;0;7,0;14,0;16,0;7,0;14,0;16,0
2020-09-26;7,0;0,11;15,7607;12,14;3,61625;25,0;12,277167916666668;8,3268;18,4;63,29997916666667;1,1675625416666666;2,70737;9;270;5;-1,0;-1,8369701987210297e-16;-0,9977068927101168;-0,06768276175455162;14,0;14,0;7,0;7,0;0;7,0;7,0;7,0;14,0;22,0;21,0;22,0;14,333333333333334;17,571428571428573;5,349677337844539;7,0;22,0;-7,0;0,1;14,41;1,3916755416666666;8,98624;1;14,0;16,0;13,0;14,0;16,0;13,0
2020-09-27;14,0;0,18;24,9679;16,74;8,22736;22,0;14,034094166666668;5,39212;22,7725;57,23379166666667;0,7096424250000001;2,25173;9;271;6;-1,0;-1,8369701987210297e-16;-0,9987235240803972;-0,050510617185222886;7,0;16,0;14,0;14,0;0;14,0;14,0;14,0;7,0;14,0;22,0;19,0;11,666666666666666;16,857142857142858;5,459809869356588;7,0;22,0;7,0;0,11;12,14;1,1675625416666666;8,3268;1;16,0;13,0;9,0;16,0;13,0;9,0
2020-09-28;16,0;0,23;51,0896;25,25;25,8414;22,0;14,275541666666667;6,63342;23,7127;55,048679166666666;1,1912828583333332;3,43611;9;272;0;-1,0;-1,8369701987210297e-16;-0,9994446170919858;-0,033323525711631344;14,0;13,0;16,0;16,0;0;16,0;16,0;16,0;14,0;7,0;14,0;21,0;12,333333333333334;16,142857142857142;5,1455019654247796;7,0;22,0;2,0;0,18;16,74;0,7096424250000001;5,39212;0;13,0;9,0;11,0;13,0;9,0;11,0
2020-09-29;13,0;0,12;18,858;13,92;4,94264;23,0;10,942370416666668;7,55147;16,8696;71,14520416666666;1,3234224583333334;2,50838;9;273;1;-1,0;-1,8369701987210297e-16;-0,9998699583618592;-0,016126573270657762;16,0;9,0;13,0;13,0;0;13,0;13,0;13,0;16,0;14,0;7,0;19,0;14,333333333333334;15,285714285714286;5,089672082242794;7,0;22,0;-3,0;0,23;25,25;1,1912828583333332;6,63342;0;9,0;11,0;11,0;9,0;11,0;11,0
2020-09-30;9,0;0,14;26,6171;17,07;9,54565;19,0;11,177361666666668;5,50951;17,8106;67,05227083333334;1,1348329658333334;3,0248;9;274;2;-1,0;-1,8369701987210297e-16;-0,9999994220246925;0,001075151282798226;13,0;11,0;9,0;9,0;0;9,0;9,0;9,0;13,0;16,0;14,0;21,0;12,666666666666666;13,571428571428571;4,8599431703516265;7,0;22,0;-4,0;0,12;13,92;1,3234224583333334;7,55147;0;11,0;11,0;9,0;11,0;11,0;9,0
2020-10-01;11,0;0,14;25,6057;17,68;7,92181;18,0;12,045919166666666;8,15179;18,2671;63,421391666666665;1,2213562083333334;2,75079;10;275;3;-0,8660254037844386;0,5000000000000001;-0,999832969770105;0,018276557681691223;9,0;11,0;11,0;11,0;0;11,0;11,0;11,0;9,0;13,0;16,0;22,0;11,0;12,0;3,162277660168347;7,0;16,0;2,0;0,14;17,07;1,1348329658333334;5,50951;0;11,0;9,0;6,0;11,0;9,0;6,0
2020-10-02;11,0;0,15;28,5767;18,75;9,82574;22,0;10,823275;4,45053;17,9225;61,34565416666666;1,2235758791666669;2,97893;10;276;4;-0,8660254037844386;0,5000000000000001;-0,9993706508539969;0,03547255575312556;11,0;9,0;11,0;11,0;0;11,0;11,0;11,0;11,0;9,0;13,0;14,0;10,333333333333334;11,571428571428571;3,0472470011001866;7,0;16,0;0,0;0,14;17,68;1,2213562083333334;8,15179;0;9,0;6,0;14,0;9,0;6,0;14,0
2020-10-03;9,0;0,12;18,6948;13,9;4,79565;24,0;9,961467083333334;3,89171;16,6377;55,61148333333333;1,2563595458333332;2,65902;10;277;5;-0,8660254037844386;0,5000000000000001;-0,9986126020839734;0,052658056924614005;11,0;6,0;9,0;9,0;0;9,0;9,0;9,0;11,0;11,0;9,0;7,0;10,333333333333334;11,857142857142858;2,6095064302514386;9,0;16,0;-2,0;0,15;18,75;1,2235758791666669;4,45053;1;6,0;14,0;14,0;6,0;14,0;14,0
2020-10-04;6,0;0,11;15,2827;12,4;2,88014;24,0;11,705018333333332;4,10988;19,6355;51,05998333333333;0,7738178458333334;1,56094;10;278;6;-0,8660254037844386;0,5000000000000001;-0,9975590477788613;0,06982797572987089;9,0;14,0;6,0;6,0;0;6,0;6,0;6,0;9,0;11,0;11,0;14,0;8,666666666666666;10,714285714285714;3,19970236711089;6,0;16,0;-3,0;0,12;13,9;1,2563595458333332;3,89171;1;14,0;14,0;18,0;14,0;14,0;18,0
2020-10-05;14,0;0,29;46,0584;22,42;23,6409;23,0;13,51861;5,22626;22,0197;48,73886666666667;1,1872339208333331;2,88123;10;279;0;-0,8660254037844386;0,5000000000000001;-0,9962102997023297;0,0869772313136861;6,0;14,0;14,0;14,0;0;14,0;14,0;14,0;6,0;9,0;11,0;16,0;9,666666666666666;10,428571428571429;2,6992062325272737;6,0;14,0;8,0;0,11;12,4;0,7738178458333334;4,10988;0;14,0;18,0;14,0;14,0;18,0;14,0
2020-10-06;14,0;0,18;28,3012;19,51;8,79102;23,0;13,743649583333337;8,22681;21,5333;59,823708333333336;0,9973876666666668;2,88707;10;280;1;-0,8660254037844386;0,5000000000000001;-0,9945667569706337;0,1041007489354256;14,0;18,0;14,0;14,0;0;14,0;14,0;14,0;14,0;6,0;9,0;13,0;11,333333333333334;10,571428571428571;2,8784916685156623;6,0;14,0;0,0;0,29;22,42;1,1872339208333331;5,22626;0;18,0;14,0;19,0;18,0;14,0;19,0
2020-10-07;18,0;0,27;41,0069;24,17;16,8322;23,0;15,468294166666666;8,00108;23,6391;55,771391666666666;0,9053635;2,61793;10;281;2;-0,8660254037844386;0,5000000000000001;-0,9926289059345095;0,121193461470736;14,0;14,0;18,0;18,0;0;18,0;18,0;18,0;14,0;14,0;6,0;9,0;15,333333333333334;11,857142857142858;3,891382420536042;6,0;18,0;4,0;0,18;19,51;0,9973876666666668;8,22681;0;14,0;19,0;14,0;14,0;19,0;14,0
2020-10-08;14,0;0,23;33,586;22,17;11,4195;23,0;15,88360875;7,43349;23,8544;52,051629166666665;1,0614149541666666;2,50685;10;282;3;-0,8660254037844386;0,5000000000000001;-0,9903973200352558;0,1382503109109819;18,0;19,0;14,0;14,0;0;14,0;14,0;14,0;18,0;14,0;14,0;11,0;15,333333333333334;12,285714285714286;3,9460649476951564;6,0;18,0;-4,0;0,27;24,17;0,9053635;8,00108;0;19,0;14,0;14,0;19,0;14,0;14,0
2020-10-09;19,0;0,27;38,8481;25,75;13,0987;29,0;18,485060416666663;8,46994;27,9943;43,82950416666667;0,6975960875;1,78107;10;283;4;-0,8660254037844386;0,5000000000000001;-0,9878726596350429;0,15526624985999563;14,0;14,0;19,0;19,0;0;19,0;19,0;19,0;14,0;18,0;14,0;11,0;17,0;13,428571428571429;4,613644360558593;6,0;19,0;5,0;0,23;22,17;1,0614149541666666;7,43349;0;14,0;14,0;15,0;14,0;14,0;15,0
2020-10-10;14,0;0,28;24,0304;16,82;7,20653;33,0;18,850816666666667;10,8692;26,8098;47,24244166666667;0,9784984375;2,60049;10;284;5;-0,8660254037844386;0,5000000000000001;-0,9850556718215013;0,172236243027682;19,0;14,0;14,0;14,0;0;14,0;14,0;14,0;19,0;14,0;18,0;9,0;15,666666666666666;14,142857142857142;4,1804533816549485;6,0;19,0;-5,0;0,27;25,75;0,6975960875;8,46994;1;14,0;15,0;17,0;14,0;15,0;17,0
2020-10-11;14,0;0,26;20,9123;15,67;5,24009;34,0;19,62027;9,01848;30,3921;41,7888375;0,811103825;2,79505;10;285;6;-0,8660254037844386;0,5000000000000001;-0,981947190186646;0,18915526872004093;14,0;15,0;14,0;14,0;0;14,0;14,0;14,0;14,0;19,0;14,0;6,0;15,666666666666666;15,285714285714286;2,214669705568245;14,0;19,0;0,0;0,28;16,82;0,9784984375;10,8692;1;15,0;17,0;21,0;15,0;17,0;21,0
2020-10-12;15,0;0,33;23,8244;15,88;7,94264;31,0;19,83868333333333;11,1594;29,7562;46,99290416666667;0,8128823375;2,91311;10;286;0;-0,8660254037844386;0,5000000000000001;-0,9785481345802031;0,20601832032517084;14,0;17,0;15,0;15,0;0;15,0;15,0;15,0;14,0;14,0;19,0;14,0;14,333333333333334;15,428571428571429;2,1491969707422007;14,0;19,0;1,0;0,26;15,67;0,811103825;9,01848;0;17,0;21,0;24,0;17,0;21,0;24,0
2020-10-13;17,0;0,31;33,4907;21,49;12,0028;22,0;16,9003375;11,2003;24,1972;59,226391666666665;1,265144597916667;3,21591;10;287;1;-0,8660254037844386;0,5000000000000001;-0,9748595108374125;0,22282040779479959;15,0;21,0;17,0;17,0;0;17,0;17,0;17,0;15,0;14,0;14,0;14,0;15,333333333333334;15,857142857142858;2,1157009420497768;14,0;19,0;2,0;0,33;15,88;0,8128823375;11,1594;0;21,0;24,0;18,0;21,0;24,0;18,0
2020-10-14;21,0;0,39;26,0417;19,27;6,77522;21,0;14,89296875;7,93489;22,5359;70,35699166666667;1,1804653541666668;2,26221;10;288;2;-0,8660254037844386;0,5000000000000001;-0,9708824104813836;0,23955655912092708;17,0;24,0;21,0;21,0;0;21,0;21,0;21,0;17,0;15,0;14,0;18,0;17,666666666666668;16,285714285714285;2,811540841738165;14,0;21,0;4,0;0,31;21,49;1,265144597916667;11,2003;0;24,0;18,0;23,0;24,0;18,0;23,0
2020-10-15;24,0;0,51;44,5943;26,42;18,1695;35,0;19,623316666666668;11,1525;29,4837;60,22105833333333;0,9972465970833334;2,99237;10;289;3;-0,8660254037844386;0,5000000000000001;-0,9666180104000972;0,2562218218071163;21,0;18,0;24,0;24,0;0;24,0;24,0;24,0;21,0;17,0;15,0;14,0;20,666666666666668;17,714285714285715;3,8172540616820925;14,0;24,0;3,0;0,39;19,27;1,1804653541666668;7,93489;0;18,0;23,0;20,0;18,0;23,0;20,0
2020-10-16;18,0;0,16;27,6251;19,91;7,71604;23,0;15,850045833333333;9,45163;23,4083;71,93665;1,3278587125;2,59062;10;290;4;-0,8660254037844386;0,5000000000000001;-0,9620675724981452;0,27281126433401914;24,0;23,0;18,0;18,0;0;18,0;18,0;18,0;24,0;21,0;17,0;19,0;21,0;17,571428571428573;3,7796447300922535;14,0;24,0;-6,0;0,51;26,42;0,9972465970833334;11,1525;0;23,0;20,0;13,0;23,0;20,0;13,0
2020-10-17;23,0;0,32;36,8874;20,42;16,4709;28,0;17,775245833333333;10,5594;26,0898;61,03669166666666;1,2229214125;3,38389;10;291;5;-0,8660254037844386;0,5000000000000001;-0,957232443323312;0,28931997761869527;18,0;20,0;23,0;23,0;0;23,0;23,0;23,0;18,0;24,0;21,0;14,0;21,666666666666668;18,857142857142858;3,8913824205360514;14,0;24,0;5,0;0,16;19,91;1,3278587125;9,45163;1;20,0;13,0;12,0;20,0;13,0;12,0
2020-10-18;20,0;0,16;18,921;13,16;5,7571;27,0;17,484147083333333;9,57533;25,1305;57,15931666666666;1,2740569;3,31123;10;292;6;-0,8660254037844386;0,5000000000000001;-0,9521140536681102;0,3057430764672831;23,0;13,0;20,0;20,0;0;20,0;20,0;20,0;23,0;18,0;24,0;14,0;20,333333333333332;19,714285714285715;3,251373336211709;15,0;24,0;-3,0;0,32;20,42;1,2229214125;10,5594;1;13,0;12,0;13,0;13,0;12,0;13,0
2020-10-19;13,0;0,14;23,5442;15,56;7,98415;24,0;17,320170833333332;9,21161;25,4025;53,12955;1,2420086666666668;2,95134;10;293;0;-0,8660254037844386;0,5000000000000001;-0,9467139181463862;0,3220757010206104;20,0;12,0;13,0;13,0;0;13,0;13,0;13,0;20,0;23,0;18,0;15,0;18,666666666666668;19,428571428571427;3,779644730092257;13,0;24,0;-7,0;0,16;13,16;1,2740569;9,57533;0;12,0;13,0;18,0;12,0;13,0;18,0
2020-10-20;12,0;0,18;32,0131;18,77;13,2424;28,0;19,07122083333333;10,3692;27,5742;47,66654583333334;0,9998291875;2,84519;10;294;1;-0,8660254037844386;0,5000000000000001;-0,9410336347451197;0,3383130181923076;13,0;13,0;12,0;12,0;0;12,0;12,0;12,0;13,0;20,0;23,0;17,0;15,0;18,714285714285715;4,680252333449744;12,0;24,0;-1,0;0,14;15,56;1,2420086666666668;9,21161;0;13,0;18,0;17,0;13,0;18,0;17,0
2020-10-21;13,0;0,19;27,5964;18,32;9,27481;23,0;16,971233333333334;10,6518;23,3731;56,87549166666667;1,2561519458333332;3,23401;10;295;2;-0,8660254037844386;0,5000000000000001;-0,9350748843515574;0,3544502230989869;12,0;18,0;13,0;13,0;0;13,0;13,0;13,0;12,0;13,0;20,0;21,0;12,666666666666666;17,571428571428573;4,995235825502215;12,0;24,0;1,0;0,18;18,77;0,9998291875;10,3692;0;18,0;17,0;12,0;18,0;17,0;12,0
2020-10-22;18,0;0,25;32,5096;20,87;11,6394;28,0;17,642364583333332;9,03439;26,6228;58,79043333333333;1,0483430841666668;2,99156;10;296;3;-0,8660254037844386;0,5000000000000001;-0,9288394302558068;0,3704825404820963;13,0;17,0;18,0;18,0;0;18,0;18,0;18,0;13,0;12,0;13,0;24,0;14,333333333333334;16,714285714285715;4,151878519188039;12,0;23,0;5,0;0,19;18,32;1,2561519458333332;10,6518;0;17,0;12,0;6,0;17,0;12,0;6,0
2020-10-23;17,0;0,28;30,0586;18,22;11,8356;29,0;17,253959583333334;9,42534;26,7465;59,3333375;1,20331575;3,03916;10;297;4;-0,8660254037844386;0,5000000000000001;-0,9223291176290545;0,3864052261209853;18,0;12,0;17,0;17,0;0;17,0;17,0;17,0;18,0;13,0;12,0;18,0;16,0;16,571428571428573;4,11732691832708;12,0;23,0;-1,0;0,25;20,87;1,0483430841666668;9,03439;0;12,0;6,0;15,0;12,0;6,0;15,0
2020-10-24;12,0;0,24;20,983;13,99;6,99241;23,0;15,834866666666668;8,96994;23,4704;61,810475;1,6098375458333332;3,47987;10;298;5;-0,8660254037844386;0,5000000000000001;-0,9155458729775467;0,40221356823680365;17,0;6,0;12,0;12,0;0;12,0;12,0;12,0;17,0;18,0;13,0;23,0;15,666666666666666;15,0;3,265986323710872;12,0;20,0;-5,0;0,28;18,22;1,20331575;9,42534;1;6,0;15,0;8,0;6,0;15,0;8,0
2020-10-25;6,0;0,18;9,87267;7,21;2,66048;19,0;15,677095833333333;11,1112;22,3193;65,53152083333333;1,1732425416666663;2,91137;10;299;6;-0,8660254037844386;0,5000000000000001;-0,9084917035725082;0,41790288888678667;12,0;15,0;6,0;6,0;0;6,0;6,0;6,0;12,0;17,0;18,0;20,0;11,666666666666666;13,0;3,915780041490212;6,0;18,0;-6,0;0,24;13,99;1,6098375458333332;8,96994;1;15,0;8,0;11,0;15,0;8,0;11,0
2020-10-26;15,0;0,27;28,049;16,74;11,3114;25,0;18,0131975;9,98514;26,6417;56,12480416666667;1,1652364833333333;2,90072;10;300;0;-0,8660254037844386;0,5000000000000001;-0,9011686968561569;0,4334685453485363;6,0;8,0;15,0;15,0;0;15,0;15,0;15,0;6,0;12,0;17,0;13,0;11,0;13,285714285714286;3,9880774697542756;6,0;18,0;9,0;0,18;7,21;1,1732425416666663;11,1112;0;8,0;11,0;12,0;8,0;11,0;12,0
2020-10-27;8,0;0,3;30,6492;21,46;9,19067;10,0;12,000548333333333;9,5009;14,619;57,84867083333333;0,9379189958333334;2,44145;10;301;1;-0,8660254037844386;0,5000000000000001;-0,8935790198239952;0,4489059314938798;15,0;11,0;8,0;8,0;0;8,0;8,0;8,0;15,0;6,0;12,0;12,0;9,666666666666666;12,714285714285714;4,461475305855862;6,0;18,0;-7,0;0,27;16,74;1,1652364833333333;9,98514;0;11,0;12,0;16,0;11,0;12,0;16,0
2020-10-28;11,0;0,23;18,8475;13,86;4,99009;23,0;15,6003125;8,27588;23,2704;57,80602916666666;1,030012258333333;2,10239;10;302;2;-0,8660254037844386;0,5000000000000001;-0,8857249183835637;0,4642104791518923;8,0;12,0;11,0;11,0;0;11,0;11,0;11,0;8,0;15,0;6,0;13,0;11,333333333333334;12,428571428571429;4,503966505838385;6,0;18,0;3,0;0,3;21,46;0,9379189958333334;9,5009;0;12,0;16,0;19,0;12,0;16,0;19,0
2020-10-29;12,0;0,33;31,1843;19,8;11,3801;28,0;17,728085416666666;8,77826;26,5112;45,44070416666667;0,9539069333333332;2,83865;10;303;3;-0,8660254037844386;0,5000000000000001;-0,8776087166898392;0,4793776594606945;11,0;16,0;12,0;12,0;0;12,0;12,0;12,0;11,0;8,0;15,0;18,0;10,333333333333334;11,571428571428571;3,7796447300922353;6,0;17,0;1,0;0,23;13,86;1,030012258333333;8,27588;0;16,0;19,0;13,0;16,0;19,0;13,0
2020-10-30;16,0;0,41;39,998;22,86;17,1359;28,0;19,29252083333333;10,1358;28,6515;44,78692083333333;1,0105928958333334;2,83723;10;304;4;-0,8660254037844386;0,5000000000000001;-0,8692328164574792;0,49440298420761813;12,0;19,0;16,0;16,0;0;16,0;16,0;16,0;12,0;11,0;8,0;17,0;13,0;11,428571428571429;3,5523298860110577;6,0;16,0;4,0;0,33;19,8;0,9539069333333332;8,77826;0;19,0;13,0;16,0;19,0;13,0;16,0
2020-10-31;19,0;0,39;23,1137;17,03;6,08616;33,0;19,278566666666663;10,7101;28,1924;54,96204583333333;1,1577148833333333;3,254;10;305;5;-0,8660254037844386;0,5000000000000001;-0,8605996962501181;0,5092820071573356;16,0;13,0;19,0;19,0;0;19,0;19,0;19,0;16,0;12,0;11,0;12,0;15,666666666666666;12,428571428571429;4,577377082170606;6,0;19,0;3,0;0,41;22,86;1,0105928958333334;10,1358;1;13,0;16,0;17,0;13,0;16,0;17,0
2020-11-01;13,0;0,32;13,7758;10,48;3,29333;27,0;16,731575833333334;9,49255;25,4062;65,88129166666667;1,392867291666667;3,16569;11;306;6;-0,5000000000000004;0,8660254037844384;-0,8517119107469189;0,5240103253675756;19,0;16,0;13,0;13,0;0;13,0;13,0;13,0;19,0;16,0;12,0;6,0;16,0;13,428571428571429;3,5989416433697166;8,0;19,0;-6,0;0,39;17,03;1,1577148833333333;10,7101;1;16,0;17,0;15,0;16,0;17,0;15,0
2020-11-02;16,0;0,46;31,3857;19,54;11,8419;25,0;11,51173875;9,84201;15,0;79,9843;0,2946230374999999;0,680758;11;307;0;-0,5000000000000004;0,8660254037844384;-0,8425720899866032;0,5385835804920232;13,0;17,0;16,0;16,0;0;16,0;16,0;16,0;13,0;19,0;16,0;15,0;16,0;13,571428571428571;3,6903993847614087;8,0;19,0;3,0;0,32;10,48;1,392867291666667;9,49255;0;17,0;15,0;12,0;17,0;15,0;12,0
2020-11-03;17,0;0,52;30,6716;18,69;11,9843;31,0;20,437814351019874;11,847396922767873;29,80716199978018;46,55617879920678;1,1578844139786235;2,8655330675517967;11;308;1;-0,5000000000000004;0,8660254037844384;-0,8331829385891785;0,5529974600700271;16,0;15,0;17,0;17,0;0;17,0;17,0;17,0;16,0;13,0;19,0;8,0;15,333333333333334;14,857142857142858;2,9113897843109697;11,0;19,0;1,0;0,46;19,54;0,2946230374999999;9,84201;0;15,0;12,0;15,0;15,0;12,0;15,0
2020-11-04;15,0;0,5;22,8036;15,81;6,99472;21,0;17,28659914024663;10,907359606475284;24,322737112137194;60,09382299719208;1,0810980915536907;2,636222403140315;11;309;2;-0,5000000000000004;0,8660254037844384;-0,8235472349556007;0,5672476988027229;17,0;12,0;15,0;15,0;0;15,0;15,0;15,0;17,0;16,0;13,0;11,0;16,0;15,428571428571429;2,370453040886368;12,0;19,0;-2,0;0,52;18,69;1,1578844139786235;11,847396922767873;0;12,0;15,0;14,0;12,0;15,0;14,0
2020-11-05;12,0;0,52;22,4332;15,69;6,74125;23,0;17,92500578025394;11,175528622880789;25,340950534527643;57,865831958992416;1,1062403559363634;2,694120579118465;11;310;3;-0,5000000000000004;0,8660254037844384;-0,8136678304455991;0,5813300798152042;15,0;15,0;12,0;12,0;0;12,0;12,0;12,0;15,0;17,0;16,0;12,0;14,666666666666666;15,428571428571429;2,370453040886368;12,0;19,0;-3,0;0,5;15,81;1,0810980915536907;10,907359606475284;0;15,0;14,0;13,0;15,0;14,0;13,0
2020-11-06;15,0;0,54;26,7642;18,4;8,36626;29,0;22,31451;16,0196;28,1891;36,406400000000005;1,6589672727272728;3,19157;11;311;4;-0,5000000000000004;0,8660254037844384;-0,8035476485339116;0,5952404359043674;12,0;14,0;15,0;15,0;0;15,0;15,0;15,0;12,0;15,0;17,0;16,0;14,0;15,285714285714286;2,3603873774082884;12,0;19,0;3,0;0,52;15,69;1,1062403559363634;11,175528622880789;0;14,0;13,0;14,0;14,0;13,0;14,0
2020-11-07;14,0;0,66;26,939;18,28;8,6637;33,0;20,893920833333333;11,842;31,213;45,02258749999999;1,1018594833333333;3,09076;11;312;5;-0,5000000000000004;0,8660254037844384;-0,7931896839451843;0,6089746507720486;15,0;13,0;14,0;14,0;0;14,0;14,0;14,0;15,0;12,0;15,0;19,0;13,666666666666666;14,571428571428571;1,7182493859683883;12,0;17,0;-1,0;0,54;18,4;1,6589672727272728;16,0196;1;13,0;14,0;14,0;13,0;14,0;14,0
2020-11-08;13,0;0,55;13,5073;10,38;3,1313;24,0;17,7443625;11,795;24,3619;58,92438333333333;1,527075;3,54049;11;313;6;-0,5000000000000004;0,8660254037844384;-0,7825970017677834;0,6225286602431057;14,0;14,0;13,0;13,0;0;13,0;13,0;13,0;14,0;15,0;12,0;13,0;14,0;14,571428571428571;1,7182493859683883;12,0;17,0;-1,0;0,66;18,28;1,1018594833333333;11,842;1;14,0;14,0;14,0;14,0;14,0;14,0
2020-11-09;14,0;0,65;24,0131;15,06;8,94843;26,0;19,2752;10,0192;28,2848;58,904387500000006;1,1870963416666669;2,80937;11;314;0;-0,5000000000000004;0,8660254037844384;-0,7717727365467836;0,6358984534680745;13,0;14,0;14,0;14,0;0;14,0;14,0;14,0;13,0;14,0;15,0;16,0;13,666666666666666;14,285714285714286;1,6035674514744793;12,0;17,0;1,0;0,55;10,38;1,527075;11,795;0;14,0;14,0;15,0;14,0;14,0;15,0
2020-11-10;14,0;0,67;27,1832;16,3;10,879;23,0;18,9167375;11,6272;26,5921;58,063116666666666;1,5036628333333333;3,17147;11;315;1;-0,5000000000000004;0,8660254037844384;-0,7607200913564104;0,6490800741100398;14,0;14,0;14,0;14,0;0;14,0;14,0;14,0;14,0;13,0;14,0;17,0;13,666666666666666;13,857142857142858;1,0690449676495932;12,0;15,0;0,0;0,65;15,06;1,1870963416666669;10,0192;0;14,0;15,0;12,0;14,0;15,0;12,0
2020-11-11;14,0;0,7;19,7966;13,8;6,0005;25,0;16,979541666666666;10,2601;25,5729;65,97118333333334;1,4148377916666668;3,07751;11;316;2;-0,5000000000000004;0,8660254037844384;-0,7494423368521954;0,6620696215153815;14,0;15,0;14,0;14,0;0;14,0;14,0;14,0;14,0;14,0;13,0;15,0;14,0;13,714285714285714;0,951189731211223;12,0;15,0;0,0;0,67;16,3;1,5036628333333333;11,6272;0;15,0;12,0;10,0;15,0;12,0;10,0
2020-11-12;15,0;0,76;27,2133;16,04;11,1764;27,0;17,359800833333335;9,317;26,5718;65,53948333333334;1,5031340416666668;3,18745;11;317;3;-0,5000000000000004;0,8660254037844384;-0,7379428103031386;0,6748632518680403;14,0;12,0;15,0;15,0;0;15,0;15,0;15,0;14,0;14,0;14,0;12,0;14,333333333333334;14,142857142857142;0,6900655593421959;13,0;15,0;1,0;0,7;13,8;1,4148377916666668;10,2601;0;12,0;10,0;8,0;12,0;10,0;8,0
2020-11-13;12,0;0,77;17,2827;13,2;4,08153;19,0;13,398041666666666;11,0085;17,412;82,35573333333333;1,3428064583333337;2,57799;11;318;4;-0,5000000000000004;0,8660254037844384;-0,7262249146041543;0,6874571793269664;15,0;10,0;12,0;12,0;0;12,0;12,0;12,0;15,0;14,0;14,0;15,0;13,666666666666666;13,714285714285714;0,951189731211223;12,0;15,0;-3,0;0,76;16,04;1,5031340416666668;9,317;0;10,0;8,0;10,0;10,0;8,0;10,0
2020-11-14;10,0;0,75;13,4818;9,69;3,78986;26,0;16,96506666666667;11,7862;24,0594;61,8565375;1,2804951666666666;2,33261;11;319;5;-0,5000000000000004;0,8660254037844384;-0,7142921172691032;0,699847677146407;12,0;8,0;10,0;10,0;0;10,0;10,0;10,0;12,0;15,0;14,0;14,0;12,333333333333334;13,142857142857142;1,676163419694981;10,0;15,0;-2,0;0,77;13,2;1,3428064583333337;11,0085;1;8,0;10,0;13,0;8,0;10,0;13,0
2020-11-15;8,0;0,7;11,6485;8,22;3,42528;28,0;17,537033333333333;9,8268;24,8731;49,37799583333333;1,3459123416666667;3,30929;11;320;6;-0,5000000000000004;0,8660254037844384;-0,7021479494046978;0,7120310787787131;10,0;10,0;8,0;8,0;0;8,0;8,0;8,0;10,0;12,0;15,0;13,0;10,0;12,428571428571429;2,572750982712351;8,0;15,0;-2,0;0,75;9,69;1,2804951666666666;11,7862;1;10,0;13,0;13,0;10,0;13,0;13,0
2020-11-16;10,0;0,39619544348734304;23,5539;13,83;9,72041;24,0;17,259037083333332;8,4344;26,0475;48,97598333333334;1,3071878916666666;3,10319;11;321;0;-0,5000000000000004;0,8660254037844384;-0,6897960046655887;0,7240037789593305;8,0;13,0;10,0;10,0;0;10,0;10,0;10,0;8,0;10,0;12,0;14,0;9,333333333333334;11,857142857142858;2,609506430251428;8,0;15,0;2,0;0,7;8,22;1,3459123416666667;9,8268;0;13,0;13,0;11,0;13,0;13,0;11,0
2020-11-17;13,0;0,4716503171299854;17,4066;12,94;4,46347;18,0;13,591827083333332;9,70866;18,1957;73,70105;1,5016357500000002;2,54311;11;322;1;-0,5000000000000004;0,8660254037844384;-0,6772399381909491;0,7357622347736527;10,0;13,0;13,0;13,0;0;13,0;13,0;13,0;10,0;8,0;10,0;14,0;10,333333333333334;11,714285714285714;2,4976179127510627;8,0;15,0;3,0;0,39619544348734304;13,83;1,3071878916666666;8,4344;0;13,0;11,0;7,0;13,0;11,0;7,0
2020-11-18;13,0;0,5503915962686876;26,086;17,6;8,4843;24,0;17,940143333333335;8,83659;26,5279;61,734470833333326;1,1023813958333333;2,78483;11;323;2;-0,5000000000000004;0,8660254037844384;-0,6644834655228552;0,7473029667054296;13,0;11,0;13,0;13,0;0;13,0;13,0;13,0;13,0;10,0;8,0;14,0;12,0;11,571428571428571;2,370453040886352;8,0;15,0;0,0;0,4716503171299854;12,94;1,5016357500000002;9,70866;0;11,0;7,0;7,0;11,0;7,0;7,0
2020-11-19;11,0;0,5888419804546867;18,645;12,85;5,79449;17,0;14,151424583333332;9,76086;21,4515;78,10202916666667;1,7120129166666669;3,35541;11;324;3;-0,5000000000000004;0,8660254037844384;-0,6515303615068021;0,75862255966641;13,0;7,0;11,0;11,0;0;11,0;11,0;11,0;13,0;13,0;10,0;15,0;12,333333333333334;11,0;1,8257418583504772;8,0;13,0;-2,0;0,5503915962686876;17,6;1,1023813958333333;8,83659;0;7,0;7,0;8,0;7,0;7,0;8,0
2020-11-20;7,0;0,4998693403311778;15,0536;11,11;3,93917;20,0;13,818716666666669;10,3605;20,7232;73,83452916666667;1,4100820833333334;2,20941;11;325;4;-0,5000000000000004;0,8660254037844384;-0,6383844591746642;0,7697176640069211;11,0;7,0;7,0;7,0;0;7,0;7,0;7,0;11,0;13,0;13,0;12,0;10,333333333333334;10,285714285714286;2,2886885410852527;7,0;13,0;-4,0;0,5888419804546867;12,85;1,7120129166666669;9,76086;0;7,0;8,0;8,0;7,0;8,0;8,0
2020-11-21;7,0;0,428462404490597;18,5405;12,96;5,58077;26,0;17,381575;7,52554;27,6058;54,19853333333333;0,9986574458333334;2,57901;11;326;5;-0,5000000000000004;0,8660254037844384;-0,6250496486104377;0,7805849965070866;7,0;8,0;7,0;7,0;0;7,0;7,0;7,0;7,0;11,0;13,0;10,0;8,333333333333334;9,857142857142858;2,6095064302514186;7,0;13,0;0,0;0,4998693403311778;11,11;1,4100820833333334;10,3605;1;8,0;8,0;6,0;8,0;8,0;6,0
2020-11-22;8,0;0,3322034293735643;16,7241;10,45;6,2728;31,0;20,42813333333333;10,8336;29,8879;45,550900000000006;1,1189150625;3,07006;11;327;6;-0,5000000000000004;0,8660254037844384;-0,6115298757991053;0,7912213413483807;7,0;8,0;8,0;8,0;0;8,0;8,0;8,0;7,0;7,0;11,0;8,0;7,333333333333333;9,857142857142858;2,6095064302514186;7,0;13,0;1,0;0,428462404490597;12,96;0,9986574458333334;7,52554;1;8,0;6,0;10,0;8,0;6,0;10,0
2020-11-23;8,0;0,4103610874388741;21,3739;13,14;8,23174;22,0;19,434116666666664;11,2283;27,0196;46,47965;1,3973664695833332;3,04322;11;328;0;-0,5000000000000004;0,8660254037844384;-0,5978291414589552;0,801623551065242;8,0;6,0;8,0;8,0;0;8,0;8,0;8,0;8,0;7,0;7,0;10,0;7,666666666666667;9,571428571428571;2,699206232527254;7,0;13,0;0,0;0,3322034293735643;10,45;1,1189150625;10,8336;0;6,0;10,0;12,0;6,0;10,0;12,0
2020-11-24;6,0;0,44674526242769286;19,6661;11,53;8,13271;18,0;19,282825;11,7442;26,3518;48,947654166666666;1,32249225;3,19435;11;329;1;-0,5000000000000004;0,8660254037844384;-0,5839514998576998;0,8117885474764613;8,0;10,0;6,0;6,0;0;6,0;6,0;6,0;8,0;8,0;7,0;13,0;7,333333333333333;8,571428571428571;2,5071326821119673;6,0;13,0;-2,0;0,4103610874388741;13,14;1,3973664695833332;11,2283;0;10,0;12,0;17,0;10,0;12,0;17,0
2020-11-25;10,0;0,4025102107014852;22,2121;13,94;8,26787;25,0;20,21695833333333;10,6685;28,3068;43,87577083333333;1,1480014583333331;2,37502;11;330;2;-0,5000000000000004;0,8660254037844384;-0,5699010576127624;0,8217133225960589;6,0;12,0;10,0;10,0;0;10,0;10,0;10,0;6,0;8,0;8,0;13,0;8,0;8,142857142857142;1,772810520855738;6,0;11,0;4,0;0,44674526242769286;11,53;1,32249225;11,7442;0;12,0;17,0;14,0;12,0;17,0;14,0
2020-11-26;12,0;0,44089611957189734;28,0578;18,63;9,42499;28,0;22,93747083333333;12,7594;31,9975;37,22377083333333;1,0272120166666665;2,75115;11;331;3;-0,5000000000000004;0,8660254037844384;-0,5556819724760489;0,8313949395234058;10,0;17,0;12,0;12,0;0;12,0;12,0;12,0;10,0;6,0;8,0;11,0;9,333333333333334;8,285714285714286;2,0586634591634674;6,0;12,0;2,0;0,4025102107014852;13,94;1,1480014583333331;10,6685;0;17,0;14,0;9,0;17,0;14,0;9,0
2020-11-27;17,0;0,34217211265641945;23,4355;17,14;6,29912;24,0;20,600283333333334;12,8753;27,8047;37,15009583333333;1,3464761083333334;3,31913;11;332;4;-0,5000000000000004;0,8660254037844384;-0,5412984521036173;0,8408305333122887;12,0;14,0;17,0;17,0;0;17,0;17,0;17,0;12,0;10,0;6,0;7,0;13,0;9,714285714285714;3,7733400639347274;6,0;17,0;5,0;0,44089611957189734;18,63;1,0272120166666665;12,7594;0;14,0;9,0;8,0;14,0;9,0;8,0
2020-11-28;14,0;0,3847663510693211;22,4391;13,87;8,5687;25,0;20,393845833333334;10,995;28,6033;42,53115833333333;1,2730201708333333;3,1294;11;333;5;-0,5000000000000004;0,8660254037844384;-0,5267547528105542;0,8500173118187018;17,0;9,0;14,0;14,0;0;14,0;14,0;14,0;17,0;12,0;10,0;7,0;14,333333333333334;10,714285714285714;3,8606685826112592;6,0;17,0;-3,0;0,34217211265641945;17,14;1,3464761083333334;12,8753;1;9,0;8,0;11,0;9,0;8,0;11,0
2020-11-29;9,0;0,34388592989281164;13,042;9,06;3,98546;27,0;21,937966666666668;11,8525;30,3515;42,747866666666674;1,0727765541666667;2,69648;11;334;6;-0,5000000000000004;0,8660254037844384;-0,5120551783114646;0,8589525565270845;14,0;8,0;9,0;9,0;0;9,0;9,0;9,0;14,0;17,0;12,0;8,0;13,333333333333334;10,857142857142858;3,760699023168016;6,0;17,0;-5,0;0,3847663510693211;13,87;1,2730201708333333;10,995;1;8,0;11,0;12,0;8,0;11,0;12,0
2020-11-30;8,0;0,4174609746071537;20,5223;13,89;6,63246;27,0;23,04037083333333;13,9601;31,3364;41,9975375;1,1738522625;3,04751;11;335;0;-0,5000000000000004;0,8660254037844384;-0,4972040784469378;0,8676336233547726;9,0;11,0;8,0;8,0;0;8,0;8,0;8,0;9,0;14,0;17,0;8,0;10,333333333333334;10,857142857142858;3,760699023168016;6,0;17,0;-1,0;0,34388592989281164;9,06;1,0727765541666667;11,8525;0;11,0;12,0;9,0;11,0;12,0;9,0
2020-12-01;11,0;0,4777065122644797;25,891;15,83;10,0566;22,0;19,8291125;12,3014;28,2402;48,44080833333334;1,4943949958333331;3,89337;12;336;1;-2,4492935982947064e-16;1,0;-0,4822058478963526;0,8760579434344281;8,0;12,0;11,0;11,0;0;11,0;11,0;11,0;8,0;9,0;14,0;6,0;9,333333333333334;11,571428571428571;3,101458950082584;8,0;17,0;3,0;0,4174609746071537;13,89;1,1738522625;13,9601;0;12,0;9,0;14,0;12,0;9,0;14,0
2020-12-02;12,0;0,5071545237521491;25,0999;15,9;9,20306;26,0;19,435304166666665;10,5503;28,2461;55,4618375;1,241510954166667;2,79437;12;337;2;-2,4492935982947064e-16;1,0;-0,46706492487743034;0,8842230238742036;11,0;9,0;12,0;12,0;0;12,0;12,0;12,0;11,0;8,0;9,0;10,0;10,333333333333334;11,857142857142858;3,023715784073777;8,0;17,0;1,0;0,4777065122644797;15,83;1,4943949958333331;12,3014;0;9,0;14,0;15,0;9,0;14,0;15,0
2020-12-03;9,0;0,3894944274331561;21,7399;15,9;5,835;26,0;21,5697;13,5535;29,3612;41,2039375;1,2271949166666667;2,86771;12;338;3;-2,4492935982947064e-16;1,0;-0,451785789832884;0,8921264484954345;12,0;14,0;9,0;9,0;0;9,0;9,0;9,0;12,0;11,0;8,0;12,0;10,666666666666666;11,428571428571429;3,207134902949053;8,0;17,0;-3,0;0,5071545237521491;15,9;1,241510954166667;10,5503;0;14,0;15,0;14,0;14,0;15,0;14,0
2020-12-04;14,0;0,3308646385536813;23,04;15,25;7,79102;28,0;20,864591666666666;12,9442;29,0185;38,27792916666667;1,3859371666666669;3,33458;12;339;4;-2,4492935982947064e-16;1,0;-0,4363729641045924;0,8997658785476209;9,0;15,0;14,0;14,0;0;14,0;14,0;14,0;9,0;12,0;11,0;17,0;11,666666666666666;11,0;2,4494897427831237;8,0;14,0;5,0;0,3894944274331561;15,9;1,2271949166666667;13,5535;0;15,0;14,0;12,0;15,0;14,0;12,0
2020-12-05;15,0;0,3582582879384114;20,6728;13,95;6,72042;29,0;20,1027;11,5851;28,4667;45,656979166666666;1,293394375;2,9392;12;340;5;-2,4492935982947064e-16;1,0;-0,42083100859565564;0,9071390534005044;14,0;14,0;15,0;15,0;0;15,0;15,0;15,0;14,0;9,0;12,0;14,0;12,666666666666666;11,142857142857142;2,672612419124195;8,0;15,0;1,0;0,3308646385536813;15,25;1,3859371666666669;12,9442;1;14,0;12,0;10,0;14,0;12,0;10,0
2020-12-06;14,0;0,3650482799557976;15,8464;10,63;5,21926;32,0;21,463691666666666;12,4344;30,7475;48,680725;1,2178072208333333;3,14547;12;341;6;-2,4492935982947064e-16;1,0;-0,4051645224207563;0,9142437912130223;15,0;12,0;14,0;14,0;0;14,0;14,0;14,0;15,0;14,0;9,0;9,0;14,333333333333334;11,857142857142858;2,6726124191241984;8,0;15,0;-1,0;0,3582582879384114;13,95;1,293394375;11,5851;1;12,0;10,0;9,0;12,0;10,0;9,0
2020-12-07;12,0;0,4672304861611418;25,1438;14,88;10,2679;25,0;19,77100833333333;12,242;27,9547;51,87192916666667;1,5994547499999998;3,57097;12;342;0;-2,4492935982947064e-16;1,0;-0,3893781415452015;0,9210779895789526;14,0;10,0;12,0;12,0;0;12,0;12,0;12,0;14,0;15,0;14,0;8,0;13,666666666666666;12,428571428571429;2,070196678027007;9,0;15,0;-2,0;0,3650482799557976;10,63;1,2178072208333333;12,4344;0;10,0;9,0;9,0;10,0;9,0;9,0
2020-12-08;10,0;0,42460892447497345;16,7874;10,97;5,81532;29,0;20,943616666666667;10,5616;30,7612;51,11870416666667;1,284038820833333;2,94133;12;343;1;-2,4492935982947064e-16;1,0;-0,37347653741307074;0,9276396261490467;12,0;9,0;10,0;10,0;0;10,0;10,0;10,0;12,0;14,0;15,0;11,0;12,0;12,285714285714286;2,2146697055682303;9,0;15,0;-2,0;0,4672304861611418;14,88;1,5994547499999998;12,242;0;9,0;9,0;10,0;9,0;9,0;10,0
2020-12-09;9,0;0,4013790376024168;22,035;13,8;8,23778;29,0;23,370279166666663;14,0442;32,1036;40,11997916666667;1,3293097166666663;3,29989;12;344;2;-2,4492935982947064e-16;1,0;-0,3574644155648614;0,9339267592294762;10,0;9,0;9,0;9,0;0;9,0;9,0;9,0;10,0;12,0;14,0;12,0;10,333333333333334;11,857142857142858;2,544836041121359;9,0;15,0;-1,0;0,42460892447497345;10,97;1,284038820833333;10,5616;0;9,0;10,0;8,992217216712195;9,0;10,0;
2020-12-10;9,0;0,380357890528773;19,3093;11,83;7,47736;14,0;18,207879166666668;12,8768;23,4152;45,37908333333333;1,69691625;3,76991;12;345;3;-2,4492935982947064e-16;1,0;-0,34134651424503615;0,9399375283564133;9,0;10,0;9,0;9,0;0;9,0;9,0;9,0;9,0;10,0;12,0;9,0;9,333333333333334;11,857142857142858;2,544836041121359;9,0;15,0;0,0;0,4013790376024168;13,8;1,3293097166666663;14,0442;0;10,0;8,992217216712195;7,0;10,0;;7,0
2020-12-11;10,0;0,45316849731840314;21,5516;12,76;8,79585;24,0;20,495354545454543;11,4761;28,769;48,88006363636364;1,208567540909091;2,99026;12;346;4;-2,4492935982947064e-16;1,0;-0,3251276029999093;0,9456701548465688;9,0;;10,0;10,0;0;10,0;10,0;10,0;9,0;9,0;10,0;14,0;9,333333333333334;11,285714285714286;2,4299715851757697;9,0;15,0;1,0;0,380357890528773;11,83;1,69691625;12,8768;0;8,992217216712195;7,0;9,0;;7,0;9,0
2020-12-12;8,992217216712195;0,5809853210133755;53,26165325841054;21,44008587956557;31,821440093761705;23,92325483514609;24,79468461538461;17,5932;29,7298;32,972684615384615;1,9005016153846157;3,15496;12;347;5;-2,4492935982947064e-16;1,0;-0,30881248126625377;0,9511229423235357;10,0;7,0;;8,992217216712195;1;;8,992217216712195;8,992217216712195;10,0;9,0;9,0;15,0;9,330739072237398;10,427459602387456;1,9033555525517258;8,992217216712195;14,0;-1,007782783287805;0,45316849731840314;12,76;1,208567540909091;11,4761;1;7,0;9,0;9,55062020456204;7,0;9,0;
2020-12-13;7,0;0,3634335044932293;12,927;6,98;5,95034;27,0;23,17555;13,1616;31,5526;41,73587916666667;1,240591375;2,62514;12;348;6;-2,4492935982947064e-16;1,0;-0,29240597695107734;0,9562942772197719;;9,0;7,0;7,0;0;7,0;7,0;7,0;8,992217216712195;10,0;9,0;14,0;8,664072405570732;9,427459602387456;1,512228410327022;7,0;12,0;-1,992217216712195;0,5809853210133755;21,44008587956557;1,9005016153846157;17,5932;1;9,0;9,55062020456204;11,0;9,0;;11,0
2020-12-14;9,0;0,3238865396160667;28,1253;15,39;12,735;30,0;23,075535;14,4192;29,5098;32,80176;1,315480515;2,69355;12;349;0;-2,4492935982947064e-16;1,0;-0,27591294500296043;0,9611826292540837;7,0;;9,0;9,0;0;9,0;9,0;9,0;7,0;8,992217216712195;10,0;12,0;8,330739072237398;8,998888173816027;1,000004326541602;7,0;10,0;2,0;0,3634335044932293;6,98;1,240591375;13,1616;0;9,55062020456204;11,0;14,0;;11,0;14,0
2020-12-15;9,55062020456204;0,6053040853359826;53,30308731506907;21,481566880185678;31,821437412138827;22,68205510370604;25,2358;18,4376;29,3091;33,91045714285714;1,6469922214285713;2,7655;12;350;1;-2,4492935982947064e-16;1,0;-0,2593382659754056;0,9657865518844574;9,0;11,0;;9,55062020456204;1;;9,55062020456204;9,55062020456204;9,0;7,0;8,992217216712195;10,0;8,51687340152068;8,934691060182034;0,9374954558151813;7,0;10,0;0,5506202045620405;0,3238865396160667;15,39;1,315480515;14,4192;0;11,0;14,0;9,0;11,0;14,0;9,0
2020-12-16;11,0;0,34733007892221623;25,6896;14,87;10,8142;30,0;22,580704166666667;14,0844;30,5225;35,99058333333333;1,34596758125;3,18984;12;351;2;-2,4492935982947064e-16;1,0;-0,2426868445825954;0,9701046827361175;;14,0;11,0;11,0;0;11,0;11,0;11,0;9,55062020456204;9,0;7,0;9,0;9,850206734854014;9,22040534589632;1,2222379450478007;7,0;11,0;1,4493797954379595;0,6053040853359826;21,481566880185678;1,6469922214285713;18,4376;0;14,0;9,0;9,0;14,0;9,0;9,0
2020-12-17;14,0;0,43565239099559594;27,1658;16,64;10,5225;27,0;20,708525;12,8836;30,2465;42,498020833333335;1,4459340541666668;3,48186;12;352;3;-2,4492935982947064e-16;1,0;-0,22596360824801906;0,974135744004672;11,0;9,0;14,0;14,0;0;14,0;14,0;14,0;11,0;9,55062020456204;9,0;9,0;11,516873401520678;9,934691060182034;2,1674759335648295;7,0;14,0;3,0;0,34733007892221623;14,87;1,34596758125;14,0844;0;9,0;9,0;9,0;9,0;9,0;9,0
2020-12-18;9,0;0,45790047293808345;15,8961;9,53;6,36856;19,0;15,3485;11,3197;21,9029;65,52755416666666;1,634927125;2,81472;12;353;4;-2,4492935982947064e-16;1,0;-0,20917350564635637;0,9778785428342386;14,0;9,0;9,0;9,0;0;9,0;9,0;9,0;14,0;11,0;9,55062020456204;10,0;11,333333333333334;9,791833917324892;2,1952310627434826;7,0;14,0;-5,0;0,43565239099559594;16,64;1,4459340541666668;12,8836;0;9,0;9,0;10,0;9,0;9,0;10,0
2020-12-19;9,0;0,45467852381817075;19,4587;9,63;9,82687;19,0;17,889816666666665;10,236;25,9594;52,234;1,2073560916666668;2,91925;12;354;5;-2,4492935982947064e-16;1,0;-0,19232150523909483;0,9813319716704275;9,0;9,0;9,0;9,0;0;9,0;9,0;9,0;9,0;14,0;11,0;8,992217216712195;10,666666666666666;9,792945743508865;2,1947605011568037;7,0;14,0;0,0;0,45790047293808345;9,53;1,634927125;11,3197;1;9,0;10,0;13,0;9,0;10,0;13,0
2020-12-20;9,0;0,36847997693570356;15,27;8,25;7,01555;26,0;20,89505833333333;10,8851;29,9902;43,452025;0,9982943275;2,58497;12;355;6;-2,4492935982947064e-16;1,0;-0,17541259380427843;0,9844950085880858;9,0;10,0;9,0;9,0;0;9,0;9,0;9,0;9,0;9,0;14,0;7,0;9,0;10,07866002922315;1,8778813593677142;9,0;14,0;0,0;0,45467852381817075;9,63;1,2073560916666668;10,236;1;10,0;13,0;16,0;10,0;13,0;16,0
2020-12-21;10,0;0,42120079020427437;25,832;16,04;9,79448;29,0;23,239566666666665;14,1011;31,8785;38,90497916666666;1,2040847458333332;3,03409;12;356;0;-2,4492935982947064e-16;1,0;-0,15845177496083632;0,9873667175937016;9,0;13,0;10,0;10,0;0;10,0;10,0;10,0;9,0;9,0;9,0;9,0;9,333333333333334;10,221517172080294;1,8192696885408435;9,0;14,0;1,0;0,36847997693570356;8,25;0,9982943275;10,8851;0;13,0;16,0;14,0;13,0;16,0;14,0
2020-12-22;13,0;0,5642579903575986;32,3534;18,92;13,4322;19,0;22,94067083333333;14,317;30,1464;41,699129166666665;1,2935869458333331;3,15025;12;357;1;-2,4492935982947064e-16;1,0;-0,14144406768794202;0,9899462489023779;10,0;16,0;13,0;13,0;0;13,0;13,0;13,0;10,0;9,0;9,0;9,55062020456204;10,666666666666666;10,714285714285714;2,058663459163484;9,0;14,0;3,0;0,42120079020427437;16,04;1,2040847458333332;14,1011;0;16,0;14,0;12,0;16,0;14,0;12,0
2020-12-23;16,0;0,568178810228251;33,329;19,03;14,2991;21,0;21,35312083333333;15,1616;26,6946;52,47988333333333;1,4455512166666666;3,14878;12;358;2;-2,4492935982947064e-16;1,0;-0,12439450483979998;0,9922328391893008;13,0;14,0;16,0;16,0;0;16,0;16,0;16,0;13,0;10,0;9,0;11,0;13,0;11,428571428571429;2,8784916685156525;9,0;16,0;3,0;0,5642579903575986;18,92;1,2935869458333331;14,317;0;14,0;12,0;12,0;14,0;12,0;12,0
2020-12-24;14,0;0,4820535547898265;25,6844;14,83;10,8547;29,0;23,00338333333333;14,2275;30,5015;49,60520416666666;1,209902525;3,05149;12;359;3;-2,4492935982947064e-16;1,0;-0,10730813165636247;0,9942258118156161;16,0;12,0;14,0;14,0;0;14,0;14,0;14,0;16,0;13,0;10,0;14,0;14,333333333333334;11,428571428571429;2,8784916685156525;9,0;16,0;-2,0;0,568178810228251;19,03;1,4455512166666666;15,1616;0;12,0;12,0;9,0;12,0;12,0;9,0
2020-12-25;12,0;0,3662207903494704;16,9575;10,74;6,21578;30,0;24,179879166666662;15,3185;32,234;40,659925;1,2356821458333334;3,12416;12;360;4;-2,4492935982947064e-16;1,0;-0,09019000427034513;0,9959245770286599;14,0;12,0;12,0;12,0;0;12,0;12,0;12,0;14,0;16,0;13,0;9,0;14,0;11,857142857142858;2,672612419124197;9,0;16,0;-2,0;0,4820535547898265;14,83;1,209902525;14,2275;0;12,0;9,0;10,0;12,0;9,0;10,0
2020-12-26;12,0;0,46304300149210165;17,2804;9,92;7,36161;20,0;21,46583333333333;15,2928;27,8479;50,75835833333334;1,58225625;3,29432;12;361;5;-2,4492935982947064e-16;1,0;-0,07304518821104743;0,9973286321364752;12,0;9,0;12,0;12,0;0;12,0;12,0;12,0;12,0;14,0;16,0;9,0;12,666666666666666;12,285714285714286;2,3603873774082786;9,0;16,0;0,0;0,3662207903494704;10,74;1,2356821458333334;15,3185;1;9,0;10,0;10,0;9,0;10,0;10,0
2020-12-27;9,0;0,5348403732425133;9,69478;5,59;4,10931;20,0;20,021775;12,4336;27,9044;64,9427625;1,5685240416666666;2,66187;12;362;6;-2,4492935982947064e-16;1,0;-0,05587875690537313;0,9984375616565666;12,0;10,0;9,0;9,0;0;9,0;9,0;9,0;12,0;12,0;14,0;9,0;11,0;12,285714285714286;2,3603873774082786;9,0;16,0;-3,0;0,46304300149210165;9,92;1,58225625;15,2928;1;10,0;10,0;10,0;10,0;10,0;10,0
2020-12-28;10,0;0,5395478371474101;22,8973;11,54;11,3605;24,0;22,043670833333334;14,5283;29,712;55,056925;1,4397699541666666;3,31473;12;363;0;-2,4492935982947064e-16;1,0;-0,03869579017652689;0,9992510374388481;9,0;10,0;10,0;10,0;0;10,0;10,0;10,0;9,0;12,0;12,0;10,0;10,333333333333334;12,285714285714286;2,3603873774082786;9,0;16,0;1,0;0,5348403732425133;5,59;1,5685240416666666;12,4336;0;10,0;10,0;14,0;10,0;10,0;14,0
2020-12-29;10,0;0,54;23,4263;12,08;11,3466;17,0;20,517733333333336;14,2858;26,8682;59,55335416666667;1,75386075;3,2001;12;364;1;-2,4492935982947064e-16;1,0;-0,021501372740813793;0,999768818762748;10,0;10,0;10,0;10,0;0;10,0;10,0;10,0;10,0;9,0;12,0;13,0;9,666666666666666;11,857142857142858;2,4784787961281602;9,0;16,0;0,0;0,5395478371474101;11,54;1,4397699541666666;14,5283;0;10,0;14,0;18,0;10,0;14,0;18,0
2020-12-30;10,0;0,47;25,9772;15,32;10,6591;25,0;23,0366625;14,5353;31,5652;43,81039166666667;1,0558749166666666;2,75628;12;365;2;-2,4492935982947064e-16;1,0;-0,004300592702981974;0,9999907524084426;10,0;14,0;10,0;10,0;0;10,0;10,0;10,0;10,0;10,0;9,0;16,0;10,0;11,0;1,7320508075688;9,0;14,0;0,0;0,54;12,08;1,75386075;14,2858;0;14,0;18,0;11,0;14,0;18,0;11,0
2020-12-31;14,0;0,47;29,6589;17,34;12,3199;34,0;23,80374583333333;14,9844;31,4648;36,09175416666667;1,1653709229166669;3,40296;12;366;3;-2,4492935982947064e-16;1,0;0,012901459949419653;0,9999167727021953;10,0;18,0;14,0;14,0;0;14,0;14,0;14,0;10,0;10,0;10,0;14,0;11,333333333333334;11,0;1,7320508075688;9,0;14,0;4,0;0,47;15,32;1,0558749166666666;14,5353;0;18,0;11,0;12,0;18,0;11,0;12,0
2021-01-01;18,0;0,49;13,9424;10,01;3,93454;28,0;22,717454166666663;16,759;29,0961;42,90554166666666;1,5199381291666667;3,24016;1;1;4;0,49999999999999994;0,8660254037844387;0,017201575418260506;0,9998520419557735;14,0;11,0;18,0;18,0;0;18,0;18,0;18,0;14,0;10,0;10,0;12,0;14,0;11,857142857142858;3,1847852585153826;9,0;18,0;4,0;0,47;17,34;1,1653709229166669;14,9844;0;11,0;12,0;11,0;11,0;12,0;11,0
2021-01-02;11,0;0,32;12,6577;7,54;5,11393;21,0;21,03194583333333;14,6783;27,62;56,306783333333335;1,6161210333333331;3,70096;1;2;5;0,49999999999999994;0,8660254037844387;0,03439806061360801;0,9994082116062598;18,0;12,0;11,0;11,0;0;11,0;11,0;11,0;18,0;14,0;10,0;12,0;14,333333333333334;11,714285714285714;3,1997023671108824;9,0;18,0;-7,0;0,49;10,01;1,5199381291666667;16,759;1;12,0;11,0;13,0;12,0;11,0;13,0
2021-01-03;12,0;0,28;10,7735;6,75;4,02481;25,0;22,764816666666665;15,3029;30,9765;51,452525;1,4237886666666666;3,15879;1;3;6;0,49999999999999994;0,8660254037844387;0,051584366869408364;0,9986686402879997;11,0;11,0;12,0;12,0;0;12,0;12,0;12,0;11,0;18,0;14,0;9,0;13,666666666666666;12,142857142857142;2,968084198523277;10,0;18,0;1,0;0,32;7,54;1,6161210333333331;14,6783;1;11,0;13,0;15,0;11,0;13,0;15,0
2021-01-04;11,0;0,5282949949134665;21,0003;13,02;7,9762;18,0;22,9568;16,0036;30,6917;44,85210416666666;1,4048512708333334;3,42963;1;4;0;0,49999999999999994;0,8660254037844387;0,06875540848113941;0,9976335468520451;12,0;13,0;11,0;11,0;0;11,0;11,0;11,0;12,0;11,0;18,0;10,0;11,333333333333334;12,285714285714286;2,8702082220798886;10,0;18,0;-1,0;0,28;6,75;1,4237886666666666;15,3029;0;13,0;15,0;14,0;13,0;15,0;14,0
2021-01-05;13,0;0,3949685088324175;21,38;12,12;9,2644;24,0;20,330016666666666;12,5344;28,3307;44,1103;1,5568009166666668;3,27064;1;5;1;0,49999999999999994;0,8660254037844387;0,08590610426133272;0,9963032375991965;11,0;15,0;13,0;13,0;0;13,0;13,0;13,0;11,0;12,0;11,0;10,0;12,0;12,714285714285714;2,690370836538153;10,0;18,0;2,0;0,5282949949134665;13,02;1,4048512708333334;16,0036;0;15,0;14,0;12,0;15,0;14,0;12,0
2021-01-06;15,0;0,47800469422403036;22,9101;13,71;9,20305;25,0;21,41207083333333;12,3836;29,5961;49,11664583333334;1,326818625;2,85628;1;6;2;0,49999999999999994;0,8660254037844387;0,10303137904317879;0,9946781061893646;13,0;14,0;15,0;15,0;0;15,0;15,0;15,0;13,0;11,0;12,0;10,0;13,0;13,428571428571429;2,507132682111991;11,0;18,0;2,0;0,3949685088324175;12,12;1,5568009166666668;12,5344;0;14,0;12,0;13,0;14,0;12,0;13,0
2021-01-07;14,0;0,4373087726551106;22,932;13,95;8,97968;29,0;23,0089625;14,72;30,803;45,82641666666667;1,2904751625000002;2,98656;1;7;3;0,49999999999999994;0,8660254037844387;0,1201261651823505;0,9927586335250793;15,0;12,0;14,0;14,0;0;14,0;14,0;14,0;15,0;13,0;11,0;14,0;14,0;13,428571428571429;2,507132682111991;11,0;18,0;-1,0;0,47800469422403036;13,71;1,326818625;12,3836;0;12,0;13,0;5,0;12,0;13,0;5,0
2021-01-08;12,0;0,45;21,8857;12,26;9,62088;23,0;21,122608333333336;14,2025;28,1939;49,41934583333333;1,5440458333333331;3,62646;1;8;4;0,49999999999999994;0,8660254037844387;0,13718540405660057;0,9905453876091833;14,0;13,0;12,0;12,0;0;12,0;12,0;12,0;14,0;15,0;13,0;18,0;13,666666666666666;12,571428571428571;1,5118578920368302;11,0;15,0;-2,0;0,4373087726551106;13,95;1,2904751625000002;14,72;0;13,0;5,0;7,0;13,0;5,0;7,0
2021-01-09;13,0;0,33;13,6496;9,67;3,98083;23,0;18,512566666666668;11,5933;27,0167;58,4446125;1,2943205;2,72942;1;9;5;0,49999999999999994;0,8660254037844387;0,1542040475626894;0,988039023376751;12,0;5,0;13,0;13,0;0;13,0;13,0;13,0;12,0;14,0;15,0;11,0;13,0;12,857142857142858;1,3451854182690117;11,0;15,0;1,0;0,45;12,26;1,5440458333333331;14,2025;1;5,0;7,0;9,0;5,0;7,0;9,0
2021-01-10;5,0;0,24;8,81514;5,59;3,22389;20,0;18,890083333333333;10,6761;27,0808;43,99240416666667;1,4342329541666663;3,26612;1;10;6;0,49999999999999994;0,8660254037844387;0,17117705961019986;0,985240282501282;13,0;7,0;5,0;5,0;0;5,0;5,0;5,0;13,0;12,0;14,0;12,0;10,0;11,857142857142858;3,287784027201842;5,0;15,0;-8,0;0,33;9,67;1,2943205;11,5933;1;7,0;9,0;9,0;7,0;9,0;9,0
2021-01-11;7,0;0,45619105514011316;16,6068;9,95;6,65444;19,0;20,19709583333333;11,2587;28,3873;47,8706125;1,133880166666667;2,79277;1;11;0;0,49999999999999994;0,8660254037844387;0,18809941761179758;0,9821499931752291;5,0;9,0;7,0;7,0;0;7,0;7,0;7,0;5,0;13,0;12,0;11,0;8,333333333333334;11,285714285714286;3,7733400639347336;5,0;15,0;2,0;0,24;5,59;1,4342329541666663;10,6761;0;9,0;9,0;13,0;9,0;9,0;13,0
2021-01-12;9,0;0,41434047144527997;24,8012;13,91;10,8871;26,0;21,92514583333333;12,92;30,445;40,11775416666666;1,1740137;3,32292;1;12;1;0,49999999999999994;0,8660254037844387;0,20496611396949532;0,9787690698649216;7,0;9,0;9,0;9,0;0;9,0;9,0;9,0;7,0;5,0;13,0;13,0;7,0;10,714285714285714;3,7733400639347323;5,0;15,0;2,0;0,45619105514011316;9,95;1,133880166666667;11,2587;0;9,0;13,0;13,0;9,0;13,0;13,0
2021-01-13;9,0;0,3153805393830139;23,108;14,24;8,87088;28,0;21,5845;12,6275;30,1518;33,582254166666665;1,2905841291666666;3,25819;1;13;2;0,49999999999999994;0,8660254037844387;0,22177215755648186;0,975098513039961;9,0;13,0;9,0;9,0;0;9,0;9,0;9,0;9,0;7,0;5,0;15,0;8,333333333333334;9,857142857142858;3,287784027201837;5,0;14,0;0,0;0,41434047144527997;13,91;1,1740137;12,92;0;13,0;13,0;10,0;13,0;13,0;10,0
2021-01-14;13,0;0,28;29,3024;16,67;12,6278;28,0;21,3569875;12,2935;29,8;36,95132083333333;1,2874947416666669;3,25516;1;14;3;0,49999999999999994;0,8660254037844387;0,23851257519407648;0,9711394088771653;9,0;13,0;13,0;13,0;0;13,0;13,0;13,0;9,0;9,0;7,0;14,0;10,333333333333334;9,714285714285714;3,0937725468153423;5,0;13,0;4,0;0,3153805393830139;14,24;1,2905841291666666;12,6275;0;13,0;10,0;11,0;13,0;10,0;11,0
2021-01-15;13,0;0,23;23,792;14,07;9,72504;24,0;21,8837375;12,7761;29,6975;41,23473333333333;1,2395148083333334;2,72742;1;15;4;0,49999999999999994;0,8660254037844387;0,2551824131233728;0,9668929289391521;13,0;10,0;13,0;13,0;0;13,0;13,0;13,0;13,0;9,0;9,0;12,0;11,666666666666666;9,857142857142858;3,236694374850705;5,0;13,0;0,0;0,28;16,67;1,2874947416666669;12,2935;0;10,0;11,0;16,0;10,0;11,0;16,0
2021-01-16;10,0;0,22;14,8927;9,63;5,26324;23,0;21,893070833333336;13,792;29,1794;41,96689583333333;1,1582929583333332;2,95909;1;16;5;0,49999999999999994;0,8660254037844387;0,2717767384711357;0,9623603298276545;13,0;11,0;10,0;10,0;0;10,0;10,0;10,0;13,0;13,0;9,0;13,0;12,0;9,428571428571429;2,93582145558059;5,0;13,0;-3,0;0,23;14,07;1,2395148083333334;12,7761;1;11,0;16,0;19,0;11,0;16,0;19,0
2021-01-17;11,0;0,21;15,0871;10,02;5,06764;29,0;23,44087083333333;14,1283;32,1134;36,81002083333333;0,9816108583333332;3,04364;1;17;6;0,49999999999999994;0,8660254037844387;0,2882906407095177;0,9575429528116719;10,0;16,0;11,0;11,0;0;11,0;11,0;11,0;10,0;13,0;13,0;5,0;11,333333333333334;10,285714285714286;2,2146697055682205;7,0;13,0;1,0;0,22;9,63;1,1582929583333332;13,792;1;16,0;19,0;17,0;16,0;19,0;17,0
2021-01-18;16,0;0,31;28,4413;16,39;12,0549;30,0;23,700266666666668;15,2108;31,311;40,6257;1,1098946916666663;3,10962;1;18;0;0,49999999999999994;0,8660254037844387;0,3047192331091634;0,9524422234305676;11,0;19,0;16,0;16,0;0;16,0;16,0;16,0;11,0;10,0;13,0;7,0;12,333333333333334;11,571428571428571;2,5727509827123476;9,0;16,0;5,0;0,21;10,02;0,9816108583333332;14,1283;0;19,0;17,0;17,0;19,0;17,0;17,0
2021-01-19;19,0;0,27;28,2457;18,96;9,28986;28,0;22,48062916666667;15,1935;28,7091;50,0812625;1,3605658458333334;3,37521;1;19;1;0,49999999999999994;0,8660254037844387;0,321057654185271;0,9470596510722283;16,0;17,0;19,0;19,0;0;19,0;19,0;19,0;16,0;11,0;10,0;9,0;15,333333333333334;13,0;3,511884584284209;9,0;19,0;3,0;0,31;16,39;1,1098946916666663;15,2108;0;17,0;17,0;17,0;17,0;17,0;17,0
2021-01-20;17,0;0,29;22,6485;14,53;8,11856;29,0;21,8099;15,3426;30,0391;58,272875;1,5061762416666669;3,13958;1;20;2;0,49999999999999994;0,8660254037844387;0,3373010691361842;0,9413968285264122;19,0;17,0;17,0;17,0;0;17,0;17,0;17,0;19,0;16,0;11,0;9,0;17,333333333333332;14,142857142857142;3,2877840272018406;10,0;19,0;-2,0;0,27;18,96;1,3605658458333334;15,1935;0;17,0;17,0;13,0;17,0;17,0;13,0
2021-01-21;17,0;0,31;23,9635;14,84;9,11972;25,0;21,413208333333333;15,7586;27,5711;61,74444166666667;1,432271275;3,21338;1;21;3;0,49999999999999994;0,8660254037844387;0,3534446712740877;0,9354554315134164;17,0;17,0;17,0;17,0;0;17,0;17,0;17,0;17,0;19,0;16,0;13,0;17,666666666666668;14,714285714285714;3,401680257083008;10,0;19,0;0,0;0,29;14,53;1,5061762416666669;15,3426;0;17,0;13,0;13,0;17,0;13,0;13,0
2021-01-22;17,0;0,36;29,8975;19,39;10,5086;27,0;22,803866666666668;16,2478;30,0858;60,28201666666666;1,3003837791666666;2,89393;1;22;4;0,49999999999999994;0,8660254037844387;0,3694836834473831;0,9292372181882051;17,0;13,0;17,0;17,0;0;17,0;17,0;17,0;17,0;17,0;19,0;13,0;17,0;15,285714285714286;3,4016802570830085;10,0;19,0;0,0;0,31;14,84;1,432271275;15,7586;0;13,0;13,0;14,0;13,0;13,0;14,0
2021-01-23;13,0;0,31;15,4228;11,04;4,38708;27,0;22,343729166666662;16,1718;28,7761;59,9396125;1,3767765333333333;2,86782;1;23;5;0,49999999999999994;0,8660254037844387;0,38541335945432564;0,9227440286201427;17,0;13,0;13,0;13,0;0;13,0;13,0;13,0;17,0;17,0;17,0;10,0;15,666666666666666;15,714285714285714;2,75162289775113;11,0;19,0;-4,0;0,36;19,39;1,3003837791666666;16,2478;1;13,0;14,0;13,0;13,0;14,0;13,0
2021-01-24;13,0;0,24;10,6832;7,31;3,37666;31,0;23,32098333333333;16,8286;30,1587;56,05886666666667;1,3627565666666666;3,42685;1;24;6;0,49999999999999994;0,8660254037844387;0,4012289854475009;0,9159777842484877;13,0;14,0;13,0;13,0;0;13,0;13,0;13,0;13,0;17,0;17,0;11,0;14,333333333333334;16,0;2,2360679774997347;13,0;19,0;0,0;0,31;11,04;1,3767765333333333;16,1718;1;14,0;13,0;14,0;14,0;13,0;14,0
2021-01-25;14,0;0,33;21,358;12,51;8,84309;26,0;22,80100416666667;16,3188;29,1725;55,79289166666666;1,5340658333333332;3,1708;1;25;0;0,49999999999999994;0,8660254037844387;0,4169258813287287;0,908940487313808;13,0;13,0;14,0;14,0;0;14,0;14,0;14,0;13,0;13,0;17,0;16,0;13,333333333333334;15,714285714285714;2,360387377408277;13,0;19,0;1,0;0,24;7,31;1,3627565666666666;16,8286;0;13,0;14,0;11,0;13,0;14,0;11,0
2021-01-26;13,0;0,51;22,7908;13,8;8,99474;27,0;21,837204166666663;15,5253;29,9461;51,29479166666667;1,4906212916666668;3,73409;1;26;1;0,49999999999999994;0,8660254037844387;0,4324994021339788;0,901634220265486;14,0;14,0;13,0;13,0;0;13,0;13,0;13,0;14,0;13,0;13,0;19,0;13,333333333333334;14,857142857142858;2,0354009783963676;13,0;17,0;-1,0;0,33;12,51;1,5340658333333332;16,3188;0;14,0;11,0;9,0;14,0;11,0;9,0
2021-01-27;14,0;0,49;24,0339;15,06;8,97272;29,0;21,863316666666663;13,6616;29,8446;45,906375;1,1968872416666667;3,02572;1;27;2;0,49999999999999994;0,8660254037844387;0,44794493940789115;0,8940611451454876;13,0;11,0;14,0;14,0;0;14,0;14,0;14,0;13,0;14,0;13,0;17,0;13,666666666666666;14,428571428571429;1,8126539343498616;13,0;17,0;1,0;0,51;13,8;1,4906212916666668;15,5253;0;11,0;9,0;6,0;11,0;9,0;6,0
2021-01-28;11,0;0,52;25,7102;14,66;11,0503;22,0;22,306025;15,2024;28,4351;43,417316666666665;1,2412155208333333;2,72396;1;28;3;0,49999999999999994;0,8660254037844387;0,4632579225674917;0,88622350294858;14,0;9,0;11,0;11,0;0;11,0;11,0;11,0;14,0;13,0;14,0;17,0;12,666666666666666;13,571428571428571;1,8126539343498607;11,0;17,0;-3,0;0,49;15,06;1,1968872416666667;13,6616;0;9,0;6,0;5,0;9,0;6,0;5,0
2021-01-29;9,0;0,63;25,9679;16,77;9,19727;7,0;18,5965625;14,7772;22,2674;65,55869166666666;0,7921482916666666;2,69927;1;29;4;0,49999999999999994;0,8660254037844387;0,4784338202547012;0,8781236129591848;11,0;6,0;9,0;9,0;0;9,0;9,0;9,0;11,0;14,0;13,0;17,0;11,333333333333334;12,428571428571429;1,8126539343498598;9,0;14,0;-2,0;0,52;14,66;1,2412155208333333;15,2024;0;6,0;5,0;7,0;6,0;5,0;7,0
2021-01-30;6,0;0,68;16,6901;11,63;5,05838;10,0;17,8706375;14,4676;24,6402;84,75962083333333;0,8657338333333334;1,81987;1;30;5;0,49999999999999994;0,8660254037844387;0,49346814167723735;0,8697638720650646;9,0;5,0;6,0;6,0;0;6,0;6,0;6,0;9,0;11,0;14,0;13,0;8,666666666666666;11,428571428571429;2,9920529661723383;6,0;14,0;-3,0;0,63;16,77;0,7921482916666666;14,7772;1;5,0;7,0;13,0;5,0;7,0;13,0
2021-01-31;5,0;0,57;11,6612;6,49;5,16949;10,0;18,839225;15,4252;24,9211;76,500175;1,0509197;2,75029;1;31;6;0,49999999999999994;0,8660254037844387;0,5083564379375122;0,8611467540480452;6,0;7,0;5,0;5,0;0;5,0;5,0;5,0;6,0;9,0;11,0;13,0;6,666666666666667;10,285714285714286;3,7289089429431814;5,0;14,0;-1,0;0,68;11,63;0,8657338333333334;14,4676;1;7,0;13,0;14,0;7,0;13,0;14,0
2021-02-01;7,0;0,55;17,4575;9,97;7,48314;13,0;17,471970833333334;12,445;23,7358;75,65244583333333;1,1753738958333333;2,68524;2;32;0;0,8660254037844386;0,5000000000000001;0,5230943033491326;0,8522748088519838;5,0;13,0;7,0;7,0;0;7,0;7,0;7,0;5,0;6,0;9,0;14,0;6,0;9,285714285714286;3,4982989063393317;5,0;14,0;2,0;0,57;6,49;1,0509197;15,4252;0;13,0;14,0;15,0;13,0;14,0;15,0
2021-02-02;13,0;0,55;21,8707;14,45;7,41833;19,0;18,535216666666667;12,9527;25,3201;69,85793333333334;1,1581705416666666;2,96557;2;33;1;0,8660254037844386;0,5000000000000001;0,5376773767406141;0,8431506618282;7,0;14,0;13,0;13,0;0;13,0;13,0;13,0;7,0;5,0;6,0;13,0;8,333333333333334;9,285714285714286;3,4982989063393317;5,0;14,0;6,0;0,55;9,97;1,1753738958333333;12,445;0;14,0;15,0;15,0;14,0;15,0;15,0
2021-02-03;14,0;0,63;41,2015;25,24;15,9635;26,0;22,415654166666663;12,9185;31,8978;54,29057916666667;0,8173225333333334;2,15661;2;34;2;0,8660254037844386;0,5000000000000001;0,5521013427459208;0,8337770129585915;13,0;15,0;14,0;14,0;0;14,0;14,0;14,0;13,0;7,0;5,0;14,0;11,333333333333334;9,285714285714286;3,4982989063393317;5,0;14,0;1,0;0,55;14,45;1,1581705416666666;12,9527;0;15,0;15,0;13,0;15,0;15,0;13,0
2021-02-04;15,0;0,64;34,8454;21,13;13,713;35,0;23,2701375;16,4265;30,4304;54,75790416666666;1,2645633791666666;2,76985;2;35;3;0,8660254037844386;0,5000000000000001;0,5663619330814524;0,8241566360566663;14,0;15,0;15,0;15,0;0;15,0;15,0;15,0;14,0;13,0;7,0;11,0;14,0;9,857142857142858;4,0999419275794065;5,0;15,0;1,0;0,63;25,24;0,8173225333333334;12,9185;0;15,0;13,0;16,0;15,0;13,0;16,0
2021-02-05;15,0;0,6;21,8313;15,19;6,64518;18,0;18,273404166666666;13,2336;24,5536;76,3354125;1,509590125;2,62716;2;36;4;0,8660254037844386;0,5000000000000001;0,580454927809098;0,8142923779467267;15,0;13,0;15,0;15,0;0;15,0;15,0;15,0;15,0;14,0;13,0;9,0;14,666666666666666;10,714285714285714;4,498677054212157;5,0;15,0;0,0;0,64;21,13;1,2645633791666666;16,4265;0;13,0;16,0;9,0;13,0;16,0;9,0
2021-02-06;13,0;0,67;14,7897;10,65;4,14403;16,0;16,5452625;13,3167;21,0841;83,28194166666667;1,4157452083333333;2,69552;2;37;5;0,8660254037844386;0,5000000000000001;0,5943761565849831;0,804187157621448;15,0;16,0;13,0;13,0;0;13,0;13,0;13,0;15,0;15,0;14,0;6,0;14,333333333333334;11,714285714285714;4,02965199962664;5,0;15,0;-2,0;0,6;15,19;1,509590125;13,2336;1;16,0;9,0;11,0;16,0;9,0;11,0
2021-02-07;16,0;0,57;13,3719;10,31;3,06648;24,0;18,541816666666666;15,1521;25,3261;73,17075;1,243202375;2,47537;2;38;6;0,8660254037844386;0,5000000000000001;0,6081214998935418;0,7938439653781019;13,0;9,0;16,0;16,0;0;16,0;16,0;16,0;13,0;15,0;15,0;5,0;14,666666666666666;13,285714285714286;2,9840847683605864;7,0;16,0;3,0;0,67;10,65;1,4157452083333333;13,3167;1;9,0;11,0;15,0;9,0;11,0;15,0
2021-02-08;9,0;0,55;19,1623;13,44;5,71926;25,0;18,5524375;12,4183;26,4149;66,2756875;1,3122569708333334;2,62217;2;39;0;0,8660254037844386;0,5000000000000001;0,6216868902665479;0,7832658619336791;16,0;11,0;9,0;9,0;0;9,0;9,0;9,0;16,0;13,0;15,0;7,0;12,666666666666666;13,571428571428571;2,299068134204386;9,0;16,0;-7,0;0,57;10,31;1,243202375;15,1521;0;11,0;15,0;12,0;11,0;15,0;12,0
2021-02-09;11,0;0,58;28,2654;18,11;10,1521;29,0;21,449683333333336;12,9261;30,3637;60,63003749999999;1,0654219625;3,01395;2;40;1;0,8660254037844386;0,5000000000000001;0,6350683134867438;0,7724559775191742;9,0;15,0;11,0;11,0;0;11,0;11,0;11,0;9,0;16,0;13,0;13,0;12,0;13,285714285714286;2,4976179127510654;9,0;16,0;2,0;0,55;13,44;1,3122569708333334;12,4183;0;15,0;12,0;16,0;15,0;12,0;16,0
2021-02-10;15,0;0,67;29,0838;17,8;11,2842;29,0;21,955241666666662;15,4086;28,7206;65,49028750000001;1,2721696875;2,91958;2;41;2;0,8660254037844386;0,5000000000000001;0,6482618097757122;0,7614175109532997;11,0;12,0;15,0;15,0;0;15,0;15,0;15,0;11,0;9,0;16,0;14,0;11,666666666666666;13,428571428571429;2,572750982712351;9,0;16,0;4,0;0,58;18,11;1,0654219625;12,9261;0;12,0;16,0;13,0;12,0;16,0;13,0
2021-02-11;12,0;0,64;18,2468;12,67;5,57805;12,0;17,531854166666665;14,2531;21,3612;84,057125;1,4559712083333334;2,8616;2;42;3;0,8660254037844386;0,5000000000000001;0,6612634749656386;0,7501537286959042;15,0;16,0;12,0;12,0;0;12,0;12,0;12,0;15,0;11,0;9,0;15,0;12,666666666666666;13,0;2,516611478423533;9,0;16,0;-3,0;0,67;17,8;1,2721696875;15,4086;0;16,0;13,0;11,0;16,0;13,0;11,0
2021-02-12;16,0;0,67;23,4135;16,12;7,29565;20,0;20,6383125;17,5641;26,4844;73,42821666666667;1,37233075;2,89601;2;43;4;0,8660254037844386;0,5000000000000001;0,6740694616546161;0,7386679638813748;12,0;13,0;16,0;16,0;0;16,0;16,0;16,0;12,0;15,0;11,0;15,0;14,333333333333334;13,142857142857142;2,6726124191241967;9,0;16,0;4,0;0,64;12,67;1,4559712083333334;14,2531;0;13,0;11,0;12,0;13,0;11,0;12,0
2021-02-13;13,0;0,63;14,1161;10,65;3,47042;19,0;18,693741666666668;14,9351;24,55;79,75970416666667;1,2784544583333333;3,06455;2;44;5;0,8660254037844386;0,5000000000000001;0,6866759803451553;0,726963615332308;16,0;11,0;13,0;13,0;0;13,0;13,0;13,0;16,0;12,0;15,0;13,0;13,666666666666666;13,142857142857142;2,6726124191241967;9,0;16,0;-3,0;0,67;16,12;1,37233075;17,5641;1;11,0;12,0;12,0;11,0;12,0;12,0
2021-02-14;11,0;0,55;13,5964;9,34;4,25168;19,0;18,272616666666668;12,7596;25,4872;76,41349583333333;1,2845345;2,75135;2;45;6;0,8660254037844386;0,5000000000000001;0,6990793005655562;0,7150441465537444;13,0;12,0;11,0;11,0;0;11,0;11,0;11,0;13,0;16,0;12,0;16,0;13,333333333333334;12,428571428571429;2,4397501823712804;9,0;16,0;-2,0;0,63;10,65;1,2784544583333333;14,9351;1;12,0;12,0;10,0;12,0;12,0;10,0
2021-02-15;12,0;0,62;17,6728;11,42;6,24936;18,0;17,1452125;12,8916;23,5294;77,55946666666667;1,4386826666666668;2,98357;2;46;0;0,8660254037844386;0,5000000000000001;0,7112757519738152;0,7029130847082615;11,0;12,0;12,0;12,0;0;12,0;12,0;12,0;11,0;13,0;16,0;9,0;12,0;12,857142857142858;1,9518001458970013;11,0;16,0;1,0;0,55;9,34;1,2845345;12,7596;0;12,0;10,0;6,0;12,0;10,0;6,0
2021-02-16;12,0;0,61;18,8198;13,34;5,48083;13,0;15,607533333333334;12,85;19,5272;81,52655;1,200173625;2,61566;2;47;1;0,8660254037844386;0,5000000000000001;0,7232617254437388;0,6905740195722293;12,0;10,0;12,0;12,0;0;12,0;12,0;12,0;12,0;11,0;13,0;11,0;11,666666666666666;13,0;1,825741858350484;11,0;16,0;0,0;0,62;11,42;1,4386826666666668;12,8916;0;10,0;6,0;8,0;10,0;6,0;8,0
2021-02-17;10,0;0,56;21,064;12,74;8,32576;18,0;17,951433333333334;12,3115;25,7348;68,35437083333333;1,2840267791666666;2,69095;2;48;2;0,8660254037844386;0,5000000000000001;0,7350336741329413;0,6780306024735382;12,0;6,0;10,0;10,0;0;10,0;10,0;10,0;12,0;12,0;11,0;15,0;11,333333333333334;12,285714285714286;1,889822365046068;10,0;16,0;-2,0;0,61;13,34;1,200173625;12,85;0;6,0;8,0;10,0;6,0;8,0;10,0
2021-02-18;6,0;0,54;20,6613;11,67;8,99127;20,0;18,134095833333333;10,8766;26,05;61,19865;1,181496833333333;2,6585;2;49;3;0,8660254037844386;0,5000000000000001;0,746588114532413;0,6652865452111116;10,0;8,0;6,0;6,0;0;6,0;6,0;6,0;10,0;12,0;12,0;12,0;9,333333333333334;11,428571428571429;3,047247001100177;6,0;16,0;-4,0;0,56;12,74;1,2840267791666666;12,3115;0;8,0;10,0;9,0;8,0;10,0;9,0
2021-02-19;8,0;0,53;27,3678;15,87;11,4938;23,0;20,508525;11,8926;29,0641;56,13372916666666;0,9643552833333334;2,76614;2;50;4;0,8660254037844386;0,5000000000000001;0,7579216274973472;0,6523456189565257;6,0;10,0;8,0;8,0;0;8,0;8,0;8,0;6,0;10,0;12,0;16,0;8,0;10,285714285714286;2,4976179127510605;6,0;13,0;2,0;0,54;11,67;1,181496833333333;10,8766;0;10,0;9,0;9,0;10,0;9,0;9,0
2021-02-20;10,0;0,57;24,2171;14,59;9,62668;28,0;21,43989583333333;13,6585;29,4294;54,444725000000005;1,124194625;3,10773;2;51;5;0,8660254037844386;0,5000000000000001;0,7690308592589181;0,6392116531380588;8,0;9,0;10,0;10,0;0;10,0;10,0;10,0;8,0;6,0;10,0;13,0;8,0;9,857142857142858;2,1930626551750714;6,0;12,0;2,0;0,53;15,87;0,9643552833333334;11,8926;1;9,0;9,0;11,0;9,0;9,0;11,0
2021-02-21;9,0;0,54;11,6276;8,55;3,08154;30,0;20,634141666666668;12,8364;28,8362;52,63329166666667;1,0450016666666666;2,80346;2;52;6;0,8660254037844386;0,5000000000000001;0,7799125224167177;0,6258885343075018;10,0;9,0;9,0;9,0;0;9,0;9,0;9,0;10,0;8,0;6,0;11,0;9,0;9,571428571428571;2,149196970742175;6,0;12,0;-1,0;0,57;14,59;1,124194625;13,6585;1;9,0;11,0;14,0;9,0;11,0;14,0
2021-02-22;9,0;0,51;26,1918;14,78;11,4102;22,0;20,795033333333333;11,6941;29,8015;49,881908333333335;0,97798285;2,61166;2;53;0;0,8660254037844386;0,5000000000000001;0,7905633969115482;0,612380204990065;9,0;11,0;9,0;9,0;0;9,0;9,0;9,0;9,0;10,0;8,0;12,0;9,333333333333334;9,142857142857142;1,8644544714715332;6,0;12,0;0,0;0,54;8,55;1,0450016666666666;12,8364;0;11,0;14,0;16,0;11,0;14,0;16,0
2021-02-23;11,0;0,59;32,113;19,04;13,0694;31,0;22,4570875;13,5599;31,5652;47,25932916666667;0,852955075;2,581;2;54;1;0,8660254037844386;0,5000000000000001;0,8009803309782905;0,5986906625177214;9,0;14,0;11,0;11,0;0;11,0;11,0;11,0;9,0;9,0;10,0;12,0;9,666666666666666;9,0;1,6329931618553655;6,0;11,0;2,0;0,51;14,78;0,97798285;11,6941;0;14,0;16,0;17,0;14,0;16,0;17,0
2021-02-24;14,0;0,66;38,2767;19,9;18,3745;25,0;21,50775;14,2342;28,4395;50,79925;1,1084409208333332;2,92952;2;55;2;0,8660254037844386;0,5000000000000001;0,8111602420785621;0,5848239578463322;11,0;16,0;14,0;14,0;0;14,0;14,0;14,0;11,0;9,0;9,0;10,0;11,333333333333334;9,571428571428571;2,5071326821119793;6,0;14,0;3,0;0,59;19,04;0,852955075;13,5599;0;16,0;17,0;18,0;16,0;17,0;18,0
2021-02-25;16,0;0,68;34,3546;20,29;14,0677;24,0;20,571125;13,6669;27,6373;62,9594375;1,1795821791666663;2,76728;2;56;3;0,8660254037844386;0,5000000000000001;0,8211001178128892;0,5707841943569036;14,0;17,0;16,0;16,0;0;16,0;16,0;16,0;14,0;11,0;9,0;6,0;13,666666666666666;11,0;2,9439202887759035;8,0;16,0;2,0;0,66;19,9;1,1084409208333332;14,2342;0;17,0;18,0;13,0;17,0;18,0;13,0
2021-02-26;17,0;0,67;34,8787;21,39;13,4881;27,0;21,266075;13,7448;28,9033;63,88365;1,06645515;2,85131;2;57;4;0,8660254037844386;0,5000000000000001;0,8307970168121247;0,5565755266413303;16,0;18,0;17,0;17,0;0;17,0;17,0;17,0;16,0;14,0;11,0;8,0;15,666666666666666;12,285714285714286;3,3523268393900647;9,0;17,0;1,0;0,68;20,29;1,1795821791666663;13,6669;0;18,0;13,0;13,0;18,0;13,0;13,0
2021-02-27;18,0;0,64;27,1265;18,06;9,07111;33,0;22,542104166666665;14,3857;30,8015;60,241712500000006;0,9013882916666668;2,68199;2;58;5;0,8660254037844386;0,5000000000000001;0,8402480696078469;0,5422021592729844;17,0;13,0;18,0;18,0;0;18,0;18,0;18,0;17,0;16,0;14,0;10,0;17,0;13,428571428571429;3,779644730092239;9,0;18,0;1,0;0,67;21,39;1,06645515;13,7448;1;13,0;13,0;16,0;13,0;13,0;16,0
2021-02-28;13,0;0,75;23,1751;15,42;7,75747;29,0;23,779187500000003;15,3516;32,9138;49,28735416666667;0,89523444;2,89457;2;59;6;0,8660254037844386;0,5000000000000001;0,8494504794814806;0,527668345562516;18,0;13,0;13,0;13,0;0;13,0;13,0;13,0;18,0;17,0;16,0;9,0;16,0;14,0;3,265986323710866;9,0;18,0;-5,0;0,64;18,06;0,9013882916666668;14,3857;1;13,0;16,0;16,0;13,0;16,0;16,0
2021-03-01;13,0;0,69;34,4587;19,19;15,2711;18,0;20,80707083333333;15,1426;26,5;56,280145833333336;1,0375965629166666;2,63236;3;60;0;1,0;6,123233995736766e-17;0,8584015232918917;0,512978386299228;13,0;16,0;13,0;13,0;0;13,0;13,0;13,0;13,0;18,0;17,0;9,0;14,666666666666666;14,571428571428571;2,5071326821119855;11,0;18,0;0,0;0,75;15,42;0,89523444;15,3516;0;16,0;16,0;14,0;16,0;16,0;14,0
2021-03-02;16,0;0,65;34,1364;18,82;15,3177;25,0;20,53461666666667;14,0502;28,3127;65,30750833333333;1,1112074916666663;2,74001;3;61;1;1,0;6,123233995736766e-17;0,8670985522812081;0,4981366284784055;13,0;16,0;16,0;16,0;0;16,0;16,0;16,0;13,0;13,0;18,0;11,0;14,0;15,285714285714286;1,976047040118645;13,0;18,0;3,0;0,69;19,19;1,0375965629166666;15,1426;0;16,0;14,0;14,0;16,0;14,0;14,0
2021-03-03;16,0;0,65;34,3369;20,8;13,5352;27,0;22,45119166666667;15,0531;30,2946;60,89804166666666;0,958205125;2,98187;3;62;2;1,0;6,123233995736766e-17;0,8755389928586302;0,4831474640149687;16,0;14,0;16,0;16,0;0;16,0;16,0;16,0;16,0;13,0;13,0;14,0;15,0;15,571428571428571;1,9023794624226191;13,0;18,0;0,0;0,65;18,82;1,1112074916666663;14,0502;0;14,0;14,0;11,0;14,0;14,0;11,0
2021-03-04;14,0;0,66;34,8658;22,25;12,6139;35,0;24,19897083333333;16,613;32,6946;56,77908333333334;0,9050949791666666;2,73716;3;63;3;1,0;6,123233995736766e-17;0,8837203473619977;0,4680153284438345;16,0;14,0;14,0;14,0;0;14,0;14,0;14,0;16,0;16,0;13,0;16,0;15,333333333333334;15,285714285714286;1,976047040118645;13,0;18,0;-2,0;0,65;20,8;0,958205125;15,0531;0;14,0;11,0;11,0;14,0;11,0;11,0
2021-03-05;14,0;0,7;26,7897;17,09;9,70303;19,0;20,1223;15,0015;26,1667;66,53972916666667;1,516123470833333;2,92359;3;64;4;1,0;6,123233995736766e-17;0,8916401947968874;0,45274469960737107;14,0;11,0;14,0;14,0;0;14,0;14,0;14,0;14,0;16,0;16,0;17,0;14,666666666666666;14,857142857142858;1,864454471471542;13,0;18,0;0,0;0,66;22,25;0,9050949791666666;16,613;0;11,0;11,0;11,0;11,0;11,0;11,0
2021-03-06;11,0;0,6;19,4529;13,42;6,03639;26,0;20,700441666666663;14,2109;27,9554;65,87034583333333;1,1878833333333334;2,92251;3;65;5;1,0;6,123233995736766e-17;0,8992961915530253;0,4373400963303323;14,0;11,0;11,0;11,0;0;11,0;11,0;11,0;14,0;14,0;16,0;18,0;13,0;13,857142857142858;1,7728105208557658;11,0;16,0;-3,0;0,7;17,09;1,516123470833333;15,0015;1;11,0;11,0;12,0;11,0;11,0;12,0
2021-03-07;11,0;0,59;19,351;13,15;6,19611;32,0;23,12075;15,2419;30,4623;58,58775416666666;0,8870297374999999;2,43106;3;66;6;1,0;6,123233995736766e-17;0,9066860720977985;0,4218060770826634;11,0;11,0;11,0;11,0;0;11,0;11,0;11,0;11,0;14,0;14,0;13,0;12,0;13,571428571428571;2,070196678027002;11,0;16,0;0,0;0,6;13,42;1,1878833333333334;14,2109;1;11,0;12,0;16,0;11,0;12,0;16,0
2021-03-08;11,0;0,75;32,1796;19,25;12,9324;30,0;24,46280833333333;16,8895;32,7877;46,34084166666667;0,9085480883333332;2,64619;3;67;0;1,0;6,123233995736766e-17;0,9138076496466615;0,4061472386305789;11,0;12,0;11,0;11,0;0;11,0;11,0;11,0;11,0;11,0;14,0;13,0;11,0;13,285714285714286;2,288688541085262;11,0;16,0;0,0;0,59;13,15;0,8870297374999999;15,2419;0;12,0;16,0;13,0;12,0;16,0;13,0
2021-03-09;12,0;0,64;37,3342;21,8;15,533;25,0;21,4395;14,5274;28,7348;48,49492916666667;1,2199417375;2,89859;3;68;1;1,0;6,123233995736766e-17;0,9206588168102428;0,3903682146763026;11,0;16,0;12,0;12,0;0;12,0;12,0;12,0;11,0;11,0;11,0;16,0;11,333333333333334;12,714285714285714;1,9760470401186423;11,0;16,0;1,0;0,75;19,25;0,9085480883333332;16,8895;0;16,0;13,0;12,0;16,0;13,0;12,0
2021-03-10;16,0;0,67;38,2226;20,06;18,1669;21,0;19,52389583333333;13,0599;25,7917;61,63574166666667;1,2038428166666666;3,02615;3;69;2;1,0;6,123233995736766e-17;0,9272375462179537;0,374473674486883;12,0;13,0;16,0;16,0;0;16,0;16,0;16,0;12,0;11,0;11,0;16,0;13,0;12,714285714285714;1,9760470401186423;11,0;16,0;4,0;0,64;21,8;1,2199417375;14,5274;0;13,0;12,0;12,0;13,0;12,0;12,0
2021-03-11;13,0;0,59;32,8123;20,7;12,1162;21,0;20,107175;13,6844;27,0891;62,026075;0,9204670666666668;2,11805;3;70;3;1,0;6,123233995736766e-17;0,9335418911179212;0,35846832151248087;16,0;12,0;13,0;13,0;0;13,0;13,0;13,0;16,0;12,0;11,0;14,0;13,666666666666666;12,571428571428571;1,9023794624226158;11,0;16,0;-3,0;0,67;20,06;1,2038428166666666;13,0599;0;12,0;12,0;12,0;12,0;12,0;12,0
2021-03-12;12,0;0,61;31,0287;17,32;13,7116;26,0;21,482295833333332;15,6919;28,9794;55,063408333333335;0,9995755620833332;2,6224;3;71;4;1,0;6,123233995736766e-17;0,9395699859530622;0,342356891994542;13,0;12,0;12,0;12,0;0;12,0;12,0;12,0;13,0;16,0;12,0;14,0;13,666666666666666;12,285714285714286;1,799470821684802;11,0;16,0;-1,0;0,59;20,7;0,9204670666666668;13,6844;0;12,0;12,0;4,0;12,0;12,0;4,0
2021-03-13;12,0;0,59;21,5941;13,38;8,21695;28,0;19,412829166666665;13,0364;26,7699;59,1615;1,1250755716666667;2,89393;3;72;5;1,0;6,123233995736766e-17;0,945320046913132;0,3261441535642696;12,0;12,0;12,0;12,0;0;12,0;12,0;12,0;12,0;13,0;16,0;11,0;12,333333333333334;12,428571428571429;1,7182493859683734;11,0;16,0;0,0;0,61;17,32;0,9995755620833332;15,6919;1;12,0;4,0;0,0;12,0;4,0;0,0
2021-03-14;12,0;0,58;14,3799;9,46;4,92181;24,0;17,94494166666667;12,0607;26,0432;69,55250416666667;1,2690068916666666;2,81294;3;73;6;1,0;6,123233995736766e-17;0,9507903724625832;0,3098349038318025;12,0;4,0;12,0;12,0;0;12,0;12,0;12,0;12,0;12,0;13,0;11,0;12,0;12,571428571428571;1,6183471874252944;11,0;16,0;0,0;0,59;13,38;1,1250755716666667;13,0364;1;4,0;0,0;6,165436969459488;4,0;0,0;
2021-03-15;4,0;0,59;15,8695;11,9;3,96694;16,0;14,982866666666666;12,2929;20,2083;79,39575416666666;1,3563710416666668;2,45348;3;74;0;1,0;6,123233995736766e-17;0,9559793438440766;0,2934339689665273;12,0;0,0;4,0;4,0;0;4,0;4,0;4,0;12,0;12,0;12,0;11,0;9,333333333333334;11,571428571428571;3,6449573777636983;4,0;16,0;-8,0;0,58;9,46;1,2690068916666666;12,0607;0;0,0;6,165436969459488;8,349627792456012;0,0;;
2021-03-16;0,0;0,6;23,7283;16,89;6,84194;17,0;17,5246;13,2596;22,5464;65,4147875;0,7433813333333333;1,85721;3;75;1;1,0;6,123233995736766e-17;0,9608854255574977;0,27694620226893646;4,0;;0,0;0,0;0;0,0;0,0;0,0;4,0;12,0;12,0;12,0;5,333333333333333;9,857142857142858;5,6694670951383825;0,0;16,0;-4,0;0,59;11,9;1,3563710416666668;12,2929;0;6,165436969459488;8,349627792456012;8,200199938899246;;;
2021-03-17;6,165436969459488;0,57;26,8163;17,24;9,57343;16,0;17,524166666666666;13,4911;24,3123;64,47395;0,9118307458333332;2,13313;3;76;2;1,0;6,123233995736766e-17;0,9655071658143364;0,2603764827344581;0,0;;;6,165436969459488;1;;6,165436969459488;6,165436969459488;0,0;4,0;12,0;16,0;3,3884789898198293;8,452205281351356;5,081571184152424;0,0;13,0;6,165436969459488;0,6;16,89;0,7433813333333333;13,2596;0;8,349627792456012;8,200199938899246;7,0;;;7,0
2021-03-18;8,349627792456012;0,64;20,2642;14,85;5,41833;16,0;14,210816666666666;11,6252;18,7855;79,67464583333333;0,963701;1,53254;3;77;3;1,0;6,123233995736766e-17;0,969843196967294;0,24372971360968387;;;;8,349627792456012;1;;8,349627792456012;8,349627792456012;6,165436969459488;0,0;4,0;13,0;4,8383549206385;7,787866394559357;4,675697032535736;0,0;12,0;2,1841908229965235;0,57;17,24;0,9118307458333332;13,4911;0;8,200199938899246;7,0;8,0;;7,0;8,0
2021-03-19;8,200199938899246;0,58;18,7874;12,2;6,58731;16,0;14,896208333333334;11,6782;19,8854;66,67147916666667;1,3133734583333332;3,05525;3;78;4;1,0;6,123233995736766e-17;0,9738922359149924;0,22701082094141847;;7,0;;8,200199938899246;1;;8,200199938899246;8,200199938899246;8,349627792456012;6,165436969459488;0,0;12,0;7,571754900271582;7,245037814402106;4,311576776734115;0,0;12,0;-0,1494278535567659;0,64;14,85;0,963701;11,6252;0;7,0;8,0;8,0;7,0;8,0;8,0
2021-03-20;7,0;0,51;18,9239;11,84;7,08037;22,0;16,73978125;8,33496;25,7318;54,97442083333333;0,8178679141666666;2,05516;3;79;5;1,0;6,123233995736766e-17;0,9776530844816641;0,2102247521189836;;8,0;7,0;7,0;0;7,0;7,0;7,0;8,200199938899246;8,349627792456012;6,165436969459488;12,0;7,849942577118419;6,530752100116392;3,7730870513552968;0,0;12,0;-1,200199938899246;0,58;12,2;1,3133734583333332;11,6782;1;8,0;8,0;16,0;8,0;8,0;16,0
2021-03-21;8,0;0,61;16,1056;9,35;6,75629;19,0;16,995808333333333;11,6929;23,9558;58,71047083333334;1,14455865;2,64286;3;80;6;1,0;6,123233995736766e-17;0,981124629771712;0,19337647441020586;7,0;8,0;8,0;8,0;0;8,0;8,0;8,0;7,0;8,200199938899246;8,349627792456012;12,0;7,733399979633082;5,95932352868782;3,0380206795940574;0,0;8,349627792456012;1,0;0,51;11,84;0,8178679141666666;8,33496;1;8,0;16,0;18,0;8,0;16,0;18,0
2021-03-22;8,0;0,51;30,3095;18,61;11,7019;21,0;18,961904166666667;11,2419;28,1627;53,461354166666666;0,6300954791666666;1,82814;3;81;0;1,0;6,123233995736766e-17;0,984305844499033;0,17647097349152166;8,0;16,0;8,0;8,0;0;8,0;8,0;8,0;8,0;7,0;8,200199938899246;4,0;7,666666666666667;6,530752100116392;2,983764830507202;0,0;8,349627792456012;0,0;0,61;9,35;1,14455865;11,6929;0;16,0;18,0;14,0;16,0;18,0;14,0
2021-03-23;16,0;0,67;39,1779;21,71;17,4636;28,0;19,216291666666667;11,7114;26,9286;57,46319583333334;0,9136850583333334;3,0015;3;82;1;1,0;6,123233995736766e-17;0,9871957872910085;0,15951325197263655;8,0;18,0;16,0;16,0;0;16,0;16,0;16,0;8,0;8,0;7,0;0,0;10,666666666666666;8,816466385830678;3,2624535656332116;6,165436969459488;16,0;8,0;0,51;18,61;0,6300954791666666;11,2419;0;18,0;14,0;17,0;18,0;14,0;17,0
2021-03-24;18,0;0,64;30,6425;17,68;12,965;29,0;17,686287500000002;11,5607;24,6601;64,71843333333334;1,1090308458333331;2,71313;3;83;2;1,0;6,123233995736766e-17;0,9897936029670716;0,14250832791617088;16,0;14,0;18,0;18,0;0;18,0;18,0;18,0;16,0;8,0;8,0;6,165436969459488;14,0;10,507118247336464;4,493751704049726;7,0;18,0;2,0;0,67;21,71;0,9136850583333334;11,7114;0;14,0;17,0;17,0;14,0;17,0;17,0
2021-03-25;14,0;0,6;20,3545;14,1;6,25282;16,371474021117116;14,57151625;9,96829;21,3402;72,00874583333334;1,1335359083333334;2,26621;3;84;3;1,0;6,123233995736766e-17;0,992098522791769;0,12546123335273648;18,0;17,0;14,0;14,0;0;14,0;14,0;14,0;18,0;16,0;8,0;8,349627792456012;16,0;11,314314276985607;4,548760382952687;7,0;18,0;-4,0;0,64;17,68;1,1090308458333331;11,5607;0;17,0;17,0;17,0;17,0;17,0;17,0
2021-03-26;17,0;0,66;44,162;22,09;22,0726;18,55283439508208;16,455524166666667;8,6259;25,1641;55,188325;0,6256319583333333;1,73979;3;85;4;1,0;6,123233995736766e-17;0,9941098647022418;0,10837701279187609;14,0;17,0;17,0;17,0;0;17,0;17,0;17,0;14,0;18,0;16,0;8,200199938899246;16,333333333333332;12,571428571428571;4,755948656056683;7,0;18,0;3,0;0,6;14,1;1,1335359083333334;9,96829;0;17,0;17,0;19,0;17,0;17,0;19,0
2021-03-27;17,0;0,74;40,6386;20,63;20,0017;23,145881840019292;19,113400833333333;9,26685;29,4877;41,61949583333333;0,5671052583333334;1,86791;3;86;5;1,0;6,123233995736766e-17;0,9958270335100595;0,09126072172931188;17,0;17,0;17,0;17,0;0;17,0;17,0;17,0;17,0;14,0;18,0;7,0;16,0;14,0;4,2817441928883495;8,0;18,0;0,0;0,66;22,09;0,6256319583333333;8,6259;1;17,0;19,0;18,0;17,0;19,0;18,0
2021-03-28;17,0;0,76;26,9286;18,02;8,91255;21,4645362416137;18,5253125;10,8781;26,995;48,70342083333333;0,8337731125;2,43647;3;87;6;1,0;6,123233995736766e-17;0,9972495210773451;0,07411742515094437;17,0;19,0;17,0;17,0;0;17,0;17,0;17,0;17,0;17,0;14,0;8,0;17,0;15,285714285714286;3,450327796711741;8,0;18,0;0,0;0,74;20,63;0,5671052583333334;9,26685;1;19,0;18,0;23,0;19,0;18,0;23,0
2021-03-29;19,0;0,66;31,9853;20,21;11,776;15,823153270753185;14,895995;9,28569;22,1432;73,95595;1,0246778541666666;2,41327;3;88;0;1,0;6,123233995736766e-17;0,998376906467142;0,056952196034039754;17,0;18,0;19,0;19,0;0;19,0;19,0;19,0;17,0;17,0;17,0;8,0;17,666666666666668;16,857142857142858;1,5735915849388313;14,0;19,0;2,0;0,76;18,02;0,8337731125;10,8781;0;18,0;23,0;31,0;18,0;23,0;31,0
2021-03-30;18,0;0,72;41,2814;21,63;19,6493;17,0;15,85815625;9,15163;23,4;72,44626666666666;1,006082666666667;2,48259;3;89;1;1,0;6,123233995736766e-17;0,9992088560679753;0,03977011384605572;19,0;23,0;18,0;18,0;0;18,0;18,0;18,0;19,0;17,0;17,0;16,0;18,0;17,142857142857142;1,573591584938833;14,0;19,0;-1,0;0,66;20,21;1,0246778541666666;9,28569;0;23,0;31,0;29,0;23,0;31,0;29,0
2021-03-31;23,0;0,77;50,0532;24,28;25,7742;22,0;16,5135125;10,2509;24,2058;71,9938375;0,8998959875;2,33791;3;90;2;1,0;6,123233995736766e-17;0,9997451236925734;0,022576263041545485;18,0;31,0;23,0;23,0;0;23,0;23,0;23,0;18,0;19,0;17,0;18,0;20,0;17,857142857142858;2,73426232761056;14,0;23,0;5,0;0,72;21,63;1,006082666666667;9,15163;0;31,0;29,0;26,0;31,0;29,0;26,0
2021-04-01;31,0;0,7;33,6484;23,12;10,5329;17,0;14,4602375;10,509;21,879;82,24380416666666;0,9716689166666668;2,01232;4;91;3;0,8660254037844387;-0,4999999999999998;0,9999855506507186;0,005375731557583884;23,0;29,0;31,0;31,0;0;31,0;31,0;31,0;23,0;18,0;19,0;14,0;24,0;20,285714285714285;5,186980037050632;17,0;31,0;8,0;0,77;24,28;0,8998959875;10,2509;0;29,0;26,0;17,0;29,0;26,0;17,0
2021-04-02;29,0;0,82;34,1767;19,92;14,2517;23,0;16,187928333333332;8,84476;24,5446;74,016875;0,5600701333333333;1,88714;4;92;4;0,8660254037844387;-0,4999999999999998;0,9999300657962057;-0,011826390691832589;31,0;26,0;29,0;29,0;0;29,0;29,0;29,0;31,0;23,0;18,0;17,0;27,666666666666668;22,0;5,859465277082306;17,0;31,0;-2,0;0,7;23,12;0,9716689166666668;10,509;0;26,0;17,0;18,0;26,0;17,0;18,0
2021-04-03;26,0;0,72;32,3556;19,65;12,703;31,0;19,1049125;10,3191;29,6101;60,9601375;0,5910275374999999;2,76145;4;93;5;0,8660254037844387;-0,4999999999999998;0,9995786855478958;-0,029025013321975237;29,0;17,0;26,0;26,0;0;26,0;26,0;26,0;29,0;31,0;23,0;17,0;28,666666666666668;23,285714285714285;5,5592051504474815;17,0;31,0;-3,0;0,82;19,92;0,5600701333333333;8,84476;1;17,0;18,0;11,0;17,0;18,0;11,0
2021-04-04;17,0;0,7;16,4089;12,52;3,88708;15,0;14,317754166666669;11,7603;19,2651;74,7844;1,009180725;2,19487;4;94;6;0,8660254037844387;-0,4999999999999998;0,9989315138848577;-0,046215046983708354;26,0;18,0;17,0;17,0;0;17,0;17,0;17,0;26,0;29,0;31,0;17,0;24,0;23,285714285714285;5,5592051504474815;17,0;31,0;-9,0;0,72;19,65;0,5910275374999999;10,3191;1;18,0;11,0;10,0;18,0;11,0;10,0
2021-04-05;18,0;0,58;25,5478;18,68;6,86393;17,0;16,143358333333335;11,4687;23,4891;72,31595833333334;0,734215875;1,84054;4;95;0;0,8660254037844387;-0,4999999999999998;0,9979887423155984;-0,06339140486951038;17,0;11,0;18,0;18,0;0;18,0;18,0;18,0;17,0;26,0;29,0;19,0;20,333333333333332;23,142857142857142;5,698788509515892;17,0;31,0;1,0;0,7;12,52;1,009180725;11,7603;0;11,0;10,0;8,0;11,0;10,0;8,0
2021-04-06;11,0;0,58;28,2272;16,69;11,5399;17,0;16,628666666666668;9,72517;24,8377;69,23164166666668;0,7507175833333334;1,94354;4;96;1;0,8660254037844387;-0,4999999999999998;0,9967506498213929;-0,08054900421874167;18,0;10,0;11,0;11,0;0;11,0;11,0;11,0;18,0;17,0;26,0;18,0;15,333333333333334;22,142857142857142;7,17469096729541;11,0;31,0;-7,0;0,58;18,68;0,734215875;11,4687;0;10,0;8,0;10,0;10,0;8,0;10,0
2021-04-07;10,0;0,57;28,0636;16,63;11,4313;16,0;17,569;10,2864;25,4129;64,84598749999999;0,6957238341666666;2,42644;4;97;2;0,8660254037844387;-0,4999999999999998;0,9952176027737294;-0,09768276782171598;11,0;8,0;10,0;10,0;0;10,0;10,0;10,0;11,0;18,0;17,0;23,0;13,0;20,285714285714285;8,479667558622905;10,0;31,0;-1,0;0,58;16,69;0,7507175833333334;9,72517;0;8,0;10,0;9,0;8,0;10,0;9,0
2021-04-08;8,0;0,56;19,5293;13,0;6,53292;15,0;16,9912375;12,9529;22,3851;62,7414875;1,0913665;2,47544;4;98;3;0,8660254037844387;-0,4999999999999998;0,9933900548258936;-0,11478762552212701;10,0;10,0;8,0;8,0;0;8,0;8,0;8,0;10,0;11,0;18,0;31,0;9,666666666666666;17,0;8,082903768654749;8,0;29,0;-2,0;0,57;16,63;0,6957238341666666;10,2864;0;10,0;9,0;16,0;10,0;9,0;16,0
2021-04-09;10,0;0,59;30,8483;17,05;13,7956;16,0;15,455610833333331;8,88496;22,2333;60,39242083333334;0,8545186625;2,48543;4;99;4;0,8660254037844387;-0,4999999999999998;0,9912685467787256;-0,13185851571739118;8,0;9,0;10,0;10,0;0;10,0;10,0;10,0;8,0;10,0;11,0;29,0;9,333333333333334;14,285714285714286;6,395683067879589;8,0;26,0;2,0;0,56;13,0;1,0913665;12,9529;0;9,0;16,0;17,0;9,0;16,0;17,0
2021-04-10;9,0;0,57;14,6392;10,43;4,21347;20,0;14,9398;10,0676;21,1804;60,12747916666667;0,8787756666666667;1,67616;4;100;5;0,8660254037844387;-0,4999999999999998;0,9888537064205885;-0,1488903868564548;10,0;16,0;9,0;9,0;0;9,0;9,0;9,0;10,0;8,0;10,0;26,0;9,0;11,857142857142858;3,976119189551984;8,0;18,0;-1,0;0,59;17,05;0,8545186625;8,88496;1;16,0;17,0;19,0;16,0;17,0;19,0
2021-04-11;16,0;0,76;30,689;20,0;10,6868;23,0;16,907287083333333;7,04176;28,5957;50,68324166666667;0,4324442833333333;1,65778;4;101;6;0,8660254037844387;-0,4999999999999998;0,986146248341595;-0,16587819893463143;9,0;17,0;16,0;16,0;0;16,0;16,0;16,0;9,0;10,0;8,0;17,0;11,666666666666666;11,714285714285714;3,7733400639347296;8,0;18,0;7,0;0,57;10,43;0,8787756666666667;10,0676;1;17,0;19,0;25,0;17,0;19,0;25,0
2021-04-12;17,0;0,96;68,5579;33,46;35,0992;16,0;18,59032125;8,96143;29,4612;43,998491666666666;0,5024094583333333;1,682;4;102;0;0,8660254037844387;-0,4999999999999998;0,9831469737221499;-0,1828169249850199;16,0;19,0;17,0;17,0;0;17,0;17,0;17,0;16,0;9,0;10,0;18,0;14,0;11,571428571428571;3,5050983275386147;8,0;17,0;1,0;0,76;20,0;0,4324442833333333;7,04176;0;19,0;25,0;23,0;19,0;25,0;23,0
2021-04-13;19,0;0,77;72,3412;34,0;38,341;23,0;19,656791666666667;10,0774;31,0655;46,2101;0,7056455916666667;2,21021;4;103;1;0,8660254037844387;-0,4999999999999998;0,9798567700958665;-0,1997015525660636;17,0;25,0;19,0;19,0;0;19,0;19,0;19,0;17,0;16,0;9,0;11,0;17,333333333333332;12,714285714285714;4,461475305855861;8,0;19,0;2,0;0,96;33,46;0,5024094583333333;8,96143;0;25,0;23,0;22,0;25,0;23,0;22,0
2021-04-14;25,0;0,81;51,0825;31,53;19,5479;20,0;17,245695833333333;10,1599;26,534;65,47155833333333;0,6894222583333334;2,48022;4;104;2;0,8660254037844387;-0,4999999999999998;0,9762766110869321;-0,21652708524481437;19,0;23,0;25,0;25,0;0;25,0;25,0;25,0;19,0;17,0;16,0;10,0;20,333333333333332;14,857142857142858;6,202917900165233;8,0;25,0;6,0;0,77;34,0;0,7056455916666667;10,0774;0;23,0;22,0;17,0;23,0;22,0;17,0
2021-04-15;23,0;0,82;50,3267;28,72;21,6058;20,0;17,480270833333332;10,1509;26,4479;66,57575416666667;0,5987088041666667;2,471;4;105;3;0,8660254037844387;-0,4999999999999998;0,9724075561219968;-0,23328854407545518;25,0;22,0;23,0;23,0;0;23,0;23,0;23,0;25,0;19,0;17,0;8,0;22,333333333333332;17,0;6,027713773341695;9,0;25,0;-2,0;0,81;31,53;0,6894222583333334;10,1599;0;22,0;17,0;26,0;22,0;17,0;26,0
2021-04-16;22,0;0,72;47,2642;28,0;19,269;20,0;18,185616666666665;10,6335;26,563;61,10865833333333;0,6723699666666666;2,2181;4;106;4;0,8660254037844387;-0,4999999999999998;0,9682507501166718;-0,2499809690726521;23,0;17,0;22,0;22,0;0;22,0;22,0;22,0;23,0;25,0;19,0;10,0;23,333333333333332;18,714285714285715;5,37631490007438;9,0;25,0;-1,0;0,82;28,72;0,5987088041666667;10,1509;0;17,0;26,0;21,0;17,0;26,0;21,0
2021-04-17;17,0;0,71;22,3499;15,76;6,5931;14,0;13,583365416666666;9,99347;19,4283;82,17439166666666;1,0766435;2,25699;4;107;5;0,8660254037844387;-0,4999999999999998;0,9638074231367307;-0,26659942067929354;22,0;26,0;17,0;17,0;0;17,0;17,0;17,0;22,0;23,0;25,0;9,0;20,666666666666668;19,857142857142858;3,484660262185835;16,0;25,0;-5,0;0,72;28,0;0,6723699666666666;10,6335;1;26,0;21,0;19,0;26,0;21,0;19,0
2021-04-18;26,0;0,66;22,4494;17,55;4,89982;22,0;15,395279166666668;11,0192;23,9515;77,0673375;0,5958926875;1,59435;4;108;6;0,8660254037844387;-0,4999999999999998;0,9590788900341131;-0,28313898122818354;17,0;21,0;26,0;26,0;0;26,0;26,0;26,0;17,0;22,0;23,0;16,0;21,666666666666668;21,285714285714285;3,6839419880650284;17,0;26,0;9,0;0,71;15,76;1,0766435;9,99347;1;21,0;19,0;7,0;21,0;19,0;7,0
2021-04-19;21,0;0,75;37,189;22,66;14,5283;11,0;13,77475;9,55997;19,734;80,03839166666667;0,9868703458333332;2,49962;4;109;0;0,8660254037844387;-0,4999999999999998;0,9540665500578387;-0,2995947563972602;26,0;19,0;21,0;21,0;0;21,0;21,0;21,0;26,0;17,0;22,0;17,0;21,333333333333332;21,857142857142858;3,184785258515414;17,0;26,0;-5,0;0,66;17,55;0,5958926875;11,0192;0;19,0;7,0;15,0;19,0;7,0;15,0
2021-04-20;19,0;0,59;26,983;18,73;8,24934;12,0;13,836143333333334;9,78531;20,6887;77,02465833333333;0,8452016666666666;2,72192;4;110;1;0,8660254037844387;-0,4999999999999998;0,9487718864399473;-0,31596187665790293;21,0;7,0;19,0;19,0;0;19,0;19,0;19,0;21,0;26,0;17,0;19,0;22,0;21,857142857142858;3,184785258515414;17,0;26,0;-2,0;0,75;22,66;0,9868703458333332;9,55997;0;7,0;15,0;17,0;7,0;15,0;17,0
2021-04-21;7,0;0,6;25,5906;14,99;10,6024;10,0;15,868616666666668;11,1085;21,7465;65,7996;1,307662125;3,52842;4;111;2;0,8660254037844387;-0,4999999999999998;0,9431964659565866;-0,33223549871590435;19,0;15,0;7,0;7,0;0;7,0;7,0;7,0;19,0;21,0;26,0;25,0;15,666666666666666;19,285714285714285;6,129553700835687;7,0;26,0;-12,0;0,59;18,73;0,8452016666666666;9,78531;0;15,0;17,0;26,0;15,0;17,0;26,0
2021-04-22;15,0;0,66;41,3024;19,35;21,9496;10,0;13,508335833333334;8,27792;21,3366;79,3130125;0,8128445166666666;2,54665;4;112;3;0,8660254037844387;-0,4999999999999998;0,9373419384643772;-0,3484108069446808;7,0;17,0;15,0;15,0;0;15,0;15,0;15,0;7,0;19,0;21,0;23,0;13,666666666666666;18,142857142857142;6,067085281214009;7,0;26,0;8,0;0,6;14,99;1,307662125;11,1085;0;17,0;26,0;26,0;17,0;26,0;26,0
2021-04-23;17,0;0,67;32,88;21,24;11,6405;4,0;12,394295833333333;11,0528;13,9426;86,75872083333333;0,7501989166666667;1,08716;4;113;4;0,8660254037844387;-0,4999999999999998;0,9312100364121947;-0,3644830148102912;15,0;26,0;17,0;17,0;0;17,0;17,0;17,0;15,0;7,0;19,0;22,0;13,0;17,428571428571427;5,826867164470182;7,0;26,0;2,0;0,66;19,35;0,8128445166666666;8,27792;0;26,0;26,0;25,0;26,0;26,0;25,0
2021-04-24;26,0;0,71;36,0061;25,23;10,7794;15,0;14,748816666666668;7,67574;23,2583;68,95341666666667;0,5359045416666667;1,62075;4;114;5;0,8660254037844387;-0,4999999999999998;0,9248025743285089;-0,38044736628785164;17,0;26,0;26,0;26,0;0;26,0;26,0;26,0;17,0;15,0;7,0;17,0;19,333333333333332;18,714285714285715;6,651172470932859;7,0;26,0;9,0;0,67;21,24;0,7501989166666667;11,0528;1;26,0;25,0;25,0;26,0;25,0;25,0
2021-04-25;26,0;0,92;41,7434;22,46;19,2861;23,0;15,166365;7,31712;24,9785;63,037083333333335;0,54605185625;2,00839;4;115;6;0,8660254037844387;-0,4999999999999998;0,9181214482844364;-0,39629913726891813;26,0;25,0;26,0;26,0;0;26,0;26,0;26,0;26,0;17,0;15,0;26,0;23,0;18,714285714285715;6,651172470932859;7,0;26,0;0,0;0,71;25,23;0,5359045416666667;7,67574;1;25,0;25,0;42,0;25,0;25,0;42,0
2021-04-26;25,0;0,91;71,1195;35,2;35,9195;14,0;15,608753333333333;7,50842;25,7126;62,58465416666667;0,3816128708333333;1,80582;4;116;0;0,8660254037844387;-0,4999999999999998;0,9111686353326631;-0,41203363695942635;26,0;25,0;25,0;25,0;0;25,0;25,0;25,0;26,0;26,0;17,0;21,0;25,666666666666668;19,285714285714285;7,040698017343767;7,0;26,0;-1,0;0,92;22,46;0,54605185625;7,31712;0;25,0;42,0;35,0;25,0;42,0;35,0
2021-04-27;25,0;0,82;57,8955;29,02;28,8779;10,0;13,256650416666666;6,98488;21,5704;75,59339583333333;0,6709942249999999;2,2468;4;117;1;0,8660254037844387;-0,4999999999999998;0,9039461929224011;-0,42764620926777464;25,0;42,0;25,0;25,0;0;25,0;25,0;25,0;25,0;26,0;26,0;19,0;25,333333333333332;20,142857142857142;7,358183005529085;7,0;26,0;0,0;0,91;35,2;0,3816128708333333;7,50842;0;42,0;35,0;31,0;42,0;35,0;31,0
2021-04-28;42,0;1,15;89,8452;43,93;45,9183;17,0;15,00975125;7,40118;24,8932;69,71660833333333;0,43622810375;1,5574;4;118;2;0,8660254037844387;-0,4999999999999998;0,8964562582905575;-0,44313223418263453;25,0;35,0;42,0;42,0;0;42,0;42,0;42,0;25,0;25,0;26,0;7,0;30,666666666666668;25,142857142857142;8,706866474772875;15,0;42,0;17,0;0,82;29,02;0,6709942249999999;6,98488;0;35,0;31,0;40,0;35,0;31,0;40,0
2021-04-29;35,0;1,15;84,3383;35,02;49,3199;14,0;14,43568125;8,16847;22,9421;69,7495125;0,9202536875;2,55285;4;119;3;0,8660254037844387;-0,4999999999999998;0,8887010478292915;-0,45848712914008766;42,0;31,0;35,0;35,0;0;35,0;35,0;35,0;42,0;25,0;25,0;15,0;34,0;28,0;8,082903768654766;17,0;42,0;-7,0;1,15;43,93;0,43622810375;7,40118;0;31,0;40,0;25,0;31,0;40,0;25,0
2021-04-30;31,0;1,01;53,1797;28,34;24,8396;7,0;11,561650833333331;8,90976;15,661;87,99934166666667;0,4564517208333333;0,980077;4;120;4;0,8660254037844387;-0,4999999999999998;0,8806828564301475;-0,47370635037968;35,0;40,0;31,0;31,0;0;31,0;31,0;31,0;35,0;42,0;25,0;17,0;36,0;30,0;6,480740698407871;25,0;42,0;-4,0;1,15;35,02;0,9202536875;8,16847;0;40,0;25,0;12,0;40,0;25,0;12,0
2021-05-01;40,0;1,36;66,4656;25,71;40,7575;9,0;12,22817125;7,21693;17,6794;79,27854166666667;0,3882054125;1,07733;5;121;5;0,49999999999999994;-0,8660254037844387;0,8724040568049612;-0,48878539428899265;31,0;25,0;40,0;40,0;0;40,0;40,0;40,0;31,0;35,0;42,0;26,0;35,333333333333336;32,0;7,164728420068239;25,0;42,0;9,0;1,01;28,34;0,4564517208333333;8,90976;1;25,0;12,0;14,0;25,0;12,0;14,0
2021-05-02;25,0;0,87;30,9216;20,88;10,0433;13,0;13,814708333333334;10,3366;20,0946;71,42628333333333;0,4017654583333334;1,292;5;122;6;0,49999999999999994;-0,8660254037844387;0,8638670987837349;-0,503719798736334;40,0;12,0;25,0;25,0;0;25,0;25,0;25,0;40,0;31,0;35,0;26,0;32,0;31,857142857142858;7,312741652498785;25,0;42,0;-15,0;1,36;25,71;0,3882054125;7,21693;1;12,0;14,0;22,0;12,0;14,0;22,0
2021-05-03;12,0;0,79;49,4482;20,29;29,1567;8,0;12,757705;7,99219;19,2182;74,49047083333333;0,8084516375;2,49236;5;123;0;0,49999999999999994;-0,8660254037844387;0,8550745085896932;-0,518505144391157;25,0;14,0;12,0;12,0;0;12,0;12,0;12,0;25,0;40,0;31,0;25,0;25,666666666666668;30,0;10,360180178613376;12,0;42,0;-13,0;0,87;20,88;0,4017654583333334;10,3366;0;14,0;22,0;27,0;14,0;22,0;27,0
2021-05-04;14,0;0,9;65,4448;23,67;41,7748;5,0;12,009435833333333;6,90082;17,3094;78,57236666666667;0,5063275333333334;1,85297;5;124;1;0,49999999999999994;-0,8660254037844387;0,8460288880917339;-0,533137056031809;12,0;22,0;14,0;14,0;0;14,0;14,0;14,0;12,0;25,0;40,0;25,0;17,0;28,428571428571427;11,956269524913742;12,0;42,0;2,0;0,79;20,29;0,8084516375;7,99219;0;22,0;27,0;19,0;22,0;27,0;19,0
2021-05-05;22,0;1,29;100,025;30,94;69,0815;8,0;13,27136375;6,56712;21,4387;72,09659166666667;0,3825091291666667;1,43692;5;125;2;0,49999999999999994;-0,8660254037844387;0,8367329140344921;-0,5476112038402312;14,0;27,0;22,0;22,0;0;22,0;22,0;22,0;14,0;12,0;25,0;42,0;16,0;25,571428571428573;10,46991153826276;12,0;40,0;8,0;0,9;23,67;0,5063275333333334;6,90082;0;27,0;19,0;24,0;27,0;19,0;24,0
2021-05-06;27,0;1,78;141,64;45,01;96,6255;9,0;15,320889166666667;6,42509;26,2127;57,31207083333334;0,4751978958333333;1,43066;5;126;3;0,49999999999999994;-0,8660254037844387;0,8271893372462497;-0,5619233046832195;22,0;19,0;27,0;27,0;0;27,0;27,0;27,0;22,0;14,0;12,0;35,0;21,0;24,428571428571427;9,675693650537292;12,0;40,0;5,0;1,29;30,94;0,3825091291666667;6,56712;0;19,0;24,0;25,0;19,0;24,0;25,0
2021-05-07;19,0;0,9;50,2851;25,82;24,4693;14,0;14,072120833333337;10,5;18,82;64,05115833333333;0,9742648416666668;2,57097;5;127;4;0,49999999999999994;-0,8660254037844387;0,8174009818249189;-0,5760691233798758;27,0;24,0;19,0;19,0;0;19,0;19,0;19,0;27,0;22,0;14,0;31,0;22,666666666666668;22,714285714285715;9,375753937938107;12,0;40,0;-8,0;1,78;45,01;0,4751978958333333;6,42509;0;24,0;25,0;31,0;24,0;25,0;31,0
2021-05-08;24,0;1,0;48,3869;24,39;23,9936;8,0;12,148279166666669;8,74475;16,3932;77,17829166666667;0,3613445375;1,304;5;128;5;0,49999999999999994;-0,8660254037844387;0,8073707443023492;-0,5900444739548627;19,0;25,0;24,0;24,0;0;24,0;24,0;24,0;19,0;27,0;22,0;40,0;23,333333333333332;20,428571428571427;5,682051943243237;12,0;27,0;5,0;0,9;25,82;0,9742648416666668;10,5;1;25,0;31,0;37,0;25,0;31,0;37,0
2021-05-09;25,0;0,95;35,91;20,72;15,1857;16,0;13,035875;8,04314;19,975;73,59942083333333;0,35584831125;1,27454;5;129;6;0,49999999999999994;-0,8660254037844387;0,7971015927871943;-0,6038452208771035;24,0;31,0;25,0;25,0;0;25,0;25,0;25,0;24,0;19,0;27,0;25,0;22,666666666666668;20,428571428571427;5,682051943243237;12,0;27,0;1,0;1,0;24,39;0,3613445375;8,74475;1;31,0;37,0;39,0;31,0;37,0;39,0
2021-05-10;31,0;1,48;129,066;42,61;86,4578;11,0;12,999159166666669;5,76712;22,4308;64,17320833333333;0,4799637541666666;1,86892;5;130;0;0,49999999999999994;-0,8660254037844387;0,7865965660866021;-0,6174672802835514;25,0;37,0;31,0;31,0;0;31,0;31,0;31,0;25,0;24,0;19,0;12,0;26,666666666666668;23,142857142857142;5,520524474738835;14,0;31,0;6,0;0,95;20,72;0,35584831125;8,04314;0;37,0;39,0;63,0;37,0;39,0;63,0
2021-05-11;37,0;2,04;179,917;52,89;127,029;9,0;13,561378333333332;5,58333;24,7044;56,4964125;0,3665438166666666;1,20552;5;131;1;0,49999999999999994;-0,8660254037844387;0,7758587728069828;-0,6309066211876704;31,0;39,0;37,0;37,0;0;37,0;37,0;37,0;31,0;25,0;24,0;14,0;31,0;26,428571428571427;5,996030432909848;19,0;37,0;6,0;1,48;42,61;0,4799637541666666;5,76712;0;39,0;63,0;61,0;39,0;63,0;61,0
2021-05-12;39,0;1,61;171,177;57,92;113,255;11,0;14,099755833333331;5,55988;25,9862;47,01663333333334;0,4497856791666666;1,15242;5;132;2;0,49999999999999994;-0,8660254037844387;0,7648913904341225;-0,6441592666722685;37,0;63,0;39,0;39,0;0;39,0;39,0;39,0;37,0;31,0;25,0;22,0;35,666666666666664;28,857142857142858;7,221001117771504;19,0;39,0;2,0;2,04;52,89;0,3665438166666666;5,58333;0;63,0;61,0;74,0;63,0;61,0;74,0
2021-05-13;63,0;2,34;237,018;75,53;161,484;1,0;12,311601666666666;7,14303;17,7765;62,32263333333333;0,3081013958333333;0,788076;5;133;3;0,49999999999999994;-0,8660254037844387;0,753697664392914;-0,6572212950663319;39,0;61,0;63,0;63,0;0;63,0;63,0;63,0;39,0;37,0;31,0;27,0;46,333333333333336;34,0;14,66287829861519;19,0;63,0;24,0;1,61;57,92;0,4497856791666666;5,55988;0;61,0;74,0;92,0;61,0;74,0;92,0
2021-05-14;61,0;1,91;177,173;62,42;114,755;13,0;14,647457083333334;8,76814;23,3337;63,49888333333334;0,4364891395833333;1,91797;5;134;4;0,49999999999999994;-0,8660254037844387;0,742280907086982;-0,6700888411055113;63,0;74,0;61,0;61,0;0;61,0;61,0;61,0;63,0;39,0;37,0;19,0;54,333333333333336;40,0;16,031219541881413;24,0;63,0;-2,0;2,34;75,53;0,3081013958333333;7,14303;0;74,0;92,0;55,0;74,0;92,0;55,0
2021-05-15;74,0;2,11;118,652;54,79;63,8593;10,0;13,976708333333333;10,3931;19,1652;69,02444583333333;0,2513888999999999;0,85719;5;135;5;0,49999999999999994;-0,8660254037844387;0,7306444969184916;-0,6827580970759147;61,0;92,0;74,0;74,0;0;74,0;74,0;74,0;61,0;63,0;39,0;24,0;66,0;47,142857142857146;18,64071325020025;25,0;74,0;13,0;1,91;62,42;0,4364891395833333;8,76814;1;92,0;55,0;43,0;92,0;55,0;43,0
2021-05-16;92,0;2,27;113,902;54,86;59,0467;13,0;13,13109125;7,225;21,8794;70,94690416666667;0,2706111958333333;0,94712;5;136;6;0,49999999999999994;-0,8660254037844387;0,7187918772884232;-0,6952253139408722;74,0;55,0;92,0;92,0;0;92,0;92,0;92,0;74,0;61,0;63,0;25,0;75,66666666666667;56,714285714285715;22,231466331263356;31,0;92,0;18,0;2,11;54,79;0,2513888999999999;10,3931;1;55,0;43,0;46,0;55,0;43,0;46,0
2021-05-17;55,0;1,48;102,259;52,27;49,9912;19,0;16,05187;7,79314;26,9124;56,66769583333333;0,6092001166666666;1,53737;5;137;0;0,49999999999999994;-0,8660254037844387;0,7067265555776158;-0,7074868024503348;92,0;43,0;55,0;55,0;0;55,0;55,0;55,0;92,0;74,0;61,0;31,0;73,66666666666667;60,142857142857146;19,256415133911215;37,0;92,0;-37,0;2,27;54,86;0,2706111958333333;7,225;0;43,0;46,0;21,0;43,0;46,0;21,0
2021-05-18;43,0;0,9;43,8996;31,56;12,335;6,0;10,316799583333331;7,64294;12,6422;88,20339583333333;0,7745169166666667;1,75799;5;138;1;0,49999999999999994;-0,8660254037844387;0,6944521021088763;-0,719538934232584;55,0;46,0;43,0;43,0;0;43,0;43,0;43,0;55,0;92,0;74,0;37,0;63,333333333333336;61,0;18,156725108528455;39,0;92,0;-12,0;1,48;52,27;0,6092001166666666;7,79314;0;46,0;21,0;9,0;46,0;21,0;9,0
2021-05-19;46,0;1,19;83,9147;36,43;47,4797;5,0;12,33797;9,02716;16,2837;78,58054166666666;0,5521432333333334;1,75575;5;139;2;0,49999999999999994;-0,8660254037844387;0,6819721490904629;-0,7313781428679254;43,0;21,0;46,0;46,0;0;46,0;46,0;46,0;43,0;55,0;92,0;39,0;48,0;62,0;16,8918126124266;43,0;92,0;3,0;0,9;31,56;0,7745169166666667;7,64294;0;21,0;9,0;23,0;21,0;9,0;23,0
2021-05-20;21,0;1,2;92,0096;26,19;65,8234;4,0;9,999450833333333;7,15037;13,8367;86,56602083333333;0,7906246708333334;2,18915;5;140;3;0,49999999999999994;-0,8660254037844387;0,6692903895412567;-0,7430009249440493;46,0;9,0;21,0;21,0;0;21,0;21,0;21,0;46,0;43,0;55,0;63,0;36,666666666666664;56,0;22,87647991569801;21,0;92,0;-25,0;1,19;36,43;0,5521432333333334;9,02716;0;9,0;23,0;30,0;9,0;23,0;30,0
2021-05-21;9,0;0,7;30,0594;18,94;11,1209;9,0;9,982424166666666;6,24203;14,6857;82,45142916666667;0,4721350833333333;1,2139;5;141;4;0,49999999999999994;-0,8660254037844387;0,6564105761979381;-0,7544038410927472;21,0;23,0;9,0;9,0;0;9,0;9,0;9,0;21,0;46,0;43,0;61,0;25,333333333333332;48,57142857142857;28,68714661572987;9,0;92,0;-12,0;1,2;26,19;0,7906246708333334;7,15037;0;23,0;30,0;34,0;23,0;30,0;34,0
2021-05-22;23,0;1,1;62,6508;22,96;39,6915;8,0;8,305263333333334;2,2924;16,6112;76,19427083333333;0,2408744;0,654058;5;142;5;0,49999999999999994;-0,8660254037844387;0,6433365204044917;-0,765583517007675;9,0;30,0;23,0;23,0;0;23,0;23,0;23,0;9,0;21,0;46,0;74,0;17,666666666666668;41,285714285714285;27,608659787068547;9,0;92,0;14,0;0,7;18,94;0,4721350833333333;6,24203;1;30,0;34,0;29,0;30,0;34,0;29,0
2021-05-23;30,0;1,29;69,8556;27,77;42,0896;11,0;10,0893525;1,45028;20,7265;63,91147083333333;0,2668891333333333;0,786325;5;143;6;0,49999999999999994;-0,8660254037844387;0,6300720909843687;-0,7765366444428655;23,0;34,0;30,0;30,0;0;30,0;30,0;30,0;23,0;9,0;21,0;92,0;20,666666666666668;32,42857142857143;16,226081297889355;9,0;55,0;7,0;1,1;22,96;0,2408744;2,2924;1;34,0;29,0;55,0;34,0;29,0;55,0
2021-05-24;34,0;1,55;135,926;41,47;94,4518;6,0;12,57149125;5,47581;21,725;58,369395833333336;0,4094839624999999;1,15842;5;144;0;0,49999999999999994;-0,8660254037844387;0,6166212130956382;-0,7872599821916922;30,0;29,0;34,0;34,0;0;34,0;34,0;34,0;30,0;23,0;9,0;55,0;29,0;29,428571428571427;12,972498382567434;9,0;46,0;4,0;1,29;27,77;0,2668891333333333;1,45028;0;29,0;55,0;37,0;29,0;55,0;37,0
2021-05-25;29,0;1,53;154,533;44,33;110,205;5,0;12,823495833333334;4,99211;23,1307;55,77520416666667;0,5081960916666667;0,991399;5;145;1;0,49999999999999994;-0,8660254037844387;0,6029878670694714;-0,7977503570459932;34,0;55,0;29,0;29,0;0;29,0;29,0;29,0;34,0;30,0;23,0;43,0;31,0;27,428571428571427;11,53049786229464;9,0;46,0;-5,0;1,55;41,47;0,4094839624999999;5,47581;0;55,0;37,0;23,0;55,0;37,0;23,0
2021-05-26;55,0;2,29;168,048;57,52;110,523;4,0;13,031078333333332;5,39175;24,6044;56,52474166666667;0,3363559583333333;0,661979;5;146;2;0,49999999999999994;-0,8660254037844387;0,5891760872322963;-0,8080046647350754;29,0;37,0;55,0;55,0;0;55,0;55,0;55,0;29,0;34,0;30,0;46,0;39,333333333333336;28,714285714285715;14,150551057753745;9,0;55,0;26,0;1,53;44,33;0,5081960916666667;4,99211;0;37,0;23,0;33,0;37,0;23,0;33,0
2021-05-27;37,0;1,37;130,33;47,97;82,3628;7,0;13,199305;5,11813;21,9112;58,40425;0,6773371708333333;1,83525;5;147;3;0,49999999999999994;-0,8660254037844387;0,5751899607119775;-0,8180198708443174;55,0;23,0;37,0;37,0;0;37,0;37,0;37,0;55,0;29,0;34,0;21,0;40,333333333333336;31,0;13,988090172238207;9,0;55,0;-18,0;2,29;57,52;0,3363559583333333;5,39175;0;23,0;33,0;49,0;23,0;33,0;49,0
2021-05-28;23,0;0,98;66,439;27,39;39,0526;7,0;12,76805375;6,90943;19,4765;78,98735;0,6527527375000001;1,9274;5;148;4;0,49999999999999994;-0,8660254037844387;0,5610336262283677;-0,8277930117131022;37,0;33,0;23,0;23,0;0;23,0;23,0;23,0;37,0;55,0;29,0;9,0;38,333333333333336;33,0;11,000000000000023;23,0;55,0;-14,0;1,37;47,97;0,6773371708333333;5,11813;0;33,0;49,0;26,0;33,0;49,0;26,0
2021-05-29;33,0;1,28;81,807;27,78;54,0317;3,0;10,836355833333334;6,8009;15,0867;86,41075833333333;0,2915735416666666;1,24202;5;149;5;0,49999999999999994;-0,8660254037844387;0,5467112728685939;-0,8373211953118121;23,0;49,0;33,0;33,0;0;33,0;33,0;33,0;23,0;37,0;55,0;23,0;31,0;34,42857142857143;10,09714716899687;23,0;55,0;10,0;0,98;27,39;0,6527527375000001;6,90943;1;49,0;26,0;35,0;49,0;26,0;35,0
2021-05-30;49,0;1,58;78,277;28,5;49,7794;11,0;12,19674;5,67537;20,4641;71,84015416666666;0,3398208395833333;1,31795;5;150;6;0,49999999999999994;-0,8660254037844387;0,5322271388474397;-0,8466016020976267;33,0;26,0;49,0;49,0;0;49,0;49,0;49,0;33,0;23,0;37,0;30,0;35,0;37,142857142857146;11,201615529743515;23,0;55,0;16,0;1,28;27,78;0,2915735416666666;6,8009;1;26,0;35,0;37,0;26,0;35,0;37,0
2021-05-31;26,0;1,32;110,302;37,73;72,5687;5,0;15,319534166666664;9,45107;22,938;56,73030833333333;0,4430533916666666;1,48354;5;151;0;0,49999999999999994;-0,8660254037844387;0,5175855102531889;-0,8556314858488706;49,0;35,0;26,0;26,0;0;26,0;26,0;26,0;49,0;33,0;23,0;34,0;36,0;36,0;11,958260743101423;23,0;55,0;-23,0;1,58;28,5;0,3398208395833333;5,67537;0;35,0;37,0;25,0;35,0;37,0;25,0
2021-06-01;35,0;1,62;161,731;46,94;114,788;1,0;15,012054166666667;13,0444;19,2366;65,64158333333333;0,4402848666666667;1,29465;6;152;1;1,2246467991473532e-16;-1,0;0,5027907197793043;-0,8644081744776648;26,0;37,0;35,0;35,0;0;35,0;35,0;35,0;26,0;49,0;33,0;29,0;36,666666666666664;36,857142857142854;11,582005747833911;23,0;55,0;9,0;1,32;37,73;0,4430533916666666;9,45107;0;37,0;25,0;28,0;37,0;25,0;28,0
2021-06-02;37,0;1,63;158,943;42,26;116,682;5,0;15,518291666666668;10,0022;23,4515;70,91407083333333;0,4716259666666667;1,18929;6;153;2;1,2246467991473532e-16;-1,0;0,4878471454423119;-0,8729290708206411;35,0;25,0;37,0;37,0;0;37,0;37,0;37,0;35,0;26,0;49,0;55,0;32,666666666666664;34,285714285714285;8,459989868281708;23,0;49,0;2,0;1,62;46,94;0,4402848666666667;13,0444;0;25,0;28,0;31,0;25,0;28,0;31,0
2021-06-03;25,0;1,57;125,888;38,47;87,4207;5,0;15,150020416666663;8,99313;24,0277;70,40095000000001;0,473636675;1,682;6;154;3;1,2246467991473532e-16;-1,0;0,47275920928627757;-0,881191653407483;37,0;28,0;25,0;25,0;0;25,0;25,0;25,0;37,0;35,0;26,0;37,0;32,333333333333336;32,57142857142857;9,015859043136977;23,0;49,0;-12,0;1,63;42,26;0,4716259666666667;10,0022;0;28,0;31,0;33,0;28,0;31,0;33,0
2021-06-04;28,0;1,22;93,5779;26,32;67,2621;2,0;12,99295;10,0424;16,3228;85,05202083333333;0,6791081958333334;1,56558;6;155;4;1,2246467991473532e-16;-1,0;0,4575313760742512;-0,8891934772070711;25,0;31,0;28,0;28,0;0;28,0;28,0;28,0;25,0;37,0;35,0;23,0;30,0;33,285714285714285;8,300889223737567;25,0;49,0;3,0;1,57;38,47;0,473636675;8,99313;0;31,0;33,0;39,0;31,0;33,0;39,0
2021-06-05;31,0;0,98;49,41;25,12;24,2887;7,0;14,12175;11,059;18,8881;75,777975;0,5360671683333333;1,34299;6;156;5;1,2246467991473532e-16;-1,0;0,44216815196707204;-0,8969321743510065;28,0;33,0;31,0;31,0;0;31,0;31,0;31,0;28,0;25,0;37,0;33,0;28,0;33,0;8,346656017032641;25,0;49,0;3,0;1,22;26,32;0,6791081958333334;10,0424;1;33,0;39,0;39,0;33,0;39,0;39,0
2021-06-06;33,0;0,96;39,7873;20,64;19,1498;9,0;12,247565416666667;9,09459;17,762;75,56289583333333;0,5380413291666667;2,16156;6;157;6;1,2246467991473532e-16;-1,0;0,42667408318992467;-0,9044054548343001;31,0;39,0;33,0;33,0;0;33,0;33,0;33,0;31,0;28,0;25,0;49,0;30,666666666666668;30,714285714285715;4,572172558506777;25,0;37,0;2,0;0,98;25,12;0,5360671683333333;11,059;1;39,0;39,0;30,0;39,0;39,0;30,0
2021-06-07;39,0;1,3;104,172;41,08;63,0896;6,0;13,435159583333332;8,71957;21,7185;66,36855833333333;0,5844576541666666;1,84611;6;158;0;1,2246467991473532e-16;-1,0;0,4110537546870351;-0,9116111071930239;33,0;39,0;39,0;39,0;0;39,0;39,0;39,0;33,0;31,0;28,0;26,0;34,333333333333336;32,57142857142857;4,9617585208319195;25,0;39,0;6,0;0,96;20,64;0,5380413291666667;9,09459;0;39,0;30,0;32,0;39,0;30,0;32,0
2021-06-08;39,0;1,59;158,211;44,11;114,102;6,0;12,344241666666669;5,59248;21,1583;61,5259625;0,4686671958333333;1,52351;6;159;1;1,2246467991473532e-16;-1,0;0,3953117887649151;-0,9185469991587165;39,0;30,0;39,0;39,0;0;39,0;39,0;39,0;39,0;33,0;31,0;35,0;37,0;33,142857142857146;5,490251100164517;25,0;39,0;0,0;1,3;41,08;0,5844576541666666;8,71957;0;30,0;32,0;39,0;30,0;32,0;39,0
2021-06-09;30,0;1,42;117,973;33,71;84,2596;5,0;11,50811;6,80895;17,9141;75,67104166666667;0,5737121625;1,68654;6;160;2;1,2246467991473532e-16;-1,0;0,37945284372454435;-0,925211078289358;39,0;32,0;30,0;30,0;0;30,0;30,0;30,0;39,0;39,0;33,0;37,0;36,0;32,142857142857146;5,30498417932209;25,0;39,0;-9,0;1,59;44,11;0,4686671958333333;5,59248;0;32,0;39,0;42,0;32,0;39,0;42,0
2021-06-10;32,0;1,37;115,15;33,92;81,2308;4,0;11,514154583333337;7,59092;19,3044;79,50765416666667;0,3705225820833333;1,37382;6;161;3;1,2246467991473532e-16;-1,0;0,36348161248290634;-0,9316013725767187;30,0;39,0;32,0;32,0;0;32,0;32,0;32,0;30,0;39,0;39,0;25,0;33,666666666666664;33,142857142857146;4,298393941484543;28,0;39,0;2,0;1,42;33,71;0,5737121625;6,80895;0;39,0;42,0;39,0;39,0;42,0;39,0
2021-06-11;39,0;2,06;189,68;49,45;140,234;5,0;12,52246125;4,70979;24,5112;60,97432083333334;0,3667761708333333;0,976089;6;162;4;1,2246467991473532e-16;-1,0;0,3474028211842774;-0,9377159910299093;32,0;42,0;39,0;39,0;0;39,0;39,0;39,0;32,0;30,0;39,0;28,0;33,666666666666664;34,714285714285715;4,111540089159109;30,0;39,0;7,0;1,37;33,92;0,3705225820833333;7,59092;0;42,0;39,0;50,0;42,0;39,0;50,0
2021-06-12;42,0;1,76;138,811;47,68;91,1289;8,0;13,781900833333331;6,12618;24,7268;51,1187375;0,5340691083333333;1,23415;6;163;5;1,2246467991473532e-16;-1,0;0,3312212278016865;-0,9435531242349544;39,0;39,0;42,0;42,0;0;42,0;42,0;42,0;39,0;32,0;30,0;31,0;37,666666666666664;36,285714285714285;4,535573676110798;30,0;42,0;3,0;2,06;49,45;0,3667761708333333;4,70979;1;39,0;50,0;34,0;39,0;50,0;34,0
2021-06-13;39,0;1,45;84,137;30,86;53,2771;9,0;10,7783525;5,21748;18,3667;75,59332500000001;0,4741871029166666;1,82193;6;164;6;1,2246467991473532e-16;-1,0;0,31494162072895193;-0,9491110448902284;42,0;50,0;39,0;39,0;0;39,0;39,0;39,0;42,0;39,0;32,0;33,0;40,0;37,142857142857146;4,375255094603951;30,0;42,0;-3,0;1,76;47,68;0,5340691083333333;6,12618;1;50,0;34,0;34,0;50,0;34,0;34,0
2021-06-14;50,0;1,49;124,033;47,62;76,4149;6,0;11,356357916666669;4,70045;21,1728;72,8993375;0,4927769875;1,07094;6;165;0;1,2246467991473532e-16;-1,0;0,2985688173637202;-0,9543881083175908;39,0;34,0;50,0;50,0;0;50,0;50,0;50,0;39,0;42,0;39,0;39,0;43,666666666666664;38,714285714285715;6,575568054403815;30,0;50,0;11,0;1,45;30,86;0,4741871029166666;5,21748;0;34,0;34,0;34,0;34,0;34,0;34,0
2021-06-15;34,0;0,88;49,8128;27,41;22,4021;3,0;9,2867175;6,71007;12,4107;87,83234583333332;0,7863472083333334;1,58909;6;166;1;1,2246467991473532e-16;-1,0;0,2821076626819194;-0,9593827529490743;50,0;34,0;34,0;34,0;0;34,0;34,0;34,0;50,0;39,0;42,0;39,0;41,0;38,0;6,806859285554097;30,0;50,0;-16,0;1,49;47,62;0,4927769875;4,70045;0;34,0;34,0;45,0;34,0;34,0;45,0
2021-06-16;34,0;1,14;89,8568;34,37;55,4843;4,0;11,430886666666666;7,11813;17,9115;74,99292083333333;0,5056600083333334;1,41288;6;167;2;1,2246467991473532e-16;-1,0;0,26556302780405594;-0,9640935007889755;34,0;34,0;34,0;34,0;0;34,0;34,0;34,0;34,0;50,0;39,0;30,0;39,333333333333336;38,57142857142857;6,160550377391752;32,0;50,0;0,0;0,88;27,41;0,7863472083333334;6,71007;0;34,0;45,0;67,0;34,0;45,0;67,0
2021-06-17;34,0;1,42;124,583;36,56;88,0201;5,0;9,450293333333333;3,75055;17,1182;81,13455;0,4566033958333333;1,7215;6;168;3;1,2246467991473532e-16;-1,0;0,24893980855376657;-0,9685189578512204;34,0;45,0;34,0;34,0;0;34,0;34,0;34,0;34,0;34,0;50,0;32,0;34,0;38,857142857142854;5,843188953205079;34,0;50,0;0,0;1,14;34,37;0,5056600083333334;7,11813;0;45,0;67,0;78,0;45,0;67,0;78,0
2021-06-18;45,0;1,55;136,166;35,26;100,91;6,0;8,311762083333333;3,12537;15,425;86,2908625;0,6237565666666667;1,81652;6;169;4;1,2246467991473532e-16;-1,0;0,23224292400907015;-0,9726578145718654;34,0;67,0;45,0;45,0;0;45,0;45,0;45,0;34,0;34,0;34,0;39,0;37,666666666666664;39,714285714285715;6,290582530372631;34,0;50,0;11,0;1,42;36,56;0,4566033958333333;3,75055;0;67,0;78,0;58,0;67,0;78,0;58,0
2021-06-19;67,0;1,36;77,4066;39,43;37,9797;6,0;10,075654583333334;6,73404;16,0641;80,80064166666666;0,4500935008333333;0,874856;6;170;5;1,2246467991473532e-16;-1,0;0,21547731504673012;-0,976508846196619;45,0;78,0;67,0;67,0;0;67,0;67,0;67,0;45,0;34,0;34,0;42,0;48,666666666666664;43,285714285714285;12,161610169083813;34,0;67,0;22,0;1,55;35,26;0,6237565666666667;3,12537;1;78,0;58,0;31,0;78,0;58,0;31,0
2021-06-20;78,0;2,1;101,452;31,07;70,3859;7,0;7,919096666666667;4,99202;12,6687;84,70319166666667;0,49401191;1,55029;6;171;6;1,2246467991473532e-16;-1,0;0,19864794288017112;-0,9800709131432666;67,0;58,0;78,0;78,0;0;78,0;78,0;78,0;67,0;45,0;34,0;39,0;63,333333333333336;48,857142857142854;17,59193538176489;34,0;78,0;11,0;1,36;39,43;0,4500935008333333;6,73404;1;58,0;31,0;17,0;58,0;31,0;17,0
2021-06-21;58,0;2,01;123,232;36,01;87,225;7,0;9,69065125;3,4424;18,495;68,90200833333334;0,3740944375;1,24606;6;172;0;1,2246467991473532e-16;-1,0;0,18175978759137534;-0,9833429613388902;78,0;31,0;58,0;58,0;0;58,0;58,0;58,0;78,0;67,0;45,0;50,0;67,66666666666667;50,0;17,935068069752834;34,0;78,0;-20,0;2,1;31,07;0,49401191;4,99202;0;31,0;17,0;34,0;31,0;17,0;34,0
2021-06-22;31,0;1,26;109,24;38,18;71,0641;5,0;10,22967125;4,3761;16,3439;64,17085;0,8435463333333333;2,48721;6;173;1;1,2246467991473532e-16;-1,0;0,16481784665719793;-0,9863240225317866;58,0;17,0;31,0;31,0;0;31,0;31,0;31,0;58,0;78,0;67,0;34,0;55,666666666666664;49,57142857142857;18,410659438281453;31,0;78,0;-27,0;2,01;36,01;0,3740944375;3,4424;0;17,0;34,0;26,0;17,0;34,0;26,0
2021-06-23;17,0;1,05;89,9136;30,63;59,2864;1,0;8,989455416666667;7,67636;10,0757;88,08085416666667;0,4103686791666667;0,911938;6;174;2;1,2246467991473532e-16;-1,0;0,14782713347053048;-0,9890132145779883;31,0;34,0;17,0;17,0;0;17,0;17,0;17,0;31,0;58,0;78,0;34,0;35,333333333333336;47,142857142857146;21,644310810838757;17,0;78,0;-14,0;1,26;38,18;0,8435463333333333;4,3761;0;34,0;26,0;13,0;34,0;26,0;13,0
2021-06-24;34,0;1,49;170,834;35,1;135,738;1,0;7,969169583333333;3,08351;11,6279;90,57892083333331;0,409314525;0,901364;6;175;3;1,2246467991473532e-16;-1,0;0,13079267585675922;-0,9914097417023038;17,0;26,0;34,0;34,0;0;34,0;34,0;34,0;17,0;31,0;58,0;34,0;27,333333333333332;47,142857142857146;21,644310810838757;17,0;78,0;17,0;1,05;30,63;0,4103686791666667;7,67636;0;26,0;13,0;39,0;26,0;13,0;39,0
2021-06-25;26,0;1,34;113,881;30,76;83,1208;2,0;8,549346666666667;6,67537;9,9359;95,12789583333334;0,7824123749999999;1,72811;6;176;4;1,2246467991473532e-16;-1,0;0,11371951458594969;-0,9935128947338007;34,0;13,0;26,0;26,0;0;26,0;26,0;26,0;34,0;17,0;31,0;45,0;25,666666666666668;44,42857142857143;23,100195835080026;17,0;78,0;-8,0;1,49;35,1;0,409314525;3,08351;0;13,0;39,0;38,0;13,0;39,0;38,0
2021-06-26;13,0;0,63;25,4447;17,21;8,23431;7,0;6,705790416666667;1,84167;10,6516;86,1022375;0,7338152791666667;1,57349;6;177;5;1,2246467991473532e-16;-1,0;0,0966127018812031;-0,9953220513156602;26,0;39,0;13,0;13,0;0;13,0;13,0;13,0;26,0;34,0;17,0;67,0;24,333333333333332;36,714285714285715;23,321765840192345;13,0;78,0;-13,0;1,34;30,76;0,7824123749999999;6,67537;1;39,0;38,0;36,87380298474321;39,0;38,0;
2021-06-27;39,0;1,58;92,2839;28,47;63,8188;6,0;5,605953318181818;0,300063;14,2924;78,278575;0,4208455;0,935587;6;178;6;1,2246467991473532e-16;-1,0;0,07947729992362097;-0,9968366760893436;13,0;38,0;39,0;39,0;0;39,0;39,0;39,0;13,0;26,0;34,0;78,0;26,0;31,142857142857142;14,982529508604044;13,0;58,0;26,0;0,63;17,21;0,7338152791666667;1,84167;1;38,0;36,87380298474321;50,07188350287092;38,0;;
2021-06-28;38,0;1,93;150,962;39,98;110,982;5,0;9,4858734;0,258401;21,0;61,53875833333333;0,4912263858333333;0,894215;6;179;0;1,2246467991473532e-16;-1,0;0,062318379354325076;-0,998056320853012;39,0;;38,0;38,0;0;38,0;38,0;38,0;39,0;13,0;26,0;58,0;30,0;28,285714285714285;10,12775535700922;13,0;39,0;-1,0;1,58;28,47;0,4208455;0,300063;0;36,87380298474321;50,07188350287092;57,0;;;57,0
2021-06-29;36,87380298474321;0,7073373962801928;54,10389185528987;22,283261735952845;31,82144334362648;9,105962222582495;4,717752727272727;2,15017;14,0668;66,9324;0,6491720909090909;0,949888;6;180;1;1,2246467991473532e-16;-1,0;0,04514101777397193;-0,9989806246941579;38,0;;;36,87380298474321;1;;36,87380298474321;36,87380298474321;38,0;39,0;13,0;31,0;37,95793432824774;29,124828997820458;10,621422515304275;13,0;39,0;-1,1261970152567926;1,93;39,98;0,4912263858333333;0,258401;0;50,07188350287092;57,0;47,0;;57,0;47,0
2021-06-30;50,07188350287092;0,7414583589453758;54,0579757000613;22,236647636086918;31,821437701178507;6,390377556942456;9,22619;6,99222;12,7853;68,99861250000001;0,24712415;0,894056;6;181;2;1,2246467991473532e-16;-1,0;0,02795029824021032;-0,999609314096404;;57,0;;50,07188350287092;1;;50,07188350287092;50,07188350287092;36,87380298474321;38,0;39,0;17,0;41,64856216253804;33,84938378394487;11,63618914001491;13,0;50,07188350287092;13,19808051812771;0,7073373962801928;22,283261735952845;0,6491720909090909;2,15017;0;57,0;47,0;63,0;57,0;47,0;63,0
2021-07-01;57,0;1,61;153,153;39,6;113,557;4,0;9,170868333333331;4,67664;15,5345;70,99210416666666;0,5133827166666667;1,33354;7;182;3;-0,4999999999999997;-0,8660254037844388;0,01075130776352193;-0,9999422030204416;;47,0;57,0;57,0;0;57,0;57,0;57,0;50,07188350287092;36,87380298474321;38,0;34,0;47,98189549587138;37,13509806965916;14,564582060489032;13,0;57,0;6,928116497129082;0,7414583589453758;22,236647636086918;0,24712415;6,99222;0;47,0;63,0;76,0;47,0;63,0;76,0
2021-07-02;47,0;1,56;136,968;41,52;95,4496;4,0;8,531632916666666;2,67555;16,4015;70,42062916666667;0,46936135;1,1775;7;183;4;-0,4999999999999997;-0,8660254037844388;-0,00645086419810515;-0,9999791929590823;57,0;63,0;47,0;47,0;0;47,0;47,0;47,0;57,0;50,07188350287092;36,87380298474321;26,0;51,357294500956975;40,13509806965916;14,042128190167789;13,0;57,0;-10,0;1,61;39,6;0,5133827166666667;4,67664;0;63,0;76,0;54,0;63,0;76,0;54,0
2021-07-03;63,0;2,0;152,116;45,39;106,723;4,0;9,014179583333332;3,21704;18,0754;68,259625;0,4927315375;1,5857;7;184;5;-0,4999999999999997;-0,8660254037844388;-0,023651127245231586;-0,9997202729664083;47,0;76,0;63,0;63,0;0;63,0;63,0;63,0;47,0;57,0;50,07188350287092;13,0;55,666666666666664;47,277955212516304;10,103097879246889;36,87380298474321;63,0;16,0;1,56;41,52;0,46936135;2,67555;1;76,0;54,0;39,0;76,0;54,0;39,0
2021-07-04;76,0;2,24;146,827;44,24;102,585;10,0;9,14010125;2,06685;20,6308;69,3847375;0,4256504458333334;1,02299;7;185;6;-0,4999999999999997;-0,8660254037844388;-0,04084439154329611;-0,9991655196610109;63,0;54,0;76,0;76,0;0;76,0;76,0;76,0;63,0;47,0;57,0;39,0;62,0;52,56366949823059;13,98389196092075;36,87380298474321;76,0;13,0;2,0;45,39;0,4927315375;3,21704;1;54,0;39,0;42,0;54,0;39,0;42,0
2021-07-05;54,0;1,51;138,137;48,51;89,6226;6,0;9,74709125;2,8;21,588;65,55634583333334;0,7212727916666667;1,86187;7;186;0;-0,4999999999999997;-0,8660254037844388;-0,05802556932878035;-0,9983150972033183;76,0;39,0;54,0;54,0;0;54,0;54,0;54,0;76,0;63,0;47,0;38,0;64,33333333333333;54,84938378394487;12,427701273991483;36,87380298474321;76,0;-22,0;2,24;44,24;0,4256504458333334;2,06685;0;39,0;42,0;47,0;39,0;42,0;47,0
2021-07-06;39,0;1,14;79,5443;28,79;50,7586;8,0;7,4003;4,875;12,3513;82,77729166666667;0,8175788875;2,04563;7;187;1;-0,4999999999999997;-0,8660254037844388;-0,07518957641475855;-0,9971692572470178;54,0;42,0;39,0;39,0;0;39,0;39,0;39,0;54,0;76,0;63,0;36,87380298474321;56,333333333333336;55,15312621469585;11,931206971257454;39,0;76,0;-15,0;1,51;48,51;0,7212727916666667;2,8;0;42,0;47,0;46,0;42,0;47,0;46,0
2021-07-07;42,0;1,68;159,831;44,94;114,889;4,0;9,047468333333333;2,23392;18,0432;69,05269583333333;0,5878326666666667;1,29614;7;188;2;-0,4999999999999997;-0,8660254037844388;-0,09233133369539122;-0,9957283388645872;39,0;47,0;42,0;42,0;0;42,0;42,0;42,0;39,0;54,0;76,0;50,07188350287092;45,0;54,0;12,858201014657327;39,0;76,0;3,0;1,14;28,79;0,8175788875;4,875;0;47,0;46,0;73,0;47,0;46,0;73,0
2021-07-08;47,0;1,78;189,608;51,08;138,524;5,0;10,042033333333334;3,56708;20,3674;66,14116666666666;0,6614904416666666;2,16534;7;189;3;-0,4999999999999997;-0,8660254037844388;-0,10944576864891556;-0,993992768446958;42,0;46,0;47,0;47,0;0;47,0;47,0;47,0;42,0;39,0;54,0;57,0;42,666666666666664;52,57142857142857;13,023787760058475;39,0;76,0;5,0;1,68;44,94;0,5878326666666667;2,23392;0;46,0;73,0;51,0;46,0;73,0;51,0
2021-07-09;46,0;1,61;149,944;39,4;110,54;2,0;7,63982625;2,71694;12,7278;83,33905833333334;0,5436116249999999;1,42752;7;190;4;-0,4999999999999997;-0,8660254037844388;-0,12652781683868314;-0,9919630595773397;47,0;73,0;46,0;46,0;0;46,0;46,0;46,0;47,0;42,0;39,0;47,0;45,0;52,42857142857143;13,100345324419848;39,0;76,0;-1,0;1,78;51,08;0,6614904416666666;3,56708;0;73,0;51,0;40,0;73,0;51,0;40,0
2021-07-10;73,0;2,22;173,319;51,22;122,103;7,0;9,1266575;2,325;18,9872;74,387975;0,3321426375;0,754643;7;191;5;-0,4999999999999997;-0,8660254037844388;-0,1435724234118113;-0,9896398128792412;46,0;51,0;73,0;73,0;0;73,0;73,0;73,0;46,0;47,0;42,0;63,0;55,333333333333336;53,857142857142854;14,87087277676931;39,0;76,0;27,0;1,61;39,4;0,5436116249999999;2,71694;1;51,0;40,0;56,0;51,0;40,0;56,0
2021-07-11;51,0;1,5;88,0316;36,64;51,3917;9,0;9,769710416666667;3,64244;20,0612;61,17223333333334;0,5119343333333334;2,22457;7;192;6;-0,4999999999999997;-0,8660254037844388;-0,16057454459499376;-0,9870237158387383;73,0;40,0;51,0;51,0;0;51,0;51,0;51,0;73,0;46,0;47,0;76,0;56,666666666666664;50,285714285714285;11,22072911645064;39,0;73,0;-22,0;2,22;51,22;0,3321426375;2,325;1;40,0;56,0;73,0;40,0;56,0;73,0
2021-07-12;40,0;1,0;62,6774;30,9;31,7771;3,0;5,9661675;3,00068;9,45036;87,90785416666667;0,7843078791666667;2,25127;7;193;0;-0,4999999999999997;-0,8660254037844388;-0,17752914918703497;-0,984115542601034;51,0;56,0;40,0;40,0;0;40,0;40,0;40,0;51,0;73,0;46,0;54,0;54,666666666666664;48,285714285714285;11,686377906410083;39,0;73,0;-11,0;1,5;36,64;0,5119343333333334;3,64244;0;56,0;73,0;67,0;56,0;73,0;67,0
2021-07-13;56,0;1,51;129,831;38,76;91,0676;5,0;5,819670375;0,750124;13,4333;84,26976666666667;0,3748246541666666;1,28224;7;194;1;-0,4999999999999997;-0,8660254037844388;-0,19443122004766195;-0,9809161537413774;40,0;73,0;56,0;56,0;0;56,0;56,0;56,0;40,0;51,0;73,0;39,0;49,0;50,714285714285715;11,190982764623334;40,0;73,0;16,0;1,0;30,9;0,7843078791666667;3,00068;0;73,0;67,0;43,0;73,0;67,0;43,0
2021-07-14;73,0;1,84;176,299;47,76;128,541;5,0;6,240622791666667;0,816667;14,275;84,23960833333332;0,3616988708333333;1,11754;7;195;2;-0,4999999999999997;-0,8660254037844388;-0,2112757555821793;-0,9774264960104055;56,0;67,0;73,0;73,0;0;73,0;73,0;73,0;56,0;40,0;51,0;42,0;56,333333333333336;55,142857142857146;13,133019092203893;40,0;73,0;17,0;1,51;38,76;0,3748246541666666;0,750124;0;67,0;43,0;65,0;67,0;43,0;65,0
2021-07-15;67,0;1,54;150,395;51,88;98,5131;5,0;7,749655125;0,283333;17,8;69,25349583333333;0,5184714874999999;1,19397;7;196;3;-0,4999999999999997;-0,8660254037844388;-0,2280577712215198;-0,9736476020539838;73,0;43,0;67,0;67,0;0;67,0;67,0;67,0;73,0;56,0;40,0;47,0;65,33333333333333;58,0;13,241349377360864;40,0;73,0;-6,0;1,84;47,76;0,3616988708333333;0,816667;0;43,0;65,0;40,0;43,0;65,0;40,0
2021-07-16;43,0;1,49;106,467;32,89;73,5769;8,0;7,329165;2,55833;15,075;67,1316375;0,4996824541666667;1,50515;7;197;4;-0,4999999999999997;-0,8660254037844388;-0,24477230089725957;-0,9695805901076308;67,0;65,0;43,0;43,0;0;43,0;43,0;43,0;67,0;73,0;56,0;46,0;61,0;57,57142857142857;13,733864992020607;40,0;73,0;-24,0;1,54;51,88;0,5184714874999999;0,283333;0;65,0;40,0;40,0;65,0;40,0;40,0
2021-07-17;65,0;2,18;145,467;43,63;101,834;8,0;8,193933954545455;0,566667;18,7833;66,87499583333333;0,2949607791666667;0,751658;7;198;5;-0,4999999999999997;-0,8660254037844388;-0,2614143985111562;-0,965226663665613;43,0;40,0;65,0;65,0;0;65,0;65,0;65,0;43,0;67,0;73,0;73,0;58,333333333333336;56,42857142857143;12,514753198487341;40,0;73,0;22,0;1,49;32,89;0,4996824541666667;2,55833;1;40,0;40,0;48,0;40,0;40,0;48,0
2021-07-18;40,0;1,97;153,461;44,51;108,948;7,0;10,68541;1,09167;24,6;45,201391666666666;0,5267781875;0,841351;7;199;6;-0,4999999999999997;-0,8660254037844388;-0,2779791393987801;-0,9605871111248129;65,0;40,0;40,0;40,0;0;40,0;40,0;40,0;65,0;43,0;67,0;51,0;49,333333333333336;54,857142857142854;13,921548901236717;40,0;73,0;-25,0;2,18;43,63;0,2949607791666667;0,566667;1;40,0;48,0;45,0;40,0;48,0;45,0
2021-07-19;40,0;1,9;209,535;55,97;153,564;4,0;11,368403333333331;2,53333;24,0;40,92014583333333;0,6186159583333334;1,58248;7;200;0;-0,4999999999999997;-0,8660254037844388;-0,2944616217868012;-0,9556633054034704;40,0;48,0;40,0;40,0;0;40,0;40,0;40,0;40,0;65,0;43,0;40,0;48,333333333333336;54,857142857142854;13,921548901236717;40,0;73,0;0,0;1,97;44,51;0,5267781875;1,09167;0;48,0;45,0;67,0;48,0;45,0;67,0
2021-07-20;48,0;2,51;247,593;71,59;176,006;3,0;13,73646375;4,175;27,7333;39,19445;0,4777571258333333;1,04047;7;201;1;-0,4999999999999997;-0,8660254037844388;-0,3108569682435036;-0,9504567035349151;40,0;45,0;48,0;48,0;0;48,0;48,0;48,0;40,0;40,0;65,0;56,0;42,666666666666664;53,714285714285715;14,138768047632835;40,0;73,0;8,0;1,9;55,97;0,6186159583333334;2,53333;0;45,0;67,0;60,0;45,0;67,0;60,0
2021-07-21;45,0;1,64;184,704;62,7;122,006;5,0;13,448617083333334;5,96667;25,3917;46,239575;0,5887860583333334;1,92574;7;202;2;-0,4999999999999997;-0,8660254037844388;-0,3271603271220951;-0,9449688462364056;48,0;67,0;45,0;45,0;0;45,0;45,0;45,0;48,0;40,0;40,0;73,0;44,333333333333336;49,714285714285715;11,484979839109988;40,0;67,0;-3,0;2,51;71,59;0,4777571258333333;4,175;0;67,0;60,0;38,0;67,0;60,0;38,0
2021-07-22;67,0;1,81;184,579;73,46;111,122;6,0;12,925352083333337;3,89167;25,5167;53,9027875;0,4199775541666666;1,33034;7;203;3;-0,4999999999999997;-0,8660254037844388;-0,34336687399638804;-0,939201357453208;45,0;60,0;67,0;67,0;0;67,0;67,0;67,0;45,0;48,0;40,0;67,0;53,333333333333336;49,714285714285715;11,484979839109988;40,0;67,0;22,0;1,64;62,7;0,5887860583333334;5,96667;0;60,0;38,0;31,0;60,0;38,0;31,0
2021-07-23;60,0;1,66;153,238;52,7;100,539;8,0;10,20694875;4,71667;20,4167;67,16319166666666;0,8654329166666667;2,51574;7;204;4;-0,4999999999999997;-0,8660254037844388;-0,3594718130884232;-0,9331559438780432;67,0;38,0;60,0;60,0;0;60,0;60,0;60,0;67,0;45,0;48,0;43,0;57,333333333333336;52,142857142857146;11,62509600574801;40,0;67,0;-7,0;1,81;73,46;0,4199775541666666;3,89167;0;38,0;31,0;13,0;38,0;31,0;13,0
2021-07-24;38,0;0,87;36,4829;21,86;14,6232;7,0;7,656944583333334;5,025;10,7667;87,25667916666667;0,6540339708333333;1,8174;7;205;5;-0,4999999999999997;-0,8660254037844388;-0,3754703786876202;-0,9268343944460494;60,0;31,0;38,0;38,0;0;38,0;38,0;38,0;60,0;67,0;45,0;65,0;55,0;48,285714285714285;11,116268644263211;38,0;67,0;-22,0;1,66;52,7;0,8654329166666667;4,71667;1;31,0;13,0;36,0;31,0;13,0;36,0
2021-07-25;31,0;1,13;53,91;19,36;34,5537;11,0;9,80521375;5,10833;16,4833;76,90002083333333;0,9090284875;3,04614;7;206;6;-0,4999999999999997;-0,8660254037844388;-0,3913578365610259;-0,9202385798054075;38,0;13,0;31,0;31,0;0;31,0;31,0;31,0;38,0;60,0;67,0;40,0;43,0;47,0;12,649110640673548;31,0;67,0;-7,0;0,87;21,86;0,6540339708333333;5,025;1;13,0;36,0;43,0;13,0;36,0;43,0
2021-07-26;13,0;0,77;53,2144;22,37;30,8466;8,0;9,51076125;5,10833;14,7583;77,57293333333332;0,5837342625;1,47635;7;207;0;-0,4999999999999997;-0,8660254037844388;-0,4071294853542516;-0,9133704517637858;31,0;36,0;13,0;13,0;0;13,0;13,0;13,0;31,0;38,0;60,0;40,0;27,333333333333332;43,142857142857146;18,087090897733045;13,0;67,0;-18,0;1,13;19,36;0,9090284875;5,10833;0;36,0;43,0;40,0;36,0;43,0;40,0
2021-07-27;36,0;1,21;113,779;34,69;79,0873;5,0;8,261806250000001;1,61667;17,425;74,006275;0,4774339458333334;1,63181;7;208;1;-0,4999999999999997;-0,8660254037844388;-0,4227806579826773;-0,9062320427107697;13,0;43,0;36,0;36,0;0;36,0;36,0;36,0;13,0;31,0;38,0;48,0;26,666666666666668;41,42857142857143;18,11865652540813;13,0;67,0;23,0;0,77;22,37;0,5837342625;5,10833;0;43,0;40,0;53,0;43,0;40,0;53,0
2021-07-28;43,0;2,06;226,996;53,7;173,297;4,0;10,485764166666668;1,44167;22,975;51,336825;0,4718779083333333;0,868593;7;209;2;-0,4999999999999997;-0,8660254037844388;-0,4383067230125192;-0,898825465016444;36,0;40,0;43,0;43,0;0;43,0;43,0;43,0;36,0;13,0;31,0;45,0;30,666666666666668;41,142857142857146;18,06865214885136;13,0;67,0;7,0;1,21;34,69;0,4774339458333334;1,61667;0;40,0;53,0;67,0;40,0;53,0;67,0
2021-07-29;40,0;1,88;209,319;58,21;151,108;5,0;11,3829875;2,89167;23,325;40,440979166666665;0,5820006999999999;1,03952;7;210;3;-0,4999999999999997;-0,8660254037844388;-0,45370308603134424;-0,8911529104063088;43,0;53,0;40,0;40,0;0;40,0;40,0;40,0;43,0;36,0;13,0;67,0;39,666666666666664;37,285714285714285;14,067862734074495;13,0;60,0;-3,0;2,06;53,7;0,4718779083333333;1,44167;0;53,0;67,0;59,0;53,0;67,0;59,0
2021-07-30;53,0;1,63;170,264;56,86;113,402;6,0;10,534374583333332;1,89167;22,5667;52,3645875;0,56444225;1,76638;7;211;4;-0,4999999999999997;-0,8660254037844388;-0,46896519100763184;-0,8832166493127127;40,0;67,0;53,0;53,0;0;53,0;53,0;53,0;40,0;43,0;36,0;60,0;45,333333333333336;36,285714285714285;12,324964985944662;13,0;53,0;13,0;1,88;58,21;0,5820006999999999;2,89167;0;67,0;59,0;34,0;67,0;59,0;34,0
2021-07-31;67,0;1,96;151,951;50,35;101,598;9,0;11,15242375;2,775;23,075;59,23643333333334;0,51527315;1,34793;7;212;5;-0,4999999999999997;-0,8660254037844388;-0,48408852163897587;-0,8750190302029955;53,0;59,0;67,0;67,0;0;67,0;67,0;67,0;53,0;40,0;43,0;38,0;53,333333333333336;40,42857142857143;16,98879182340663;13,0;67,0;14,0;1,63;56,86;0,56444225;1,89167;1;59,0;34,0;44,0;59,0;34,0;44,0
2021-08-01;59,0;2,09;139,325;46,9;92,4252;14,0;14,162378333333336;4,85833;27,1583;42,45485416666667;0,6184457916666667;1,15903;8;213;6;-0,8660254037844385;-0,5000000000000004;-0,4990686026885319;-0,8665624788845385;67,0;34,0;59,0;59,0;0;59,0;59,0;59,0;67,0;53,0;40,0;31,0;59,666666666666664;44,42857142857143;17,681036384189934;13,0;67,0;-8,0;1,96;50,35;0,51527315;2,775;1;34,0;44,0;52,0;34,0;44,0;52,0
2021-08-02;34,0;1,6;155,475;53,52;101,956;9,0;15,023957916666667;5,875;27,3833;37,22569166666667;0,5300345916666667;1,49518;8;214;0;-0,8660254037844385;-0,5000000000000004;-0,5139010013093103;-0,8578494977869301;59,0;44,0;34,0;34,0;0;34,0;34,0;34,0;59,0;67,0;53,0;13,0;53,333333333333336;47,42857142857143;12,474736374731473;34,0;67,0;-25,0;2,09;46,9;0,6184457916666667;4,85833;0;44,0;52,0;51,0;44,0;52,0;51,0
2021-08-03;44,0;1,68;170,696;55,68;115,011;7,0;13,063199166666664;4,85;23,5333;51,82640416666666;0,5215031833333333;1,83314;8;215;1;-0,8660254037844385;-0,5000000000000004;-0,5285813283559292;-0,8488826652214553;34,0;52,0;44,0;44,0;0;44,0;44,0;44,0;34,0;59,0;67,0;36,0;45,666666666666664;48,57142857142857;11,588171308956182;34,0;67,0;10,0;1,6;53,52;0,5300345916666667;5,875;0;52,0;51,0;61,0;52,0;51,0;61,0
2021-08-04;52,0;1,56;144,452;49,78;94,6694;7,0;11,340279583333334;5,175;21,3833;62,25695;0,7237760833333334;1,72675;8;216;2;-0,8660254037844385;-0,5000000000000004;-0,5431052396834317;-0,8396646346181327;44,0;51,0;52,0;52,0;0;52,0;52,0;52,0;44,0;34,0;59,0;43,0;43,333333333333336;49,857142857142854;11,364103886486529;34,0;67,0;8,0;1,68;55,68;0,5215031833333333;4,85;0;51,0;61,0;44,0;51,0;61,0;44,0
2021-08-05;51,0;1,14;79,3904;35,72;43,6741;4,0;8,819094583333333;5,74167;16,0917;85,52085833333332;0,7326369429166667;1,99356;8;217;3;-0,8660254037844385;-0,5000000000000004;-0,5574684374327892;-0,8301981337405212;52,0;61,0;51,0;51,0;0;51,0;51,0;51,0;52,0;44,0;34,0;40,0;49,0;51,42857142857143;10,50170054256526;34,0;67,0;-1,0;1,56;49,78;0,7237760833333334;5,175;0;61,0;44,0;34,0;61,0;44,0;34,0
2021-08-06;61,0;1,59;132,167;38,11;94,056;8,0;10,385412083333334;4,91667;17,6;78,13194583333333;0,8356639916666667;1,94379;8;218;4;-0,8660254037844385;-0,5000000000000004;-0,5716666713027052;-0,8204859638785327;51,0;44,0;61,0;61,0;0;61,0;61,0;61,0;51,0;52,0;44,0;53,0;54,666666666666664;52,57142857142857;11,118410300895038;34,0;67,0;10,0;1,14;35,72;0,7326369429166667;5,74167;0;44,0;34,0;28,0;44,0;34,0;28,0
2021-08-07;44,0;0,84;33,2758;24,22;9,05376;5,0;8,765694583333334;7,75833;9,34166;87,86463333333334;0,7775152916666667;1,73853;8;219;5;-0,8660254037844385;-0,5000000000000004;-0,5856957398073508;-0,8105309990194823;61,0;34,0;44,0;44,0;0;44,0;44,0;44,0;61,0;51,0;52,0;67,0;52,0;49,285714285714285;9,411239481143259;34,0;61,0;-17,0;1,59;38,11;0,8356639916666667;4,91667;1;34,0;28,0;40,0;34,0;28,0;40,0
2021-08-08;34,0;0,73;26,1832;18,7;7,48083;11,0;9,562499583333333;4,95833;13,075;76,1247125;0,7123205416666667;2,01587;8;220;6;-0,8660254037844385;-0,5000000000000004;-0,5995514915196489;-0,8003361849976323;44,0;28,0;34,0;34,0;0;34,0;34,0;34,0;44,0;61,0;51,0;59,0;46,333333333333336;45,714285714285715;9,844021632684615;34,0;61,0;-10,0;0,84;24,22;0,7775152916666667;7,75833;1;28,0;40,0;41,0;28,0;40,0;41,0
2021-08-09;28,0;1,07;71,8834;27,99;43,894;7,0;8,33784;2,725;15,475;79,1139125;0,5334892458333333;1,68509;8;221;0;-0,8660254037844385;-0,5000000000000004;-0,6132298262997502;-0,7899045386224707;34,0;40,0;28,0;28,0;0;28,0;28,0;28,0;34,0;44,0;61,0;34,0;35,333333333333336;44,857142857142854;11,20161552974352;28,0;61,0;-6,0;0,73;18,7;0,7123205416666667;4,95833;0;40,0;41,0;39,0;40,0;41,0;39,0
2021-08-10;40,0;1,33;119,857;41,56;78,3003;7,0;9,968052916666666;2,375;19,5;67,72917916666667;0,4094840374999999;1,31274;8;222;1;-0,8660254037844385;-0,5000000000000004;-0,6267266965083301;-0,7792391467859886;28,0;41,0;40,0;40,0;0;40,0;40,0;40,0;28,0;34,0;44,0;44,0;34,0;44,285714285714285;11,353623294119044;28,0;61,0;12,0;1,07;27,99;0,5334892458333333;2,725;0;41,0;39,0;71,0;41,0;39,0;71,0
2021-08-11;41,0;1,3;124,83;44,46;80,3662;8,0;10,65832875;3,3;19,8583;58,77430416666667;0,733460025;2,03067;8;223;2;-0,8660254037844385;-0,5000000000000004;-0,6400381082043503;-0,7683431655492202;40,0;39,0;41,0;41,0;0;41,0;41,0;41,0;40,0;28,0;34,0;52,0;36,333333333333336;42,714285714285715;10,858395917664932;28,0;61,0;1,0;1,33;41,56;0,4094840374999999;2,375;0;39,0;71,0;81,0;39,0;71,0;81,0
2021-08-12;39,0;0,81;56,9621;28,02;28,9438;4,0;5,620837916666667;2,49167;10,8417;90,06597916666665;0,8094968499999999;2,0561;8;224;3;-0,8660254037844385;-0,5000000000000004;-0,65316012232693;-0,7572198192083127;41,0;71,0;39,0;39,0;0;39,0;39,0;39,0;41,0;40,0;28,0;51,0;40,0;41,0;10,26320287889379;28,0;61,0;-2,0;1,3;44,46;0,733460025;3,3;0;71,0;81,0;57,0;71,0;81,0;57,0
2021-08-13;71,0;1,24;105,437;49,88;55,5525;6,0;8,204859583333333;2,84167;16,9167;77,89588333333333;0,5698253291666666;1,55084;8;225;4;-0,8660254037844385;-0,5000000000000004;-0,666088855860977;-0,7458723993404063;39,0;81,0;71,0;71,0;0;71,0;71,0;71,0;39,0;41,0;40,0;61,0;50,333333333333336;42,42857142857143;13,648652471424233;28,0;71,0;32,0;0,81;28,02;0,8094968499999999;2,49167;0;81,0;57,0;40,0;81,0;57,0;40,0
2021-08-14;81,0;1,77;132,389;45,6;86,7875;15,0;9,6256875;1,59167;19,6833;63,624675;0,6692508250000001;1,44721;8;226;5;-0,8660254037844385;-0,5000000000000004;-0,6788204829862355;-0,734304263829602;71,0;57,0;81,0;81,0;0;81,0;81,0;81,0;71,0;39,0;41,0;44,0;63,666666666666664;47,714285714285715;20,03092846670109;28,0;81,0;10,0;1,24;49,88;0,5698253291666666;2,84167;1;57,0;40,0;23,0;57,0;40,0;23,0
2021-08-15;57,0;0,86;33,8904;23,67;10,2239;10,0;8,30622125;6,05833;11,9667;82,44792916666667;0,6701138750000001;1,87395;8;227;6;-0,8660254037844385;-0,5000000000000004;-0,6913512362094071;-0,722518835873311;81,0;40,0;57,0;57,0;0;57,0;57,0;57,0;81,0;71,0;39,0;34,0;69,66666666666667;51,0;19,278658321228367;28,0;81,0;-24,0;1,77;45,6;0,6692508250000001;1,59167;1;40,0;23,0;9,0;40,0;23,0;9,0
2021-08-16;40,0;0,93;69,7111;31,83;37,8801;6,0;11,067010833333336;7,35833;17,4583;74,24340416666666;0,6643265291666667;1,72554;8;228;0;-0,8660254037844385;-0,5000000000000004;-0,7036774074790128;-0,7105196029692745;57,0;23,0;40,0;40,0;0;40,0;40,0;40,0;57,0;81,0;71,0;28,0;59,333333333333336;52,714285714285715;17,327379929986424;39,0;81,0;-17,0;0,86;23,67;0,6701138750000001;6,05833;0;23,0;9,0;7,0;23,0;9,0;7,0
2021-08-17;23,0;1,22;102,679;31,23;71,4438;4,0;13,480205416666664;9,01668;19,3083;74,34060416666667;0,6599987916666666;1,81475;8;229;1;-0,8660254037844385;-0,5000000000000004;-0,7157953492826642;-0,6983101158835584;40,0;9,0;23,0;23,0;0;23,0;23,0;23,0;40,0;57,0;81,0;40,0;40,0;50,285714285714285;20,33645565410624;23,0;81,0;-17,0;0,93;31,83;0,6643265291666667;7,35833;0;9,0;7,0;22,0;9,0;7,0;22,0
2021-08-18;9,0;0,79;53,3846;19,16;34,2257;4,0;12,525890416666668;9,175;14,65;91,086125;0,8477342791666667;1,50866;8;230;2;-0,8660254037844385;-0,5000000000000004;-0,7277014757264236;-0,6858939875998223;23,0;7,0;9,0;9,0;0;9,0;9,0;9,0;23,0;40,0;57,0;41,0;24,0;45,714285714285715;25,669140264230954;9,0;81,0;-14,0;1,22;31,23;0,6599987916666666;9,01668;0;7,0;22,0;20,0;7,0;22,0;20,0
2021-08-19;7,0;0,66;31,0235;16,17;14,8512;12,0;10,41451625;8,94167;13,5583;87,79795833333333;1,0861950833333334;2,82578;8;231;3;-0,8660254037844385;-0,5000000000000004;-0,7393922635959241;-0,673274892250183;9,0;22,0;7,0;7,0;0;7,0;7,0;7,0;9,0;23,0;40,0;39,0;13,0;41,142857142857146;29,610969653314704;7,0;81,0;-2,0;0,79;19,16;0,8477342791666667;9,175;0;22,0;20,0;10,0;22,0;20,0;10,0
2021-08-20;22,0;1,15;94,2885;34,91;59,3801;2,0;9,54378125;5,31667;12,85;82,1180625;0,402704575;1,04068;8;232;4;-0,8660254037844385;-0,5000000000000004;-0,7508642533989489;-0,6604565640279754;7,0;20,0;22,0;22,0;0;22,0;22,0;22,0;7,0;9,0;23,0;71,0;12,666666666666666;34,142857142857146;27,058138464108303;7,0;81,0;15,0;0,66;16,17;1,0861950833333334;8,94167;0;20,0;10,0;12,0;20,0;10,0;12,0
2021-08-21;20,0;1,28;83,7422;21,04;62,7019;9,0;11,001394583333337;7,28333;18,3167;78,30557916666667;1,2362295458333332;4,53779;8;233;5;-0,8660254037844385;-0,5000000000000004;-0,7621140503891487;-0,6474427960827475;22,0;10,0;20,0;20,0;0;20,0;20,0;20,0;22,0;7,0;9,0;81,0;16,333333333333332;25,428571428571427;17,633841922632193;7,0;57,0;-2,0;1,15;34,91;0,402704575;5,31667;1;10,0;12,0;17,0;10,0;12,0;17,0
2021-08-22;10,0;0,59;14,4494;10,81;3,63477;18,0;11,732294166666668;8,48334;17,3417;70,66319583333333;0,8803880416666666;2,16535;8;234;6;-0,8660254037844385;-0,5000000000000004;-0,7731383255706026;-0,6342374393978054;20,0;12,0;10,0;10,0;0;10,0;10,0;10,0;20,0;22,0;7,0;57,0;17,333333333333332;18,714285714285715;11,484979839109913;7,0;40,0;-10,0;1,28;21,04;1,2362295458333332;7,28333;1;12,0;17,0;12,0;12,0;17,0;12,0
2021-08-23;12,0;0,69;37,5732;21,05;16,5225;7,0;9,553441666666666;5,94167;15,25;76,238975;1,0840820791666668;3,49622;8;235;0;-0,8660254037844385;-0,5000000000000004;-0,7839338166829201;-0,620844401650647;10,0;17,0;12,0;12,0;0;12,0;12,0;12,0;10,0;20,0;22,0;40,0;14,0;14,714285714285714;6,725927091345417;7,0;23,0;2,0;0,59;10,81;0,8803880416666666;8,48334;0;17,0;12,0;18,0;17,0;12,0;18,0
2021-08-24;17,0;0,8;50,1555;22,45;27,71;11,0;9,592018333333334;3,25;15,925;75,4764125;0,7715705166666668;2,38244;8;236;1;-0,8660254037844385;-0,5000000000000004;-0,7944973291665992;-0,6072676460566135;12,0;12,0;17,0;17,0;0;17,0;17,0;17,0;12,0;10,0;20,0;23,0;13,0;13,857142857142858;5,814595756329304;7,0;22,0;5,0;0,69;21,05;1,0840820791666668;5,94167;0;12,0;18,0;34,0;12,0;18,0;34,0
2021-08-25;12,0;0,6;25,5119;18,74;6,76903;13,0;9,836460416666666;6,50833;14,575;71,5868125;1,1000577916666667;2,73018;8;237;2;-0,8660254037844385;-0,5000000000000004;-0,8048257371083452;-0,593511190196115;17,0;18,0;12,0;12,0;0;12,0;12,0;12,0;17,0;12,0;10,0;9,0;13,666666666666666;14,285714285714286;5,498917642417842;7,0;22,0;-5,0;0,8;22,45;0,7715705166666668;3,25;0;18,0;34,0;35,0;18,0;34,0;35,0
2021-08-26;18,0;0,69;46,7515;27,87;18,8859;10,0;9,780205416666666;3,86667;16,5833;71,66319166666666;0,53144925;2,0219;8;238;3;-0,8660254037844385;-0,5000000000000004;-0,8149159841660791;-0,5795791048257612;12,0;34,0;18,0;18,0;0;18,0;18,0;18,0;12,0;17,0;12,0;7,0;15,666666666666666;15,857142857142858;4,561745697594603;10,0;22,0;6,0;0,6;18,74;1,1000577916666667;6,50833;0;34,0;35,0;32,0;34,0;35,0;32,0
2021-08-27;34,0;1,12;91,4275;37,79;53,6324;3,0;10,3645775;6,925;14,9083;73,06912083333333;0,6984229083333333;1,88279;8;239;4;-0,8660254037844385;-0,5000000000000004;-0,8247650844733614;-0,5654755126737576;18,0;35,0;34,0;34,0;0;34,0;34,0;34,0;18,0;12,0;17,0;22,0;21,333333333333332;17,571428571428573;8,121107126025374;10,0;34,0;16,0;0,69;27,87;0,53144925;3,86667;0;35,0;32,0;20,0;35,0;32,0;20,0
2021-08-28;35,0;1,14;80,55;38,92;41,6255;7,0;14,174313333333332;9,33333;22,6833;64,08713333333334;0,5689063875;1,93762;8;240;5;-0,8660254037844385;-0,5000000000000004;-0,8343701235229538;-0,5512045872199277;34,0;32,0;35,0;35,0;0;35,0;35,0;35,0;34,0;18,0;12,0;20,0;29,0;19,714285714285715;10,49943309127186;10,0;35,0;1,0;1,12;37,79;0,6984229083333333;6,925;1;32,0;20,0;26,0;32,0;20,0;26,0
2021-08-29;32,0;1,38;72,9366;23,85;49,0861;19,0;15,073614999999998;7,21667;25,25;63,31944583333333;1,1097618333333334;2,97136;8;241;6;-0,8660254037844385;-0,5000000000000004;-0,8437282590292712;-0,5367705514607103;35,0;20,0;32,0;32,0;0;32,0;32,0;32,0;35,0;34,0;18,0;10,0;33,666666666666664;22,857142857142858;10,399175791516203;12,0;35,0;-3,0;1,14;38,92;0,5689063875;9,33333;1;20,0;26,0;33,0;20,0;26,0;33,0
2021-08-30;20,0;0,71;38,5408;20,8;17,7436;7,0;10,11180375;7,55;14,0917;87,2528125;0,8758976416666666;1,98461;8;242;0;-0,8660254037844385;-0,5000000000000004;-0,8528367217694595;-0,522177676659508;32,0;26,0;20,0;20,0;0;20,0;20,0;20,0;32,0;35,0;34,0;12,0;29,0;24,0;9,398581453247767;12,0;35,0;-12,0;1,38;23,85;1,1097618333333334;7,21667;0;26,0;33,0;26,0;26,0;33,0;26,0
2021-08-31;26,0;0,74;37,4147;24,97;12,4426;10,0;11,942018333333332;8,325;18,25;75,55210833333334;0,8322292375;1,65843;8;243;1;-0,8660254037844385;-0,5000000000000004;-0,8616928164028522;-0,5074302810827518;20,0;33,0;26,0;26,0;0;26,0;26,0;26,0;20,0;32,0;35,0;17,0;26,0;25,285714285714285;8,882835240212527;12,0;35,0;6,0;0,71;20,8;0,8758976416666666;7,55;0;33,0;26,0;22,0;33,0;26,0;22,0
2021-09-01;33,0;1,0;79,152;39,04;40,1116;5,0;11,611453333333332;5,78333;17,975;76,69029166666667;0,4175543083333333;1,45444;9;244;2;-1,0;-1,8369701987210297e-16;-0,8702939222685674;-0,49253272872205434;26,0;26,0;33,0;33,0;0;33,0;33,0;33,0;26,0;20,0;32,0;12,0;26,333333333333332;28,285714285714285;6,9931939701942865;18,0;35,0;7,0;0,74;24,97;0,8322292375;8,325;0;26,0;22,0;14,0;26,0;22,0;14,0
2021-09-02;26,0;0,8;50,4309;23,93;26,5017;13,0;12,31597875;5,56667;20,5917;80,38194166666666;0,9736233083333332;2,5105;9;245;3;-1,0;-1,8369701987210297e-16;-0,8786374941610001;-0,4774894280028391;33,0;22,0;26,0;26,0;0;26,0;26,0;26,0;33,0;26,0;20,0;18,0;28,333333333333332;29,428571428571427;5,5334480768366765;20,0;35,0;-7,0;1,0;39,04;0,4175543083333333;5,78333;0;22,0;14,0;16,0;22,0;14,0;16,0
2021-09-03;22,0;0,68;29,6913;20,44;9,25282;8,0;9,961083333333333;8,39091;12,5583;88,65214166666668;1,120082375;2,11093;9;246;4;-1,0;-1,8369701987210297e-16;-0,886721063082993;-0,46230483047981086;26,0;14,0;22,0;22,0;0;22,0;22,0;22,0;26,0;33,0;26,0;34,0;27,0;27,714285714285715;5,736267244886844;20,0;35,0;-4,0;0,8;23,93;0,9736233083333332;5,56667;0;14,0;16,0;7,0;14,0;16,0;7,0
2021-09-04;14,0;0,64;24,9459;16,15;8,79498;18,0;12,401735;5,78333;20,7583;65,2013875;0,8431948833333333;2,06267;9;247;5;-1,0;-1,8369701987210297e-16;-0,8945422369764496;-0,4469834295196741;22,0;16,0;14,0;14,0;0;14,0;14,0;14,0;22,0;26,0;33,0;35,0;20,666666666666668;24,714285714285715;6,701101544131497;14,0;33,0;-8,0;0,68;20,44;1,120082375;8,39091;1;16,0;7,0;6,0;16,0;7,0;6,0
2021-09-05;16,0;0,79;29,1612;14,88;14,2806;18,0;11,801045;4,91667;19,2917;69,3226125;1,0235349583333333;2,88003;9;248;6;-1,0;-1,8369701987210297e-16;-0,9020987014301837;-0,43152975897147144;14,0;7,0;16,0;16,0;0;16,0;16,0;16,0;14,0;22,0;26,0;32,0;17,333333333333332;22,428571428571427;6,528326555791087;14,0;33,0;2,0;0,64;16,15;0,8431948833333333;5,78333;1;7,0;6,0;12,0;7,0;6,0;12,0
2021-09-06;7,0;0,55;18,5605;13,76;4,7968;14,0;10,57708125;8,14168;14,675;73,63890833333333;1,1904867833333337;2,38196;9;249;0;-1,0;-1,8369701987210297e-16;-0,9093882203647925;-0,4159483918249421;16,0;6,0;7,0;7,0;0;7,0;7,0;7,0;16,0;14,0;22,0;20,0;12,333333333333334;20,571428571428573;8,791229395580215;7,0;33,0;-9,0;0,79;14,88;1,0235349583333333;4,91667;0;6,0;12,0;27,0;6,0;12,0;27,0
2021-09-07;6,0;0,55;20,4309;15,14;5,28931;16,0;9,13228625;5,35833;13,4583;72,53819166666666;1,1662726666666667;3,05804;9;250;1;-1,0;-1,8369701987210297e-16;-0,9164086366943458;-0,4002439388573056;7,0;12,0;6,0;6,0;0;6,0;6,0;6,0;7,0;16,0;14,0;26,0;9,666666666666666;17,714285714285715;9,911513266807166;6,0;33,0;-1,0;0,55;13,76;1,1904867833333337;8,14168;0;12,0;27,0;33,0;12,0;27,0;33,0
2021-09-08;12,0;0,79;66,1252;26,45;39,6718;10,0;9,726735;2,35833;18,625;65,30277916666667;0,4647186958333333;1,30686;9;251;2;-1,0;-1,8369701987210297e-16;-0,9231578729647039;-0,38442104726885545;6,0;27,0;12,0;12,0;0;12,0;12,0;12,0;6,0;7,0;16,0;33,0;8,333333333333334;14,714285714285714;7,364651739090879;6,0;26,0;6,0;0,55;15,14;1,1662726666666667;5,35833;0;27,0;33,0;19,0;27,0;33,0;19,0
2021-09-09;27,0;1,0;103,873;39,43;64,4426;13,0;13,685073333333332;4,125;24,0833;53,5416625;0,5933078374999999;1,89657;9;252;3;-1,0;-1,8369701987210297e-16;-0,9296339319682695;-0,3684843993077793;12,0;33,0;27,0;27,0;0;27,0;27,0;27,0;12,0;6,0;7,0;26,0;15,0;14,857142857142858;7,6251463686185215;6,0;27,0;15,0;0,79;26,45;0,4647186958333333;2,35833;0;33,0;19,0;4,0;33,0;19,0;4,0
2021-09-10;33,0;1,17;101,821;35,43;66,3917;15,0;14,525000833333335;7,01667;23,0333;62,972225;1,0072854666666666;3,15716;9;253;4;-1,0;-1,8369701987210297e-16;-0,9358348973349941;-0,35243871088460327;27,0;19,0;33,0;33,0;0;33,0;33,0;33,0;27,0;12,0;6,0;22,0;24,0;16,428571428571427;10,080627342534134;6,0;33,0;6,0;1,0;39,43;0,5933078374999999;4,125;0;19,0;4,0;8,0;19,0;4,0;8,0
2021-09-11;19,0;0,65;17,7168;13,31;4,41139;13,0;10,418089583333334;8,44167;13,2917;82,77434583333333;1,1793525833333334;2,53888;9;254;5;-1,0;-1,8369701987210297e-16;-0,9417589340994617;-0,33628873017668287;33,0;4,0;19,0;19,0;0;19,0;19,0;19,0;33,0;27,0;12,0;14,0;26,333333333333332;17,142857142857142;10,05698051817027;6,0;33,0;-14,0;1,17;35,43;1,0072854666666666;7,01667;1;4,0;8,0;18,0;4,0;8,0;18,0
2021-09-12;4,0;0,53;7,87996;6,01;1,87171;19,0;11,458335;8,46666;14,475;73,34725;1,812912291666667;3,2309;9;255;6;-1,0;-1,8369701987210297e-16;-0,9474042892438845;-0,32003923622313857;19,0;8,0;4,0;4,0;0;4,0;4,0;4,0;19,0;33,0;27,0;16,0;18,666666666666668;15,428571428571429;11,237691679598326;4,0;33,0;-15,0;0,65;13,31;1,1793525833333334;8,44167;1;8,0;18,0;24,0;8,0;18,0;24,0
2021-09-13;8,0;0,64;31,5119;18,95;12,5584;11,0;8,784729166666667;4,44167;12,6667;74,8507125;1,0432500166666667;2,8895;9;256;0;-1,0;-1,8369701987210297e-16;-0,9527692922168511;-0,30369503751065885;4,0;18,0;8,0;8,0;0;8,0;8,0;8,0;4,0;19,0;33,0;7,0;10,333333333333334;15,571428571428571;11,118410300894944;4,0;33,0;4,0;0,53;6,01;1,812912291666667;8,46666;0;18,0;24,0;24,0;18,0;24,0;24,0
2021-09-14;18,0;0,92;88,7793;31,34;57,4438;9,0;10,8100725;1,85;20,6917;60,065962500000005;0,5872202416666666;1,96407;9;257;1;-1,0;-1,8369701987210297e-16;-0,9578523554276669;-0,28726097055059635;8,0;24,0;18,0;18,0;0;18,0;18,0;18,0;8,0;4,0;19,0;6,0;10,0;17,285714285714285;10,291003930849564;4,0;33,0;10,0;0,64;18,95;1,0432500166666667;4,44167;0;24,0;24,0;19,0;24,0;24,0;19,0
2021-09-15;24,0;0,94;86,0999;33,62;52,4785;11,0;12,685037083333334;3,79167;22,0167;55,97223333333333;0,6008202083333333;2,21659;9;258;2;-1,0;-1,8369701987210297e-16;-0,9626519747161487;-0,2707418984477642;18,0;24,0;24,0;24,0;0;24,0;24,0;24,0;18,0;8,0;4,0;12,0;16,666666666666668;19,0;10,263202878893738;4,0;33,0;6,0;0,92;31,34;0,5872202416666666;1,85;0;24,0;19,0;18,0;24,0;19,0;18,0
2021-09-16;24,0;0,99;85,5826;29,53;56,0572;17,0;14,690184166666668;6,13333;24,1;54,670141666666666;0,8504228041666666;2,51952;9;259;3;-1,0;-1,8369701987210297e-16;-0,9671667297977312;-0,2541427094613622;24,0;19,0;24,0;24,0;0;24,0;24,0;24,0;24,0;18,0;8,0;27,0;22,0;18,571428571428573;9,930712341974617;4,0;33,0;0,0;0,94;33,62;0,6008202083333333;3,79167;0;19,0;18,0;13,0;19,0;18,0;13,0
2021-09-17;19,0;0,8;34,542;17,99;16,5537;18,0;13,9236175;7,125;21,825;69,6250125;0,9550920333333334;2,45039;9;260;4;-1,0;-1,8369701987210297e-16;-0,97139528468375;-0,23746831555846842;24,0;18,0;19,0;19,0;0;19,0;19,0;19,0;24,0;24,0;18,0;33,0;22,333333333333332;16,571428571428573;7,699721701835302;4,0;24,0;-5,0;0,99;29,53;0,8504228041666666;6,13333;0;18,0;13,0;16,0;18,0;13,0;16,0
2021-09-18;18,0;0,69;14,8001;9,84;4,96347;18,0;12,55694125;6,95;18,6833;77,34028333333333;1,1132843125;3,09324;9;261;5;-1,0;-1,8369701987210297e-16;-0,9753363880767837;-0,2207236509605022;19,0;13,0;18,0;18,0;0;18,0;18,0;18,0;19,0;24,0;24,0;19,0;20,333333333333332;16,428571428571427;7,6563077014346055;4,0;24,0;-1,0;0,8;17,99;0,9550920333333334;7,125;1;13,0;16,0;21,0;13,0;16,0;21,0
2021-09-19;13,0;0,61;11,3198;8,43;2,89325;18,0;11,461809166666669;6,81667;17,1167;74,32292083333333;1,005152625;2,68335;9;262;6;-1,0;-1,8369701987210297e-16;-0,9789888737409319;-0,20391367068311472;18,0;16,0;13,0;13,0;0;13,0;13,0;13,0;18,0;19,0;24,0;4,0;16,666666666666668;17,714285714285715;5,7362672448868;8,0;24,0;-5,0;0,69;9,84;1,1132843125;6,95;1;16,0;21,0;14,0;16,0;21,0;14,0
2021-09-20;16,0;0,68;33,9147;20,89;13,0275;16,0;13,947250833333332;7,58333;21,2333;61,57985416666667;0,5519167904166666;1,69969;9;263;0;-1,0;-1,8369701987210297e-16;-0,9823516608469237;-0,18704334906991657;13,0;21,0;16,0;16,0;0;16,0;16,0;16,0;13,0;18,0;19,0;8,0;15,666666666666666;18,857142857142858;4,017817460121418;13,0;24,0;3,0;0,61;8,43;1,005152625;6,81667;0;21,0;14,0;23,0;21,0;14,0;23,0
2021-09-21;21,0;0,9;63,336;22,14;41,1996;16,0;12,451805833333331;6,68333;19,9167;71,28156666666666;1,4793719958333331;3,48766;9;264;1;-1,0;-1,8369701987210297e-16;-0,9854237542919524;-0,17011767832049052;16,0;14,0;21,0;21,0;0;21,0;21,0;21,0;16,0;13,0;18,0;18,0;16,666666666666668;19,285714285714285;4,070801956792786;13,0;24,0;5,0;0,68;20,89;0,5519167904166666;7,58333;0;14,0;23,0;23,0;14,0;23,0;23,0
2021-09-22;14,0;0,59;19,491;15,27;4,21926;21,0;12,89966125;9,125;19,9417;68,96532916666666;1,0894172;2,24482;9;265;2;-1,0;-1,8369701987210297e-16;-0,9882042449941422;-0,15314166701312007;21,0;23,0;14,0;14,0;0;14,0;14,0;14,0;21,0;16,0;13,0;24,0;17,0;17,857142857142858;3,8913824205359804;13,0;24,0;-7,0;0,9;22,14;1,4793719958333331;6,68333;0;23,0;23,0;16,0;23,0;23,0;16,0
2021-09-23;23,0;1,01;79,9135;37,18;42,7355;18,0;16,081948333333333;6,36667;26,8583;53,784425;0,5665264166666667;1,96544;9;266;3;-1,0;-1,8369701987210297e-16;-0,9906923101615609;-0,13612033862266704;14,0;23,0;23,0;23,0;0;23,0;23,0;23,0;14,0;21,0;16,0;24,0;19,333333333333332;17,714285714285715;3,63841933236049;13,0;23,0;9,0;0,59;15,27;1,0894172;9,125;0;23,0;16,0;15,0;23,0;16,0;15,0
2021-09-24;23,0;1,01;94,071;35,9;58,1741;27,0;18,283685;8,65833;31,0833;47,33682083333333;1,2262621166666663;2,91762;9;267;4;-1,0;-1,8369701987210297e-16;-0,9928872135356962;-0,11905873003404988;23,0;16,0;23,0;23,0;0;23,0;23,0;23,0;23,0;14,0;21,0;19,0;20,0;18,285714285714285;4,1518785191879815;13,0;23,0;0,0;1,01;37,18;0,5665264166666667;6,36667;0;16,0;15,0;15,0;16,0;15,0;15,0
2021-09-25;16,0;0,73;14,3591;11,42;2,94264;28,0;13,52326;9,7;20,8583;75,0958625;1,3884395416666668;3,32258;9;268;5;-1,0;-1,8369701987210297e-16;-0,994788305609327;-0,10196189005174576;23,0;15,0;16,0;16,0;0;16,0;16,0;16,0;23,0;23,0;14,0;18,0;20,666666666666668;18,0;4,242640687119207;13,0;23,0;-7,0;1,01;35,9;1,2262621166666663;8,65833;1;15,0;15,0;15,0;15,0;15,0;15,0
2021-09-26;15,0;0,47136877798269605;21,2989;14,18;7,11973;25,0;14,880552083333331;6,78333;23,9417;64,88889999999999;0,8959436041666667;2,55793;9;269;6;-1,0;-1,8369701987210297e-16;-0,9963950238187231;-0,08483487790576538;16,0;15,0;15,0;15,0;0;15,0;15,0;15,0;16,0;23,0;23,0;13,0;18,0;18,285714285714285;3,9036002917940493;14,0;23,0;-1,0;0,73;11,42;1,3884395416666668;9,7;1;15,0;15,0;17,0;15,0;15,0;17,0
2021-09-27;15,0;0,7241487970923561;52,9291;25,56;27,3729;19,0;16,888191666666668;8,36667;25,45;54,60416666666666;0,7807710416666667;2,59012;9;270;0;-1,0;-1,8369701987210297e-16;-0,9977068927101168;-0,06768276175455162;15,0;15,0;15,0;15,0;0;15,0;15,0;15,0;15,0;16,0;23,0;16,0;15,333333333333334;18,142857142857142;4,017817460121413;14,0;23,0;0,0;0,47136877798269605;14,18;0,8959436041666667;6,78333;0;15,0;17,0;8,0;15,0;17,0;8,0
2021-09-28;15,0;0,780156741042312;74,7074;30,23;44,4727;21,0;18,282285;9,98334;27,5167;40,20487083333333;1,0310601083333333;2,9155;9;271;1;-1,0;-1,8369701987210297e-16;-0,9987235240803972;-0,050510617185222886;15,0;17,0;15,0;15,0;0;15,0;15,0;15,0;15,0;15,0;16,0;21,0;15,0;17,285714285714285;3,9460649476950906;14,0;23,0;0,0;0,7241487970923561;25,56;0,7807710416666667;8,36667;0;17,0;8,0;12,0;17,0;8,0;12,0
2021-09-29;17,0;0,7672083112352215;82,6578;28,6;54,0572;18,0;14,910764166666668;8,28333;24,225;37,31944166666667;1,0002480041666668;2,80136;9;272;2;-1,0;-1,8369701987210297e-16;-0,9994446170919858;-0,033323525711631344;15,0;8,0;17,0;17,0;0;17,0;17,0;17,0;15,0;15,0;15,0;14,0;15,666666666666666;17,714285714285715;3,683941988064943;15,0;23,0;2,0;0,780156741042312;30,23;1,0310601083333333;9,98334;0;8,0;12,0;7,0;8,0;12,0;7,0
2021-09-30;8,0;0,3245149704213198;25,9667;15,68;10,2825;22,0;12,785769166666666;4,58333;20,2917;50,53819583333333;1,1818583041666666;2,32855;9;273;3;-1,0;-1,8369701987210297e-16;-0,9998699583618592;-0,016126573270657762;17,0;12,0;8,0;8,0;0;8,0;8,0;8,0;17,0;15,0;15,0;23,0;13,333333333333334;15,571428571428571;4,391550328268308;8,0;23,0;-9,0;0,7672083112352215;28,6;1,0002480041666668;8,28333;0;12,0;7,0;11,0;12,0;7,0;11,0
2021-10-01;12,0;0,71;39,3788;18,69;20,6857;20,0;13,979503333333334;6,86667;22,3333;60,521225;1,1181994291666666;3,04952;10;274;4;-0,8660254037844386;0,5000000000000001;-0,9999994220246925;0,001075151282798226;8,0;7,0;12,0;12,0;0;12,0;12,0;12,0;8,0;17,0;15,0;23,0;12,333333333333334;14,0;3,055050463303749;8,0;17,0;4,0;0,3245149704213198;15,68;1,1818583041666666;4,58333;0;7,0;11,0;16,0;7,0;11,0;16,0
2021-10-02;7,0;0,52;13,689;10,53;3,15463;24,0;12,60936875;6,975;18,375;56,760420833333335;1,3434921666666666;2,824;10;275;5;-0,8660254037844386;0,5000000000000001;-0,999832969770105;0,018276557681691223;12,0;11,0;7,0;7,0;0;7,0;7,0;7,0;12,0;8,0;17,0;16,0;9,0;12,714285714285714;3,8606685826111717;7,0;17,0;-5,0;0,71;18,69;1,1181994291666666;6,86667;1;11,0;16,0;16,0;11,0;16,0;16,0
2021-10-03;11,0;0,59;16,476;12,61;3,86986;23,0;13,3920125;4,90833;21,5833;51,402791666666666;0,8847197875;2,50699;10;276;6;-0,8660254037844386;0,5000000000000001;-0,9993706508539969;0,03547255575312556;7,0;16,0;11,0;11,0;0;11,0;11,0;11,0;7,0;12,0;8,0;15,0;10,0;12,142857142857142;3,7606990231679216;7,0;17,0;4,0;0,52;10,53;1,3434921666666666;6,975;1;16,0;16,0;18,0;16,0;16,0;18,0
2021-10-04;16,0;0,74;54,3626;25,31;29,0549;22,0;15,695838333333334;6,675;24,375;47,22223333333333;0,9626045791666668;2,84452;10;277;0;-0,8660254037844386;0,5000000000000001;-0,9986126020839734;0,052658056924614005;11,0;16,0;16,0;16,0;0;16,0;16,0;16,0;11,0;7,0;12,0;15,0;11,333333333333334;12,285714285714286;3,9036002917940076;7,0;17,0;5,0;0,59;12,61;0,8847197875;4,90833;0;16,0;18,0;16,0;16,0;18,0;16,0
2021-10-05;16,0;0,68;38,123;22,13;15,9889;21,0;15,434719583333331;7,375;22,825;53,43403333333333;0,933489975;2,9132;10;278;1;-0,8660254037844386;0,5000000000000001;-0,9975590477788613;0,06982797572987089;16,0;18,0;16,0;16,0;0;16,0;16,0;16,0;16,0;11,0;7,0;15,0;14,333333333333334;12,428571428571429;4,035556254807176;7,0;17,0;0,0;0,74;25,31;0,9626045791666668;6,675;0;18,0;16,0;10,0;18,0;16,0;10,0
2021-10-06;18,0;0,73;57,7701;27,87;29,8998;24,0;17,043749166666668;7,55;26,4583;45,70140833333334;0,7318422625;2,30522;10;279;2;-0,8660254037844386;0,5000000000000001;-0,9962102997023297;0,0869772313136861;16,0;16,0;18,0;18,0;0;18,0;18,0;18,0;16,0;16,0;11,0;17,0;16,666666666666668;12,571428571428571;4,237025012007835;7,0;18,0;2,0;0,68;22,13;0,933489975;7,375;0;16,0;10,0;15,0;16,0;10,0;15,0
2021-10-07;16,0;0,74;44,9991;19,79;25,2067;21,0;14,852397916666668;8,90833;22,125;56,11807916666667;1,52725725;3,06834;10;280;3;-0,8660254037844386;0,5000000000000001;-0,9945667569706337;0,1041007489354256;18,0;10,0;16,0;16,0;0;16,0;16,0;16,0;18,0;16,0;16,0;8,0;16,666666666666668;13,714285714285714;3,8606685826111793;7,0;18,0;-2,0;0,73;27,87;0,7318422625;7,55;0;10,0;15,0;10,0;10,0;15,0;10,0
2021-10-08;10,0;0,62;20,7712;15,5;5,27222;17,0;11,689937083333334;8,70833;15,5667;75,48265416666666;1,0448025083333332;2,00259;10;281;4;-0,8660254037844386;0,5000000000000001;-0,9926289059345095;0,121193461470736;16,0;15,0;10,0;10,0;0;10,0;10,0;10,0;16,0;18,0;16,0;12,0;14,666666666666666;13,428571428571429;4,076646614442648;7,0;18,0;-6,0;0,74;19,79;1,52725725;8,90833;0;15,0;10,0;17,0;15,0;10,0;17,0
2021-10-09;15,0;0,71;32,4113;13,45;18,9613;23,0;13,274339583333337;6,08333;20,9091;67,041675;1,3763654900000002;3,22455;10;282;5;-0,8660254037844386;0,5000000000000001;-0,9903973200352558;0,1382503109109819;10,0;10,0;15,0;15,0;0;15,0;15,0;15,0;10,0;16,0;18,0;7,0;13,666666666666666;14,571428571428571;2,935821455580495;10,0;18,0;5,0;0,62;15,5;1,0448025083333332;8,70833;1;10,0;17,0;15,0;10,0;17,0;15,0
2021-10-10;10,0;0,53;10,1357;8,1;2,0357;28,0;14,65833625;9,75;22,4667;64,86775416666667;0,8875316458333334;1,74415;10;283;6;-0,8660254037844386;0,5000000000000001;-0,9878726596350429;0,15526624985999563;15,0;17,0;10,0;10,0;0;10,0;10,0;10,0;15,0;10,0;16,0;11,0;11,666666666666666;14,428571428571429;3,154739442866891;10,0;18,0;-5,0;0,71;13,45;1,3763654900000002;6,08333;1;17,0;15,0;9,0;17,0;15,0;9,0
2021-10-11;17,0;0,75;32,7804;16,15;16,6324;28,0;16,837116666666667;8,55833;27,7;60,11490833333334;1,3006529458333334;3,65074;10;284;0;-0,8660254037844386;0,5000000000000001;-0,9850556718215013;0,172236243027682;10,0;15,0;17,0;17,0;0;17,0;17,0;17,0;10,0;15,0;10,0;16,0;14,0;14,571428571428571;3,258688021128561;10,0;18,0;7,0;0,53;8,1;0,8875316458333334;9,75;0;15,0;9,0;7,0;15,0;9,0;7,0
2021-10-12;15,0;0,58;15,2687;11,84;3,43096;26,0;12,95841;9,7;19,6167;72,0309875;1,4069782916666669;2,79158;10;285;1;-0,8660254037844386;0,5000000000000001;-0,981947190186646;0,18915526872004093;17,0;9,0;15,0;15,0;0;15,0;15,0;15,0;17,0;10,0;15,0;16,0;14,0;14,428571428571429;3,20713490294896;10,0;18,0;-2,0;0,75;16,15;1,3006529458333334;8,55833;0;9,0;7,0;13,0;9,0;7,0;13,0
2021-10-13;9,0;0,48;16,9519;12,34;4,61593;26,0;14,097225;9,95;21,1917;62,55555;1,405184166666667;2,89769;10;286;2;-0,8660254037844386;0,5000000000000001;-0,9785481345802031;0,20601832032517084;15,0;7,0;9,0;9,0;0;9,0;9,0;9,0;15,0;17,0;10,0;18,0;13,666666666666666;13,142857142857142;3,338091841584982;9,0;17,0;-6,0;0,58;11,84;1,4069782916666669;9,7;0;7,0;13,0;15,0;7,0;13,0;15,0
2021-10-14;7,0;0,52;17,9205;13,78;4,14305;15,0;11,277784166666668;7,76667;15,925;71,67017083333333;1,1134866458333332;2,43795;10;287;3;-0,8660254037844386;0,5000000000000001;-0,9748595108374125;0,22282040779479959;9,0;13,0;7,0;7,0;0;7,0;7,0;7,0;9,0;15,0;17,0;16,0;10,333333333333334;11,857142857142858;3,7606990231679194;7,0;17,0;-2,0;0,48;12,34;1,405184166666667;9,95;0;13,0;15,0;11,0;13,0;15,0;11,0
2021-10-15;13,0;0,49;31,3533;19,08;12,2684;18,0;12,767354583333336;4,66667;20,8583;55,96875;0,9241941208333334;2,36973;10;288;4;-0,8660254037844386;0,5000000000000001;-0,9708824104813836;0,23955655912092708;7,0;15,0;13,0;13,0;0;13,0;13,0;13,0;7,0;9,0;15,0;10,0;9,666666666666666;12,285714285714286;3,683941988064904;7,0;17,0;6,0;0,52;13,78;1,1134866458333332;7,76667;0;15,0;11,0;16,0;15,0;11,0;16,0
2021-10-16;15,0;0,57;29,3603;18,0;11,3623;22,0;14,893401250000002;5,79167;23,4167;52,1426875;0,9452864316666668;2,67247;10;289;5;-0,8660254037844386;0,5000000000000001;-0,9666180104000972;0,2562218218071163;13,0;11,0;15,0;15,0;0;15,0;15,0;15,0;13,0;7,0;9,0;15,0;11,666666666666666;12,285714285714286;3,683941988064904;7,0;17,0;2,0;0,49;19,08;0,9241941208333334;4,66667;1;11,0;16,0;23,0;11,0;16,0;23,0
2021-10-17;11,0;0,43;16,3956;12,34;3,98415;25,0;16,82152375;8,0;25,25;48,6354125;0,8307379833333334;2,33709;10;290;6;-0,8660254037844386;0,5000000000000001;-0,9620675724981452;0,27281126433401914;15,0;16,0;11,0;11,0;0;11,0;11,0;11,0;15,0;13,0;7,0;10,0;13,0;12,428571428571429;3,598941643369615;7,0;17,0;-4,0;0,57;18,0;0,9452864316666668;5,79167;1;16,0;23,0;17,0;16,0;23,0;17,0
2021-10-18;16,0;0,56;52,032;22,46;29,5723;22,0;19,471525416666665;8,45;29,4333;40,16666666666666;0,7399531874999999;2,35732;10;291;0;-0,8660254037844386;0,5000000000000001;-0,957232443323312;0,28931997761869527;11,0;23,0;16,0;16,0;0;16,0;16,0;16,0;11,0;15,0;13,0;17,0;14,0;12,285714285714286;3,401680257082902;7,0;16,0;5,0;0,43;12,34;0,8307379833333334;8,0;0;23,0;17,0;18,286387580119513;23,0;17,0;
2021-10-19;23,0;0,6;55,329;24,66;30,6718;30,0;19,50347916666667;10,5;30,225;44,77430833333333;1,2372502833333334;3,07861;10;292;1;-0,8660254037844386;0,5000000000000001;-0,9521140536681102;0,3057430764672831;16,0;17,0;23,0;23,0;0;23,0;23,0;23,0;16,0;11,0;15,0;15,0;16,666666666666668;13,428571428571429;5,287001130355472;7,0;23,0;7,0;0,56;22,46;0,7399531874999999;8,45;0;17,0;18,286387580119513;13,478598796494023;17,0;;
2021-10-20;17,0;0,47;18,3533;14,08;4,27736;20,0;12,952779166666666;9,925;17,0833;77,83335416666667;1,392812333333333;3,04726;10;293;2;-0,8660254037844386;0,5000000000000001;-0,9467139181463862;0,3220757010206104;23,0;;17,0;17,0;0;17,0;17,0;17,0;23,0;16,0;11,0;9,0;18,666666666666668;14,571428571428571;5,02849025908507;7,0;23,0;-6,0;0,6;24,66;1,2372502833333334;10,5;0;18,286387580119513;13,478598796494023;13,0;;;13,0
2021-10-21;18,286387580119513;0,62;26,5127;18,34;8,17255;21,0;15,103125833333335;8,425;23,4583;68,55625833333333;1,140986575;2,59808;10;294;3;-0,8660254037844386;0,5000000000000001;-0,9410336347451197;0,3383130181923076;17,0;;;18,286387580119513;1;;18,286387580119513;18,286387580119513;17,0;23,0;16,0;7,0;19,428795860039838;16,183769654302786;3,872793332243587;11,0;23,0;1,2863875801195128;0,47;14,08;1,392812333333333;9,925;0;13,478598796494023;13,0;13,0;;13,0;13,0
2021-10-22;13,478598796494023;0,42;18,6126;12,06;6,55125;20,0;15,121525;11,0;20,8333;65,17014999999999;1,391357375;2,98855;10;295;4;-0,8660254037844386;0,5000000000000001;-0,9350748843515574;0,3544502230989869;;13,0;;13,478598796494023;1;;13,478598796494023;13,478598796494023;18,286387580119513;17,0;23,0;13,0;16,25499545887118;16,252140910944792;3,8109492894981174;11,0;23,0;-4,80778878362549;0,62;18,34;1,140986575;8,425;0;13,0;13,0;13,0;13,0;13,0;13,0
2021-10-23;13,0;0,5;18,5732;12,76;5,81708;23,0;15,1701375;6,70833;23,9667;53,27429583333333;0,9479713333333332;2,36828;10;296;5;-0,8660254037844386;0,5000000000000001;-0,9288394302558068;0,3704825404820963;;13,0;13,0;13,0;0;13,0;13,0;13,0;13,478598796494023;18,286387580119513;17,0;15,0;14,921662125537845;15,966426625230506;3,99118073580379;11,0;23,0;-0,4785987964940226;0,42;12,06;1,391357375;11,0;1;13,0;13,0;15,0;13,0;13,0;15,0
2021-10-24;13,0;0,46;26,5536;16,46;10,0977;28,0;19,51284083333333;9,09167;29,1667;40,59722083333333;0,7547061875000001;2,27312;10;297;6;-0,8660254037844386;0,5000000000000001;-0,9223291176290545;0,3864052261209853;13,0;13,0;13,0;13,0;0;13,0;13,0;13,0;13,0;13,478598796494023;18,286387580119513;11,0;13,159532932164675;16,252140910944792;3,6318041183126697;13,0;23,0;0,0;0,5;12,76;0,9479713333333332;6,70833;1;13,0;15,0;14,0;13,0;15,0;14,0
2021-10-25;13,0;0,61;37,9968;22,02;15,9774;27,0;22,0528625;11,2667;32,0101;40,20485416666667;0,9896747875;2,45393;10;298;0;-0,8660254037844386;0,5000000000000001;-0,9155458729775467;0,40221356823680365;13,0;15,0;13,0;13,0;0;13,0;13,0;13,0;13,0;13,0;13,478598796494023;16,0;13,0;15,823569482373362;3,8376889335187028;13,0;23,0;0,0;0,46;16,46;0,7547061875000001;9,09167;0;15,0;14,0;16,0;15,0;14,0;16,0
2021-10-26;15,0;0,51;22,1975;15,09;7,11097;24,0;19,295141666666662;12,6917;26,8333;52,12499583333334;1,2230716625;2,95873;10;299;1;-0,8660254037844386;0,5000000000000001;-0,9084917035725082;0,41790288888678667;13,0;14,0;15,0;15,0;0;15,0;15,0;15,0;13,0;13,0;13,0;23,0;13,666666666666666;14,68071233951622;2,1756758596593886;13,0;18,286387580119513;2,0;0,61;22,02;0,9896747875;11,2667;0;14,0;16,0;16,0;14,0;16,0;16,0
2021-10-27;14,0;0,56;31,9772;18,58;13,3987;23,0;19,34340416666667;11,2083;26,0;57,3645875;1,22636725;3,37854;10;300;2;-0,8660254037844386;0,5000000000000001;-0,9011686968561569;0,4334685453485363;15,0;16,0;14,0;14,0;0;14,0;14,0;14,0;15,0;13,0;13,0;17,0;14,0;14,25214091094479;1,9235363452597143;13,0;18,286387580119513;-1,0;0,51;15,09;1,2230716625;12,6917;0;16,0;16,0;16,0;16,0;16,0;16,0
2021-10-28;16,0;0,55;31,8406;21,57;10,2737;32,0;22,511741666666666;12,0917;32,1333;46,71180416666667;0,8993073166666666;2,6307;10;301;3;-0,8660254037844386;0,5000000000000001;-0,8935790198239952;0,4489059314938798;14,0;16,0;16,0;16,0;0;16,0;16,0;16,0;14,0;15,0;13,0;18,286387580119513;15,0;13,92551411378486;1,1713967577423228;13,0;16,0;2,0;0,56;18,58;1,22636725;11,2083;0;16,0;16,0;15,0;16,0;16,0;15,0
2021-10-29;16,0;0,58;31,726;20,36;11,3662;30,0;22,380958333333336;13,6833;29,9333;39,1180625;1,1476327208333337;3,21436;10;302;4;-0,8660254037844386;0,5000000000000001;-0,8857249183835637;0,4642104791518923;16,0;16,0;16,0;16,0;0;16,0;16,0;16,0;16,0;14,0;15,0;13,478598796494023;15,333333333333334;14,285714285714286;1,3801311186843943;13,0;16,0;0,0;0,55;21,57;0,8993073166666666;12,0917;0;16,0;15,0;15,0;16,0;15,0;15,0
2021-10-30;16,0;0,57;29,0003;18,49;10,5063;35,0;23,052433333333337;13,85;31,6833;40,8368125;1,0412513208333334;2,76616;10;303;5;-0,8660254037844386;0,5000000000000001;-0,8776087166898392;0,4793776594606945;16,0;15,0;16,0;16,0;0;16,0;16,0;16,0;16,0;16,0;14,0;13,0;16,0;14,714285714285714;1,3801311186844043;13,0;16,0;0,0;0,58;20,36;1,1476327208333337;13,6833;1;15,0;15,0;16,0;15,0;15,0;16,0
2021-10-31;15,0;0,55;16,1658;11,83;4,3387;20,0;18,127783333333333;12,0;25,5583;55,677075;1,355872225;3,51477;10;304;6;-0,8660254037844386;0,5000000000000001;-0,8692328164574792;0,49440298420761813;16,0;15,0;15,0;15,0;0;15,0;15,0;15,0;16,0;16,0;16,0;13,0;15,666666666666666;15,0;1,154700538378896;13,0;16,0;-1,0;0,57;18,49;1,0412513208333334;13,85;1;15,0;16,0;10,0;15,0;16,0;10,0
2021-11-01;15,0;0,53;15,1311;10,64;4,48662;23,0;16,126045416666667;9,34166;23,6917;68,399325;1,2981572916666666;3,19377;11;305;0;-0,5000000000000004;0,8660254037844384;-0,8605996962501181;0,5092820071573356;15,0;16,0;15,0;15,0;0;15,0;15,0;15,0;15,0;16,0;16,0;13,0;15,333333333333334;15,285714285714286;0,755928946017923;14,0;16,0;0,0;0,55;11,83;1,355872225;12,0;0;16,0;10,0;9,0;16,0;10,0;9,0
2021-11-02;16,0;0,59;38,9141;20,25;18,6667;24,0;19,2670125;10,025;29,3667;58,3645875;1,079735041666667;2,92917;11;306;1;-0,5000000000000004;0,8660254037844384;-0,8517119107469189;0,5240103253675756;15,0;10,0;16,0;16,0;0;16,0;16,0;16,0;15,0;15,0;16,0;15,0;15,333333333333334;15,428571428571429;0,7867957924689385;14,0;16,0;1,0;0,53;10,64;1,2981572916666666;9,34166;0;10,0;9,0;13,0;10,0;9,0;13,0
2021-11-03;10,0;0,55;28,2816;15,31;12,9679;13,0;15,53674375;9,86665;21,525;65,24305833333334;1,69110125;3,48226;11;307;2;-0,5000000000000004;0,8660254037844384;-0,8425720899866032;0,5385835804920232;16,0;9,0;10,0;10,0;0;10,0;10,0;10,0;16,0;15,0;15,0;14,0;13,666666666666666;14,857142857142858;2,193062655174945;10,0;16,0;-6,0;0,59;20,25;1,079735041666667;10,025;0;9,0;13,0;11,0;9,0;13,0;11,0
2021-11-04;9,0;0,43;19,3601;13,1;6,2607;19,0;15,664933333333332;11,0417;21,85;59,41983333333334;1,2612036666666666;1,82059;11;308;3;-0,5000000000000004;0,8660254037844384;-0,8331829385891785;0,5529974600700271;10,0;13,0;9,0;9,0;0;9,0;9,0;9,0;10,0;16,0;15,0;16,0;11,666666666666666;13,857142857142858;3,0237157840736693;9,0;16,0;-1,0;0,55;15,31;1,69110125;9,86665;0;13,0;11,0;12,0;13,0;11,0;12,0
2021-11-05;13,0;0,5;28,7777;16,47;12,3035;26,0;17,082992916666665;8,575;26,1167;45,48264583333333;1,1221277333333333;3,06844;11;309;4;-0,5000000000000004;0,8660254037844384;-0,8235472349556007;0,5672476988027229;9,0;11,0;13,0;13,0;0;13,0;13,0;13,0;9,0;10,0;16,0;16,0;10,666666666666666;13,428571428571429;2,878491668515537;9,0;16,0;4,0;0,43;13,1;1,2612036666666666;11,0417;0;11,0;12,0;14,0;11,0;12,0;14,0
2021-11-06;11,0;0,48;21,2106;12,87;8,33826;25,0;16,1902675;7,51667;25,1167;52,82986666666667;1,468932;3,23031;11;310;5;-0,5000000000000004;0,8660254037844384;-0,8136678304455991;0,5813300798152042;13,0;12,0;11,0;11,0;0;11,0;11,0;11,0;13,0;9,0;10,0;16,0;11,0;12,714285714285714;2,751622897750998;9,0;16,0;-2,0;0,5;16,47;1,1221277333333333;8,575;1;12,0;14,0;10,0;12,0;14,0;10,0
2021-11-07;12,0;0,51;19,7061;12,12;7,58593;26,0;18,28368625;8,06667;27,6167;52,79860833333333;1,054226075;2,71;11;311;6;-0,5000000000000004;0,8660254037844384;-0,8035476485339116;0,5952404359043674;11,0;14,0;12,0;12,0;0;12,0;12,0;12,0;11,0;13,0;9,0;15,0;12,0;12,285714285714286;2,563479777846428;9,0;16,0;1,0;0,48;12,87;1,468932;7,51667;1;14,0;10,0;12,0;14,0;10,0;12,0
2021-11-08;14,0;0,56;30,2519;17,81;12,4414;26,0;21,162854166666666;11,525;29,8167;47,802083333333336;0,9341742083333332;2,75181;11;312;0;-0,5000000000000004;0,8660254037844384;-0,7931896839451843;0,6089746507720486;12,0;10,0;14,0;14,0;0;14,0;14,0;14,0;12,0;11,0;13,0;15,0;12,333333333333334;12,142857142857142;2,41029537806527;9,0;16,0;2,0;0,51;12,12;1,054226075;8,06667;0;10,0;12,0;13,0;10,0;12,0;13,0
2021-11-09;10,0;0,51;28,1177;14,43;13,6889;18,0;18,247229166666667;11,9167;24,175;59,5312625;1,6209685166666663;3,52927;11;313;1;-0,5000000000000004;0,8660254037844384;-0,7825970017677834;0,6225286602431057;14,0;12,0;10,0;10,0;0;10,0;10,0;10,0;14,0;12,0;11,0;16,0;12,0;11,285714285714286;1,7994708216845787;9,0;14,0;-4,0;0,56;17,81;0,9341742083333332;11,525;0;12,0;13,0;11,0;12,0;13,0;11,0
2021-11-10;12,0;0,48;26,3827;15,61;10,7747;18,0;13,575710769230769;9,4091;22,7417;80,03719230769231;0,9615745384615384;2,08015;11;314;2;-0,5000000000000004;0,8660254037844384;-0,7717727365467836;0,6358984534680745;10,0;13,0;12,0;12,0;0;12,0;12,0;12,0;10,0;14,0;12,0;10,0;12,0;11,571428571428571;1,718249385968145;9,0;14,0;2,0;0,51;14,43;1,6209685166666663;11,9167;0;13,0;11,0;6,0;13,0;11,0;6,0
2021-11-11;13,0;0,55;27,6559;15,51;12,1507;24,0;18,253973735261077;11,268839811678896;25,89907745852568;56,531792685156894;1,134004585574894;2,726729852258961;11;315;3;-0,5000000000000004;0,8660254037844384;-0,7607200913564104;0,6490800741100398;12,0;11,0;13,0;13,0;0;13,0;13,0;13,0;12,0;10,0;14,0;9,0;11,666666666666666;12,142857142857142;1,3451854182687242;10,0;14,0;1,0;0,48;15,61;0,9615745384615384;9,4091;0;11,0;6,0;10,0;11,0;6,0;10,0
2021-11-12;11,0;0,5;25,8639;13,61;12,2526;21,0;17,26563757554232;11,00643661304685;24,08787575026811;60,785891963732084;1,1408840468055619;2,6904980251597914;11;316;4;-0,5000000000000004;0,8660254037844384;-0,7494423368521954;0,6620696215153815;13,0;6,0;11,0;11,0;0;11,0;11,0;11,0;13,0;12,0;10,0;13,0;12,0;11,857142857142858;1,345185418268717;10,0;14,0;-2,0;0,55;15,51;1,134004585574894;11,268839811678896;0;6,0;10,0;8,0;6,0;10,0;8,0
2021-11-13;6,0;0,43;16,0945;8,77;7,32899;21,0;17,195668462188145;11,384260419618565;23,381483438456613;63,082139111863754;1,236572445045633;2,8101127807197765;11;317;5;-0,5000000000000004;0,8660254037844384;-0,7379428103031386;0,6748632518680403;11,0;10,0;6,0;6,0;0;6,0;6,0;6,0;11,0;13,0;12,0;11,0;10,0;11,142857142857142;2,609506430251271;6,0;14,0;-5,0;0,5;13,61;1,1408840468055619;11,00643661304685;1;10,0;8,0;10,0;10,0;8,0;10,0
2021-11-14;10,0;0,46;20,9965;13,06;7,93778;25,0;18,49065685946353;11,554749972837795;25,97526155633195;56,376441717154336;1,195585799581446;2,824947224766677;11;318;6;-0,5000000000000004;0,8660254037844384;-0,7262249146041543;0,6874571793269664;6,0;8,0;10,0;10,0;0;10,0;10,0;10,0;6,0;11,0;13,0;12,0;9,0;10,857142857142858;2,609506430251267;6,0;14,0;4,0;0,43;8,77;1,236572445045633;11,384260419618565;1;8,0;10,0;12,0;8,0;10,0;12,0
2021-11-15;8,0;0,48;22,5961;12,27;10,3303;21,0;17,248222485577344;11,119820130132188;23,88891947888024;61,45500912899762;1,1660863335831517;2,7234168328608526;11;319;0;-0,5000000000000004;0,8660254037844384;-0,7142921172691032;0,699847677146407;10,0;10,0;8,0;8,0;0;8,0;8,0;8,0;10,0;6,0;11,0;14,0;8,0;10,0;2,3804761428473737;6,0;13,0;-2,0;0,46;13,06;1,195585799581446;11,554749972837795;0;10,0;12,0;15,0;10,0;12,0;15,0
2021-11-16;10,0;0,49;26,5848;15,07;11,5102;27,0;19,1420720832025;11,618379416954378;27,29361776544497;52,93900795430534;1,1848717857417015;2,835150028843042;11;320;1;-0,5000000000000004;0,8660254037844384;-0,7021479494046978;0,7120310787787131;8,0;12,0;10,0;10,0;0;10,0;10,0;10,0;8,0;10,0;6,0;10,0;9,333333333333334;10,0;2,3804761428473737;6,0;13,0;2,0;0,48;12,27;1,1660863335831517;11,119820130132188;0;12,0;15,0;13,0;12,0;15,0;13,0
2021-11-17;12,0;0,45;29,978;17,15;12,8303;31,0;20,376024995186178;11,896733527962803;29,547310276233794;46,92192597204112;1,1990258890360586;2,9138264004662657;11;321;2;-0,5000000000000004;0,8660254037844384;-0,6897960046655887;0,7240037789593305;10,0;15,0;12,0;12,0;0;12,0;12,0;12,0;10,0;8,0;10,0;12,0;10,0;10,0;2,3804761428473737;6,0;13,0;2,0;0,49;15,07;1,1848717857417015;11,618379416954378;0;15,0;13,0;15,0;15,0;13,0;15,0
2021-11-18;15,0;0,56;34,3386;18,76;15,5308;26,0;18,878459469842213;11,1985494229949;27,332237293365388;52,44249073290388;1,0974211887016634;2,710544320566874;11;322;3;-0,5000000000000004;0,8660254037844384;-0,6772399381909491;0,7357622347736527;12,0;13,0;15,0;15,0;0;15,0;15,0;15,0;12,0;10,0;8,0;13,0;12,333333333333334;10,285714285714286;2,870208222079733;6,0;15,0;3,0;0,45;17,15;1,1990258890360586;11,896733527962803;0;13,0;15,0;13,0;13,0;15,0;13,0
2021-11-19;13,0;0,52;30,3154;15,99;14,3245;23,0;17,91652194745234;11,056366393801786;25,43244950437452;57,2281758749747;1,1196128938200345;2,69305523263428;11;323;4;-0,5000000000000004;0,8660254037844384;-0,6644834655228552;0,7473029667054296;15,0;15,0;13,0;13,0;0;13,0;13,0;13,0;15,0;12,0;10,0;11,0;13,333333333333334;10,571428571428571;3,0472470011000374;6,0;15,0;-2,0;0,56;18,76;1,0974211887016634;11,1985494229949;0;15,0;13,0;13,0;15,0;13,0;13,0
2021-11-20;15,0;0,6;24,8203;13,75;11,0658;30,0;20,15423325379881;12,175951983053556;28,76773407744405;50,48480159170696;1,2389471893898265;2,933989011137271;11;324;5;-0,5000000000000004;0,8660254037844384;-0,6515303615068021;0,75862255966641;13,0;13,0;15,0;15,0;0;15,0;15,0;15,0;13,0;15,0;12,0;6,0;14,333333333333334;11,857142857142858;2,6726124191240523;8,0;15,0;2,0;0,52;15,99;1,1196128938200345;11,056366393801786;1;13,0;13,0;14,0;13,0;13,0;14,0
2021-11-21;13,0;0,59;24,5462;13,21;11,3375;31,0;20,4584486320947;12,329267396435972;29,20121601374963;49,48288687614811;1,2647114577802867;2,9779958911149618;11;325;6;-0,5000000000000004;0,8660254037844384;-0,6383844591746642;0,7697176640069211;15,0;13,0;13,0;13,0;0;13,0;13,0;13,0;15,0;13,0;15,0;10,0;13,666666666666666;12,285714285714286;2,5634797778464287;8,0;15,0;-2,0;0,6;13,75;1,2389471893898265;12,175951983053556;1;13,0;14,0;12,0;13,0;14,0;12,0
2021-11-22;13,0;0,59;32,5773;18,0;14,5813;24,0;26,7215;18,7667;32,4333;31,729345454545456;1,7991047363636363;2,84777;11;326;0;-0,5000000000000004;0,8660254037844384;-0,6250496486104377;0,7805849965070866;13,0;14,0;13,0;13,0;0;13,0;13,0;13,0;13,0;15,0;13,0;8,0;13,666666666666666;13,0;1,732050807568604;10,0;15,0;0,0;0,59;13,21;1,2647114577802867;12,329267396435972;0;14,0;12,0;12,0;14,0;12,0;12,0
2021-11-23;14,0;0,51;28,5428;16,47;12,0709;22,0;19,806945833333334;13,4167;25,425;57,55524166666667;1,6123136629166668;3,22672;11;327;1;-0,5000000000000004;0,8660254037844384;-0,6115298757991053;0,7912213413483807;13,0;12,0;14,0;14,0;0;14,0;14,0;14,0;13,0;13,0;15,0;10,0;13,333333333333334;13,571428571428571;1,1338934190272811;12,0;15,0;1,0;0,59;18,0;1,7991047363636363;18,7667;0;12,0;12,0;14,0;12,0;12,0;14,0
2021-11-24;12,0;0,48;20,978;11,96;9,02228;21,0;16,508741666666666;12,0;23,55;69,84030833333334;1,369842375;2,19183;11;328;2;-0,5000000000000004;0,8660254037844384;-0,5978291414589552;0,801623551065242;14,0;12,0;12,0;12,0;0;12,0;12,0;12,0;14,0;13,0;13,0;12,0;13,0;13,571428571428571;1,1338934190272811;12,0;15,0;-2,0;0,51;16,47;1,6123136629166668;13,4167;0;12,0;14,0;9,0;12,0;14,0;9,0
2021-11-25;12,0;0,59;36,7516;19,78;16,9725;31,0;21,975354166666666;10,85;31,6167;48,13195416666667;0,97677435;2,65149;11;329;3;-0,5000000000000004;0,8660254037844384;-0,5839514998576998;0,8117885474764613;12,0;14,0;12,0;12,0;0;12,0;12,0;12,0;12,0;14,0;13,0;15,0;12,666666666666666;13,142857142857142;1,0690449676492593;12,0;15,0;0,0;0,48;11,96;1,369842375;12,0;0;14,0;9,0;9,0;14,0;9,0;9,0
2021-11-26;14,0;0,42;28,5703;16,38;12,1936;22,0;19,642704166666665;13,7667;25,4833;56,35765416666667;1,6290495625;3,65424;11;330;4;-0,5000000000000004;0,8660254037844384;-0,5699010576127624;0,8217133225960589;12,0;9,0;14,0;14,0;0;14,0;14,0;14,0;12,0;12,0;14,0;13,0;12,666666666666666;13,285714285714286;1,1126972805279571;12,0;15,0;2,0;0,59;19,78;0,97677435;10,85;0;9,0;9,0;9,0;9,0;9,0;9,0
2021-11-27;9,0;0,29;16,7889;8,04;8,74913;17,0;16,671966666666666;11,7667;23,2273;66,3955125;1,5425079166666666;2,85164;11;331;5;-0,5000000000000004;0,8660254037844384;-0,5556819724760489;0,8313949395234058;14,0;9,0;9,0;9,0;0;9,0;9,0;9,0;14,0;12,0;12,0;15,0;11,666666666666666;12,428571428571429;1,7182493859681627;9,0;14,0;-5,0;0,42;16,38;1,6290495625;13,7667;1;9,0;9,0;9,0;9,0;9,0;9,0
2021-11-28;9,0;0,25;19,6901;10,09;9,60329;25,0;20,19125;10,1833;29,0417;44,66666666666666;0,8409161041666667;2,40356;11;332;6;-0,5000000000000004;0,8660254037844384;-0,5412984521036173;0,8408305333122887;9,0;9,0;9,0;9,0;0;9,0;9,0;9,0;9,0;14,0;12,0;13,0;10,666666666666666;11,857142857142858;2,115700942049574;9,0;14,0;0,0;0,29;8,04;1,5425079166666666;11,7667;1;9,0;9,0;10,0;9,0;9,0;10,0
2021-11-29;9,0;0,19;25,1416;13,36;11,7772;24,0;20,206933333333332;12,4667;27,8833;36,3403;1,4101360333333333;3,37413;11;333;0;-0,5000000000000004;0,8660254037844384;-0,5267547528105542;0,8500173118187018;9,0;9,0;9,0;9,0;0;9,0;9,0;9,0;9,0;9,0;14,0;13,0;9,0;11,285714285714286;2,2886885410850857;9,0;14,0;0,0;0,25;10,09;0,8409161041666667;10,1833;0;9,0;10,0;12,0;9,0;10,0;12,0
2021-11-30;9,0;0,18;27,13;13,97;13,1635;20,0;16,989229583333334;9,60834;24,325;49,673625;1,4877703333333334;3,46719;11;334;1;-0,5000000000000004;0,8660254037844384;-0,5120551783114646;0,8589525565270845;9,0;10,0;9,0;9,0;0;9,0;9,0;9,0;9,0;9,0;9,0;14,0;9,0;10,571428571428571;2,0701966780267953;9,0;14,0;0,0;0,19;13,36;1,4101360333333333;12,4667;0;10,0;12,0;13,0;10,0;12,0;13,0
2021-12-01;10,0;0,15;22,8308;11,88;10,9528;23,0;16,82118625;8,93333;25,9833;59,58332083333334;1,4471940833333334;2,84269;12;335;2;-2,4492935982947064e-16;1,0;-0,4972040784469378;0,8676336233547726;9,0;12,0;10,0;10,0;0;10,0;10,0;10,0;9,0;9,0;9,0;12,0;9,333333333333334;10,285714285714286;1,9760470401184227;9,0;14,0;1,0;0,18;13,97;1,4877703333333334;9,60834;0;12,0;13,0;13,0;12,0;13,0;13,0
2021-12-02;12,0;0,28;30,7199;15,28;15,4389;28,0;19,4465625;10,275;26,7091;52,01043333333333;1,3903280291666666;2,99799;12;336;3;-2,4492935982947064e-16;1,0;-0,4822058478963526;0,8760579434344281;10,0;13,0;12,0;12,0;0;12,0;12,0;12,0;10,0;9,0;9,0;12,0;10,333333333333334;10,285714285714286;1,9760470401184227;9,0;14,0;2,0;0,15;11,88;1,4471940833333334;8,93333;0;13,0;13,0;15,0;13,0;13,0;15,0
2021-12-03;13,0;0,61;27,8943;14,48;13,4169;25,0;19,3493125;11,2417;26,225;50,24999583333334;1,3250520375;3,09385;12;337;4;-2,4492935982947064e-16;1,0;-0,46706492487743034;0,8842230238742036;12,0;13,0;13,0;13,0;0;13,0;13,0;13,0;12,0;10,0;9,0;14,0;11,666666666666666;10,142857142857142;1,676163419694713;9,0;13,0;1,0;0,28;15,28;1,3903280291666666;10,275;0;13,0;15,0;14,0;13,0;15,0;14,0
2021-12-04;13,0;0,64;29,9109;15,5;14,4158;32,0;22,279958333333337;11,3167;31,7417;39,4548625;0,8728735;2,73444;12;338;5;-2,4492935982947064e-16;1,0;-0,451785789832884;0,8921264484954345;13,0;15,0;13,0;13,0;0;13,0;13,0;13,0;13,0;12,0;10,0;9,0;12,666666666666666;10,714285714285714;1,8898223650458454;9,0;13,0;0,0;0,61;14,48;1,3250520375;11,2417;1;15,0;14,0;13,0;15,0;14,0;13,0
2021-12-05;15,0;0,69;32,9417;16,72;16,2179;35,0;24,170141666666662;14,5417;33,0917;39,14235416666667;1,1654030895833334;3,15181;12;339;6;-2,4492935982947064e-16;1,0;-0,4363729641045924;0,8997658785476209;13,0;14,0;15,0;15,0;0;15,0;15,0;15,0;13,0;13,0;12,0;9,0;13,666666666666666;11,571428571428571;2,299068134204213;9,0;15,0;2,0;0,64;15,5;0,8728735;11,3167;1;14,0;13,0;12,0;14,0;13,0;12,0
2021-12-06;14,0;0,56;25,653;13,6;12,0502;21,0;19,20244166666667;13,9583;26,5917;60,795141666666666;1,6698754583333333;2,63239;12;340;0;-2,4492935982947064e-16;1,0;-0,42083100859565564;0,9071390534005044;15,0;13,0;14,0;14,0;0;14,0;14,0;14,0;15,0;13,0;13,0;9,0;14,0;12,285714285714286;2,138089935299161;9,0;15,0;-1,0;0,69;16,72;1,1654030895833334;14,5417;0;13,0;12,0;16,0;13,0;12,0;16,0
2021-12-07;13,0;0,5;22,3954;11,57;10,8301;23,0;17,640275;11,475;26,7833;64,6736125;1,5901936666666667;2,75219;12;341;1;-2,4492935982947064e-16;1,0;-0,4051645224207563;0,9142437912130223;14,0;12,0;13,0;13,0;0;13,0;13,0;13,0;14,0;15,0;13,0;9,0;14,0;12,857142857142858;1,5735915849385806;10,0;15,0;-1,0;0,56;13,6;1,6698754583333333;13,9583;0;12,0;16,0;14,0;12,0;16,0;14,0
2021-12-08;12,0;0,52;25,1763;12,52;12,6529;30,0;19,915266666666668;10,95;29,1917;54,246550000000006;1,3141738916666668;3,3588;12;342;2;-2,4492935982947064e-16;1,0;-0,3893781415452015;0,9210779895789526;13,0;16,0;12,0;12,0;0;12,0;12,0;12,0;13,0;14,0;15,0;10,0;13,0;13,142857142857142;1,0690449676492564;12,0;15,0;-1,0;0,5;11,57;1,5901936666666667;11,475;0;16,0;14,0;10,0;16,0;14,0;10,0
2021-12-09;16,0;0,57;35,5038;20,6;14,9055;27,0;20,991675;13,15;28,325;52,60415833333334;1,2797722541666667;3,17535;12;343;3;-2,4492935982947064e-16;1,0;-0,37347653741307074;0,9276396261490467;12,0;14,0;16,0;16,0;0;16,0;16,0;16,0;12,0;13,0;14,0;12,0;13,666666666666666;13,714285714285714;1,3801311186843805;12,0;16,0;4,0;0,52;12,52;1,3141738916666668;10,95;0;14,0;10,0;5,0;14,0;10,0;5,0
2021-12-10;14,0;0,54;27,3369;14,29;13,0477;22,0;17,823066666666666;12,9111;22,85;67,11807083333333;1,7563153541666667;3,14813;12;344;4;-2,4492935982947064e-16;1,0;-0,3574644155648614;0,9339267592294762;16,0;10,0;14,0;14,0;0;14,0;14,0;14,0;16,0;12,0;13,0;13,0;14,0;13,857142857142858;1,3451854182687657;12,0;16,0;-2,0;0,57;20,6;1,2797722541666667;13,15;0;10,0;5,0;10,0;10,0;5,0;10,0
2021-12-11;10,0;0,45;17,4416;8,08;9,36049;23,0;16,13165;13,1333;21,6833;73,84755;1,5711313333333334;3,31887;12;345;5;-2,4492935982947064e-16;1,0;-0,34134651424503615;0,9399375283564133;14,0;5,0;10,0;10,0;0;10,0;10,0;10,0;14,0;16,0;12,0;13,0;13,333333333333334;13,428571428571429;1,9880595947757775;10,0;16,0;-4,0;0,54;14,29;1,7563153541666667;12,9111;1;5,0;10,0;11,0;5,0;10,0;11,0
2021-12-12;5,0;0,42;13,3754;4,94;8,43663;23,0;17,020945833333332;12,8083;23,05;62,04546666666667;1,6395670833333331;2,49236;12;346;6;-2,4492935982947064e-16;1,0;-0,3251276029999093;0,9456701548465688;10,0;10,0;5,0;5,0;0;5,0;5,0;5,0;10,0;14,0;16,0;15,0;9,666666666666666;12,0;3,6055512754638483;5,0;16,0;-5,0;0,45;8,08;1,5711313333333334;13,1333;1;10,0;11,0;11,0;10,0;11,0;11,0
2021-12-13;10,0;0,42;22,3599;9,4;12,9563;24,0;17,83021666666667;10,2667;25,4917;52,2430625;1,4229752791666668;3,23826;12;347;0;-2,4492935982947064e-16;1,0;-0,30881248126625377;0,9511229423235357;5,0;11,0;10,0;10,0;0;10,0;10,0;10,0;5,0;10,0;14,0;14,0;8,333333333333334;11,428571428571429;3,55232988601095;5,0;16,0;5,0;0,42;4,94;1,6395670833333331;12,8083;0;11,0;11,0;12,0;11,0;11,0;12,0
2021-12-14;11,0;0,46;28,4368;13,04;15,3955;26,0;18,99340125;9,88333;26,85;47,44444166666667;1,2157804666666665;2,69596;12;348;1;-2,4492935982947064e-16;1,0;-0,29240597695107734;0,9562942772197719;10,0;11,0;11,0;11,0;0;11,0;11,0;11,0;10,0;5,0;10,0;13,0;8,666666666666666;11,142857142857142;3,4846602621856944;5,0;16,0;1,0;0,42;9,4;1,4229752791666668;10,2667;0;11,0;12,0;11,0;11,0;12,0;11,0
2021-12-15;11,0;0,45;31,8417;15,3;16,5419;29,0;21,169504166666663;12,025;29,7583;44,4930625;1,1943412854166666;3,14822;12;349;2;-2,4492935982947064e-16;1,0;-0,27591294500296043;0,9611826292540837;11,0;12,0;11,0;11,0;0;11,0;11,0;11,0;11,0;10,0;5,0;12,0;10,666666666666666;11,0;3,4641016151375985;5,0;16,0;0,0;0,46;13,04;1,2157804666666665;9,88333;0;12,0;11,0;11,0;12,0;11,0;11,0
2021-12-16;12,0;0,45;29,0092;14,99;14,0176;25,0;19,276741666666663;12,0083;27,625;53,10763333333333;1,4332968125;3,3952;12;350;3;-2,4492935982947064e-16;1,0;-0,2593382659754056;0,9657865518844574;11,0;11,0;12,0;12,0;0;12,0;12,0;12,0;11,0;11,0;10,0;16,0;11,333333333333334;10,428571428571429;2,760262237369215;5,0;14,0;1,0;0,45;15,3;1,1943412854166666;12,025;0;11,0;11,0;14,0;11,0;11,0;14,0
2021-12-17;11,0;0,43;27,3683;14,28;13,0836;26,0;19,64965;10,425;29,425;55,277770833333335;1,31667775;2,80373;12;351;4;-2,4492935982947064e-16;1,0;-0,2426868445825954;0,9701046827361175;12,0;11,0;11,0;11,0;0;11,0;11,0;11,0;12,0;11,0;11,0;14,0;11,333333333333334;10,0;2,3094010767582556;5,0;12,0;-1,0;0,45;14,99;1,4332968125;12,0083;0;11,0;14,0;14,0;11,0;14,0;14,0
2021-12-18;11,0;0,46;27,8244;12,66;15,167;30,0;22,210070833333333;12,5;31,2417;47,135420833333335;1,247778058333333;2,95729;12;352;5;-2,4492935982947064e-16;1,0;-0,22596360824801906;0,974135744004672;11,0;14,0;11,0;11,0;0;11,0;11,0;11,0;11,0;12,0;11,0;10,0;11,333333333333334;10,142857142857142;2,340126166724637;5,0;12,0;0,0;0,43;14,28;1,31667775;10,425;1;14,0;14,0;18,0;14,0;14,0;18,0
2021-12-19;14,0;0,48;24,6945;11,88;12,811;33,0;23,8950125;14,2583;32,1583;46,402775;1,2563737166666666;3,01274;12;353;6;-2,4492935982947064e-16;1,0;-0,20917350564635637;0,9778785428342386;11,0;14,0;14,0;14,0;0;14,0;14,0;14,0;11,0;11,0;12,0;5,0;12,0;11,428571428571429;1,2724180205602909;10,0;14,0;3,0;0,46;12,66;1,247778058333333;12,5;1;14,0;18,0;18,0;14,0;18,0;18,0
2021-12-20;14,0;0,46;33,0585;16,04;17,0188;27,0;23,47360833333333;14,5667;31,425;46,79860416666667;1,3433414041666667;3,30891;12;354;0;-2,4492935982947064e-16;1,0;-0,19232150523909483;0,9813319716704275;14,0;18,0;14,0;14,0;0;14,0;14,0;14,0;14,0;11,0;11,0;10,0;13,0;12,0;1,414213562372737;11,0;14,0;0,0;0,48;11,88;1,2563737166666666;14,2583;0;18,0;18,0;13,0;18,0;18,0;13,0
2021-12-21;18,0;0,51;36,5648;18,7;17,8683;27,0;22,778475;14,075;30,4833;49,42709166666666;1,2822322;3,11197;12;355;1;-2,4492935982947064e-16;1,0;-0,17541259380427843;0,9844950085880858;14,0;18,0;18,0;18,0;0;18,0;18,0;18,0;14,0;14,0;11,0;11,0;15,333333333333334;13,0;2,581988897471428;11,0;18,0;4,0;0,46;16,04;1,3433414041666667;14,5667;0;18,0;13,0;14,0;18,0;13,0;14,0
2021-12-22;18,0;0,49;36,315;18,21;18,1093;28,0;22,15895;14,5417;28,6417;48,83680833333333;1,5021748791666667;3,25102;12;356;2;-2,4492935982947064e-16;1,0;-0,15845177496083632;0,9873667175937016;18,0;13,0;18,0;18,0;0;18,0;18,0;18,0;18,0;14,0;14,0;11,0;16,666666666666668;14,0;2,999999999999853;11,0;18,0;0,0;0,51;18,7;1,2822322;14,075;0;13,0;14,0;12,814228774997062;13,0;14,0;
2021-12-23;13,0;0,45;24,4577;12,48;11,9728;25,0;19,856375;12,0667;26,8833;59,434025;1,6131139583333332;3,00388;12;357;3;-2,4492935982947064e-16;1,0;-0,14144406768794202;0,9899462489023779;18,0;14,0;13,0;13,0;0;13,0;13,0;13,0;18,0;18,0;14,0;12,0;16,333333333333332;14,142857142857142;2,9113897843108547;11,0;18,0;-5,0;0,49;18,21;1,5021748791666667;14,5417;0;14,0;12,814228774997062;10,311504270708031;14,0;;
2021-12-24;14,0;0,49;27,9344;13,25;14,6866;32,0;23,06492916666667;14,025;31,4083;49,93055833333333;1,1575456958333332;2,69331;12;358;4;-2,4492935982947064e-16;1,0;-0,12439450483979998;0,9922328391893008;13,0;;14,0;14,0;0;14,0;14,0;14,0;13,0;18,0;18,0;11,0;15,0;14,571428571428571;2,572750982712236;11,0;18,0;1,0;0,45;12,48;1,6131139583333332;12,0667;0;12,814228774997062;10,311504270708031;12,893155056072448;;;
2021-12-25;12,814228774997062;0,7901063306240388;54,582083633968466;22,76157711562729;31,82142736193707;22,546615544768756;23,272566666666663;16,0;31,9333;46,52778;0,8405743266666666;2,73161;12;359;5;-2,4492935982947064e-16;1,0;-0,10730813165636247;0,9942258118156161;14,0;;;12,814228774997062;1;;12,814228774997062;12,814228774997062;14,0;13,0;18,0;11,0;13,271409591665687;14,830604110713866;2,2202376403175332;12,814228774997062;18,0;-1,185771225002938;0,49;13,25;1,1575456958333332;14,025;1;10,311504270708031;12,893155056072448;16,0;;;16,0
2021-12-26;10,311504270708031;0,791656860457564;54,26782442269092;22,44651072484633;31,821442561829457;15,870025059153939;15,89931800787842;9,702221798235836;23,030564563562255;62,74173342927145;0,9137155388948541;2,300122429818466;12;360;6;-2,4492935982947064e-16;1,0;-0,09019000427034513;0,9959245770286599;;;;10,311504270708031;1;;10,311504270708031;10,311504270708031;12,814228774997062;14,0;13,0;14,0;12,375244348568364;14,303676149386442;2,809671384020489;10,311504270708031;18,0;-2,5027245042890307;0,7901063306240388;22,76157711562729;0,8405743266666666;16,0;1;12,893155056072448;16,0;12,0;;16,0;12,0
2021-12-27;12,893155056072448;0,7960233790556808;53,33356327724853;21,512728728350808;31,821441367562205;20,115774494987146;23,7197875;18,65;29,2083;51,6354125;1,65845625;2,5;12;361;0;-2,4492935982947064e-16;1,0;-0,07304518821104743;0,9973286321364752;;16,0;;12,893155056072448;1;;12,893155056072448;12,893155056072448;10,311504270708031;12,814228774997062;14,0;14,0;12,006296033925848;14,145555443111078;2,8602987945261935;10,311504270708031;18,0;2,581650785364417;0,791656860457564;22,44651072484633;0,9137155388948541;9,702221798235836;0;16,0;12,0;14,0;16,0;12,0;14,0
2021-12-28;16,0;0,58;28,599;15,28;13,3151;26,0;21,610762500000003;15,675;28,7083;59,44791666666666;1,6124090416666668;3,05879;12;362;1;-2,4492935982947064e-16;1,0;-0,05587875690537313;0,9984375616565666;;12,0;16,0;16,0;0;16,0;16,0;16,0;12,893155056072448;10,311504270708031;12,814228774997062;18,0;13,068219775593493;13,859841157396792;2,486585623059044;10,311504270708031;18,0;3,106844943927552;0,7960233790556808;21,512728728350808;1,65845625;18,65;0;12,0;14,0;11,0;12,0;14,0;11,0
2021-12-29;12,0;0,52;22,0356;11,32;10,7144;16,0;17,144795833333333;13,3333;22,0;74,67015833333333;1,7433655;3,0815;12;363;2;-2,4492935982947064e-16;1,0;-0,03869579017652689;0,9992510374388481;16,0;14,0;12,0;12,0;0;12,0;12,0;12,0;16,0;12,893155056072448;10,311504270708031;18,0;13,631051685357482;13,002698300253936;1,7451783629344595;10,311504270708031;16,0;-4,0;0,58;15,28;1,6124090416666668;15,675;0;14,0;11,0;9,0;14,0;11,0;9,0
2021-12-30;14,0;0,53;25,9819;14,21;11,7723;26,0;21,859716666666667;13,9833;29,7583;54,826391666666666;1,2117648704166666;3,23494;12;364;3;-2,4492935982947064e-16;1,0;-0,021501372740813793;0,999768818762748;12,0;11,0;14,0;14,0;0;14,0;14,0;14,0;12,0;16,0;12,893155056072448;13,0;14,0;13,145555443111078;1,7853865765972856;10,311504270708031;16,0;2,0;0,52;11,32;1,7433655;13,3333;0;11,0;9,0;7,0;11,0;9,0;7,0
2021-12-31;11,0;0,51;23,923;10,97;12,9573;27,0;22,0607625;13,925;30,2083;44,2743;1,3461889416666668;3,1275;12;365;4;-2,4492935982947064e-16;1,0;-0,004300592702981974;0,9999907524084426;14,0;9,0;11,0;11,0;0;11,0;11,0;11,0;14,0;12,0;16,0;14,0;12,333333333333334;12,71698401453965;1,9023340812588907;10,311504270708031;16,0;-3,0;0,53;14,21;1,2117648704166666;13,9833;0;9,0;7,0;9,0;9,0;7,0;9,0
2022-01-01;9,0;0,46;16,8894;7,22;9,68126;22,0;20,6107625;12,1667;28,4583;40,40277916666667;1,4027366708333335;2,91761;1;1;5;0,49999999999999994;0,8660254037844387;0,017201575418260506;0,9998520419557735;11,0;7,0;9,0;9,0;0;9,0;9,0;9,0;11,0;14,0;12,0;12,814228774997062;11,333333333333334;12,172094189540067;2,3608412664240674;9,0;16,0;-2,0;0,51;10,97;1,3461889416666668;13,925;1;7,0;9,0;8,0;7,0;9,0;8,0
2022-01-02;7,0;0,42;15,9123;6,37;9,53732;19,0;21,15798333333333;12,5083;29,7917;45,23265;1,2878639583333331;2,75639;1;2;6;0,49999999999999994;0,8660254037844387;0,03439806061360801;0,9994082116062598;9,0;9,0;7,0;7,0;0;7,0;7,0;7,0;9,0;11,0;14,0;10,311504270708031;9,0;11,699022150867494;3,032150290209422;7,0;16,0;-2,0;0,46;7,22;1,4027366708333335;12,1667;1;9,0;8,0;11,0;9,0;8,0;11,0
2022-01-03;9,0;0,45;26,9192;10,62;16,2967;15,0;22,644787500000003;13,8;30,8083;48,67361666666667;1,1475107624999998;3,06358;1;3;0;0,49999999999999994;0,8660254037844387;0,051584366869408364;0,9986686402879997;7,0;8,0;9,0;9,0;0;9,0;9,0;9,0;7,0;9,0;11,0;12,893155056072448;8,333333333333334;11,142857142857142;3,1320159337913216;7,0;16,0;2,0;0,42;6,37;1,2878639583333331;12,5083;0;8,0;11,0;14,0;8,0;11,0;14,0
2022-01-04;8,0;0,36;25,4158;9,99;15,4285;15,0;22,861116666666664;14,875;30,7083;50,57293333333333;1,4139327083333333;2,99693;1;4;1;0,49999999999999994;0,8660254037844387;0,06875540848113941;0,9976335468520451;9,0;11,0;8,0;8,0;0;8,0;8,0;8,0;9,0;7,0;9,0;16,0;8,0;10,0;2,44948974278294;7,0;14,0;-1,0;0,45;10,62;1,1475107624999998;13,8;0;11,0;14,0;15,0;11,0;14,0;15,0
2022-01-05;11,0;0,38;29,4641;12,19;17,2757;26,0;22,83889166666667;15,9833;30,6167;51,0416625;1,4200112083333334;3,26072;1;5;2;0,49999999999999994;0,8660254037844387;0,08590610426133272;0,9963032375991965;8,0;14,0;11,0;11,0;0;11,0;11,0;11,0;8,0;9,0;7,0;12,0;9,333333333333334;9,857142857142858;2,3401261667246276;7,0;14,0;3,0;0,36;9,99;1,4139327083333333;14,875;0;14,0;15,0;14,0;14,0;15,0;14,0
2022-01-06;14,0;0,36;30,3702;14,17;16,2023;24,0;21,1635375;14,1167;28,6333;56,09375;1,4879019583333333;3,18642;1;6;3;0,49999999999999994;0,8660254037844387;0,10303137904317879;0,9946781061893646;11,0;15,0;14,0;14,0;0;14,0;14,0;14,0;11,0;8,0;9,0;14,0;11,0;9,857142857142858;2,3401261667246276;7,0;14,0;3,0;0,38;12,19;1,4200112083333334;15,9833;0;15,0;14,0;9,0;15,0;14,0;9,0
2022-01-07;15,0;0,42;39,9186;17,71;22,2109;28,0;23,3054375;13,8917;32,0637;48,65624583333334;1,2810855416666669;3,34998;1;7;4;0,49999999999999994;0,8660254037844387;0,1201261651823505;0,9927586335250793;14,0;14,0;15,0;15,0;0;15,0;15,0;15,0;14,0;11,0;8,0;11,0;13,333333333333334;10,428571428571429;3,047247001100034;7,0;15,0;1,0;0,36;14,17;1,4879019583333333;14,1167;0;14,0;9,0;9,0;14,0;9,0;9,0
2022-01-08;14,0;0,41;27,4428;13,29;14,1554;24,0;21,087845833333333;15,225;26,8583;58,78471666666667;1,656654925;3,04058;1;8;5;0,49999999999999994;0,8660254037844387;0,13718540405660057;0,9905453876091833;15,0;9,0;14,0;14,0;0;14,0;14,0;14,0;15,0;14,0;11,0;9,0;14,333333333333334;11,142857142857142;3,236694374850581;7,0;15,0;-1,0;0,42;17,71;1,2810855416666669;13,8917;1;9,0;9,0;12,0;9,0;9,0;12,0
2022-01-09;9,0;0,4;17,1464;6,79;10,3545;26,0;19,7090875;14,0;27,2583;64,63194583333333;1,5428337083333332;2,8047;1;9;6;0,49999999999999994;0,8660254037844387;0,1542040475626894;0,988039023376751;14,0;9,0;9,0;9,0;0;9,0;9,0;9,0;14,0;15,0;14,0;7,0;12,666666666666666;11,428571428571429;2,8784916685155135;8,0;15,0;-5,0;0,41;13,29;1,656654925;15,225;1;9,0;12,0;11,0;9,0;12,0;11,0
2022-01-10;9,0;0,38;26,3772;11,26;15,1183;24,0;21,50242083333333;13,7917;30,1667;55,55207083333334;1,339160125;2,95052;1;10;0;0,49999999999999994;0,8660254037844387;0,17117705961019986;0,985240282501282;9,0;12,0;9,0;9,0;0;9,0;9,0;9,0;9,0;14,0;15,0;9,0;10,666666666666666;11,428571428571429;2,8784916685155135;8,0;15,0;0,0;0,4;6,79;1,5428337083333332;14,0;0;12,0;11,0;10,0;12,0;11,0;10,0
2022-01-11;12,0;0,43;30,053;13,71;16,3429;26,0;22,966291666666667;15,7083;29,9083;52,2986;1,3409334875;2,96899;1;11;1;0,49999999999999994;0,8660254037844387;0,18809941761179758;0,9821499931752291;9,0;11,0;12,0;12,0;0;12,0;12,0;12,0;9,0;9,0;14,0;8,0;10,0;12,0;2,449489742782971;9,0;15,0;3,0;0,38;11,26;1,339160125;13,7917;0;11,0;10,0;11,0;11,0;10,0;11,0
2022-01-12;11,0;0,44;27,7327;12,09;15,6438;27,0;22,216691666666662;16,3583;29,1083;58,32637916666667;1,5947892083333333;2,94758;1;12;2;0,49999999999999994;0,8660254037844387;0,20496611396949532;0,9787690698649216;12,0;10,0;11,0;11,0;0;11,0;11,0;11,0;12,0;9,0;9,0;11,0;10,666666666666666;12,0;2,449489742782971;9,0;15,0;-1,0;0,43;13,71;1,3409334875;15,7083;0;10,0;11,0;10,0;10,0;11,0;10,0
2022-01-13;10,0;0,43;24,2975;11,33;12,9667;20,0;20,228075;13,375;27,0917;64,94792916666667;1,5833437916666666;2,85637;1;13;3;0,49999999999999994;0,8660254037844387;0,22177215755648186;0,975098513039961;11,0;11,0;10,0;10,0;0;10,0;10,0;10,0;11,0;12,0;9,0;14,0;11,0;11,428571428571429;2,3704530408861846;9,0;15,0;-1,0;0,44;12,09;1,5947892083333333;16,3583;0;11,0;10,0;8,0;11,0;10,0;8,0
2022-01-14;11,0;0,45;27,8295;12,01;15,8242;23,0;22,63749583333333;14,9417;30,7333;51,777791666666666;1,3623911375000002;2,90202;1;14;4;0,49999999999999994;0,8660254037844387;0,23851257519407648;0,9711394088771653;10,0;10,0;11,0;11,0;0;11,0;11,0;11,0;10,0;11,0;12,0;15,0;10,666666666666666;10,857142857142858;1,7728105208555254;9,0;14,0;1,0;0,43;11,33;1,5833437916666666;13,375;0;10,0;8,0;6,0;10,0;8,0;6,0
2022-01-15;10,0;0,43;20,6813;7,77;12,9204;19,0;20,962845833333333;15,6417;28,025;60,00000416666666;1,6262295833333331;3,26996;1;15;5;0,49999999999999994;0,8660254037844387;0,2551824131233728;0,9668929289391521;11,0;8,0;10,0;10,0;0;10,0;10,0;10,0;11,0;10,0;11,0;14,0;10,333333333333334;10,285714285714286;1,1126972805278579;9,0;12,0;-1,0;0,45;12,01;1,3623911375000002;14,9417;1;8,0;6,0;9,0;8,0;6,0;9,0
2022-01-16;8,0;0,43;15,5697;4,93;10,6357;17,0;16,751770833333335;13,475;21,9417;74,31250416666667;1,9239425;3,21269;1;16;6;0,49999999999999994;0,8660254037844387;0,2717767384711357;0,9623603298276545;10,0;6,0;8,0;8,0;0;8,0;8,0;8,0;10,0;11,0;10,0;9,0;9,666666666666666;10,142857142857142;1,3451854182686676;8,0;12,0;-2,0;0,43;7,77;1,6262295833333331;15,6417;1;6,0;9,0;9,0;6,0;9,0;9,0
2022-01-17;6,0;0,45;19,6285;7,65;11,9825;16,0;16,752395833333335;12,4833;22,8167;59,61429583333333;1,1621689583333332;2,13654;1;17;0;0,49999999999999994;0,8660254037844387;0,2882906407095177;0,9575429528116719;8,0;9,0;6,0;6,0;0;6,0;6,0;6,0;8,0;10,0;11,0;9,0;8,0;9,714285714285714;2,0586634591632613;6,0;12,0;-2,0;0,43;4,93;1,9239425;13,475;0;9,0;9,0;10,0;9,0;9,0;10,0
2022-01-18;9,0;0,56;30,8035;13,21;17,5963;23,0;18,49686833333333;9,73334;26,825;42,65974166666667;1,2476811583333334;2,80423;1;18;1;0,49999999999999994;0,8660254037844387;0,3047192331091634;0,9524422234305676;6,0;9,0;9,0;9,0;0;9,0;9,0;9,0;6,0;8,0;10,0;12,0;7,666666666666667;9,285714285714286;1,7994708216845334;6,0;11,0;3,0;0,45;7,65;1,1621689583333332;12,4833;0;9,0;10,0;8,0;9,0;10,0;8,0
2022-01-19;9,0;0,53;30,9742;12,35;18,6243;24,0;18,97915833333333;10,5333;27,3583;36,30555416666667;1,1822937458333334;3,01344;1;19;2;0,49999999999999994;0,8660254037844387;0,321057654185271;0,9470596510722283;9,0;10,0;9,0;9,0;0;9,0;9,0;9,0;9,0;6,0;8,0;11,0;8,0;9,0;1,632993161855069;6,0;11,0;0,0;0,56;13,21;1,2476811583333334;9,73334;0;10,0;8,0;6,0;10,0;8,0;6,0
2022-01-20;10,0;0,6;34,6215;14,89;19,7329;24,0;19,3010125;10,325;28,4333;35,7743125;1,080616425;2,62917;1;20;3;0,49999999999999994;0,8660254037844387;0,3373010691361842;0,9413968285264122;9,0;8,0;10,0;10,0;0;10,0;10,0;10,0;9,0;9,0;6,0;10,0;9,333333333333334;9,0;1,632993161855069;6,0;11,0;1,0;0,53;12,35;1,1822937458333334;10,5333;0;8,0;6,0;8,0;8,0;6,0;8,0
2022-01-21;8,0;0,56;29,4354;12,56;16,8776;24,0;20,18923333333333;11,4833;29,375;35,4930625;1,31104544375;2,93303;1;21;4;0,49999999999999994;0,8660254037844387;0,3534446712740877;0,9354554315134164;10,0;6,0;8,0;8,0;0;8,0;8,0;8,0;10,0;9,0;9,0;11,0;9,0;8,571428571428571;1,3972762620110835;6,0;10,0;-2,0;0,6;14,89;1,080616425;10,325;0;6,0;8,0;12,0;6,0;8,0;12,0
2022-01-22;6,0;0,61;23,9446;8,42;15,5269;19,0;19,828466666666667;10,9667;28,5583;45,9583375;1,161285516666667;2,6048;1;22;5;0,49999999999999994;0,8660254037844387;0,3694836834473831;0,9292372181882051;8,0;8,0;6,0;6,0;0;6,0;6,0;6,0;8,0;10,0;9,0;10,0;8,0;8,0;1,5275252316515098;6,0;10,0;-2,0;0,56;12,56;1,31104544375;11,4833;1;8,0;12,0;10,0;8,0;12,0;10,0
2022-01-23;8,0;0,61;23,7716;9,51;14,2665;24,0;22,2684;12,4417;31,1917;46,0798625;1,0660028541666666;2,85302;1;23;6;0,49999999999999994;0,8660254037844387;0,38541335945432564;0,9227440286201427;6,0;12,0;8,0;8,0;0;8,0;8,0;8,0;6,0;8,0;10,0;8,0;7,333333333333333;8,0;1,5275252316515098;6,0;10,0;2,0;0,61;8,42;1,161285516666667;10,9667;1;12,0;10,0;14,0;12,0;10,0;14,0
2022-01-24;12,0;0,65;34,5069;14,93;19,5744;23,0;23,35407083333333;13,8583;31,8917;40,30556666666667;1,1702900458333334;3,10122;1;24;0;0,49999999999999994;0,8660254037844387;0,4012289854475009;0,9159777842484877;8,0;10,0;12,0;12,0;0;12,0;12,0;12,0;8,0;6,0;8,0;6,0;8,666666666666666;8,857142857142858;1,8644544714712705;6,0;12,0;4,0;0,61;9,51;1,0660028541666666;12,4417;0;10,0;14,0;12,0;10,0;14,0;12,0
2022-01-25;10,0;0,68;27,5365;11,83;15,7056;18,0;21,614933333333337;13,925;29,5667;48,291670833333335;1,3684792458333332;3,05128;1;25;1;0,49999999999999994;0,8660254037844387;0,4169258813287287;0,908940487313808;12,0;14,0;10,0;10,0;0;10,0;10,0;10,0;12,0;8,0;6,0;9,0;10,0;9,0;1,91485421551235;6,0;12,0;-2,0;0,65;14,93;1,1702900458333334;13,8583;0;14,0;12,0;14,0;14,0;12,0;14,0
2022-01-26;14,0;0,72;23,5831;13,18;10,4073;20,0;20,176391666666667;12,4667;28,35;60,49310833333333;1,5079815;3,09462;1;26;2;0,49999999999999994;0,8660254037844387;0,4324994021339788;0,901634220265486;10,0;12,0;14,0;14,0;0;14,0;14,0;14,0;10,0;12,0;8,0;9,0;12,0;9,714285714285714;2,6903708365379764;6,0;14,0;4,0;0,68;11,83;1,3684792458333332;13,925;0;12,0;14,0;12,0;12,0;14,0;12,0
2022-01-27;12,0;0,74;22,6538;12,03;10,6205;18,0;19,2388875;12,75;26,7917;63,9201375;1,5589087916666668;3,24978;1;27;3;0,49999999999999994;0,8660254037844387;0,44794493940789115;0,8940611451454876;14,0;14,0;12,0;12,0;0;12,0;12,0;12,0;14,0;10,0;12,0;10,0;12,0;10,0;2,8284271247459842;6,0;14,0;-2,0;0,72;13,18;1,5079815;12,4667;0;14,0;12,0;11,0;14,0;12,0;11,0
2022-01-28;14,0;0,74;19,4709;11,88;7,5881;20,0;18,784366666666667;12,225;26,4583;68,06599166666668;1,4913736666666668;3,0803;1;28;4;0,49999999999999994;0,8660254037844387;0,4632579225674917;0,88622350294858;12,0;12,0;14,0;14,0;0;14,0;14,0;14,0;12,0;14,0;10,0;8,0;13,333333333333334;10,857142857142858;3,0237157840736373;6,0;14,0;2,0;0,74;12,03;1,5589087916666668;12,75;0;12,0;11,0;13,0;12,0;11,0;13,0
2022-01-29;12,0;0,73;14,1827;9,13;5,05685;20,0;19,015016666666668;13,1909;25,2417;65,56252083333334;1,4984122083333336;3,18345;1;29;5;0,49999999999999994;0,8660254037844387;0,4784338202547012;0,8781236129591848;14,0;11,0;12,0;12,0;0;12,0;12,0;12,0;14,0;12,0;14,0;6,0;12,666666666666666;11,714285714285714;2,1380899352991567;8,0;14,0;-2,0;0,74;11,88;1,4913736666666668;12,225;1;11,0;13,0;12,0;11,0;13,0;12,0
2022-01-30;11,0;0,73;10,1445;6,79;3,35431;27,0;20,363075;12,9833;27,8083;62,26736666666667;1,22105425;2,91779;1;30;6;0,49999999999999994;0,8660254037844387;0,49346814167723735;0,8697638720650646;12,0;13,0;11,0;11,0;0;11,0;11,0;11,0;12,0;14,0;12,0;8,0;12,333333333333334;12,142857142857142;1,4638501094224643;10,0;14,0;-1,0;0,73;9,13;1,4984122083333336;13,1909;1;13,0;12,0;13,0;13,0;12,0;13,0
2022-01-31;13,0;0,77;20,2649;11,65;8,61935;26,0;21,94962083333333;14,5583;29,725;50,28819583333333;1,20789011125;2,70765;1;31;0;0,49999999999999994;0,8660254037844387;0,5083564379375122;0,8611467540480452;11,0;12,0;13,0;13,0;0;13,0;13,0;13,0;11,0;12,0;14,0;12,0;12,0;12,285714285714286;1,4960264830858667;10,0;14,0;2,0;0,73;6,79;1,22105425;12,9833;0;12,0;13,0;10,0;12,0;13,0;10,0
2022-02-01;12,0;0,79;26,9605;14,2;12,7635;20,0;20,479520833333336;14,175;27,1833;49,10072083333333;1,2875727166666666;3,0607;2;32;1;0,8660254037844386;0,5000000000000001;0,5230943033491326;0,8522748088519838;13,0;13,0;12,0;12,0;0;12,0;12,0;12,0;13,0;11,0;12,0;10,0;12,0;12,571428571428571;1,133893419027264;11,0;14,0;-1,0;0,77;11,65;1,20789011125;14,5583;0;13,0;10,0;9,0;13,0;10,0;9,0
2022-02-02;13,0;0,81;23,8807;13,68;10,1981;21,0;21,088541666666668;13,425;28,9667;54,159725;1,3385099208333333;2,87843;2;33;2;0,8660254037844386;0,5000000000000001;0,5376773767406141;0,8431506618282;12,0;10,0;13,0;13,0;0;13,0;13,0;13,0;12,0;13,0;11,0;14,0;12,666666666666666;12,428571428571429;0,9759000729480416;11,0;14,0;1,0;0,79;14,2;1,2875727166666666;14,175;0;10,0;9,0;11,0;10,0;9,0;11,0
2022-02-03;10,0;0,84;21,8946;13,29;8,60085;15,0;19,6013875;13,3083;26,3917;60,34374583333334;1,359828029166667;3,1134;2;34;3;0,8660254037844386;0,5000000000000001;0,5521013427459208;0,8337770129585915;13,0;9,0;10,0;10,0;0;10,0;10,0;10,0;13,0;12,0;13,0;12,0;11,666666666666666;12,142857142857142;1,3451854182687333;10,0;14,0;-3,0;0,81;13,68;1,3385099208333333;13,425;0;9,0;11,0;13,0;9,0;11,0;13,0
2022-02-04;9,0;0,64;20,1029;11,4;8,70732;20,0;20,657295833333333;12,6417;28,3333;57,857641666666666;1,2826385833333334;3,03975;2;35;4;0,8660254037844386;0,5000000000000001;0,5663619330814524;0,8241566360566663;10,0;11,0;9,0;9,0;0;9,0;9,0;9,0;10,0;13,0;12,0;14,0;10,666666666666666;11,428571428571429;1,5118578920365648;9,0;13,0;-1,0;0,84;13,29;1,359828029166667;13,3083;0;11,0;13,0;13,0;11,0;13,0;13,0
2022-02-05;11,0;0,63;17,2568;11,24;6,0175;26,0;23,0072375;14,45;30,4833;51,590275;0,9958485125;2,67621;2;36;5;0,8660254037844386;0,5000000000000001;0,580454927809098;0,8142923779467267;9,0;13,0;11,0;11,0;0;11,0;11,0;11,0;9,0;10,0;13,0;12,0;10,0;11,285714285714286;1,4960264830858396;9,0;13,0;2,0;0,64;11,4;1,2826385833333334;12,6417;1;13,0;13,0;14,0;13,0;13,0;14,0
2022-02-06;13,0;0,71;19,9593;12,16;7,80112;28,0;24,072925;15,5333;32,9274;45,2187625;1,0468828916666666;3,13956;2;37;6;0,8660254037844386;0,5000000000000001;0,5943761565849831;0,804187157621448;11,0;13,0;13,0;13,0;0;13,0;13,0;13,0;11,0;9,0;10,0;11,0;11,0;11,571428571428571;1,6183471874250563;9,0;13,0;2,0;0,63;11,24;0,9958485125;14,45;1;13,0;14,0;18,0;13,0;14,0;18,0
2022-02-07;13,0;0,67;25,28;14,14;11,1443;20,0;21,909379166666668;14,325;29,25;50,72222083333333;1,3598098329166666;3,04471;2;38;0;0,8660254037844386;0,5000000000000001;0,6081214998935418;0,7938439653781019;13,0;14,0;13,0;13,0;0;13,0;13,0;13,0;13,0;11,0;9,0;13,0;12,333333333333334;11,571428571428571;1,6183471874250563;9,0;13,0;0,0;0,71;12,16;1,0468828916666666;15,5333;0;14,0;18,0;18,0;14,0;18,0;18,0
2022-02-08;14,0;0,7;28,6169;15,09;13,5305;22,0;22,39270833333333;13,5;31,925;53,59375416666666;1,1604629416666663;3,1319;2;39;1;0,8660254037844386;0,5000000000000001;0,6216868902665479;0,7832658619336791;13,0;18,0;14,0;14,0;0;14,0;14,0;14,0;13,0;13,0;11,0;12,0;13,333333333333334;11,857142857142858;1,864454471471339;9,0;14,0;1,0;0,67;14,14;1,3598098329166666;14,325;0;18,0;18,0;18,0;18,0;18,0;18,0
2022-02-09;18,0;0,73;26,8588;15,43;11,4284;24,0;21,382291666666664;14,1417;29,2833;56,22917916666666;1,4271869583333334;3,30914;2;40;2;0,8660254037844386;0,5000000000000001;0,6350683134867438;0,7724559775191742;14,0;18,0;18,0;18,0;0;18,0;18,0;18,0;14,0;13,0;13,0;13,0;15,0;12,571428571428571;2,9920529661722233;9,0;18,0;4,0;0,7;15,09;1,1604629416666663;13,5;0;18,0;18,0;29,0;18,0;18,0;29,0
2022-02-10;18,0;0,71;15,3448;11,1;4,24491;20,0;18,01735833333333;13,1167;23,6167;73,1632125;1,623836625;3,41168;2;41;3;0,8660254037844386;0,5000000000000001;0,6482618097757122;0,7614175109532997;18,0;18,0;18,0;18,0;0;18,0;18,0;18,0;18,0;14,0;13,0;10,0;16,666666666666668;13,714285714285714;3,352326839389974;9,0;18,0;0,0;0,73;15,43;1,4271869583333334;14,1417;0;18,0;29,0;18,0;18,0;29,0;18,0
2022-02-11;18,0;0,66;19,0844;12,57;6,51727;27,0;20,4787625;13,9083;28,3818;59,7888375;0,9932603958333334;2,49109;2;42;4;0,8660254037844386;0,5000000000000001;0,6612634749656386;0,7501537286959042;18,0;29,0;18,0;18,0;0;18,0;18,0;18,0;18,0;18,0;14,0;9,0;18,0;15,0;2,9439202887758187;11,0;18,0;0,0;0,71;11,1;1,623836625;13,1167;0;29,0;18,0;18,0;29,0;18,0;18,0
2022-02-12;29,0;0,81;28,5889;18,45;10,1447;37,0;23,062495833333333;14,7;31,475;41,5625125;1,1447541666666667;3,21249;2;43;5;0,8660254037844386;0,5000000000000001;0,6740694616546161;0,7386679638813748;18,0;18,0;29,0;29,0;0;29,0;29,0;29,0;18,0;18,0;18,0;11,0;21,666666666666668;17,571428571428573;5,563486402641818;13,0;29,0;11,0;0,66;12,57;0,9932603958333334;13,9083;1;18,0;18,0;19,0;18,0;18,0;19,0
2022-02-13;18,0;0,62;10,6212;7,21;3,43268;32,0;20,851741666666666;13,7167;27,85;51,583329166666665;1,2923112541666666;2,80729;2;44;6;0,8660254037844386;0,5000000000000001;0,6866759803451553;0,726963615332308;29,0;18,0;18,0;18,0;0;18,0;18,0;18,0;29,0;18,0;18,0;13,0;21,666666666666668;18,285714285714285;5,186980037050596;13,0;29,0;-11,0;0,81;18,45;1,1447541666666667;14,7;1;18,0;19,0;16,0;18,0;19,0;16,0
2022-02-14;18,0;0,67;18,2384;11,51;6,73234;29,0;20,4316;13,275;29,2917;63,50695416666667;1,2760833666666669;2,95992;2;45;0;0,8660254037844386;0,5000000000000001;0,6990793005655562;0,7150441465537444;18,0;19,0;18,0;18,0;0;18,0;18,0;18,0;18,0;29,0;18,0;13,0;21,666666666666668;19,0;4,654746681256265;14,0;29,0;0,0;0,62;7,21;1,2923112541666666;13,7167;0;19,0;16,0;17,0;19,0;16,0;17,0
2022-02-15;19,0;0,63;17,1492;11,62;5,52904;24,0;18,74684583333333;12,7417;26,225;70,58265833333333;1,505599625;3,01877;2;46;1;0,8660254037844386;0,5000000000000001;0,7112757519738152;0,7029130847082615;18,0;16,0;19,0;19,0;0;19,0;19,0;19,0;18,0;18,0;29,0;14,0;18,333333333333332;19,714285714285715;4,111540089158989;18,0;29,0;1,0;0,67;11,51;1,2760833666666669;13,275;0;16,0;17,0;24,0;16,0;17,0;24,0
2022-02-16;16,0;0,63;30,6446;17,76;12,889;28,0;21,809125;12,3583;31,275;57,19413333333333;0,9601176958333334;2,76019;2;47;2;0,8660254037844386;0,5000000000000001;0,7232617254437388;0,6905740195722293;19,0;17,0;16,0;16,0;0;16,0;16,0;16,0;19,0;18,0;18,0;18,0;17,666666666666668;19,428571428571427;4,3149794459588335;16,0;29,0;-3,0;0,63;11,62;1,505599625;12,7417;0;17,0;24,0;16,0;17,0;24,0;16,0
2022-02-17;17,0;0,66;30,8668;18,92;11,9585;32,0;23,4308375;14,625;32,3917;46,308704166666665;0,9472106666666668;2,89377;2;48;3;0,8660254037844386;0,5000000000000001;0,7350336741329413;0,6780306024735382;16,0;24,0;17,0;17,0;0;17,0;17,0;17,0;16,0;19,0;18,0;18,0;17,333333333333332;19,285714285714285;4,38612531035022;16,0;29,0;1,0;0,63;17,76;0,9601176958333334;12,3583;0;24,0;16,0;9,0;24,0;16,0;9,0
2022-02-18;24,0;0,76;35,0962;19,98;15,1185;31,0;22,1142375;14,425;30,6417;42,04166666666666;1,1590921666666667;3,28473;2;49;4;0,8660254037844386;0,5000000000000001;0,746588114532413;0,6652865452111116;17,0;16,0;24,0;24,0;0;24,0;24,0;24,0;17,0;16,0;19,0;18,0;19,0;20,142857142857142;4,6700667885506135;16,0;29,0;7,0;0,66;18,92;0,9472106666666668;14,625;0;16,0;9,0;9,0;16,0;9,0;9,0
2022-02-19;16,0;0,61;20,9562;12,78;8,17784;27,0;20,893408333333333;11,35;29,6667;42,624991666666666;1,0255597;2,62873;2;50;5;0,8660254037844386;0,5000000000000001;0,7579216274973472;0,6523456189565257;24,0;9,0;16,0;16,0;0;16,0;16,0;16,0;24,0;17,0;16,0;29,0;19,0;18,285714285714285;2,7516228977510844;16,0;24,0;-8,0;0,76;19,98;1,1590921666666667;14,425;1;9,0;9,0;8,0;9,0;9,0;8,0
2022-02-20;9,0;0,6;16,3795;9,39;6,9932;19,0;19,984020833333336;13,0833;26,9833;51,069475;1,1625113375;2,77819;2;51;6;0,8660254037844386;0,5000000000000001;0,7690308592589181;0,6392116531380588;16,0;9,0;9,0;9,0;0;9,0;9,0;9,0;16,0;24,0;17,0;18,0;16,333333333333332;17,0;4,472135954999514;9,0;24,0;-7,0;0,61;12,78;1,0255597;11,35;1;9,0;8,0;6,0;9,0;8,0;6,0
2022-02-21;9,0;0,65;25,5334;12,25;13,2872;14,0;18,3951375;11,5833;26,4333;59,628475;1,3193173708333334;2,75253;2;52;0;0,8660254037844386;0,5000000000000001;0,7799125224167177;0,6258885343075018;9,0;8,0;9,0;9,0;0;9,0;9,0;9,0;9,0;16,0;24,0;18,0;11,333333333333334;15,714285714285714;5,345224838248425;9,0;24,0;0,0;0,6;9,39;1,1625113375;13,0833;0;8,0;6,0;12,0;8,0;6,0;12,0
2022-02-22;8,0;0,58;19,9883;10,59;9,40176;18,0;17,687491666666666;11,025;25,4909;62,01735833333333;1,2783825291666666;2,51947;2;53;1;0,8660254037844386;0,5000000000000001;0,7905633969115482;0,612380204990065;9,0;6,0;8,0;8,0;0;8,0;8,0;8,0;9,0;9,0;16,0;19,0;8,666666666666666;14,142857142857142;5,814595756329328;8,0;24,0;-1,0;0,65;12,25;1,3193173708333334;11,5833;0;6,0;12,0;14,0;6,0;12,0;14,0
2022-02-23;6,0;0,54;16,7256;8,85;7,87977;14,0;17,357295833333335;11,525;24,075;59,18405416666667;1,4073785708333333;3,05354;2;54;2;0,8660254037844386;0,5000000000000001;0,8009803309782905;0,5986906625177214;8,0;12,0;6,0;6,0;0;6,0;6,0;6,0;8,0;9,0;9,0;16,0;7,666666666666667;12,714285714285714;6,473388749701429;6,0;24,0;-2,0;0,58;10,59;1,2783825291666666;11,025;0;12,0;14,0;10,0;12,0;14,0;10,0
2022-02-24;12,0;0,58;35,6827;15,37;20,3092;15,0;19,0076;11,0667;27,35;58,00000833333333;0,8068472208333333;2,17361;2;55;3;0,8660254037844386;0,5000000000000001;0,8111602420785621;0,5848239578463322;6,0;14,0;12,0;12,0;0;12,0;12,0;12,0;6,0;8,0;9,0;17,0;8,666666666666666;12,0;6,191391873668828;6,0;24,0;6,0;0,54;8,85;1,4073785708333333;11,525;0;14,0;10,0;6,0;14,0;10,0;6,0
2022-02-25;14,0;0,64;29,8494;16,93;12,9191;24,0;20,659029166666667;11,65;29,9667;50,40278333333333;1,0151335958333332;2,67466;2;56;4;0,8660254037844386;0,5000000000000001;0,8211001178128892;0,5707841943569036;12,0;10,0;14,0;14,0;0;14,0;14,0;14,0;12,0;6,0;8,0;24,0;10,666666666666666;10,571428571428571;3,552329886010954;6,0;16,0;2,0;0,58;15,37;0,8068472208333333;11,0667;0;10,0;6,0;10,0;10,0;6,0;10,0
2022-02-26;10,0;0,51;20,9941;11,78;9,20964;24,0;20,9475625;12,0;28,9083;47,590270833333335;1,1951337958333332;2,80466;2;57;5;0,8660254037844386;0,5000000000000001;0,8307970168121247;0,5565755266413303;14,0;6,0;10,0;10,0;0;10,0;10,0;10,0;14,0;12,0;6,0;16,0;12,0;9,714285714285714;2,6276913640610124;6,0;14,0;-4,0;0,64;16,93;1,0151335958333332;11,65;1;6,0;10,0;17,0;6,0;10,0;17,0
2022-02-27;6,0;0,45;14,8251;8,14;6,68764;18,0;20,21527083333333;12,9583;27,6417;50,69792916666666;1,1074439041666666;2,4469;2;58;6;0,8660254037844386;0,5000000000000001;0,8402480696078469;0,5422021592729844;10,0;10,0;6,0;6,0;0;6,0;6,0;6,0;10,0;14,0;12,0;9,0;10,0;9,285714285714286;2,984084768360443;6,0;14,0;-4,0;0,51;11,78;1,1951337958333332;12,0;1;10,0;17,0;17,0;10,0;17,0;17,0
2022-02-28;10,0;0,56;31,9003;17,65;14,2467;18,0;21,066291666666668;11,8909;29,4083;41,44790833333334;0,972058875;2,22945;2;59;0;0,8660254037844386;0,5000000000000001;0,8494504794814806;0,527668345562516;6,0;17,0;10,0;10,0;0;10,0;10,0;10,0;6,0;10,0;14,0;9,0;8,666666666666666;9,428571428571429;2,9920529661721993;6,0;14,0;4,0;0,45;8,14;1,1074439041666666;12,9583;0;17,0;17,0;15,0;17,0;17,0;15,0
2022-03-01;17,0;0,85;50,1157;24,56;25,5539;25,0;21,563458333333333;11,875;30,9101;39,229170833333335;0,8495690291666667;2,64225;3;60;1;1,0;6,123233995736766e-17;0,8584015232918917;0,512978386299228;10,0;17,0;17,0;17,0;0;17,0;17,0;17,0;10,0;6,0;10,0;8,0;11,0;10,714285714285714;4,029651999626546;6,0;17,0;7,0;0,56;17,65;0,972058875;11,8909;0;17,0;15,0;12,0;17,0;15,0;12,0
2022-03-02;17,0;0,57;41,9618;22,77;19,1961;27,0;22,407641666666667;13,6;31,4333;44,21527916666667;0,9306183375;2,70395;3;61;2;1,0;6,123233995736766e-17;0,8670985522812081;0,4981366284784055;17,0;15,0;17,0;17,0;0;17,0;17,0;17,0;17,0;10,0;6,0;6,0;14,666666666666666;12,285714285714286;4,029651999626559;6,0;17,0;0,0;0,85;24,56;0,8495690291666667;11,875;0;15,0;12,0;11,0;15,0;12,0;11,0
2022-03-03;15,0;0,55;29,5722;17,59;11,982;23,0;21,23787083333333;13,7167;28,8168;55,4132625;1,201766041666667;2,79436;3;62;3;1,0;6,123233995736766e-17;0,8755389928586302;0,4831474640149687;17,0;12,0;15,0;15,0;0;15,0;15,0;15,0;17,0;17,0;10,0;12,0;16,333333333333332;12,714285714285714;4,151878519187953;6,0;17,0;-2,0;0,57;22,77;0,9306183375;13,6;0;12,0;11,0;8,0;12,0;11,0;8,0
2022-03-04;12,0;0,51;34,8242;17,35;17,4775;21,0;21,50208333333333;14,625;28,875;56,38543333333333;1,23020421875;2,83347;3;63;4;1,0;6,123233995736766e-17;0,8837203473619977;0,4680153284438345;15,0;11,0;12,0;12,0;0;12,0;12,0;12,0;15,0;17,0;17,0;14,0;14,666666666666666;12,428571428571429;4,117326918326992;6,0;17,0;-3,0;0,55;17,59;1,201766041666667;13,7167;0;11,0;8,0;10,0;11,0;8,0;10,0
2022-03-05;11,0;0,51;19,9279;12,15;7,78093;21,0;21,717366666666667;15,0333;29,4917;46,30902916666667;0,86085075;1,9527;3;64;5;1,0;6,123233995736766e-17;0,8916401947968874;0,45274469960737107;12,0;8,0;11,0;11,0;0;11,0;11,0;11,0;12,0;15,0;17,0;10,0;12,666666666666666;12,571428571428571;4,035556254807184;6,0;17,0;-1,0;0,51;17,35;1,23020421875;14,625;1;8,0;10,0;12,0;8,0;10,0;12,0
2022-03-06;8,0;0,38;11,0671;7,84;3,23208;18,0;18,3107625;13,0583;23,875;44,02778333333333;1,1160860958333334;2,57837;3;65;6;1,0;6,123233995736766e-17;0,8992961915530253;0,4373400963303323;11,0;10,0;8,0;8,0;0;8,0;8,0;8,0;11,0;12,0;15,0;6,0;10,333333333333334;12,857142857142858;3,532165125838484;8,0;17,0;-3,0;0,51;12,15;0,86085075;15,0333;1;10,0;12,0;11,0;10,0;12,0;11,0
2022-03-07;10,0;0,51;37,3702;17,22;20,1502;18,0;19,86916;9,74167;29,9182;44,61110416666667;0,7856157416666667;1,7886;3;66;0;1,0;6,123233995736766e-17;0,9066860720977985;0,4218060770826634;8,0;12,0;10,0;10,0;0;10,0;10,0;10,0;8,0;11,0;12,0;10,0;9,666666666666666;12,857142857142858;3,532165125838484;8,0;17,0;2,0;0,38;7,84;1,1160860958333334;13,0583;0;12,0;11,0;14,0;12,0;11,0;14,0
2022-03-08;12,0;0,5;29,5907;14,24;15,3511;15,0;18,8059375;12,175;24,9333;49,659729166666665;1,3360951625000002;3,33266;3;67;1;1,0;6,123233995736766e-17;0,9138076496466615;0,4061472386305789;10,0;11,0;12,0;12,0;0;12,0;12,0;12,0;10,0;8,0;11,0;17,0;10,0;12,142857142857142;3,023715784073664;8,0;17,0;2,0;0,51;17,22;0,7856157416666667;9,74167;0;11,0;14,0;17,0;11,0;14,0;17,0
2022-03-09;11,0;0,55;31,4032;16,57;14,8327;19,0;19,34895833333333;10,3833;28,15;52,38195;0,9195093666666666;2,38177;3;68;2;1,0;6,123233995736766e-17;0,9206588168102428;0,3903682146763026;12,0;14,0;11,0;11,0;0;11,0;11,0;11,0;12,0;10,0;8,0;17,0;11,0;11,285714285714286;2,1380899352991642;8,0;15,0;-1,0;0,5;14,24;1,3360951625000002;12,175;0;14,0;17,0;22,0;14,0;17,0;22,0
2022-03-10;14,0;0,51;34,477;21,66;12,8139;23,0;21,1920125;12,375;30,25;47,625;0,7608582333333334;2,46697;3;69;3;1,0;6,123233995736766e-17;0,9272375462179537;0,374473674486883;11,0;17,0;14,0;14,0;0;14,0;14,0;14,0;11,0;12,0;10,0;15,0;12,333333333333334;11,142857142857142;1,8644544714713416;8,0;14,0;3,0;0,55;16,57;0,9195093666666666;10,3833;0;17,0;22,0;19,0;17,0;22,0;19,0
2022-03-11;17,0;0,63;51,4319;23,26;28,171;22,0;21,226666666666667;13,4083;29,7818;45,6041625;0,9269819625;2,83497;3;70;4;1,0;6,123233995736766e-17;0,9335418911179212;0,35846832151248087;14,0;22,0;17,0;17,0;0;17,0;17,0;17,0;14,0;11,0;12,0;12,0;14,0;11,857142857142858;2,911389784310841;8,0;17,0;3,0;0,51;21,66;0,7608582333333334;12,375;0;22,0;19,0;22,0;22,0;19,0;22,0
2022-03-12;22,0;0,58;24,2734;15,05;9,22551;23,0;19,04469166666667;11,8667;27,05;57,4270875;1,0535340041666668;2,52681;3;71;5;1,0;6,123233995736766e-17;0,9395699859530622;0,342356891994542;17,0;19,0;22,0;22,0;0;22,0;22,0;22,0;17,0;14,0;11,0;11,0;17,666666666666668;13,428571428571429;4,75594865605662;8,0;22,0;5,0;0,63;23,26;0,9269819625;13,4083;1;19,0;22,0;24,3004732984227;19,0;22,0;
2022-03-13;19,0;0,62;25,4291;16,38;9,04893;30,0;21,368325;12,3833;31,1901;55,70487083333333;0,7971586083333334;2,44448;3;72;6;1,0;6,123233995736766e-17;0,945320046913132;0,3261441535642696;22,0;22,0;19,0;19,0;0;19,0;19,0;19,0;22,0;17,0;14,0;8,0;19,333333333333332;15,0;4,472135954999495;10,0;22,0;-3,0;0,58;15,05;1,0535340041666668;11,8667;1;22,0;24,3004732984227;18,53186931318873;22,0;;
2022-03-14;22,0;0,57;38,2426;25,25;12,9906;26,0;21,39653333333333;13,0167;30,8417;55,239583333333336;0,8513494958333333;2,82423;3;73;0;1,0;6,123233995736766e-17;0,9507903724625832;0,3098349038318025;19,0;;22,0;22,0;0;22,0;22,0;22,0;19,0;22,0;17,0;10,0;21,0;16,714285714285715;4,535573676110657;11,0;22,0;3,0;0,62;16,38;0,7971586083333334;12,3833;0;24,3004732984227;18,53186931318873;20,112465528725735;;;
2022-03-15;24,3004732984227;0,61;46,7267;25,91;20,8143;22,0;20,535004166666667;12,9167;28,1917;61,7882;1,0271720008333334;2,7618;3;74;1;1,0;6,123233995736766e-17;0,9559793438440766;0,2934339689665273;22,0;;;24,3004732984227;1;;24,3004732984227;24,3004732984227;22,0;19,0;22,0;12,0;21,766824432807567;18,471496185488956;4,780861205780464;11,0;24,3004732984227;2,3004732984226983;0,57;25,25;0,8513494958333333;13,0167;0;18,53186931318873;20,112465528725735;21,428939394073797;;;
2022-03-16;18,53186931318873;0,58;26,9113;20,62;6,28995;18,0;17,582708333333333;12,7333;24,0667;76,34030833333334;1,2407205;2,87502;3;75;2;1,0;6,123233995736766e-17;0,9608854255574977;0,27694620226893646;;;;18,53186931318873;1;;18,53186931318873;18,53186931318873;24,3004732984227;22,0;19,0;11,0;21,61078087053714;19,54747751594449;3,4932325553363506;14,0;24,3004732984227;-5,76860398523397;0,61;25,91;1,0271720008333334;12,9167;0;20,112465528725735;21,428939394073797;17,0;;;17,0
2022-03-17;20,112465528725735;0,54;21,9848;17,41;4,57422;19,0;16,965254166666668;13,55;21,2;77,96184583333333;1,06289955;2,22541;3;76;3;1,0;6,123233995736766e-17;0,9655071658143364;0,2603764827344581;;;;20,112465528725735;1;;20,112465528725735;20,112465528725735;18,53186931318873;24,3004732984227;22,0;14,0;20,98160271344572;20,420686877191024;2,497441512784216;17,0;24,3004732984227;1,5805962155370068;0,58;20,62;1,2407205;12,7333;0;21,428939394073797;17,0;17,0;;17,0;17,0
2022-03-18;21,428939394073797;0,72;42,668;24,89;17,7818;19,0;19,8769875;11,9833;28,5167;58,3611125;0,703226205;2,31667;3;77;4;1,0;6,123233995736766e-17;0,969843196967294;0,24372971360968387;;17,0;;21,428939394073797;1;;21,428939394073797;21,428939394073797;20,112465528725735;18,53186931318873;24,3004732984227;17,0;20,02442474532942;21,053392504915852;1,9973542585630026;18,53186931318873;24,3004732984227;1,3164738653480619;0,54;17,41;1,06289955;13,55;0;17,0;17,0;10,0;17,0;17,0;10,0
2022-03-19;17,0;0,75;49,1529;27,28;21,8715;22,0;21,6094125;15,875;29,575;42,18403333333333;0,6078033125;2,13387;3;78;5;1,0;6,123233995736766e-17;0,9738922359149924;0,22701082094141847;;17,0;17,0;17,0;0;17,0;17,0;17,0;21,428939394073797;20,112465528725735;18,53186931318873;22,0;19,513801640933178;20,339106790630137;2,4460526255897914;17,0;24,3004732984227;-4,428939394073797;0,72;24,89;0,703226205;11,9833;1;17,0;10,0;12,0;17,0;10,0;12,0
2022-03-20;17,0;0,64;27,7105;20,24;7,47381;22,0;20,0701375;14,2417;26,2083;38,31944583333333;1,1153930749999998;3,05711;3;79;6;1,0;6,123233995736766e-17;0,9776530844816641;0,2102247521189836;17,0;10,0;17,0;17,0;0;17,0;17,0;17,0;17,0;21,428939394073797;20,112465528725735;19,0;18,47631313135793;20,053392504915852;2,7289814728215642;17,0;24,3004732984227;0,0;0,75;27,28;0,6078033125;15,875;1;10,0;12,0;7,0;10,0;12,0;7,0
2022-03-21;10,0;0,51;37,4583;18,54;18,9176;14,0;17,063544583333332;9,425;24,9083;52,121520833333335;0,8716708125;2,14074;3;80;0;1,0;6,123233995736766e-17;0,981124629771712;0,19337647441020586;17,0;12,0;10,0;10,0;0;10,0;10,0;10,0;17,0;17,0;21,428939394073797;22,0;14,666666666666666;18,339106790630137;4,498037179714639;10,0;24,3004732984227;-7,0;0,64;20,24;1,1153930749999998;14,2417;0;12,0;7,0;12,0;12,0;7,0;12,0
2022-03-22;12,0;0,5;36,4289;19,56;16,8683;20,0;18,1295125;10,4;27,1917;54,85795833333333;0,8919538083333333;2,54245;3;81;1;1,0;6,123233995736766e-17;0,984305844499033;0,17647097349152166;10,0;7,0;12,0;12,0;0;12,0;12,0;12,0;10,0;17,0;17,0;24,3004732984227;13,0;16,581896319426896;4,171848003834922;10,0;21,428939394073797;2,0;0,51;18,54;0,8716708125;9,425;0;7,0;12,0;19,0;7,0;12,0;19,0
2022-03-23;7,0;0,46;20,8255;13,26;7,5694;13,0;14,889092916666668;9,05;21,0583;60,91320833333333;1,3094693750000002;2,63316;3;82;2;1,0;6,123233995736766e-17;0,9871957872910085;0,15951325197263655;12,0;12,0;7,0;7,0;0;7,0;7,0;7,0;12,0;10,0;17,0;18,53186931318873;9,666666666666666;14,93448641754279;5,376469121841234;7,0;21,428939394073797;-5,0;0,5;19,56;0,8919538083333333;10,4;0;12,0;19,0;18,0;12,0;19,0;18,0
2022-03-24;12,0;0,62;52,8581;27,28;25,5775;13,0;17,584161666666667;8,26668;28,2333;47,8885875;0,5703245;1,73974;3;83;3;1,0;6,123233995736766e-17;0,9897936029670716;0,14250832791617088;7,0;19,0;12,0;12,0;0;12,0;12,0;12,0;7,0;12,0;10,0;20,112465528725735;10,333333333333334;13,775562770581972;4,930120621093269;7,0;21,428939394073797;5,0;0,46;13,26;1,3094693750000002;9,05;0;19,0;18,0;18,0;19,0;18,0;18,0
2022-03-25;19,0;0,95;90,0745;32,14;57,9312;20,0;19,578858333333333;10,0167;29,4667;39,854175;0,8674816429166666;2,72746;3;84;4;1,0;6,123233995736766e-17;0,992098522791769;0,12546123335273648;12,0;18,0;19,0;19,0;0;19,0;19,0;19,0;12,0;7,0;12,0;21,428939394073797;12,666666666666666;13,428571428571429;4,3534332373863345;7,0;19,0;7,0;0,62;27,28;0,5703245;8,26668;0;18,0;18,0;17,0;18,0;18,0;17,0
2022-03-26;18,0;0,55;25,7025;17,27;8,43066;21,0;15,803820833333331;10,1833;22,425;63,75315833333334;1,107258675;2,84341;3;85;5;1,0;6,123233995736766e-17;0,9941098647022418;0,10837701279187609;19,0;18,0;18,0;18,0;0;18,0;18,0;18,0;19,0;12,0;7,0;17,0;16,333333333333332;13,571428571428571;4,503966505838315;7,0;19,0;-1,0;0,95;32,14;0,8674816429166666;10,0167;1;18,0;17,0;12,0;18,0;17,0;12,0
2022-03-27;18,0;0,64;31,3289;21,56;9,76443;22,0;17,626684583333333;9,35001;27,8333;58,87469166666667;0,4770525179166667;2,05013;3;86;6;1,0;6,123233995736766e-17;0,9958270335100595;0,09126072172931188;18,0;17,0;18,0;18,0;0;18,0;18,0;18,0;18,0;19,0;12,0;17,0;18,333333333333332;13,714285714285714;4,644505202002437;7,0;19,0;0,0;0,55;17,27;1,107258675;10,1833;1;17,0;12,0;15,0;17,0;12,0;15,0
2022-03-28;17,0;0,71;59,3293;25,65;33,6841;19,0;18,70659583333333;11,025;26,85;46,958329166666665;0,8642273654166667;2,72728;3;87;0;1,0;6,123233995736766e-17;0,9972495210773451;0,07411742515094437;18,0;12,0;17,0;17,0;0;17,0;17,0;17,0;18,0;18,0;19,0;10,0;17,666666666666668;14,714285714285714;4,461475305855799;7,0;19,0;-1,0;0,64;21,56;0,4770525179166667;9,35001;0;12,0;15,0;18,0;12,0;15,0;18,0
2022-03-29;12,0;0,59;37,0629;21,05;16,0115;16,0;16,804514166666667;9,20001;25,2167;51,80555833333333;0,8979125583333333;2,33532;3;88;1;1,0;6,123233995736766e-17;0,998376906467142;0,056952196034039754;17,0;15,0;12,0;12,0;0;12,0;12,0;12,0;17,0;18,0;18,0;12,0;15,666666666666666;14,714285714285714;4,461475305855799;7,0;19,0;-5,0;0,71;25,65;0,8642273654166667;11,025;0;15,0;18,0;22,0;15,0;18,0;22,0
2022-03-30;15,0;0,62;59,3518;27,42;31,9272;12,0;16,760415;7,08333;26,1667;40,84375416666666;0,5651409875;2,04498;3;89;2;1,0;6,123233995736766e-17;0,9992088560679753;0,03977011384605572;12,0;18,0;15,0;15,0;0;15,0;15,0;15,0;12,0;17,0;18,0;7,0;14,666666666666666;15,857142857142858;2,911389784310879;12,0;19,0;3,0;0,59;21,05;0,8979125583333333;9,20001;0;18,0;22,0;24,0;18,0;22,0;24,0
2022-03-31;18,0;0,9;97,2948;36,74;60,5567;13,0;18,4078975;8,66667;28,0727;34,690975;0,4791934962499999;1,55734;3;90;3;1,0;6,123233995736766e-17;0,9997451236925734;0,022576263041545485;15,0;22,0;18,0;18,0;0;18,0;18,0;18,0;15,0;12,0;17,0;12,0;15,0;16,714285714285715;2,4299715851756862;12,0;19,0;3,0;0,62;27,42;0,5651409875;7,08333;0;22,0;24,0;13,0;22,0;24,0;13,0
2022-04-01;22,0;0,84;86,2554;35,35;50,9114;19,0;18,7236125;9,74167;27,9917;38,270825;0,735124175;2,17413;4;91;4;0,8660254037844387;-0,4999999999999998;0,9999855506507186;0,005375731557583884;18,0;24,0;22,0;22,0;0;22,0;22,0;22,0;18,0;15,0;12,0;19,0;18,333333333333332;17,142857142857142;3,078342163598751;12,0;22,0;4,0;0,9;36,74;0,4791934962499999;8,66667;0;24,0;13,0;15,0;24,0;13,0;15,0
2022-04-02;24,0;0,75;46,7122;25,45;21,2594;22,0;17,34305708333333;9,96667;25,4333;51,2291625;0,9480004541666666;2,57031;4;92;5;0,8660254037844387;-0,4999999999999998;0,9999300657962057;-0,011826390691832589;22,0;13,0;24,0;24,0;0;24,0;24,0;24,0;22,0;18,0;15,0;18,0;21,333333333333332;18,0;4,0414518843273095;12,0;24,0;2,0;0,84;35,35;0,735124175;9,74167;1;13,0;15,0;18,0;13,0;15,0;18,0
2022-04-03;13,0;0,52;21,1593;15,09;6,06912;17,0;16,710004166666668;9,95;24,75;61,34375;0,7239669750000001;1,69721;4;93;6;0,8660254037844387;-0,4999999999999998;0,9995786855478958;-0,029025013321975237;24,0;15,0;13,0;13,0;0;13,0;13,0;13,0;24,0;22,0;18,0;18,0;19,666666666666668;17,285714285714285;4,46147530585582;12,0;24,0;-11,0;0,75;25,45;0,9480004541666666;9,96667;1;15,0;18,0;20,0;15,0;18,0;20,0
2022-04-04;15,0;0,66;50,4185;29,88;20,5354;15,0;18,4620875;9,675;28,225;50,027770833333335;0,588526725;2,20622;4;94;0;0,8660254037844387;-0,4999999999999998;0,9989315138848577;-0,046215046983708354;13,0;18,0;15,0;15,0;0;15,0;15,0;15,0;13,0;24,0;22,0;17,0;17,333333333333332;17,0;4,5460605656618815;12,0;24,0;2,0;0,52;15,09;0,7239669750000001;9,95;0;18,0;20,0;20,0;18,0;20,0;20,0
2022-04-05;18,0;0,7;61,8298;32,21;29,6242;22,0;19,606941666666668;11,1167;29,3833;45,96875416666666;0,7003587541666666;2,27636;4;95;1;0,8660254037844387;-0,4999999999999998;0,9979887423155984;-0,06339140486951038;15,0;20,0;18,0;18,0;0;18,0;18,0;18,0;15,0;13,0;24,0;12,0;15,333333333333334;17,857142857142858;3,9761191895519463;13,0;24,0;3,0;0,66;29,88;0,588526725;9,675;0;20,0;20,0;19,0;20,0;20,0;19,0
2022-04-06;20,0;0,74;65,1176;35,04;30,0767;19,0;19,1024375;10,6417;28,45;47,420141666666666;0,6250625583333334;2,38144;4;96;2;0,8660254037844387;-0,4999999999999998;0,9967506498213929;-0,08054900421874167;18,0;20,0;20,0;20,0;0;20,0;20,0;20,0;18,0;15,0;13,0;15,0;17,666666666666668;18,571428571428573;3,8234863173610396;13,0;24,0;2,0;0,7;32,21;0,7003587541666666;11,1167;0;20,0;19,0;11,0;20,0;19,0;11,0
2022-04-07;20,0;0,76;71,9388;35,5;36,4382;20,0;19,530933333333333;10,6083;29,4091;50,5378875;0,5134733416666667;2,32235;4;97;3;0,8660254037844387;-0,4999999999999998;0,9952176027737294;-0,09768276782171598;20,0;19,0;20,0;20,0;0;20,0;20,0;20,0;20,0;18,0;15,0;18,0;19,333333333333332;18,857142857142858;3,848314411469428;13,0;24,0;0,0;0,74;35,04;0,6250625583333334;10,6417;0;19,0;11,0;8,0;19,0;11,0;8,0
2022-04-08;19,0;0,7;60,9984;30,97;30,037;20,0;19,16145833333333;11,5333;27,7083;52,0764;0,7818624833333333;2,3196;4;98;4;0,8660254037844387;-0,4999999999999998;0,9933900548258936;-0,11478762552212701;20,0;11,0;19,0;19,0;0;19,0;19,0;19,0;20,0;20,0;18,0;22,0;19,666666666666668;18,428571428571427;3,5989416433696735;13,0;24,0;-1,0;0,76;35,5;0,5134733416666667;10,6083;0;11,0;8,0;10,0;11,0;8,0;10,0
2022-04-09;11,0;0,52;25,857;15,74;10,1175;12,0;15,142005833333334;9,13333;21,975;66,8819375;1,0326218958333333;2,67273;4;99;5;0,8660254037844387;-0,4999999999999998;0,9912685467787256;-0,13185851571739118;19,0;8,0;11,0;11,0;0;11,0;11,0;11,0;19,0;20,0;20,0;24,0;16,666666666666668;16,571428571428573;3,5989416433696553;11,0;20,0;-8,0;0,7;30,97;0,7818624833333333;11,5333;1;8,0;10,0;11,0;8,0;10,0;11,0
2022-04-10;8,0;0,43;19,116;12,23;6,88522;12,0;14,26702;9,05;21,55;66,9479125;0,8364094999999999;2,57943;4;100;6;0,8660254037844387;-0,4999999999999998;0,9888537064205885;-0,1488903868564548;11,0;10,0;8,0;8,0;0;8,0;8,0;8,0;11,0;19,0;20,0;13,0;12,666666666666666;15,857142857142858;4,7409060817727395;8,0;20,0;-3,0;0,52;15,74;1,0326218958333333;9,13333;1;10,0;11,0;21,0;10,0;11,0;21,0
2022-04-11;10,0;0,52;35,698;20,29;15,4043;12,0;14,469792916666668;7,39167;21,7417;62,096916666666665;0,6815164;2,10114;4;101;0;0,8660254037844387;-0,4999999999999998;0,986146248341595;-0,16587819893463143;8,0;11,0;10,0;10,0;0;10,0;10,0;10,0;8,0;11,0;19,0;15,0;9,666666666666666;15,142857142857142;5,241773600241592;8,0;20,0;2,0;0,43;12,23;0,8364094999999999;9,05;0;11,0;21,0;23,0;11,0;21,0;23,0
2022-04-12;11,0;0,56;36,678;24,12;12,5536;10,0;14,973608333333331;10,4167;21,1833;49,86805416666667;0,8402494166666666;1,9693;4;102;1;0,8660254037844387;-0,4999999999999998;0,9831469737221499;-0,1828169249850199;10,0;21,0;11,0;11,0;0;11,0;11,0;11,0;10,0;8,0;11,0;18,0;9,666666666666666;14,142857142857142;5,2734735999645395;8,0;20,0;1,0;0,52;20,29;0,6815164;7,39167;0;21,0;23,0;17,0;21,0;23,0;17,0
2022-04-13;21,0;1,09;106,317;44,36;61,9548;13,0;16,899309166666665;7,25;28,1417;46,72569583333333;0,3686985166666667;1,5316;4;103;2;0,8660254037844387;-0,4999999999999998;0,9798567700958665;-0,1997015525660636;11,0;23,0;21,0;21,0;0;21,0;21,0;21,0;11,0;10,0;8,0;20,0;14,0;14,285714285714286;5,468524655221102;8,0;21,0;10,0;0,56;24,12;0,8402494166666666;10,4167;0;23,0;17,0;31,0;23,0;17,0;31,0
2022-04-14;23,0;0,99;97,5546;32,62;64,9382;17,0;15,586394166666668;8,75833;23,525;54,0382;1,0123879708333334;2,23792;4;104;3;0,8660254037844387;-0,4999999999999998;0,9762766110869321;-0,21652708524481437;21,0;17,0;23,0;23,0;0;23,0;23,0;23,0;21,0;11,0;10,0;20,0;18,333333333333332;14,714285714285714;6,0749289629394925;8,0;23,0;2,0;1,09;44,36;0,3686985166666667;7,25;0;17,0;31,0;35,0;17,0;31,0;35,0
2022-04-15;17,0;0,46;17,2025;12,48;4,72367;17,0;11,1684075;8,15833;15,1083;83,03827916666667;0,890183675;1,84996;4;105;4;0,8660254037844387;-0,4999999999999998;0,9724075561219968;-0,23328854407545518;23,0;31,0;17,0;17,0;0;17,0;17,0;17,0;23,0;21,0;11,0;19,0;20,333333333333332;14,428571428571429;5,883795341363157;8,0;23,0;-6,0;0,99;32,62;1,0123879708333334;8,75833;0;31,0;35,0;27,0;31,0;35,0;27,0
2022-04-16;31,0;0,66;31,0538;20,04;11,0141;21,0;13,445477916666666;6,28333;23,3417;71,73544166666666;0,5753890625;1,83065;4;106;5;0,8660254037844387;-0,4999999999999998;0,9682507501166718;-0,2499809690726521;17,0;35,0;31,0;31,0;0;31,0;31,0;31,0;17,0;23,0;21,0;11,0;23,666666666666668;17,285714285714285;8,300889223737496;8,0;31,0;14,0;0,46;12,48;0,890183675;8,15833;1;35,0;27,0;29,0;35,0;27,0;29,0
2022-04-17;35,0;1,13;57,798;27,07;30,7275;20,0;14,201385416666668;7,125;23,725;66,72948333333333;0,6058930466666667;2,42008;4;107;6;0,8660254037844387;-0,4999999999999998;0,9638074231367307;-0,26659942067929354;31,0;27,0;35,0;35,0;0;35,0;35,0;35,0;31,0;17,0;23,0;8,0;27,666666666666668;21,142857142857142;9,459185508075741;10,0;35,0;4,0;0,66;20,04;0,5753890625;6,28333;1;27,0;29,0;19,0;27,0;29,0;19,0
2022-04-18;27,0;0,83;66,4027;34,92;31,4789;14,0;13,798256666666669;6,51667;23,0333;68,44097916666666;0,6622972666666667;2,17915;4;108;0;0,8660254037844387;-0,4999999999999998;0,9590788900341131;-0,28313898122818354;35,0;29,0;27,0;27,0;0;27,0;27,0;27,0;35,0;31,0;17,0;10,0;31,0;23,571428571428573;8,223080178318064;11,0;35,0;-8,0;1,13;27,07;0,6058930466666667;7,125;0;29,0;19,0;26,0;29,0;19,0;26,0
2022-04-19;29,0;0,81;64,5674;32,64;31,9284;12,0;14,356217083333334;9,47501;21,5583;69,00352500000001;0,7123702666666666;2,29173;4;109;1;0,8660254037844387;-0,4999999999999998;0,9540665500578387;-0,2995947563972602;27,0;19,0;29,0;29,0;0;29,0;29,0;29,0;27,0;35,0;31,0;11,0;30,333333333333332;26,142857142857142;6,202917900165249;17,0;35,0;2,0;0,83;34,92;0,6622972666666667;6,51667;0;19,0;26,0;24,0;19,0;26,0;24,0
2022-04-20;19,0;0,76;58,2267;28,66;29,5623;12,0;15,197574583333331;8,78333;22,3417;68,06945;0,537555075;1,56894;4;110;2;0,8660254037844387;-0,4999999999999998;0,9487718864399473;-0,31596187665790293;29,0;26,0;19,0;19,0;0;19,0;19,0;19,0;29,0;27,0;35,0;21,0;25,0;25,857142857142858;6,5173760422573785;17,0;35,0;-10,0;0,81;32,64;0,7123702666666666;9,47501;0;26,0;24,0;22,0;26,0;24,0;22,0
2022-04-21;26,0;0,85;78,5897;35,07;43,516;6,0;14,341980416666669;9,28333;19,1583;69,7118;0,6084252541666667;1,4317;4;111;3;0,8660254037844387;-0,4999999999999998;0,9431964659565866;-0,33223549871590435;19,0;24,0;26,0;26,0;0;26,0;26,0;26,0;19,0;29,0;27,0;23,0;24,666666666666668;26,285714285714285;6,395683067879607;17,0;35,0;7,0;0,76;28,66;0,537555075;8,78333;0;24,0;22,0;11,0;24,0;22,0;11,0
2022-04-22;24,0;0,74;55,5444;30,17;25,3785;9,0;15,39305;11,125;21,8583;69,84029583333334;0,6988640333333334;2,12085;4;112;4;0,8660254037844387;-0,4999999999999998;0,9373419384643772;-0,3484108069446808;26,0;22,0;24,0;24,0;0;24,0;24,0;24,0;26,0;19,0;29,0;17,0;23,0;27,285714285714285;5,122313465427054;19,0;35,0;-2,0;0,85;35,07;0,6084252541666667;9,28333;0;22,0;11,0;8,0;22,0;11,0;8,0
2022-04-23;22,0;1,08;80,0327;26,99;53,0413;14,0;16,139240416666667;9,02499;23,95;65,98989999999999;0,6510764916666666;1,9656;4;113;5;0,8660254037844387;-0,4999999999999998;0,9312100364121947;-0,3644830148102912;24,0;11,0;22,0;22,0;0;22,0;22,0;22,0;24,0;26,0;19,0;31,0;24,0;26,0;5,163977794943221;19,0;35,0;-2,0;0,74;30,17;0,6988640333333334;11,125;1;11,0;8,0;5,0;11,0;8,0;5,0
2022-04-24;11,0;0,73;41,0201;17,17;23,853;10,0;15,076042083333334;9,51668;20,0583;69,98615833333334;0,9094683833333334;2,84299;4;114;6;0,8660254037844387;-0,4999999999999998;0,9248025743285089;-0,38044736628785164;22,0;8,0;11,0;11,0;0;11,0;11,0;11,0;22,0;24,0;26,0;35,0;19,0;22,571428571428573;6,078847008469673;11,0;29,0;-11,0;1,08;26,99;0,6510764916666666;9,02499;1;8,0;5,0;14,0;8,0;5,0;14,0
2022-04-25;8,0;0,54;32,3607;15,82;16,5375;7,0;15,6642375;10,7;22,2583;72,5524875;0,9923914166666666;3,10817;4;115;0;0,8660254037844387;-0,4999999999999998;0,9181214482844364;-0,39629913726891813;11,0;5,0;8,0;8,0;0;8,0;8,0;8,0;11,0;22,0;24,0;27,0;13,666666666666666;19,857142857142858;7,776643908280102;8,0;29,0;-3,0;0,73;17,17;0,9094683833333334;9,51668;0;5,0;14,0;33,0;5,0;14,0;33,0
2022-04-26;5,0;0,5;22,4074;14,96;7,44399;5,0;14,021183333333331;10,65;18,75;78,37854583333333;1,1974342375;3,92794;4;116;1;0,8660254037844387;-0,4999999999999998;0,9111686353326631;-0,41203363695942635;8,0;14,0;5,0;5,0;0;5,0;5,0;5,0;8,0;11,0;22,0;29,0;8,0;16,428571428571427;8,34380294704081;5,0;26,0;-3,0;0,54;15,82;0,9923914166666666;10,7;0;14,0;33,0;41,0;14,0;33,0;41,0
2022-04-27;14,0;0,62;52,0309;20,38;31,6407;3,0;10,827434166666668;8,35001;13,8083;91,6434;0,6470095583333334;2,27731;4;117;2;0,8660254037844387;-0,4999999999999998;0,9039461929224011;-0,42764620926777464;5,0;33,0;14,0;14,0;0;14,0;14,0;14,0;5,0;8,0;11,0;19,0;9,0;15,714285714285714;8,300889223737487;5,0;26,0;9,0;0,5;14,96;1,1974342375;10,65;0;33,0;41,0;32,0;33,0;41,0;32,0
2022-04-28;33,0;1,31;136,655;32,29;104,364;5,0;11,743436666666668;5,38333;20,0417;79,94101666666667;0,4011786875;1,46193;4;118;3;0,8660254037844387;-0,4999999999999998;0,8964562582905575;-0,44313223418263453;14,0;41,0;33,0;33,0;0;33,0;33,0;33,0;14,0;5,0;8,0;26,0;17,333333333333332;16,714285714285715;9,995236960910992;5,0;33,0;19,0;0,62;20,38;0,6470095583333334;8,35001;0;41,0;32,0;38,0;41,0;32,0;38,0
2022-04-29;41,0;1,32;143,152;44,16;98,9951;8,0;14,0020775;6,33333;24,7083;69,45767916666667;0,4712192333333333;2,22447;4;119;4;0,8660254037844387;-0,4999999999999998;0,8887010478292915;-0,45848712914008766;33,0;32,0;41,0;41,0;0;41,0;41,0;41,0;33,0;14,0;5,0;24,0;29,333333333333332;19,142857142857142;13,508374827350252;5,0;41,0;8,0;1,31;32,29;0,4011786875;5,38333;0;32,0;38,0;26,0;32,0;38,0;26,0
2022-04-30;32,0;1,19;81,7103;31,81;49,9038;12,0;13,90417375;7,075;22,9417;65,73958333333333;0,4071822083333333;1,87156;4;120;5;0,8660254037844387;-0,4999999999999998;0,8806828564301475;-0,47370635037968;41,0;38,0;32,0;32,0;0;32,0;32,0;32,0;41,0;33,0;14,0;22,0;35,333333333333336;20,571428571428573;14,36264997435062;5,0;41,0;-9,0;1,32;44,16;0,4712192333333333;6,33333;1;38,0;26,0;39,0;38,0;26,0;39,0
2022-05-01;38,0;1,22;78,8297;29,52;49,3064;15,0;12,9916625;6,55;20,7833;66,2812625;0,5259885208333334;1,96362;5;121;6;0,49999999999999994;-0,8660254037844387;0,8724040568049612;-0,48878539428899265;32,0;26,0;38,0;38,0;0;38,0;38,0;38,0;32,0;41,0;33,0;11,0;37,0;24,428571428571427;14,976171549688997;5,0;41,0;6,0;1,19;31,81;0,4071822083333333;7,075;1;26,0;39,0;35,0;26,0;39,0;35,0
2022-05-02;26,0;0,88;79,2169;35,86;43,3609;7,0;13,226049166666668;6,65833;22,0917;62,43055833333333;0,324258775;1,19646;5;122;0;0,49999999999999994;-0,8660254037844387;0,8638670987837349;-0,503719798736334;38,0;39,0;26,0;26,0;0;26,0;26,0;26,0;38,0;32,0;41,0;8,0;32,0;27,0;13,114877048604;5,0;41,0;-12,0;1,22;29,52;0,5259885208333334;6,55;0;39,0;35,0;39,0;39,0;35,0;39,0
2022-05-03;39,0;1,41;155,091;49,35;105,74;13,0;15,616665;6,65;27,125;54,56597083333333;0,3357766333333333;1,24186;5;123;1;0,49999999999999994;-0,8660254037844387;0,8550745085896932;-0,518505144391157;26,0;35,0;39,0;39,0;0;39,0;39,0;39,0;26,0;38,0;32,0;5,0;34,333333333333336;31,857142857142858;9,370673604897576;14,0;41,0;13,0;0,88;35,86;0,324258775;6,65833;0;35,0;39,0;55,0;35,0;39,0;55,0
2022-05-04;35,0;1,05;119,22;43,43;75,7874;11,0;16,220143333333333;8,81667;26,2667;56,3264;0,8389912916666667;2,21798;5;124;2;0,49999999999999994;-0,8660254037844387;0,8460288880917339;-0,533137056031809;39,0;39,0;35,0;35,0;0;35,0;35,0;35,0;39,0;26,0;38,0;14,0;33,333333333333336;34,857142857142854;5,080307452263528;26,0;41,0;-4,0;1,41;49,35;0,3357766333333333;6,65;0;39,0;55,0;45,0;39,0;55,0;45,0
2022-05-05;39,0;0,74;57,1772;29,76;27,4172;3,0;10,421528333333333;8,70003;14,2333;93,18059583333331;0,6792930416666666;1,67681;5;125;3;0,49999999999999994;-0,8660254037844387;0,8367329140344921;-0,5476112038402312;35,0;55,0;39,0;39,0;0;39,0;39,0;39,0;35,0;39,0;26,0;33,0;37,666666666666664;35,714285714285715;5,219012860503012;26,0;41,0;4,0;1,05;43,43;0,8389912916666667;8,81667;0;55,0;45,0;30,0;55,0;45,0;30,0
2022-05-06;55,0;1,31;121,765;47,88;73,8853;9,0;13,735769583333337;7,64167;24,3667;76,0555625;0,4793505041666666;1,19844;5;126;4;0,49999999999999994;-0,8660254037844387;0,8271893372462497;-0,5619233046832195;39,0;45,0;55,0;55,0;0;55,0;55,0;55,0;39,0;35,0;39,0;41,0;43,0;37,714285714285715;8,938946353165045;26,0;55,0;16,0;0,74;29,76;0,6792930416666666;8,70003;0;45,0;30,0;42,0;45,0;30,0;42,0
2022-05-07;45,0;1,25;98,9948;30,29;68,7091;16,0;13,177082916666665;6,925;22,8;70,4368125;0,7727377166666667;1,97944;5;127;5;0,49999999999999994;-0,8660254037844387;0,8174009818249189;-0,5760691233798758;55,0;30,0;45,0;45,0;0;45,0;45,0;45,0;55,0;39,0;35,0;32,0;46,333333333333336;39,57142857142857;8,904252595570005;26,0;55,0;-10,0;1,31;47,88;0,4793505041666666;7,64167;1;30,0;42,0;54,0;30,0;42,0;54,0
2022-05-08;30,0;0,7;20,7527;15,61;5,13972;11,0;10,66509125;8,93333;12,0;86,1010625;0,6169553333333333;1,21999;5;128;6;0,49999999999999994;-0,8660254037844387;0,8073707443023492;-0,5900444739548627;45,0;42,0;30,0;30,0;0;30,0;30,0;30,0;45,0;55,0;39,0;38,0;43,333333333333336;38,42857142857143;9,62387903181708;26,0;55,0;-15,0;1,25;30,29;0,7727377166666667;6,925;1;42,0;54,0;56,0;42,0;54,0;56,0
2022-05-09;42,0;0,9;60,4083;34,1;26,3045;7,0;12,7604125;6,09167;21,0417;71,03471666666667;0,3625641416666667;0,777569;5;129;0;0,49999999999999994;-0,8660254037844387;0,7971015927871943;-0,6038452208771035;30,0;54,0;42,0;42,0;0;42,0;42,0;42,0;30,0;45,0;55,0;26,0;39,0;40,714285714285715;7,931252228038323;30,0;55,0;12,0;0,7;15,61;0,6169553333333333;8,93333;0;54,0;56,0;55,0;54,0;56,0;55,0
2022-05-10;54,0;1,43;136,025;51,63;84,3992;10,0;15,1007275;7,75;23,775;64,92329166666667;0,6029459079166667;1,77268;5;130;1;0,49999999999999994;-0,8660254037844387;0,7865965660866021;-0,6174672802835514;42,0;56,0;54,0;54,0;0;54,0;54,0;54,0;42,0;30,0;45,0;39,0;42,0;42,857142857142854;9,29925752284512;30,0;55,0;12,0;0,9;34,1;0,3625641416666667;6,09167;0;56,0;55,0;51,0;56,0;55,0;51,0
2022-05-11;56,0;1,5;154,26;56,26;98,0002;5,0;15,356587500000002;10,1667;21,1167;68,302075;0,326191825;0,961606;5;131;2;0,49999999999999994;-0,8660254037844387;0,7758587728069828;-0,6309066211876704;54,0;55,0;56,0;56,0;0;56,0;56,0;56,0;54,0;42,0;30,0;35,0;50,666666666666664;45,857142857142854;9,71988634070336;30,0;56,0;2,0;1,43;51,63;0,6029459079166667;7,75;0;55,0;51,0;52,0;55,0;51,0;52,0
2022-05-12;55,0;1,05;105,64;41,89;63,7538;3,0;13,6309;11,0091;17,45;77,88232916666666;0,4131092541666667;1,45127;5;132;3;0,49999999999999994;-0,8660254037844387;0,7648913904341225;-0,6441592666722685;56,0;51,0;55,0;55,0;0;55,0;55,0;55,0;56,0;54,0;42,0;39,0;55,0;48,142857142857146;9,719886340703365;30,0;56,0;-1,0;1,5;56,26;0,326191825;10,1667;0;51,0;52,0;53,0;51,0;52,0;53,0
2022-05-13;51,0;1,0;87,4691;39,24;48,2263;8,0;13,63160625;7,33333;20,7167;72,06249166666667;0,4726412499999999;1,47583;5;133;4;0,49999999999999994;-0,8660254037844387;0,753697664392914;-0,6572212950663319;55,0;52,0;51,0;51,0;0;51,0;51,0;51,0;55,0;56,0;54,0;55,0;54,0;47,57142857142857;9,360504666899589;30,0;56,0;-4,0;1,05;41,89;0,4131092541666667;11,0091;0;52,0;53,0;54,0;52,0;53,0;54,0
2022-05-14;52,0;1,57;124,791;43,66;81,1353;5,0;12,507957083333332;7,70833;19,075;71,47222916666666;0,3151424041666666;0,981706;5;134;5;0,49999999999999994;-0,8660254037844387;0,742280907086982;-0,6700888411055113;51,0;53,0;52,0;52,0;0;52,0;52,0;52,0;51,0;55,0;56,0;45,0;52,666666666666664;48,57142857142857;9,413769044280247;30,0;56,0;1,0;1,0;39,24;0,4726412499999999;7,33333;1;53,0;54,0;67,0;53,0;54,0;67,0
2022-05-15;53,0;1,78;125,132;41,07;84,0651;14,0;13,462157916666667;5,00833;24,025;60,13889583333333;0,4397427375;1,61051;5;135;6;0,49999999999999994;-0,8660254037844387;0,7306444969184916;-0,6827580970759147;52,0;54,0;53,0;53,0;0;53,0;53,0;53,0;52,0;51,0;55,0;30,0;52,0;51,857142857142854;4,670066788550822;42,0;56,0;1,0;1,57;43,66;0,3151424041666666;7,70833;1;54,0;67,0;70,0;54,0;67,0;70,0
2022-05-16;54,0;1,43;138,101;47,78;90,3236;6,0;10,736808333333334;4,24167;19,5583;72,05905833333334;0,5009633833333333;1,73709;5;136;0;0,49999999999999994;-0,8660254037844387;0,7187918772884232;-0,6952253139408722;53,0;67,0;54,0;54,0;0;54,0;54,0;54,0;53,0;52,0;51,0;42,0;53,0;53,57142857142857;1,718249385968929;51,0;56,0;1,0;1,78;41,07;0,4397427375;5,00833;0;67,0;70,0;35,0;67,0;70,0;35,0
2022-05-17;67,0;1,65;176,629;56,77;119,856;8,0;10,18224695652174;3,66667;20,75;74,7503347826087;0,5087836416666667;1,49383;5;137;1;0,49999999999999994;-0,8660254037844387;0,7067265555776158;-0,7074868024503348;54,0;70,0;67,0;67,0;0;67,0;67,0;67,0;54,0;53,0;52,0;54,0;58,0;55,42857142857143;5,380741673076555;51,0;67,0;13,0;1,43;47,78;0,5009633833333333;4,24167;0;70,0;35,0;33,0;70,0;35,0;33,0
2022-05-18;70,0;1,6;169,293;54,22;115,076;6,0;10,26114125;4,1;19,6091;76,1701375;0,7672713416666667;2,3679;5;138;2;0,49999999999999994;-0,8660254037844387;0,6944521021088763;-0,719538934232584;67,0;35,0;70,0;70,0;0;70,0;70,0;70,0;67,0;54,0;53,0;56,0;63,666666666666664;57,42857142857143;7,721337165222708;51,0;70,0;3,0;1,65;56,77;0,5087836416666667;3,66667;0;35,0;33,0;38,0;35,0;33,0;38,0
2022-05-19;35,0;0,81;68,9803;29,15;39,8283;8,0;11,91770875;6,43333;17,6917;72,3993125;0,625490175;1,6227;5;139;3;0,49999999999999994;-0,8660254037844387;0,6819721490904629;-0,7313781428679254;70,0;33,0;35,0;35,0;0;35,0;35,0;35,0;70,0;67,0;54,0;55,0;57,333333333333336;54,57142857142857;11,5304978622947;35,0;70,0;-35,0;1,6;54,22;0,7672713416666667;4,1;0;33,0;38,0;40,0;33,0;38,0;40,0
2022-05-20;33,0;1,31;120,004;34,63;85,3706;5,0;13,229520416666666;9,27499;19,0;72,85070416666667;0,65561775;2,03139;5;140;4;0,49999999999999994;-0,8660254037844387;0,6692903895412567;-0,7430009249440493;35,0;38,0;33,0;33,0;0;33,0;33,0;33,0;35,0;70,0;67,0;51,0;46,0;52,0;14,165686240583907;33,0;70,0;-2,0;0,81;29,15;0,625490175;6,43333;0;38,0;40,0;21,0;38,0;40,0;21,0
2022-05-21;38,0;1,23;79,4645;32,27;47,1897;8,0;12,208674166666666;5,78333;20,2583;75,72888333333333;0,3668331416666666;1,30304;5;141;5;0,49999999999999994;-0,8660254037844387;0,6564105761979381;-0,7544038410927472;33,0;40,0;38,0;38,0;0;38,0;38,0;38,0;33,0;35,0;70,0;52,0;35,333333333333336;50,0;15,121728296285058;33,0;70,0;5,0;1,31;34,63;0,65561775;9,27499;1;40,0;21,0;27,0;40,0;21,0;27,0
2022-05-22;40,0;1,44;87,2733;33,83;53,4424;4,0;12,402434166666666;9,425;15,8417;71,47571666666667;0,4272411375;1,42438;5;142;6;0,49999999999999994;-0,8660254037844387;0,6433365204044917;-0,765583517007675;38,0;21,0;40,0;40,0;0;40,0;40,0;40,0;38,0;33,0;35,0;53,0;37,0;48,142857142857146;15,485784571971976;33,0;70,0;2,0;1,23;32,27;0,3668331416666666;5,78333;1;21,0;27,0;36,0;21,0;27,0;36,0
2022-05-23;21,0;0,73;51,0258;31,17;19,8484;3,0;14,0364625;11,575;18,55;62,37152916666667;0,5508755166666667;1,33414;5;143;0;0,49999999999999994;-0,8660254037844387;0,6300720909843687;-0,7765366444428655;40,0;27,0;21,0;21,0;0;21,0;21,0;21,0;40,0;38,0;33,0;54,0;33,0;43,42857142857143;18,19209666180296;21,0;70,0;-19,0;1,44;33,83;0,4272411375;9,425;0;27,0;36,0;46,0;27,0;36,0;46,0
2022-05-24;27,0;1,23;118,51;37,81;80,7007;2,0;13,916666666666666;10,1083;19,325;73,677075;0,3174060458333333;0,911648;5;144;1;0,49999999999999994;-0,8660254037844387;0,6166212130956382;-0,7872599821916922;21,0;36,0;27,0;27,0;0;27,0;27,0;27,0;21,0;40,0;38,0;67,0;29,333333333333332;37,714285714285715;15,660079668957517;21,0;70,0;6,0;0,73;31,17;0,5508755166666667;11,575;0;36,0;46,0;77,0;36,0;46,0;77,0
2022-05-25;36,0;1,27;120,962;39,21;81,7533;5,0;13,488895833333332;8,58333;20,7;76,56253333333333;0,4385035333333333;1,58013;5;145;2;0,49999999999999994;-0,8660254037844387;0,6029878670694714;-0,7977503570459932;27,0;46,0;36,0;36,0;0;36,0;36,0;36,0;27,0;21,0;40,0;70,0;28,0;32,857142857142854;6,669047194029426;21,0;40,0;9,0;1,23;37,81;0,3174060458333333;10,1083;0;46,0;77,0;103,0;46,0;77,0;103,0
2022-05-26;46,0;1,51;141,873;36,19;105,685;3,0;10,133683333333334;5,81667;16,45;83,51042083333333;0,6198846125;1,89206;5;146;3;0,49999999999999994;-0,8660254037844387;0,5891760872322963;-0,8080046647350754;36,0;77,0;46,0;46,0;0;46,0;46,0;46,0;36,0;27,0;21,0;35,0;36,333333333333336;34,42857142857143;8,34380294704093;21,0;46,0;10,0;1,27;39,21;0,4385035333333333;8,58333;0;77,0;103,0;60,0;77,0;103,0;60,0
2022-05-27;77,0;1,82;200,584;47,73;152,858;1,0;8,88681;5,6;13,1083;86,7739625;0,2852369541666666;0,773271;5;147;4;0,49999999999999994;-0,8660254037844387;0,5751899607119775;-0,8180198708443174;46,0;103,0;77,0;77,0;0;77,0;77,0;77,0;46,0;36,0;27,0;33,0;53,0;40,714285714285715;18,03435874208164;21,0;77,0;31,0;1,51;36,19;0,6198846125;5,81667;0;103,0;60,0;52,0;103,0;60,0;52,0
2022-05-28;103,0;1,67;168,685;49,23;119,459;1,0;9,1670175;5,03333;12,3667;83,53855416666666;0,4406726875;1,12965;5;148;5;0,49999999999999994;-0,8660254037844387;0,5610336262283677;-0,8277930117131022;77,0;60,0;103,0;103,0;0;103,0;103,0;103,0;77,0;46,0;36,0;38,0;75,33333333333333;50,0;29,49576240750527;21,0;103,0;26,0;1,82;47,73;0,2852369541666666;5,6;1;60,0;52,0;52,0;60,0;52,0;52,0
2022-05-29;60,0;1,19;75,9061;30,01;45,9011;8,0;7,036464166666666;1,975;15,2667;75,47639166666666;0,4523584666666667;1,88132;5;149;6;0,49999999999999994;-0,8660254037844387;0,5467112728685939;-0,8373211953118121;103,0;52,0;60,0;60,0;0;60,0;60,0;60,0;103,0;77,0;46,0;40,0;80,0;52,857142857142854;29,333874453883375;21,0;103,0;-43,0;1,67;49,23;0,4406726875;5,03333;1;52,0;52,0;33,0;52,0;52,0;33,0
2022-05-30;52,0;1,28;124,601;40,82;83,7845;6,0;6,54618225;0,316667;15,6333;67,03125416666667;0,3952956166666666;1,86077;5;150;0;0,49999999999999994;-0,8660254037844387;0,5322271388474397;-0,8466016020976267;60,0;52,0;52,0;52,0;0;52,0;52,0;52,0;60,0;103,0;77,0;21,0;71,66666666666667;57,285714285714285;25,856748221140062;27,0;103,0;-8,0;1,19;30,01;0,4523584666666667;1,975;0;52,0;33,0;30,0;52,0;33,0;30,0
2022-05-31;52,0;1,25;137,748;43,24;94,5067;7,0;6,240214652173913;0,1;14,075;63,5069375;0,5607143;2,00661;5;151;1;0,49999999999999994;-0,8660254037844387;0,5175855102531889;-0,8556314858488706;52,0;33,0;52,0;52,0;0;52,0;52,0;52,0;52,0;60,0;103,0;27,0;54,666666666666664;60,857142857142854;22,482797656790662;36,0;103,0;0,0;1,28;40,82;0,3952956166666666;0,316667;0;33,0;30,0;36,0;33,0;30,0;36,0
2022-06-01;33,0;0,78;65,7688;31,2;34,566;8,0;6,157613204347826;0,0166667;11,4667;71,84343750000001;0,6790542416666666;1,82663;6;152;2;1,2246467991473532e-16;-1,0;0,5027907197793043;-0,8644081744776648;52,0;30,0;33,0;33,0;0;33,0;33,0;33,0;52,0;52,0;60,0;36,0;45,666666666666664;60,42857142857143;23,05686552025337;33,0;103,0;-19,0;1,25;43,24;0,5607143;0,1;0;30,0;36,0;14,0;30,0;36,0;14,0
2022-06-02;30,0;0,87;75,9623;35,79;40,1712;2,0;8,431252916666667;5,50833;12,7333;84,5834;0,2801302791666666;0,521409;6;153;3;1,2246467991473532e-16;-1,0;0,4878471454423119;-0,8729290708206411;33,0;36,0;30,0;30,0;0;30,0;30,0;30,0;33,0;52,0;52,0;46,0;38,333333333333336;58,142857142857146;25,399662539940532;30,0;103,0;-3,0;0,78;31,2;0,6790542416666666;0,0166667;0;36,0;14,0;12,0;36,0;14,0;12,0
2022-06-03;36,0;1,26;138,916;35,24;103,668;1,0;9,401739583333333;7,49167;12,1417;88,36462083333333;0,4419539083333333;1,17902;6;154;4;1,2246467991473532e-16;-1,0;0,47275920928627757;-0,881191653407483;30,0;14,0;36,0;36,0;0;36,0;36,0;36,0;30,0;33,0;52,0;77,0;33,0;52,285714285714285;25,051375782009057;30,0;103,0;6,0;0,87;35,79;0,2801302791666666;5,50833;0;14,0;12,0;27,0;14,0;12,0;27,0
2022-06-04;14,0;0,63;57,1217;26,29;30,8341;1,0;11,640274166666666;8,86667;14,7083;82,08612083333334;0,8762252916666666;2,2086;6;155;5;1,2246467991473532e-16;-1,0;0,4575313760742512;-0,8891934772070711;36,0;12,0;14,0;14,0;0;14,0;14,0;14,0;36,0;30,0;33,0;103,0;26,666666666666668;39,57142857142857;15,956786882673116;14,0;60,0;-22,0;1,26;35,24;0,4419539083333333;7,49167;1;12,0;27,0;45,0;12,0;27,0;45,0
2022-06-05;12,0;0,81;46,2783;21,56;24,7214;6,0;12,42916125;7,25833;18,275;69,1007;0,5252212458333333;1,83508;6;156;6;1,2246467991473532e-16;-1,0;0,44216815196707204;-0,8969321743510065;14,0;27,0;12,0;12,0;0;12,0;12,0;12,0;14,0;36,0;30,0;60,0;20,666666666666668;32,714285714285715;16,028248872062196;12,0;52,0;-2,0;0,63;26,29;0,8762252916666666;8,86667;1;27,0;45,0;42,0;27,0;45,0;42,0
2022-06-06;27,0;1,18;116,0;34,93;81,0728;4,0;10,388538333333331;4,19167;19,4;75,90279583333333;0,4005727416666667;1,13164;6;157;0;1,2246467991473532e-16;-1,0;0,42667408318992467;-0,9044054548343001;12,0;45,0;27,0;27,0;0;27,0;27,0;27,0;12,0;14,0;36,0;52,0;17,666666666666668;29,142857142857142;13,618964368709968;12,0;52,0;15,0;0,81;21,56;0,5252212458333333;7,25833;0;45,0;42,0;56,0;45,0;42,0;56,0
2022-06-07;45,0;1,33;136,567;42,42;94,1462;4,0;10,4107625;5,33333;18,375;80,27777916666666;0,4491499833333334;1,05099;6;158;1;1,2246467991473532e-16;-1,0;0,4110537546870351;-0,9116111071930239;27,0;42,0;45,0;45,0;0;45,0;45,0;45,0;27,0;12,0;14,0;52,0;28,0;28,142857142857142;11,795883059053203;12,0;45,0;18,0;1,18;34,93;0,4005727416666667;4,19167;0;42,0;56,0;68,0;42,0;56,0;68,0
2022-06-08;42,0;1,1;102,755;33,47;69,2842;5,0;9,599654583333333;4,53333;16,2417;84,63860416666667;0,5004012875;1,48747;6;159;2;1,2246467991473532e-16;-1,0;0,3953117887649151;-0,9185469991587165;45,0;56,0;42,0;42,0;0;42,0;42,0;42,0;45,0;27,0;12,0;33,0;38,0;29,428571428571427;12,856349181852346;12,0;45,0;-3,0;1,33;42,42;0,4491499833333334;5,33333;0;56,0;68,0;53,0;56,0;68,0;53,0
2022-06-09;56,0;1,87;115,48;45,83;69,6453;2,0;9,619445;6,14167;15,6333;87,20140416666668;0,4757432374999999;1,24558;6;160;3;1,2246467991473532e-16;-1,0;0,37945284372454435;-0,925211078289358;42,0;68,0;56,0;56,0;0;56,0;56,0;56,0;42,0;45,0;27,0;30,0;47,666666666666664;33,142857142857146;16,334305121722352;12,0;56,0;14,0;1,1;33,47;0,5004012875;4,53333;0;68,0;53,0;73,0;68,0;53,0;73,0
2022-06-10;68,0;2,76;266,474;52,67;213,804;3,0;11,974622916666666;4,55833;23,9417;64,31944583333333;0,36296585;0,939052;6;161;4;1,2246467991473532e-16;-1,0;0,36348161248290634;-0,9316013725767187;56,0;53,0;68,0;68,0;0;68,0;68,0;68,0;56,0;42,0;45,0;36,0;55,333333333333336;37,714285714285715;21,06113550052394;12,0;68,0;12,0;1,87;45,83;0,4757432374999999;6,14167;0;53,0;73,0;53,0;53,0;73,0;53,0
2022-06-11;53,0;1,46;142,977;42,76;100,219;6,0;11,8583375;4,85;22,8;59,65973333333333;0,4894520666666666;1,65627;6;162;5;1,2246467991473532e-16;-1,0;0,3474028211842774;-0,9377159910299093;68,0;73,0;53,0;53,0;0;53,0;53,0;53,0;68,0;56,0;42,0;14,0;59,0;43,285714285714285;18,77688548645461;12,0;68,0;-15,0;2,76;52,67;0,36296585;4,55833;1;73,0;53,0;49,0;73,0;53,0;49,0
2022-06-12;73,0;1,5;88,1855;30,81;57,3727;7,0;8,79722625;3,00833;20,3167;81,65281666666667;0,5136202458333333;1,13773;6;163;6;1,2246467991473532e-16;-1,0;0,3312212278016865;-0,9435531242349544;53,0;53,0;73,0;73,0;0;73,0;73,0;73,0;53,0;68,0;56,0;12,0;64,66666666666667;52,0;15,748015748023658;27,0;73,0;20,0;1,46;42,76;0,4894520666666666;4,85;1;53,0;49,0;45,0;53,0;49,0;45,0
2022-06-13;53,0;1,38;91,3364;31,46;59,8752;2,0;7,809029166666666;4,71667;14,1667;88,04865833333334;0,64460335;1,96204;6;164;0;1,2246467991473532e-16;-1,0;0,31494162072895193;-0,9491110448902284;73,0;49,0;53,0;53,0;0;53,0;53,0;53,0;73,0;53,0;68,0;27,0;59,666666666666664;55,714285714285715;11,309498746839445;42,0;73,0;-20,0;1,5;30,81;0,5136202458333333;3,00833;0;49,0;45,0;37,0;49,0;45,0;37,0
2022-06-14;49,0;1,05;52,7558;25,78;26,9806;3,0;7,77465375;5,35833;11,1417;83,88167916666667;0,5448513166666666;1,3183;6;165;1;1,2246467991473532e-16;-1,0;0,2985688173637202;-0,9543881083175908;53,0;45,0;49,0;49,0;0;49,0;49,0;49,0;53,0;73,0;53,0;45,0;58,333333333333336;56,285714285714285;10,76590738882529;42,0;73,0;-4,0;1,38;31,46;0,64460335;4,71667;0;45,0;37,0;47,0;45,0;37,0;47,0
2022-06-15;45,0;1,27;126,336;29,46;96,8754;4,0;7,070840416666666;1,79167;13,9167;82,83964583333334;0,3973606583333333;1,82137;6;166;2;1,2246467991473532e-16;-1,0;0,2821076626819194;-0,9593827529490743;49,0;37,0;45,0;45,0;0;45,0;45,0;45,0;49,0;53,0;73,0;42,0;49,0;56,714285714285715;10,14419843579388;45,0;73,0;-4,0;1,05;25,78;0,5448513166666666;5,35833;0;37,0;47,0;74,0;37,0;47,0;74,0
2022-06-16;37,0;0,9;90,1829;25,67;64,5157;4,0;8,973267916666666;6,06667;13,4917;81,27849166666667;0,3670594708333333;1,0365;6;167;3;1,2246467991473532e-16;-1,0;0,26556302780405594;-0,9640935007889755;45,0;47,0;37,0;37,0;0;37,0;37,0;37,0;45,0;49,0;53,0;56,0;43,666666666666664;54,0;12,609520212918536;37,0;73,0;-8,0;1,27;29,46;0,3973606583333333;1,79167;0;47,0;74,0;86,0;47,0;74,0;86,0
2022-06-17;47,0;1,38;125,592;34,34;91,2504;4,0;7,344794166666666;1,925;15,4417;75,7525125;0,253601865;0,615844;6;168;4;1,2246467991473532e-16;-1,0;0,24893980855376657;-0,9685189578512204;37,0;74,0;47,0;47,0;0;47,0;47,0;47,0;37,0;45,0;49,0;68,0;43,0;51,0;11,135528725660093;37,0;73,0;10,0;0,9;25,67;0,3670594708333333;6,06667;0;74,0;86,0;75,0;74,0;86,0;75,0
2022-06-18;74,0;1,76;152,929;41,63;111,295;4,0;9,058677916666667;2,69167;16,0;66,12152916666666;0,4136582499999999;1,03881;6;169;5;1,2246467991473532e-16;-1,0;0,23224292400907015;-0,9726578145718654;47,0;86,0;74,0;74,0;0;74,0;74,0;74,0;47,0;37,0;45,0;53,0;52,666666666666664;54,0;14,177446878757864;37,0;74,0;27,0;1,38;34,34;0,253601865;1,925;1;86,0;75,0;42,0;86,0;75,0;42,0
2022-06-19;86,0;1,79;133,326;40,18;93,149;3,0;9,063888333333333;5,55833;14,6833;67,3368125;0,25775128125;1,05777;6;170;6;1,2246467991473532e-16;-1,0;0,21547731504673012;-0,976508846196619;74,0;75,0;86,0;86,0;0;86,0;86,0;86,0;74,0;47,0;37,0;73,0;69,0;55,857142857142854;17,534999015574297;37,0;86,0;12,0;1,76;41,63;0,4136582499999999;2,69167;1;75,0;42,0;42,0;75,0;42,0;42,0
2022-06-20;75,0;1,75;135,568;34,32;101,239;3,0;7,935066666666667;4,81667;12,1167;73,75000416666667;0,5696137666666666;1,84558;6;171;0;1,2246467991473532e-16;-1,0;0,19864794288017112;-0,9800709131432666;86,0;42,0;75,0;75,0;0;75,0;75,0;75,0;86,0;74,0;47,0;53,0;78,33333333333333;59,0;18,859126879754207;37,0;86,0;-11,0;1,79;40,18;0,25775128125;5,55833;0;42,0;42,0;16,0;42,0;42,0;16,0
2022-06-21;42,0;1,12;76,8599;21,93;54,9287;7,0;7,741943333333332;4,21667;11,4583;80,68751666666667;0,4522065458333333;1,61247;6;172;1;1,2246467991473532e-16;-1,0;0,18175978759137534;-0,9833429613388902;75,0;42,0;42,0;42,0;0;42,0;42,0;42,0;75,0;86,0;74,0;49,0;67,66666666666667;58,0;19,646882704388528;37,0;86,0;-33,0;1,75;34,32;0,5696137666666666;4,81667;0;42,0;16,0;35,0;42,0;16,0;35,0
2022-06-22;42,0;1,26;113,72;31,06;82,6624;2,0;8,712844166666667;4,34167;13,5583;78,6941;0,4501282958333333;1,14454;6;173;2;1,2246467991473532e-16;-1,0;0,16481784665719793;-0,9863240225317866;42,0;16,0;42,0;42,0;0;42,0;42,0;42,0;42,0;75,0;86,0;45,0;53,0;57,57142857142857;20,007141582088018;37,0;86,0;0,0;1,12;21,93;0,4522065458333333;4,21667;0;16,0;35,0;45,0;16,0;35,0;45,0
2022-06-23;16,0;1,08;67,8867;21,15;46,7371;4,0;9,642359583333333;6,325;13,6583;82,1666625;0,853006375;2,27398;6;174;3;1,2246467991473532e-16;-1,0;0,14782713347053048;-0,9890132145779883;42,0;35,0;16,0;16,0;0;16,0;16,0;16,0;42,0;42,0;75,0;37,0;33,333333333333336;54,57142857142857;24,643167699906506;16,0;86,0;-26,0;1,26;31,06;0,4501282958333333;4,34167;0;35,0;45,0;64,0;35,0;45,0;64,0
2022-06-24;35,0;1,71;187,328;31,32;155,988;1,0;8,048644166666667;4,00833;11,5833;83,4895875;0,2663633958333333;0,580334;6;175;4;1,2246467991473532e-16;-1,0;0,13079267585675922;-0,9914097417023038;16,0;45,0;35,0;35,0;0;35,0;35,0;35,0;16,0;42,0;42,0;47,0;31,0;52,857142857142854;25,65429510126634;16,0;86,0;19,0;1,08;21,15;0,853006375;6,325;0;45,0;64,0;32,0;45,0;64,0;32,0
2022-06-25;45,0;1,72;168,629;30,9;137,733;3,0;9,352082916666664;4,20833;16,0;76,03720416666667;0,3436537508333333;1,18134;6;176;5;1,2246467991473532e-16;-1,0;0,11371951458594969;-0,9935128947338007;35,0;64,0;45,0;45,0;0;45,0;45,0;45,0;35,0;16,0;42,0;74,0;32,0;48,714285714285715;23,956309438324652;16,0;86,0;10,0;1,71;31,32;0,2663633958333333;4,00833;1;64,0;32,0;30,0;64,0;32,0;30,0
2022-06-26;64,0;1,61;118,469;25,83;92,6403;3,0;6,440628333333334;2,40833;12,6417;86,635425;0,3523308041666666;1,43322;6;177;6;1,2246467991473532e-16;-1,0;0,0966127018812031;-0,9953220513156602;45,0;32,0;64,0;64,0;0;64,0;64,0;64,0;45,0;35,0;16,0;86,0;48,0;45,57142857142857;19,22547912586442;16,0;75,0;19,0;1,72;30,9;0,3436537508333333;4,20833;1;32,0;30,0;36,0;32,0;30,0;36,0
2022-06-27;32,0;1,01;64,822;18,03;46,7921;6,0;7,339931666666666;1,775;14,4667;81,0562625;0,8213120416666667;2,26775;6;178;0;1,2246467991473532e-16;-1,0;0,07947729992362097;-0,9968366760893436;64,0;30,0;32,0;32,0;0;32,0;32,0;32,0;64,0;45,0;35,0;75,0;47,0;39,42857142857143;14,558584441915421;16,0;64,0;-32,0;1,61;25,83;0,3523308041666666;2,40833;0;30,0;36,0;35,0;30,0;36,0;35,0
2022-06-28;30,0;1,69;168,528;33,05;135,482;2,0;8,750356250000001;2,21667;18,2917;73,91607499999999;0,4901044958333333;1,24258;6;179;1;1,2246467991473532e-16;-1,0;0,062318379354325076;-0,998056320853012;32,0;36,0;30,0;30,0;0;30,0;30,0;30,0;32,0;64,0;45,0;42,0;42,0;37,714285714285715;14,907652237629371;16,0;64,0;-2,0;1,01;18,03;0,8213120416666667;1,775;0;36,0;35,0;11,0;36,0;35,0;11,0
2022-06-29;36,0;1,35;154,431;37,89;116,545;3,0;9,985771666666666;3,40001;17,6417;66,5035875;0,5641229916666667;1,89793;6;180;2;1,2246467991473532e-16;-1,0;0,04514101777397193;-0,9989806246941579;30,0;35,0;36,0;36,0;0;36,0;36,0;36,0;30,0;32,0;64,0;42,0;32,666666666666664;36,857142857142854;14,792211592913501;16,0;64,0;6,0;1,69;33,05;0,4901044958333333;2,21667;0;35,0;11,0;25,0;35,0;11,0;25,0
2022-06-30;35,0;1,26;97,1678;34,12;63,0529;4,0;11,764175833333333;5,525;20,1667;67,9027875;0,5417286041666667;1,07522;6;181;3;1,2246467991473532e-16;-1,0;0,02795029824021032;-0,999609314096404;36,0;11,0;35,0;35,0;0;35,0;35,0;35,0;36,0;30,0;32,0;16,0;33,666666666666664;39,57142857142857;11,759494644146706;30,0;64,0;-1,0;1,35;37,89;0,5641229916666667;3,40001;0;11,0;25,0;60,0;11,0;25,0;60,0
2022-07-01;11,0;0,84;37,1901;23,38;13,8062;6,0;8,11458125;4,83333;10,4833;82,666675;1,3838619791666666;3,39303;7;182;4;-0,4999999999999997;-0,8660254037844388;0,01075130776352193;-0,9999422030204416;35,0;25,0;11,0;11,0;0;11,0;11,0;11,0;35,0;36,0;30,0;35,0;27,333333333333332;36,142857142857146;16,035674514745484;11,0;64,0;-24,0;1,26;34,12;0,5417286041666667;5,525;0;25,0;60,0;57,0;25,0;60,0;57,0
2022-07-02;25,0;1,01;86,2318;24,11;62,1268;6,0;5,824308875;0,7;12,4917;84,81047083333333;0,3513167375;1,49172;7;183;5;-0,4999999999999997;-0,8660254037844388;-0,00645086419810515;-0,9999791929590823;11,0;60,0;25,0;25,0;0;25,0;25,0;25,0;11,0;35,0;36,0;45,0;23,666666666666668;33,285714285714285;15,976172734359627;11,0;64,0;14,0;0,84;23,38;1,3838619791666666;4,83333;1;60,0;57,0;43,0;60,0;57,0;43,0
2022-07-03;60,0;2,13;137,67;29,0;108,666;1,0;5,32639;3,10833;8,31667;90,3125875;0,2527145249999999;0,847599;7;184;6;-0,4999999999999997;-0,8660254037844388;-0,023651127245231586;-0,9997202729664083;25,0;57,0;60,0;60,0;0;60,0;60,0;60,0;25,0;11,0;35,0;64,0;32,0;32,714285714285715;14,716366011058208;11,0;60,0;35,0;1,01;24,11;0,3513167375;0,7;1;57,0;43,0;37,0;57,0;43,0;37,0
2022-07-04;57,0;1,47;187,11;33,85;153,263;3,0;6,939587499999999;1,51667;14,3667;77,0417125;0,3478344166666667;0,881165;7;185;0;-0,4999999999999997;-0,8660254037844388;-0,04084439154329611;-0,9991655196610109;60,0;43,0;57,0;57,0;0;57,0;57,0;57,0;60,0;25,0;11,0;32,0;47,333333333333336;36,285714285714285;17,31775857046063;11,0;60,0;-3,0;2,13;29,0;0,2527145249999999;3,10833;0;43,0;37,0;54,0;43,0;37,0;54,0
2022-07-05;43,0;1,24;146,241;37,15;109,094;4,0;6,8444408333333335;1,26667;14,6833;75,19445;0,4888878166666666;1,52056;7;186;1;-0,4999999999999997;-0,8660254037844388;-0,05802556932878035;-0,9983150972033183;57,0;37,0;43,0;43,0;0;43,0;43,0;43,0;57,0;60,0;25,0;30,0;53,333333333333336;38,142857142857146;17,228160778490675;11,0;60,0;-14,0;1,47;33,85;0,3478344166666667;1,51667;0;37,0;54,0;41,0;37,0;54,0;41,0
2022-07-06;37,0;1,26;126,41;30,12;96,2946;2,0;5,24826375;1,76667;8,68333;90,5590625;0,592049925;1,97311;7;187;2;-0,4999999999999997;-0,8660254037844388;-0,07518957641475855;-0,9971692572470178;43,0;54,0;37,0;37,0;0;37,0;37,0;37,0;43,0;57,0;60,0;36,0;45,666666666666664;38,285714285714285;17,211568645480746;11,0;60,0;-6,0;1,24;37,15;0,4888878166666666;1,26667;0;54,0;41,0;12,0;54,0;41,0;12,0
2022-07-07;54,0;1,78;194,358;43,8;150,555;2,0;6,646878916666666;0,116667;15,8417;83,77082916666667;0,3049658583333333;0,732007;7;188;3;-0,4999999999999997;-0,8660254037844388;-0,09233133369539122;-0,9957283388645872;37,0;41,0;54,0;54,0;0;54,0;54,0;54,0;37,0;43,0;57,0;35,0;44,666666666666664;41,0;18,083141320025145;11,0;60,0;17,0;1,26;30,12;0,592049925;1,76667;0;41,0;12,0;7,0;41,0;12,0;7,0
2022-07-08;41,0;1,05;133,197;31,54;101,659;4,0;9,580557083333334;4,74167;14,8583;83,90279583333334;1,024066666666667;2,79836;7;189;4;-0,4999999999999997;-0,8660254037844388;-0,10944576864891556;-0,993992768446958;54,0;12,0;41,0;41,0;0;41,0;41,0;41,0;54,0;37,0;43,0;11,0;44,0;45,285714285714285;12,47282760930453;25,0;60,0;-13,0;1,78;43,8;0,3049658583333333;0,116667;0;12,0;7,0;13,0;12,0;7,0;13,0
2022-07-09;12,0;0,77;23,8846;18,11;5,77584;8,0;8,426740833333334;6,025;10,975;85,291675;1,2111561666666668;3,69692;7;190;5;-0,4999999999999997;-0,8660254037844388;-0,12652781683868314;-0,9919630595773397;41,0;7,0;12,0;12,0;0;12,0;12,0;12,0;41,0;54,0;37,0;25,0;35,666666666666664;43,42857142857143;16,359066220877292;12,0;60,0;-29,0;1,05;31,54;1,024066666666667;4,74167;1;7,0;13,0;27,0;7,0;13,0;27,0
2022-07-10;7,0;0,76;21,5408;16,89;4,64597;8,0;6,507638333333333;5,33334;9,06667;94,2326625;0,7097177833333334;2,26353;7;191;6;-0,4999999999999997;-0,8660254037844388;-0,1435724234118113;-0,9896398128792412;12,0;13,0;7,0;7,0;0;7,0;7,0;7,0;12,0;41,0;54,0;60,0;20,0;35,857142857142854;19,39440272714934;7,0;57,0;-5,0;0,77;18,11;1,2111561666666668;6,025;1;13,0;27,0;32,0;13,0;27,0;32,0
2022-07-11;13,0;1,01;56,8684;23,06;33,8131;4,0;6,9281258333333335;3,725;11,5;90,29167916666668;0,2362956083333333;0,707188;7;192;0;-0,4999999999999997;-0,8660254037844388;-0,16057454459499376;-0,9870237158387383;7,0;27,0;13,0;13,0;0;13,0;13,0;13,0;7,0;12,0;41,0;57,0;10,666666666666666;29,571428571428573;18,509971572615882;7,0;54,0;6,0;0,76;16,89;0,7097177833333334;5,33334;0;27,0;32,0;9,0;27,0;32,0;9,0
2022-07-12;27,0;1,13;103,974;30,91;73,0596;3,0;7,978469583333333;3,06667;16,0833;80,131975;0,3167972166666666;0,917922;7;193;1;-0,4999999999999997;-0,8660254037844388;-0,17752914918703497;-0,984115542601034;13,0;32,0;27,0;27,0;0;27,0;27,0;27,0;13,0;7,0;12,0;43,0;15,666666666666666;27,285714285714285;17,53771446259258;7,0;54,0;14,0;1,01;23,06;0,2362956083333333;3,725;0;32,0;9,0;17,0;32,0;9,0;17,0
2022-07-13;32,0;0,97;124,184;26,89;97,298;3,0;7,011459583333333;2,38333;11,4417;85,84174166666666;0,6512985791666667;2,53904;7;194;2;-0,4999999999999997;-0,8660254037844388;-0,19443122004766195;-0,9809161537413774;27,0;9,0;32,0;32,0;0;32,0;32,0;32,0;27,0;13,0;7,0;37,0;24,0;26,571428571428573;17,174177737300305;7,0;54,0;5,0;1,13;30,91;0,3167972166666666;3,06667;0;9,0;17,0;19,0;9,0;17,0;19,0
2022-07-14;9,0;0,72;40,0397;21,04;18,9999;8,0;6,380208333333333;2,975;11,2583;87,38228333333332;1,2456524458333331;3,21454;7;195;3;-0,4999999999999997;-0,8660254037844388;-0,2112757555821793;-0,9774264960104055;32,0;17,0;9,0;9,0;0;9,0;9,0;9,0;32,0;27,0;13,0;54,0;22,666666666666668;20,142857142857142;13,145703625501527;7,0;41,0;-23,0;0,97;26,89;0,6512985791666667;2,38333;0;17,0;19,0;42,0;17,0;19,0;42,0
2022-07-15;17,0;1,0;60,1901;26,02;34,172;4,0;5,881596666666667;3,14167;9,02499;85,98264999999999;0,8645936666666666;1,62276;7;196;4;-0,4999999999999997;-0,8660254037844388;-0,2280577712215198;-0,9736476020539838;9,0;19,0;17,0;17,0;0;17,0;17,0;17,0;9,0;32,0;27,0;41,0;19,333333333333332;16,714285714285715;9,393513466115612;7,0;32,0;8,0;0,72;21,04;1,2456524458333331;2,975;0;19,0;42,0;44,0;19,0;42,0;44,0
2022-07-16;19,0;1,19;56,2075;23,19;33,0195;8,0;6,014585416666667;1,49167;11,45;79,17016666666667;0,4225895;1,26573;7;197;5;-0,4999999999999997;-0,8660254037844388;-0,24477230089725957;-0,9695805901076308;17,0;42,0;19,0;19,0;0;19,0;19,0;19,0;17,0;9,0;32,0;12,0;15,0;17,714285714285715;9,178131358729583;7,0;32,0;2,0;1,0;26,02;0,8645936666666666;3,14167;1;42,0;44,0;46,0;42,0;44,0;46,0
2022-07-17;42,0;1,28;96,299;31,14;65,1545;2,0;5,898960416666667;2,71667;9,81667;76,57324583333333;0,3929234541666666;1,65756;7;198;6;-0,4999999999999997;-0,8660254037844388;-0,2614143985111562;-0,965226663665613;19,0;44,0;42,0;42,0;0;42,0;42,0;42,0;19,0;17,0;9,0;7,0;26,0;22,714285714285715;11,586116486471877;9,0;42,0;23,0;1,19;23,19;0,4225895;1,49167;1;44,0;46,0;44,0;44,0;46,0;44,0
2022-07-18;44,0;1,82;178,721;40,23;138,487;3,0;8,331942916666668;1,00833;18,9083;68,31597083333334;0,3763881833333333;0,816597;7;199;0;-0,4999999999999997;-0,8660254037844388;-0,2779791393987801;-0,9605871111248129;42,0;46,0;44,0;44,0;0;44,0;44,0;44,0;42,0;19,0;17,0;13,0;35,0;27,142857142857142;13,082157969649252;9,0;44,0;2,0;1,28;31,14;0,3929234541666666;2,71667;0;46,0;44,0;44,0;46,0;44,0;44,0
2022-07-19;46,0;1,58;188,562;45,66;142,902;3,0;10,225064583333332;1,9;20,7182;65,54861666666666;0,4253342708333333;1,0358;7;200;1;-0,4999999999999997;-0,8660254037844388;-0,2944616217868012;-0,9556633054034704;44,0;44,0;46,0;46,0;0;46,0;46,0;46,0;44,0;42,0;19,0;27,0;44,0;29,857142857142858;14,89327109165492;9,0;46,0;2,0;1,82;40,23;0,3763881833333333;1,00833;0;44,0;44,0;54,0;44,0;44,0;54,0
2022-07-20;44,0;1,14;147,483;37,28;110,205;5,0;9,746181666666669;3,425;18,0167;72,04862916666667;0,5837186333333334;1,97232;7;201;2;-0,4999999999999997;-0,8660254037844388;-0,3108569682435036;-0,9504567035349151;46,0;44,0;44,0;44,0;0;44,0;44,0;44,0;46,0;44,0;42,0;32,0;44,666666666666664;31,571428571428573;15,841476602652333;9,0;46,0;-2,0;1,58;45,66;0,4253342708333333;1,9;0;44,0;54,0;51,0;44,0;54,0;51,0
2022-07-21;44,0;1,5;125,25;36,76;88,4912;5,0;9,917357916666669;3,55;19,525;71,88645;0,4128130208333333;1,35423;7;202;3;-0,4999999999999997;-0,8660254037844388;-0,3271603271220951;-0,9449688462364056;44,0;54,0;44,0;44,0;0;44,0;44,0;44,0;44,0;46,0;44,0;9,0;44,666666666666664;36,57142857142857;12,752217360876818;17,0;46,0;0,0;1,14;37,28;0,5837186333333334;3,425;0;54,0;51,0;44,0;54,0;51,0;44,0
2022-07-22;54,0;1,33;169,781;46,28;123,498;5,0;11,6357625;4,05833;21,475;66,50695416666666;0,4397896666666667;1,07303;7;203;4;-0,4999999999999997;-0,8660254037844388;-0,34336687399638804;-0,939201357453208;44,0;51,0;54,0;54,0;0;54,0;54,0;54,0;44,0;44,0;46,0;17,0;47,333333333333336;41,857142857142854;10,807845474909623;19,0;54,0;10,0;1,5;36,76;0,4128130208333333;3,55;0;51,0;44,0;27,0;51,0;44,0;27,0
2022-07-23;51,0;1,08;111,808;32,41;79,3958;8,0;11,041825416666669;5,675;19,25;76,96812083333333;0,6028599541666667;1,7521;7;204;5;-0,4999999999999997;-0,8660254037844388;-0,3594718130884232;-0,9331559438780432;54,0;44,0;51,0;51,0;0;51,0;51,0;51,0;54,0;44,0;44,0;19,0;49,666666666666664;46,42857142857143;4,391550328268479;42,0;54,0;-3,0;1,33;46,28;0,4397896666666667;4,05833;1;44,0;27,0;26,0;44,0;27,0;26,0
2022-07-24;44,0;0,93;61,5061;19,75;41,7552;5,0;8,779515;5,95;13,6917;94,1629375;0,7485889083333334;2,19983;7;205;6;-0,4999999999999997;-0,8660254037844388;-0,3754703786876202;-0,9268343944460494;51,0;27,0;44,0;44,0;0;44,0;44,0;44,0;51,0;54,0;44,0;42,0;49,666666666666664;46,714285714285715;4,1115400891591225;44,0;54,0;-7,0;1,08;32,41;0,6028599541666667;5,675;1;27,0;26,0;22,0;27,0;26,0;22,0
2022-07-25;27,0;0,89;42,7607;22,99;19,7691;3,0;9,236432083333334;6,49167;13,4909;90,267375;0,80722;1,62527;7;206;0;-0,4999999999999997;-0,8660254037844388;-0,3913578365610259;-0,9202385798054075;44,0;26,0;27,0;27,0;0;27,0;27,0;27,0;44,0;51,0;54,0;44,0;40,666666666666664;44,285714285714285;8,577378887016081;27,0;54,0;-17,0;0,93;19,75;0,7485889083333334;5,95;0;26,0;22,0;30,0;26,0;22,0;30,0
2022-07-26;26,0;1,16;82,9275;23,48;59,4461;6,0;9,239585416666666;3,49167;15,9833;82,48543333333333;0,5471856645833334;1,89691;7;207;1;-0,4999999999999997;-0,8660254037844388;-0,4071294853542516;-0,9133704517637858;27,0;22,0;26,0;26,0;0;26,0;26,0;26,0;27,0;44,0;51,0;46,0;32,333333333333336;41,42857142857143;10,921799956312828;26,0;54,0;-1,0;0,89;22,99;0,80722;6,49167;0;22,0;30,0;40,0;22,0;30,0;40,0
2022-07-27;22,0;0,99;44,2445;21,56;22,6827;4,0;9,759727083333331;7,45833;12,0167;87,36393333333332;0,68169075;1,75224;7;208;2;-0,4999999999999997;-0,8660254037844388;-0,4227806579826773;-0,9062320427107697;26,0;30,0;22,0;22,0;0;22,0;22,0;22,0;26,0;27,0;44,0;44,0;25,0;38,285714285714285;13,021959475110846;22,0;54,0;-4,0;1,16;23,48;0,5471856645833334;3,49167;0;30,0;40,0;36,0;30,0;40,0;36,0
2022-07-28;30,0;1,29;94,2365;29,77;64,4623;5,0;9,822912916666668;4,825;17,2083;76,42709166666667;0,3625775625;0,950279;7;209;3;-0,4999999999999997;-0,8660254037844388;-0,4383067230125192;-0,898825465016444;22,0;40,0;30,0;30,0;0;30,0;30,0;30,0;22,0;26,0;27,0;44,0;26,0;36,285714285714285;13,073054803861353;22,0;54,0;8,0;0,99;21,56;0,68169075;7,45833;0;40,0;36,0;45,0;40,0;36,0;45,0
2022-07-29;40,0;1,32;135,738;39,78;95,9531;5,0;10,6673625;2,61667;21,325;69,25694166666666;0,5344315666666667;1,89711;7;210;4;-0,4999999999999997;-0,8660254037844388;-0,45370308603134424;-0,8911529104063088;30,0;36,0;40,0;40,0;0;40,0;40,0;40,0;30,0;22,0;26,0;54,0;30,666666666666668;34,285714285714285;10,78137724217531;22,0;51,0;10,0;1,29;29,77;0,3625775625;4,825;0;36,0;45,0;43,0;36,0;45,0;43,0
2022-07-30;36,0;0,82;48,88;21,64;27,237;4,0;8,948957916666666;6,79167;10,5667;87,51840833333334;0,6938489;1,76539;7;211;5;-0,4999999999999997;-0,8660254037844388;-0,46896519100763184;-0,8832166493127127;40,0;45,0;36,0;36,0;0;36,0;36,0;36,0;40,0;30,0;22,0;51,0;35,333333333333336;32,142857142857146;8,050436249640402;22,0;44,0;-4,0;1,32;39,78;0,5344315666666667;2,61667;1;45,0;43,0;58,0;45,0;43,0;58,0
2022-07-31;45,0;1,16;47,8117;26,66;21,1533;9,0;10,404480416666669;4,1;16,825;76,3263875;0,4566276791666666;1,51177;7;212;6;-0,4999999999999997;-0,8660254037844388;-0,48408852163897587;-0,8750190302029955;36,0;43,0;45,0;45,0;0;45,0;45,0;45,0;36,0;40,0;30,0;44,0;40,333333333333336;32,285714285714285;8,300889223737558;22,0;45,0;9,0;0,82;21,64;0,6938489;6,79167;1;43,0;58,0;41,0;43,0;58,0;41,0
2022-08-01;43,0;1,11;66,2863;23,64;42,6418;8,0;7,939275416666667;5,40833;11,225;91,815;0,8767684333333333;2,23204;8;213;0;-0,8660254037844385;-0,5000000000000004;-0,4990686026885319;-0,8665624788845385;45,0;58,0;43,0;43,0;0;43,0;43,0;43,0;45,0;36,0;40,0;27,0;41,333333333333336;34,57142857142857;8,791229395580276;22,0;45,0;-2,0;1,16;26,66;0,4566276791666666;4,1;0;58,0;41,0;32,0;58,0;41,0;32,0
2022-08-02;58,0;0,98;47,7723;30,97;16,7986;6,0;9,5767675;6,10833;14,575;80,19100833333333;0,5533039541666667;1,16757;8;214;1;-0,8660254037844385;-0,5000000000000004;-0,5139010013093103;-0,8578494977869301;43,0;41,0;58,0;58,0;0;58,0;58,0;58,0;43,0;45,0;36,0;26,0;48,666666666666664;39,142857142857146;11,495340671022225;22,0;58,0;15,0;1,11;23,64;0,8767684333333333;5,40833;0;41,0;32,0;45,0;41,0;32,0;45,0
2022-08-03;41,0;1,04;93,0988;23,46;69,6414;11,0;7,993749583333333;3,075;13,225;80,76738333333334;0,913403375;2,53078;8;215;2;-0,8660254037844385;-0,5000000000000004;-0,5285813283559292;-0,8488826652214553;58,0;32,0;41,0;41,0;0;41,0;41,0;41,0;58,0;43,0;45,0;22,0;47,333333333333336;41,857142857142854;8,668497975016075;30,0;58,0;-17,0;0,98;30,97;0,5533039541666667;6,10833;0;32,0;45,0;24,0;32,0;45,0;24,0
2022-08-04;32,0;1,03;60,6542;28,86;31,7962;8,574220387410403;7,993054166666667;2,18333;15,6833;74,52015833333333;0,3648818083333333;1,51674;8;216;3;-0,8660254037844385;-0,5000000000000004;-0,5431052396834317;-0,8396646346181327;41,0;45,0;32,0;32,0;0;32,0;32,0;32,0;41,0;58,0;43,0;30,0;43,666666666666664;42,142857142857146;8,234653836654244;32,0;58,0;-9,0;1,04;23,46;0,913403375;3,075;0;45,0;24,0;8,0;45,0;24,0;8,0
2022-08-05;45,0;1,49;124,978;35,3;89,6743;9,0;8,728124166666666;2,13334;16,9083;67,96875416666667;0,4760922083333332;2,07761;8;217;4;-0,8660254037844385;-0,5000000000000004;-0,5574684374327892;-0,8301981337405212;32,0;24,0;45,0;45,0;0;45,0;45,0;45,0;32,0;41,0;58,0;40,0;39,333333333333336;42,857142857142854;8,234653836654246;32,0;58,0;13,0;1,03;28,86;0,3648818083333333;2,18333;0;24,0;8,0;25,0;24,0;8,0;25,0
2022-08-06;24,0;1,02;41,6832;24,44;17,2413;5,0;9,126418333333334;7,28333;12,4833;88,7396;0,6017012041666666;1,95163;8;218;5;-0,8660254037844385;-0,5000000000000004;-0,5716666713027052;-0,8204859638785327;45,0;8,0;24,0;24,0;0;24,0;24,0;24,0;45,0;32,0;41,0;36,0;33,666666666666664;41,142857142857146;10,761483346152817;24,0;58,0;-21,0;1,49;35,3;0,4760922083333332;2,13334;1;8,0;25,0;40,0;8,0;25,0;40,0
2022-08-07;8,0;0,77;21,7954;14,05;7,74903;13,0;7,678818333333333;4,05;12,325;85,30176666666667;0,7533933666666667;2,22062;8;219;6;-0,8660254037844385;-0,5000000000000004;-0,5856957398073508;-0,8105309990194823;24,0;25,0;8,0;8,0;0;8,0;8,0;8,0;24,0;45,0;32,0;45,0;25,666666666666668;35,857142857142854;16,242214252050868;8,0;58,0;-16,0;1,02;24,44;0,6017012041666666;7,28333;1;25,0;40,0;29,0;25,0;40,0;29,0
2022-08-08;25,0;1,2;95,2921;26,73;68,5596;7,0;7,64201625;2,05;15,4667;78,26737916666667;0,3375112208333333;1,08964;8;220;0;-0,8660254037844385;-0,5000000000000004;-0,5995514915196489;-0,8003361849976323;8,0;40,0;25,0;25,0;0;25,0;25,0;25,0;8,0;24,0;45,0;43,0;19,0;33,285714285714285;16,347418610841764;8,0;58,0;17,0;0,77;14,05;0,7533933666666667;4,05;0;40,0;29,0;34,0;40,0;29,0;34,0
2022-08-09;40,0;1,66;187,739;47,37;140,373;4,0;11,023615;1,175;23,9417;61,72222083333333;0,38666479125;0,95112;8;221;1;-0,8660254037844385;-0,5000000000000004;-0,6132298262997502;-0,7899045386224707;25,0;29,0;40,0;40,0;0;40,0;40,0;40,0;25,0;8,0;24,0;58,0;24,333333333333332;30,714285714285715;12,8544970822703;8,0;45,0;15,0;1,2;26,73;0,3375112208333333;2,05;0;29,0;34,0;21,0;29,0;34,0;21,0
2022-08-10;29,0;1,26;125,614;33,53;92,0885;10,0;11,4423875;4,74167;18,3091;58,95485833333333;0,8718420625;2,62777;8;222;2;-0,8660254037844385;-0,5000000000000004;-0,6267266965083301;-0,7792391467859886;40,0;34,0;29,0;29,0;0;29,0;29,0;29,0;40,0;25,0;8,0;41,0;31,333333333333332;29,0;12,027745701779159;8,0;45,0;-11,0;1,66;47,37;0,38666479125;1,175;0;34,0;21,0;36,0;34,0;21,0;36,0
2022-08-11;34,0;0,94;67,8325;27,65;40,1807;14,0;10,062845;3,525;19,85;76,9063;0,8217412749999999;2,62128;8;223;3;-0,8660254037844385;-0,5000000000000004;-0,6400381082043503;-0,7683431655492202;29,0;21,0;34,0;34,0;0;34,0;34,0;34,0;29,0;40,0;25,0;32,0;34,333333333333336;29,285714285714285;12,134170562428055;8,0;45,0;5,0;1,26;33,53;0,8718420625;4,74167;0;21,0;36,0;21,0;21,0;36,0;21,0
2022-08-12;21,0;0,92;33,7688;19,61;14,1625;15,0;9,571560833333333;5,90833;14,225;77,14239583333334;0,7584592708333333;1,77593;8;224;4;-0,8660254037844385;-0,5000000000000004;-0,65316012232693;-0,7572198192083127;34,0;36,0;21,0;21,0;0;21,0;21,0;21,0;34,0;29,0;40,0;45,0;28,0;25,857142857142858;10,188695883650865;8,0;40,0;-13,0;0,94;27,65;0,8217412749999999;3,525;0;36,0;21,0;6,0;36,0;21,0;6,0
2022-08-13;36,0;1,23;82,6149;25,09;57,5295;14,0;9,407285416666666;2,925;16,7667;74,37085416666666;0,6593331041666667;1,72509;8;225;5;-0,8660254037844385;-0,5000000000000004;-0,666088855860977;-0,7458723993404063;21,0;21,0;36,0;36,0;0;36,0;36,0;36,0;21,0;34,0;29,0;24,0;30,333333333333332;27,571428571428573;10,814452411120095;8,0;40,0;15,0;0,92;19,61;0,7584592708333333;5,90833;1;21,0;6,0;26,0;21,0;6,0;26,0
2022-08-14;21,0;0,95;42,8163;18,27;24,5448;11,0;8,177782083333334;4,25;12,825;85,56875833333334;0,9055025833333332;2,28693;8;226;6;-0,8660254037844385;-0,5000000000000004;-0,6788204829862355;-0,734304263829602;36,0;6,0;21,0;21,0;0;21,0;21,0;21,0;36,0;21,0;34,0;8,0;26,0;29,428571428571427;7,502380574571958;21,0;40,0;-15,0;1,23;25,09;0,6593331041666667;2,925;1;6,0;26,0;18,0;6,0;26,0;18,0
2022-08-15;6,0;0,8;17,607;13,73;3,87953;17,0;8,92775;5,34167;13,8;78,62502083333334;0,9173237916666668;3,79192;8;227;0;-0,8660254037844385;-0,5000000000000004;-0,6913512362094071;-0,722518835873311;21,0;26,0;6,0;6,0;0;6,0;6,0;6,0;21,0;36,0;21,0;25,0;21,0;26,714285714285715;11,65781977493057;6,0;40,0;-15,0;0,95;18,27;0,9055025833333332;4,25;0;26,0;18,0;30,0;26,0;18,0;30,0
2022-08-16;26,0;1,2;96,4447;30,84;65,6036;1,0;9,109729166666666;7,81667;10,9167;84,52085416666667;0,7364205583333333;1,94584;8;228;1;-0,8660254037844385;-0,5000000000000004;-0,7036774074790128;-0,7105196029692745;6,0;18,0;26,0;26,0;0;26,0;26,0;26,0;6,0;21,0;36,0;40,0;17,666666666666668;24,714285714285715;10,094788848943903;6,0;36,0;20,0;0,8;13,73;0,9173237916666668;5,34167;0;18,0;30,0;46,0;18,0;30,0;46,0
2022-08-17;18,0;0,8;40,8001;21,32;19,4797;4,0;8,132957083333332;4,39167;11,9333;88,90837499999999;0,6130099999999999;1,53832;8;229;2;-0,8660254037844385;-0,5000000000000004;-0,7157953492826642;-0,6983101158835584;26,0;30,0;18,0;18,0;0;18,0;18,0;18,0;26,0;6,0;21,0;29,0;16,666666666666668;23,142857142857142;10,172324733127168;6,0;36,0;-8,0;1,2;30,84;0,7364205583333333;7,81667;0;30,0;46,0;47,0;30,0;46,0;47,0
2022-08-18;30,0;1,24;96,2781;30,5;65,776;7,0;8,263198749999999;1,51667;16,8167;70,68894166666666;0,3542387083333333;1,38852;8;230;3;-0,8660254037844385;-0,5000000000000004;-0,7277014757264236;-0,6858939875998223;18,0;46,0;30,0;30,0;0;30,0;30,0;30,0;18,0;26,0;6,0;34,0;24,666666666666668;22,571428571428573;9,554355775546277;6,0;36,0;12,0;0,8;21,32;0,6130099999999999;4,39167;0;46,0;47,0;39,0;46,0;47,0;39,0
2022-08-19;46,0;1,56;164,155;48,19;115,968;6,0;12,83438;2,925;26,15;63,726400000000005;0,4636262;1,60891;8;231;4;-0,8660254037844385;-0,5000000000000004;-0,7393922635959241;-0,673274892250183;30,0;47,0;46,0;46,0;0;46,0;46,0;46,0;30,0;18,0;26,0;21,0;31,333333333333332;26,142857142857142;12,941259230700492;6,0;46,0;16,0;1,24;30,5;0,3542387083333333;1,51667;0;47,0;39,0;30,0;47,0;39,0;30,0
2022-08-20;47,0;1,08;128,526;35,85;92,6799;14,0;14,510414166666664;6,25;24,9417;63,034725;0,5756504041666667;2,01334;8;232;5;-0,8660254037844385;-0,5000000000000004;-0,7508642533989489;-0,6604565640279754;46,0;39,0;47,0;47,0;0;47,0;47,0;47,0;46,0;30,0;18,0;36,0;41,0;27,714285714285715;14,862865198364753;6,0;47,0;1,0;1,56;48,19;0,4636262;2,925;1;39,0;30,0;53,0;39,0;30,0;53,0
2022-08-21;39,0;0,91;71,6277;24,18;47,4496;20,0;14,15174125;7,7;21,7667;68,31598333333334;0,7890336458333334;2,1548;8;233;6;-0,8660254037844385;-0,5000000000000004;-0,7621140503891487;-0,6474427960827475;47,0;30,0;39,0;39,0;0;39,0;39,0;39,0;47,0;46,0;30,0;21,0;44,0;30,285714285714285;15,063358254544774;6,0;47,0;-8,0;1,08;35,85;0,5756504041666667;6,25;1;30,0;53,0;58,0;30,0;53,0;58,0
2022-08-22;30,0;0,87;42,2816;24,21;18,0731;3,0;9,5593425;8,11667;12,15;94,22570416666667;0,711109125;1,29388;8;234;0;-0,8660254037844385;-0,5000000000000004;-0,7731383255706026;-0,6342374393978054;39,0;53,0;30,0;30,0;0;30,0;30,0;30,0;39,0;47,0;46,0;6,0;38,666666666666664;33,714285714285715;10,71936387593789;18,0;47,0;-9,0;0,91;24,18;0,7890336458333334;7,7;0;53,0;58,0;52,0;53,0;58,0;52,0
2022-08-23;53,0;0,94;47,1068;31,18;15,923;10,0;12,503475;9,36665;19,0583;79,40279583333333;0,8973552499999999;1,96349;8;235;1;-0,8660254037844385;-0,5000000000000004;-0,7839338166829201;-0,620844401650647;30,0;58,0;53,0;53,0;0;53,0;53,0;53,0;30,0;39,0;47,0;26,0;40,666666666666664;37,57142857142857;12,231886511043502;18,0;53,0;23,0;0,87;24,21;0,711109125;8,11667;0;58,0;52,0;52,0;58,0;52,0;52,0
2022-08-24;58,0;1,19;87,0594;38,34;48,7158;5,0;12,438789166666666;7,79092;19,4083;78,67740416666666;0,5347145249999999;2,03645;8;236;2;-0,8660254037844385;-0,5000000000000004;-0,7944973291665992;-0,6072676460566135;53,0;52,0;58,0;58,0;0;58,0;58,0;58,0;53,0;30,0;39,0;18,0;47,0;43,285714285714285;10,82765418907049;30,0;58,0;5,0;0,94;31,18;0,8973552499999999;9,36665;0;52,0;52,0;34,0;52,0;52,0;34,0
2022-08-25;52,0;1,23;116,047;41,34;74,7057;12,0;13,245485416666666;5,26667;22,9667;69,13540833333333;0,4535037208333333;1,49907;8;237;3;-0,8660254037844385;-0,5000000000000004;-0,8048257371083452;-0,593511190196115;58,0;52,0;52,0;52,0;0;52,0;52,0;52,0;58,0;53,0;30,0;30,0;54,333333333333336;46,42857142857143;9,43145698990254;30,0;58,0;-6,0;1,19;38,34;0,5347145249999999;7,79092;0;52,0;34,0;46,0;52,0;34,0;46,0
2022-08-26;52,0;1,08;146,426;38,77;107,661;3,0;11,830867083333333;8,29092;17,525;76,80178333333333;0,6295598583333334;2,03745;8;238;4;-0,8660254037844385;-0,5000000000000004;-0,8149159841660791;-0,5795791048257612;52,0;34,0;52,0;52,0;0;52,0;52,0;52,0;52,0;58,0;53,0;46,0;54,0;47,285714285714285;9,655987533033366;30,0;58,0;0,0;1,23;41,34;0,4535037208333333;5,26667;0;34,0;46,0;27,0;34,0;46,0;27,0
2022-08-27;34,0;1,07;44,8614;22,05;22,8107;14,0;12,548682083333333;7,85;19,1333;64,81944166666666;0,7658267958333332;2,18842;8;239;5;-0,8660254037844385;-0,5000000000000004;-0,8247650844733614;-0,5654755126737576;52,0;46,0;34,0;34,0;0;34,0;34,0;34,0;52,0;52,0;58,0;47,0;46,0;45,42857142857143;10,891237194141357;30,0;58,0;-18,0;1,08;38,77;0,6295598583333334;8,29092;1;46,0;27,0;24,0;46,0;27,0;24,0
2022-08-28;46,0;1,69;109,466;35,73;73,7401;21,0;16,43124625;5,40833;30,4917;50,45485833333333;0,2717159166666666;0,729291;8;240;6;-0,8660254037844385;-0,5000000000000004;-0,8343701235229538;-0,5512045872199277;34,0;27,0;46,0;46,0;0;46,0;46,0;46,0;34,0;52,0;52,0;39,0;44,0;46,42857142857143;10,517559014288826;30,0;58,0;12,0;1,07;22,05;0,7658267958333332;7,85;1;27,0;24,0;21,0;27,0;24,0;21,0
2022-08-29;27,0;0,67;83,3348;29,31;54,0202;14,0;14,583677916666666;8,05;23,6417;60,565979166666665;0,949938325;2,59504;8;241;0;-0,8660254037844385;-0,5000000000000004;-0,8437282590292712;-0,5367705514607103;46,0;24,0;27,0;27,0;0;27,0;27,0;27,0;46,0;34,0;52,0;30,0;35,666666666666664;46,0;11,328430311977641;27,0;58,0;-19,0;1,69;35,73;0,2717159166666666;5,40833;0;24,0;21,0;25,0;24,0;21,0;25,0
2022-08-30;24,0;0,82;30,9019;19,39;11,5096;8,0;10,465007083333331;8,70004;14,0083;90,17675833333334;1,27115425;2,42056;8;242;1;-0,8660254037844385;-0,5000000000000004;-0,8528367217694595;-0,522177676659508;27,0;21,0;24,0;24,0;0;24,0;24,0;24,0;27,0;46,0;34,0;53,0;32,333333333333336;41,857142857142854;13,446543191821613;24,0;58,0;-3,0;0,67;29,31;0,949938325;8,05;0;21,0;25,0;47,0;21,0;25,0;47,0
2022-08-31;21,0;0,76;22,9575;18,49;4,47158;7,0;9,722886666666666;8,3;11,0833;86,36080833333334;1,1439932916666666;1,93672;8;243;2;-0,8660254037844385;-0,5000000000000004;-0,8616928164028522;-0,5074302810827518;24,0;25,0;21,0;21,0;0;21,0;21,0;21,0;24,0;27,0;46,0;58,0;24,0;36,57142857142857;13,314868166291184;21,0;52,0;-3,0;0,82;19,39;1,27115425;8,70004;0;25,0;47,0;41,0;25,0;47,0;41,0
2022-09-01;25,0;0,75;30,5906;19,83;10,76;11,0;10,21882;6,725;14,3583;74,53822083333334;0,6408496295833334;1,50414;9;244;3;-1,0;-1,8369701987210297e-16;-0,8702939222685674;-0,49253272872205434;21,0;47,0;25,0;25,0;0;25,0;25,0;25,0;21,0;24,0;27,0;52,0;23,333333333333332;32,714285714285715;11,940327825123916;21,0;52,0;4,0;0,76;18,49;1,1439932916666666;8,3;0;47,0;41,0;38,0;47,0;41,0;38,0
2022-09-02;47,0;1,18;91,2272;33,03;58,1927;13,0;12,390275416666666;3,36667;22,325;66,12879166666666;0,5938058666666667;2,12542;9;245;4;-1,0;-1,8369701987210297e-16;-0,8786374941610001;-0,4774894280028391;25,0;41,0;47,0;47,0;0;47,0;47,0;47,0;25,0;21,0;24,0;52,0;31,0;32,0;10,677078252031302;21,0;47,0;22,0;0,75;19,83;0,6408496295833334;6,725;0;41,0;38,0;32,0;41,0;38,0;32,0
2022-09-03;41,0;1,03;85,6183;32,49;53,1313;20,0;14,962847916666666;6,55833;24,9833;55,26735833333333;0,6758362666666667;2,14513;9;246;5;-1,0;-1,8369701987210297e-16;-0,886721063082993;-0,46230483047981086;47,0;38,0;41,0;41,0;0;41,0;41,0;41,0;47,0;25,0;21,0;34,0;37,666666666666664;33,0;11,210114480533486;21,0;47,0;-6,0;1,18;33,03;0,5938058666666667;3,36667;1;38,0;32,0;32,0;38,0;32,0;32,0
2022-09-04;38,0;1,17;65,5107;29,64;35,8663;25,0;15,771439583333333;6,48333;26,8727;56,8854125;0,46492273125;1,72461;9;247;6;-1,0;-1,8369701987210297e-16;-0,8945422369764496;-0,4469834295196741;41,0;32,0;38,0;38,0;0;38,0;38,0;38,0;41,0;47,0;25,0;46,0;42,0;31,857142857142858;10,007140307942972;21,0;47,0;-3,0;1,03;32,49;0,6758362666666667;6,55833;1;32,0;32,0;12,0;32,0;32,0;12,0
2022-09-05;32,0;0,8;75,4008;36,83;38,5735;20,0;17,46344125;7,89167;28,1417;51,47222083333333;0,6266967916666667;1,96653;9;248;0;-1,0;-1,8369701987210297e-16;-0,9020987014301837;-0,43152975897147144;38,0;32,0;32,0;32,0;0;32,0;32,0;32,0;38,0;41,0;47,0;27,0;37,0;32,57142857142857;9,778499251881522;21,0;47,0;-6,0;1,17;29,64;0,46492273125;6,48333;0;32,0;12,0;9,0;32,0;12,0;9,0
2022-09-06;32,0;1,02;72,3011;30,35;41,9558;20,0;15,145489166666666;8,14168;25,3583;64,88889166666667;1,0989821041666668;3,31694;9;249;1;-1,0;-1,8369701987210297e-16;-0,9093882203647925;-0,4159483918249421;32,0;12,0;32,0;32,0;0;32,0;32,0;32,0;32,0;38,0;41,0;24,0;34,0;33,714285714285715;9,05012496625112;21,0;47,0;0,0;0,8;36,83;0,6266967916666667;7,89167;0;12,0;9,0;32,0;12,0;9,0;32,0
2022-09-07;12,0;0,71;17,4046;11,65;5,75576;20,0;9,9684075;6,7;14,85;78,04516666666667;1,4070937083333332;2,09255;9;250;2;-1,0;-1,8369701987210297e-16;-0,9164086366943458;-0,4002439388573056;32,0;9,0;12,0;12,0;0;12,0;12,0;12,0;32,0;32,0;38,0;21,0;25,333333333333332;32,42857142857143;11,472534489773716;12,0;47,0;-20,0;1,02;30,35;1,0989821041666668;8,14168;0;9,0;32,0;35,0;9,0;32,0;35,0
2022-09-08;9,0;0,85;37,9193;17,31;20,6108;15,0;6,115278333333333;3,89167;8,93333;85,90311666666666;1,0229267125;2,11621;9;251;3;-1,0;-1,8369701987210297e-16;-0,9231578729647039;-0,38442104726885545;12,0;32,0;9,0;9,0;0;9,0;9,0;9,0;12,0;32,0;32,0;25,0;17,666666666666668;30,142857142857142;14,415600015591565;9,0;47,0;-3,0;0,71;11,65;1,4070937083333332;6,7;0;32,0;35,0;10,0;32,0;35,0;10,0
2022-09-09;32,0;1,25;117,563;32,44;85,1255;9,0;9,543720833333332;1,21667;19,1909;70,55144583333333;0,3379097749999999;1,05992;9;252;4;-1,0;-1,8369701987210297e-16;-0,9296339319682695;-0,3684843993077793;9,0;35,0;32,0;32,0;0;32,0;32,0;32,0;9,0;12,0;32,0;47,0;17,666666666666668;28,0;12,476644848141918;9,0;41,0;23,0;0,85;17,31;1,0229267125;3,89167;0;35,0;10,0;26,0;35,0;10,0;26,0
2022-09-10;35,0;0,83;91,7354;22,2;69,5303;18,0;10,97291125;3,95;18,5917;72,19477916666666;1,170377525;3,15779;9;253;5;-1,0;-1,8369701987210297e-16;-0,9358348973349941;-0,35243871088460327;32,0;10,0;35,0;35,0;0;35,0;35,0;35,0;32,0;9,0;12,0;41,0;25,333333333333332;27,142857142857142;11,610750355146017;9,0;38,0;3,0;1,25;32,44;0,3379097749999999;1,21667;1;10,0;26,0;17,0;10,0;26,0;17,0
2022-09-11;10,0;0,7;9,65887;8,47;1,18986;22,0;9,854175416666669;6,23333;14,6833;82,22017083333334;0,7584933541666666;1,31007;9;254;6;-1,0;-1,8369701987210297e-16;-0,9417589340994617;-0,33628873017668287;35,0;26,0;10,0;10,0;0;10,0;10,0;10,0;35,0;32,0;9,0;38,0;25,666666666666668;23,142857142857142;12,061351104921446;9,0;35,0;-25,0;0,83;22,2;1,170377525;3,95;1;26,0;17,0;27,0;26,0;17,0;27,0
2022-09-12;26,0;0,9281354311981826;75,0214;21,17;53,8543;15,0;9,931599166666668;3,66667;17,025;78,20487916666666;0,9932571625;2,49191;9;255;0;-1,0;-1,8369701987210297e-16;-0,9474042892438845;-0,32003923622313857;10,0;17,0;26,0;26,0;0;26,0;26,0;26,0;10,0;35,0;32,0;32,0;23,666666666666668;22,285714285714285;11,528432760126641;9,0;35,0;16,0;0,7;8,47;0,7584933541666666;6,23333;0;17,0;27,0;31,0;17,0;27,0;31,0
2022-09-13;17,0;0,481979600534585;23,9517;17,81;6,14362;20,0;11,163545833333332;7,76667;16,575;73,16007083333334;0,8050179125;1,3771;9;256;1;-1,0;-1,8369701987210297e-16;-0,9527692922168511;-0,30369503751065885;26,0;27,0;17,0;17,0;0;17,0;17,0;17,0;26,0;10,0;35,0;32,0;17,666666666666668;20,142857142857142;10,792413561210003;9,0;35,0;-9,0;0,9281354311981826;21,17;0,9932571625;3,66667;0;27,0;31,0;20,0;27,0;31,0;20,0
2022-09-14;27,0;1,0396397245143838;86,1964;30,86;55,3393;16,0;13,633332083333334;5,15;23,4417;63,2395875;0,5997858791666667;1,85278;9;257;2;-1,0;-1,8369701987210297e-16;-0,9578523554276669;-0,28726097055059635;17,0;31,0;27,0;27,0;0;27,0;27,0;27,0;17,0;26,0;10,0;12,0;23,333333333333332;22,285714285714285;10,387721689800951;9,0;35,0;10,0;0,481979600534585;17,81;0,8050179125;7,76667;0;31,0;20,0;17,0;31,0;20,0;17,0
2022-09-15;31,0;0,8712667807885086;70,8618;28,63;42,2325;18,0;14,645175833333331;6,38333;23,3;61,5798625;0,7549850958333333;2,7805;9;258;3;-1,0;-1,8369701987210297e-16;-0,9626519747161487;-0,2707418984477642;27,0;20,0;31,0;31,0;0;31,0;31,0;31,0;27,0;17,0;26,0;9,0;25,0;25,428571428571427;8,922950611711746;10,0;35,0;4,0;1,0396397245143838;30,86;0,5997858791666667;5,15;0;20,0;17,0;8,0;20,0;17,0;8,0
2022-09-16;20,0;0,5374983029548088;19,5501;12,39;7,16029;13,0;10,323917083333331;7,39167;13,9583;85,13164583333334;1,2111692083333334;2,78811;9;259;4;-1,0;-1,8369701987210297e-16;-0,9671667297977312;-0,2541427094613622;31,0;17,0;20,0;20,0;0;20,0;20,0;20,0;31,0;27,0;17,0;32,0;26,0;23,714285714285715;8,596787882968918;10,0;35,0;-11,0;0,8712667807885086;28,63;0,7549850958333333;6,38333;0;17,0;8,0;13,0;17,0;8,0;13,0
2022-09-17;17,0;0,4255526018075012;12,2954;9,16;3,13227;18,0;10,526037083333334;8,00835;15,3333;80,24338333333334;1,19434625;2,36955;9;260;5;-1,0;-1,8369701987210297e-16;-0,97139528468375;-0,23746831555846842;20,0;8,0;17,0;17,0;0;17,0;17,0;17,0;20,0;31,0;27,0;35,0;22,666666666666668;21,142857142857142;7,244045173533201;10,0;31,0;-3,0;0,5374983029548088;12,39;1,2111692083333334;7,39167;1;8,0;13,0;9,0;8,0;13,0;9,0
2022-09-18;8,0;0,2529432170441914;5,65095;4,62;1,03333;22,0;9,92051875;7,93333;13,2583;78,68720416666666;1,3959725416666666;3,05598;9;261;6;-1,0;-1,8369701987210297e-16;-0,9753363880767837;-0,2207236509605022;17,0;13,0;8,0;8,0;0;8,0;8,0;8,0;17,0;20,0;31,0;10,0;15,0;20,857142857142858;7,776643908280079;8,0;31,0;-9,0;0,4255526018075012;9,16;1,19434625;8,00835;1;13,0;9,0;9,0;13,0;9,0;9,0
2022-09-19;13,0;0,36505411793665155;15,433;9,88;5,54942;19,0;10,7503175;5,9;15,7583;70,288225;0,8581950125;1,80079;9;262;0;-1,0;-1,8369701987210297e-16;-0,9789888737409319;-0,20391367068311472;8,0;9,0;13,0;13,0;0;13,0;13,0;13,0;8,0;17,0;20,0;26,0;12,666666666666666;19,0;7,89514618821795;8,0;31,0;5,0;0,2529432170441914;4,62;1,3959725416666666;7,93333;0;9,0;9,0;16,0;9,0;9,0;16,0
2022-09-20;9,0;0,25776862770820674;12,2202;10,49;1,72935;18,0;8,876765833333334;6,53333;12,2;70,31567083333333;1,3398319583333331;2,54287;9;263;1;-1,0;-1,8369701987210297e-16;-0,9823516608469237;-0,18704334906991657;13,0;9,0;9,0;9,0;0;9,0;9,0;9,0;13,0;8,0;17,0;17,0;10,0;17,857142857142858;8,764104278791008;8,0;31,0;-4,0;0,36505411793665155;9,88;0,8581950125;5,9;0;9,0;16,0;21,0;9,0;16,0;21,0
2022-09-21;9,0;0,37764950795461605;27,8892;17,83;10,0614;16,0;9,32986;2,55833;15,95;59,09724166666666;0,7611303208333333;2,52544;9;264;2;-1,0;-1,8369701987210297e-16;-0,9854237542919524;-0,17011767832049052;9,0;16,0;9,0;9,0;0;9,0;9,0;9,0;9,0;13,0;8,0;27,0;10,333333333333334;15,285714285714286;8,260635280539514;8,0;31,0;0,0;0,25776862770820674;10,49;1,3398319583333331;6,53333;0;16,0;21,0;11,0;16,0;21,0;11,0
2022-09-22;16,0;0,7738588302302984;67,8799;27,04;40,8431;13,0;12,72020375;3,075;22,7182;47,87500833333333;0,51366185;2,09903;9;265;3;-1,0;-1,8369701987210297e-16;-0,9882042449941422;-0,15314166701312007;9,0;21,0;16,0;16,0;0;16,0;16,0;16,0;9,0;9,0;13,0;31,0;11,333333333333334;13,142857142857142;4,670066788550524;8,0;20,0;7,0;0,37764950795461605;17,83;0,7611303208333333;2,55833;0;21,0;11,0;9,0;21,0;11,0;9,0
2022-09-23;21,0;0,8159097659699832;60,8812;26,97;33,913;12,0;13,77048625;8,8;19,875;62,583325;0,6852767708333333;2,12169;9;266;4;-1,0;-1,8369701987210297e-16;-0,9906923101615609;-0,13612033862266704;16,0;11,0;21,0;21,0;0;21,0;21,0;21,0;16,0;9,0;9,0;20,0;15,333333333333334;13,285714285714286;4,923220007078095;8,0;21,0;5,0;0,7738588302302984;27,04;0,51366185;3,075;0;11,0;9,0;13,0;11,0;9,0;13,0
2022-09-24;11,0;0,5190752881193239;13,9876;10,39;3,59764;10,0;10,713537916666668;9,96666;11,4833;87,99689166666667;1,0819783333333333;2,10561;9;267;5;-1,0;-1,8369701987210297e-16;-0,9928872135356962;-0,11905873003404988;21,0;9,0;11,0;11,0;0;11,0;11,0;11,0;21,0;16,0;9,0;17,0;16,0;12,428571428571429;4,6853368024486475;8,0;21,0;-10,0;0,8159097659699832;26,97;0,6852767708333333;8,8;1;9,0;13,0;17,0;9,0;13,0;17,0
2022-09-25;9,0;0,383440186032065;9,9436;8,16;1,78778;21,0;12,317705833333331;8,43333;18,1833;73,56598333333334;1,0074749166666666;2,31793;9;268;6;-1,0;-1,8369701987210297e-16;-0,994788305609327;-0,10196189005174576;11,0;13,0;9,0;9,0;0;9,0;9,0;9,0;11,0;21,0;16,0;8,0;13,666666666666666;12,571428571428571;4,540820148282289;9,0;21,0;-2,0;0,5190752881193239;10,39;1,0819783333333333;9,96666;1;13,0;17,0;17,0;13,0;17,0;17,0
2022-09-26;13,0;0,5456530077724426;26,1728;16,16;10,0109;16,0;12,579929583333334;8,10001;18,16;72,12153333333333;0,8613630458333333;2,52451;9;269;0;-1,0;-1,8369701987210297e-16;-0,9963950238187231;-0,08483487790576538;9,0;17,0;13,0;13,0;0;13,0;13,0;13,0;9,0;11,0;21,0;13,0;11,0;12,571428571428571;4,540820148282289;9,0;21,0;4,0;0,383440186032065;8,16;1,0074749166666666;8,43333;0;17,0;17,0;21,0;17,0;17,0;21,0
2022-09-27;17,0;0,48253549979606536;24,2989;16,06;8,23473;21,0;14,729166666666666;7,26667;21,725;63,72538333333333;0,8060250958333334;2,40788;9;270;1;-1,0;-1,8369701987210297e-16;-0,9977068927101168;-0,06768276175455162;13,0;17,0;17,0;17,0;0;17,0;17,0;17,0;13,0;9,0;11,0;9,0;13,0;13,714285714285714;4,498677054212056;9,0;21,0;4,0;0,5456530077724426;16,16;0,8613630458333333;8,10001;0;17,0;21,0;31,0;17,0;21,0;31,0
2022-09-28;17,0;0,6486166886908045;31,042;17,23;13,8092;15,0;13,788550833333334;7,79167;20,625;72,69791666666667;1,122773829166667;2,646;9;271;2;-1,0;-1,8369701987210297e-16;-0,9987235240803972;-0,050510617185222886;17,0;21,0;17,0;17,0;0;17,0;17,0;17,0;17,0;13,0;9,0;9,0;15,666666666666666;14,857142857142858;4,0999419275793025;9,0;21,0;0,0;0,48253549979606536;16,06;0,8060250958333334;7,26667;0;21,0;31,0;25,0;21,0;31,0;25,0
2022-09-29;21,0;0,707947529790478;26,1774;17,8;8,37834;12,0;12,690557083333331;9,34167;19,4818;82,8195125;1,201495875;3,09469;9;272;3;-1,0;-1,8369701987210297e-16;-0,9994446170919858;-0,033323525711631344;17,0;31,0;21,0;21,0;0;21,0;21,0;21,0;17,0;17,0;13,0;16,0;18,333333333333332;15,571428571428571;4,720774754816543;9,0;21,0;4,0;0,6486166886908045;17,23;1,122773829166667;7,79167;0;31,0;25,0;23,0;31,0;25,0;23,0
2022-09-30;31,0;0,7858917053786683;38,402;26,39;12,011;16,0;16,010412499999997;10,275;24,3833;72,2709;0,803331875;2,94296;9;273;4;-1,0;-1,8369701987210297e-16;-0,9998699583618592;-0,016126573270657762;21,0;25,0;31,0;31,0;0;31,0;31,0;31,0;21,0;17,0;17,0;21,0;23,0;17,0;7,393691004272874;9,0;31,0;10,0;0,707947529790478;17,8;1,201495875;9,34167;0;25,0;23,0;12,0;25,0;23,0;12,0
2022-10-01;25,0;0,6690839246450093;38,5559;19,17;19,3839;24,0;16,614233333333335;10,625;24,8333;68,4274125;0,9340349625;2,86966;10;274;5;-0,8660254037844386;0,5000000000000001;-0,9999994220246925;0,001075151282798226;31,0;23,0;25,0;25,0;0;25,0;25,0;25,0;31,0;21,0;17,0;11,0;25,666666666666668;19,0;7,393691004272879;9,0;31,0;-6,0;0,7858917053786683;26,39;0,803331875;10,275;1;23,0;12,0;11,0;23,0;12,0;11,0
2022-10-02;23,0;0,5669658564922533;27,8672;17,56;10,3025;25,0;16,723233750000002;8,30833;25,7;65,79101250000001;0,9303029916666666;2,92064;10;275;6;-0,8660254037844386;0,5000000000000001;-0,999832969770105;0,018276557681691223;25,0;12,0;23,0;23,0;0;23,0;23,0;23,0;25,0;31,0;21,0;9,0;26,333333333333332;21,0;5,999999999999926;13,0;31,0;-2,0;0,6690839246450093;19,17;0,9340349625;10,625;1;12,0;11,0;10,0;12,0;11,0;10,0
2022-10-03;12,0;0,5494126313368839;15,0918;12,01;3,0843;14,0;10,344486666666668;8,45;14,4417;88,38933333333334;1,2277750833333334;2,16969;10;276;0;-0,8660254037844386;0,5000000000000001;-0,9993706508539969;0,03547255575312556;23,0;11,0;12,0;12,0;0;12,0;12,0;12,0;23,0;25,0;31,0;13,0;20,0;20,857142857142858;6,229729031789659;12,0;31,0;-11,0;0,5669658564922533;17,56;0,9303029916666666;8,30833;0;11,0;10,0;15,0;11,0;10,0;15,0
2022-10-04;11,0;0,4226910027825449;16,3487;13,34;3,00625;19,0;11,717770416666667;8,7;16,8182;73,42017916666667;1,20839375;2,375;10;277;1;-0,8660254037844386;0,5000000000000001;-0,9986126020839734;0,052658056924614005;12,0;10,0;11,0;11,0;0;11,0;11,0;11,0;12,0;23,0;25,0;17,0;15,333333333333334;20,0;7,187952884282544;11,0;31,0;-1,0;0,5494126313368839;12,01;1,2277750833333334;8,45;0;10,0;15,0;14,0;10,0;15,0;14,0
2022-10-05;10,0;0,4390389919877187;16,6696;11,21;5,49139;18,0;12,125979166666667;9,03333;17,4909;72,04515833333333;0,9974519083333332;2,41626;10;278;2;-0,8660254037844386;0,5000000000000001;-0,9975590477788613;0,06982797572987089;11,0;15,0;10,0;10,0;0;10,0;10,0;10,0;11,0;12,0;23,0;17,0;11,0;19,0;8,103497187428752;10,0;31,0;-1,0;0,4226910027825449;13,34;1,20839375;8,7;0;15,0;14,0;5,0;15,0;14,0;5,0
2022-10-06;15,0;0,41;31,3024;19,01;12,2914;18,0;15,251717083333332;8,76668;22,5583;62,107641666666666;0,7778316625;2,24862;10;279;3;-0,8660254037844386;0,5000000000000001;-0,9962102997023297;0,0869772313136861;10,0;14,0;15,0;15,0;0;15,0;15,0;15,0;10,0;11,0;12,0;21,0;12,0;18,142857142857142;8,173709305420815;10,0;31,0;5,0;0,4390389919877187;11,21;0,9974519083333332;9,03333;0;14,0;5,0;11,0;14,0;5,0;11,0
2022-10-07;14,0;0,51;44,7561;18,39;26,3708;16,0;16,921187916666668;9,375;25,85;60,32637916666667;1,28395518125;3,4479;10;280;4;-0,8660254037844386;0,5000000000000001;-0,9945667569706337;0,1041007489354256;15,0;5,0;14,0;14,0;0;14,0;14,0;14,0;15,0;10,0;11,0;31,0;13,0;15,714285714285714;5,9361683970465435;10,0;25,0;-1,0;0,41;19,01;0,7778316625;8,76668;0;5,0;11,0;11,0;5,0;11,0;11,0
2022-10-08;5,0;0,3;11,1971;8,31;2,88875;19,0;15,048895833333331;10,6083;21,4833;61,278125;1,2476899583333334;2,48356;10;281;5;-0,8660254037844386;0,5000000000000001;-0,9926289059345095;0,121193461470736;14,0;11,0;5,0;5,0;0;5,0;5,0;5,0;14,0;15,0;10,0;25,0;11,333333333333334;12,857142857142858;5,520524474738722;5,0;23,0;-9,0;0,51;18,39;1,28395518125;9,375;1;11,0;11,0;17,0;11,0;11,0;17,0
2022-10-09;11,0;0,42;19,7874;13,02;6,77279;25,0;16,59587125;7,28333;25,9667;44,1354125;0,8351029416666668;2,47739;10;282;6;-0,8660254037844386;0,5000000000000001;-0,9903973200352558;0,1382503109109819;5,0;11,0;11,0;11,0;0;11,0;11,0;11,0;5,0;14,0;15,0;23,0;10,0;11,142857142857142;3,2366943748505457;5,0;15,0;6,0;0,3;8,31;1,2476899583333334;10,6083;1;11,0;17,0;16,0;11,0;17,0;16,0
2022-10-10;11,0;0,36;15,7897;9,86;5,93162;21,0;14,32985625;9,01668;20,35;56,302079166666665;1,3765751708333334;2,95601;10;283;0;-0,8660254037844386;0,5000000000000001;-0,9878726596350429;0,15526624985999563;11,0;17,0;11,0;11,0;0;11,0;11,0;11,0;11,0;5,0;14,0;12,0;9,0;11,0;3,2145502536641133;5,0;15,0;0,0;0,42;13,02;0,8351029416666668;7,28333;0;17,0;16,0;14,0;17,0;16,0;14,0
2022-10-11;17,0;0,41;24,7908;14,35;10,4411;17,0;13,41493;6,78333;21,8083;70,01735416666666;1,1979276958333334;3,0933;10;284;1;-0,8660254037844386;0,5000000000000001;-0,9850556718215013;0,172236243027682;11,0;16,0;17,0;17,0;0;17,0;17,0;17,0;11,0;11,0;5,0;11,0;13,0;11,857142857142858;3,933978962347053;5,0;17,0;6,0;0,36;9,86;1,3765751708333334;9,01668;0;16,0;14,0;15,0;16,0;14,0;15,0
2022-10-12;16,0;0,46;26,8418;16,48;10,3613;19,0;16,036117916666665;8,54167;23,3667;62,99337499999999;1,046999375;2,73797;10;285;2;-0,8660254037844386;0,5000000000000001;-0,981947190186646;0,18915526872004093;17,0;14,0;16,0;16,0;0;16,0;16,0;16,0;17,0;11,0;11,0;10,0;14,666666666666666;12,714285714285714;4,111540089158886;5,0;17,0;-1,0;0,41;14,35;1,1979276958333334;6,78333;0;14,0;15,0;20,0;14,0;15,0;20,0
2022-10-13;14,0;0,44;24,2168;15,63;8,5833;21,0;16,502502500000002;8,84166;24,3417;54,1736125;1,0258454916666666;2,65759;10;286;3;-0,8660254037844386;0,5000000000000001;-0,9785481345802031;0,20601832032517084;16,0;15,0;14,0;14,0;0;14,0;14,0;14,0;16,0;17,0;11,0;15,0;15,666666666666666;12,571428571428571;4,035556254807141;5,0;17,0;-2,0;0,46;16,48;1,046999375;8,54167;0;15,0;20,0;15,0;15,0;20,0;15,0
2022-10-14;15,0;0,52;40,8209;22,92;17,9004;20,0;17,597567083333335;8,14168;26,4417;42,100683333333336;0,736219825;2,15249;10;287;4;-0,8660254037844386;0,5000000000000001;-0,9748595108374125;0,22282040779479959;14,0;20,0;15,0;15,0;0;15,0;15,0;15,0;14,0;16,0;17,0;14,0;15,0;12,714285714285714;4,111540089158886;5,0;17,0;1,0;0,44;15,63;1,0258454916666666;8,84166;0;20,0;15,0;10,0;20,0;15,0;10,0
2022-10-15;20,0;0,79;51,5547;20,35;31,2028;28,0;18,715975;10,0;28,2167;44,34374583333334;0,9772433333333334;2,88662;10;288;5;-0,8660254037844386;0,5000000000000001;-0,9708824104813836;0,23955655912092708;15,0;15,0;20,0;20,0;0;20,0;20,0;20,0;15,0;14,0;16,0;5,0;16,333333333333332;14,857142857142858;3,2366943748505705;11,0;20,0;5,0;0,52;22,92;0,736219825;8,14168;1;15,0;10,0;10,0;15,0;10,0;10,0
2022-10-16;15,0;0,52;20,0049;14,75;5,25204;24,0;18,19721541666667;9,94167;26,525;51,7048625;0,9929772625;2,82211;10;289;6;-0,8660254037844386;0,5000000000000001;-0,9666180104000972;0,2562218218071163;20,0;10,0;15,0;15,0;0;15,0;15,0;15,0;20,0;15,0;14,0;11,0;16,666666666666668;15,428571428571429;2,7602622373692127;11,0;20,0;-5,0;0,79;20,35;0,9772433333333334;10,0;1;10,0;10,0;9,0;10,0;10,0;9,0
2022-10-17;10,0;0,43;17,6255;11,4;6,22751;13,0;12,90589875;7,19167;20,3667;70,90277916666666;1,6971698333333334;2,97445;10;290;0;-0,8660254037844386;0,5000000000000001;-0,9620675724981452;0,27281126433401914;15,0;10,0;10,0;10,0;0;10,0;10,0;10,0;15,0;20,0;15,0;11,0;15,0;15,285714285714286;3,039423504234661;10,0;20,0;-5,0;0,52;14,75;0,9929772625;9,94167;0;10,0;9,0;11,0;10,0;9,0;11,0
2022-10-18;10,0;0,4;14,5038;10,23;4,27723;20,0;13,835418333333337;9,28333;20,6917;65,9204625;1,374830708333333;2,64599;10;291;1;-0,8660254037844386;0,5000000000000001;-0,957232443323312;0,28931997761869527;10,0;9,0;10,0;10,0;0;10,0;10,0;10,0;10,0;15,0;20,0;17,0;11,666666666666666;14,285714285714286;3,4982989063392034;10,0;20,0;0,0;0,43;11,4;1,6971698333333334;7,19167;0;9,0;11,0;14,0;9,0;11,0;14,0
2022-10-19;9,0;0,44;18,8221;12,18;6,6414;19,0;13,939931666666666;7,725;20,9667;65,04514166666667;1,10131975;2,68251;10;292;2;-0,8660254037844386;0,5000000000000001;-0,9521140536681102;0,3057430764672831;10,0;11,0;9,0;9,0;0;9,0;9,0;9,0;10,0;10,0;15,0;16,0;9,666666666666666;13,285714285714286;3,9036002917939774;9,0;20,0;-1,0;0,4;10,23;1,374830708333333;9,28333;0;11,0;14,0;13,0;11,0;14,0;13,0
2022-10-20;11,0;0,57;34,9517;18,61;16,3408;22,0;17,666667916666665;8,45;26,2333;52,961508333333335;0,7215678791666668;2,2653;10;293;3;-0,8660254037844386;0,5000000000000001;-0,9467139181463862;0,3220757010206104;9,0;14,0;11,0;11,0;0;11,0;11,0;11,0;9,0;10,0;10,0;14,0;10,0;12,857142857142858;3,976119189551865;9,0;20,0;2,0;0,44;12,18;1,10131975;7,725;0;14,0;13,0;13,0;14,0;13,0;13,0
2022-10-21;14,0;0,57;28,1172;18,7;9,4151;20,0;18,0482625;10,8333;25,6417;52,68783333333334;1,0191733666666667;2,72432;10;294;4;-0,8660254037844386;0,5000000000000001;-0,9410336347451197;0,3383130181923076;11,0;13,0;14,0;14,0;0;14,0;14,0;14,0;11,0;9,0;10,0;15,0;11,333333333333334;12,714285714285714;3,903600291793974;9,0;20,0;3,0;0,57;18,61;0,7215678791666668;8,45;0;13,0;13,0;13,0;13,0;13,0;13,0
2022-10-22;13,0;0,62;24,2306;15,1;9,12668;26,0;18,3909725;9,98334;27,0417;52,95138333333333;1,0789842416666666;2,90411;10;295;5;-0,8660254037844386;0,5000000000000001;-0,9350748843515574;0,3544502230989869;14,0;13,0;13,0;13,0;0;13,0;13,0;13,0;14,0;11,0;9,0;20,0;12,666666666666666;11,714285714285714;2,288688541085038;9,0;15,0;-1,0;0,57;18,7;1,0191733666666667;10,8333;1;13,0;13,0;7,0;13,0;13,0;7,0
2022-10-23;13,0;0,54;15,3418;12,13;3,21287;24,0;16,22396541666667;8,75833;23,45;54,6840375;1,3027177333333333;3,15891;10;296;6;-0,8660254037844386;0,5000000000000001;-0,9288394302558068;0,3704825404820963;13,0;13,0;13,0;13,0;0;13,0;13,0;13,0;13,0;14,0;11,0;15,0;13,333333333333334;11,428571428571429;1,902379462422345;9,0;14,0;0,0;0,62;15,1;1,0789842416666666;9,98334;1;13,0;7,0;9,0;13,0;7,0;9,0
2022-10-24;13,0;0,59;32,2631;18,01;14,2531;23,0;17,201392916666666;8,10834;26,125;52,22224583333334;1,1435184458333334;2,79576;10;297;0;-0,8660254037844386;0,5000000000000001;-0,9223291176290545;0,3864052261209853;13,0;7,0;13,0;13,0;0;13,0;13,0;13,0;13,0;13,0;14,0;10,0;13,0;11,857142857142858;1,8644544714712679;9,0;14,0;0,0;0,54;12,13;1,3027177333333333;8,75833;0;7,0;9,0;11,0;7,0;9,0;11,0
2022-10-25;7,0;0,55;18,0441;11,77;6,27337;17,0;14,206245833333334;10,05;20,2917;62,43060416666666;1,5834322166666668;3,81035;10;298;1;-0,8660254037844386;0,5000000000000001;-0,9155458729775467;0,40221356823680365;13,0;9,0;7,0;7,0;0;7,0;7,0;7,0;13,0;13,0;13,0;10,0;11,0;11,428571428571429;2,5727509827121495;7,0;14,0;-6,0;0,59;18,01;1,1435184458333334;8,10834;0;9,0;11,0;13,0;9,0;11,0;13,0
2022-10-26;9,0;0,57;19,6587;14,08;5,57472;20,0;16,933049999999998;10,0167;24,75;56,36807083333333;0,9987207916666666;2,57483;10;299;2;-0,8660254037844386;0,5000000000000001;-0,9084917035725082;0,41790288888678667;7,0;11,0;9,0;9,0;0;9,0;9,0;9,0;7,0;13,0;13,0;9,0;9,666666666666666;11,428571428571429;2,5727509827121495;7,0;14,0;2,0;0,55;11,77;1,5834322166666668;10,05;0;11,0;13,0;11,0;11,0;13,0;11,0
2022-10-27;11,0;0,67;34,9295;18,98;15,948;23,0;18,236804166666666;10,3417;26,325;53,121525;1,0718941583333332;2,97744;10;300;3;-0,8660254037844386;0,5000000000000001;-0,9011686968561569;0,4334685453485363;9,0;13,0;11,0;11,0;0;11,0;11,0;11,0;9,0;7,0;13,0;11,0;9,0;11,428571428571429;2,5727509827121495;7,0;14,0;2,0;0,57;14,08;0,9987207916666666;10,0167;0;13,0;11,0;4,0;13,0;11,0;4,0
2022-10-28;13,0;0,7;30,0216;18,1;11,9194;18,0;16,9763625;9,3;24,9167;54,28819166666667;0,97021045;2,78537;10;301;4;-0,8660254037844386;0,5000000000000001;-0,8935790198239952;0,4489059314938798;11,0;11,0;13,0;13,0;0;13,0;13,0;13,0;11,0;9,0;7,0;14,0;11,0;11,285714285714286;2,4299715851755574;7,0;13,0;2,0;0,67;18,98;1,0718941583333332;10,3417;0;11,0;4,0;10,0;11,0;4,0;10,0
2022-10-29;11,0;0,7;22,9527;14,38;8,56834;18,0;18,6236125;10,3333;27,075;56,90276666666667;1,1774659791666666;2,894;10;302;5;-0,8660254037844386;0,5000000000000001;-0,8857249183835637;0,4642104791518923;13,0;4,0;11,0;11,0;0;11,0;11,0;11,0;13,0;11,0;9,0;13,0;11,666666666666666;11,0;2,3094010767582205;7,0;13,0;-2,0;0,7;18,1;0,97021045;9,3;1;4,0;10,0;12,0;4,0;10,0;12,0
2022-10-30;4,0;0,57;7,1182;5,94;1,17609;18,0;14,183329166666669;10,9667;19,4;60,0590375;1,4765485416666666;2,34057;10;303;6;-0,8660254037844386;0,5000000000000001;-0,8776087166898392;0,4793776594606945;11,0;10,0;4,0;4,0;0;4,0;4,0;4,0;11,0;13,0;11,0;13,0;9,333333333333334;9,714285714285714;3,3022358947780437;4,0;13,0;-7,0;0,7;14,38;1,1774659791666666;10,3333;1;10,0;12,0;15,0;10,0;12,0;15,0
2022-10-31;10,0;0,75;24,4388;14,33;10,1082;23,0;17,735413333333334;6,73333;28,8083;38,40276666666667;0,714910225;2,21167;10;304;0;-0,8660254037844386;0,5000000000000001;-0,8692328164574792;0,49440298420761813;4,0;12,0;10,0;10,0;0;10,0;10,0;10,0;4,0;11,0;13,0;13,0;8,333333333333334;9,285714285714286;2,984084768360398;4,0;13,0;6,0;0,57;5,94;1,4765485416666666;10,9667;0;12,0;15,0;16,0;12,0;15,0;16,0
2022-11-01;12,0;0,89;38,2628;18,13;20,1301;28,0;20,8434;10,125;31,5333;30,33332916666667;1,0463289458333334;3,15851;11;305;1;-0,5000000000000004;0,8660254037844384;-0,8605996962501181;0,5092820071573356;10,0;15,0;12,0;12,0;0;12,0;12,0;12,0;10,0;4,0;11,0;7,0;8,666666666666666;10,0;2,9439202887757205;4,0;13,0;2,0;0,75;14,33;0,714910225;6,73333;0;15,0;16,0;18,0;15,0;16,0;18,0
2022-11-02;15,0;0,62;27,2073;19,53;7,68162;29,0;19,671166666666668;10,0417;29,8833;39,2638875;1,025395425;2,658;11;306;2;-0,5000000000000004;0,8660254037844384;-0,8517119107469189;0,5240103253675756;12,0;16,0;15,0;15,0;0;15,0;15,0;15,0;12,0;10,0;4,0;9,0;12,333333333333334;10,857142857142858;3,4364987719367073;4,0;15,0;3,0;0,89;18,13;1,0463289458333334;10,125;0;16,0;18,0;13,0;16,0;18,0;13,0
2022-11-03;16,0;0,38;32,5917;18,29;14,2979;22,0;17,467275;9,925;26,3917;57,47916666666666;1,3018982083333337;2,89009;11;307;3;-0,5000000000000004;0,8660254037844384;-0,8425720899866032;0,5385835804920232;15,0;18,0;16,0;16,0;0;16,0;16,0;16,0;15,0;12,0;10,0;11,0;14,333333333333334;11,571428571428571;3,9520940802372526;4,0;16,0;1,0;0,62;19,53;1,025395425;10,0417;0;18,0;13,0;13,0;18,0;13,0;13,0
2022-11-04;18,0;0,39;21,7432;15,65;6,09567;22,0;15,522212083333336;9,64999;22,0333;66,77810416666667;1,5603897916666665;3,02682;11;308;4;-0,5000000000000004;0,8660254037844384;-0,8331829385891785;0,5529974600700271;16,0;13,0;18,0;18,0;0;18,0;18,0;18,0;16,0;15,0;12,0;13,0;16,333333333333332;12,285714285714286;4,644505202002396;4,0;18,0;2,0;0,38;18,29;1,3018982083333337;9,925;0;13,0;13,0;15,0;13,0;13,0;15,0
2022-11-05;13,0;0,36;13,8543;10,72;3,13102;30,0;15,92604;8,27499;24,625;64,23262916666667;1,3391132499999998;2,45892;11;309;5;-0,5000000000000004;0,8660254037844384;-0,8235472349556007;0,5672476988027229;18,0;13,0;13,0;13,0;0;13,0;13,0;13,0;18,0;16,0;15,0;11,0;15,666666666666666;12,571428571428571;4,613644360558478;4,0;18,0;-5,0;0,39;15,65;1,5603897916666665;9,64999;1;13,0;15,0;15,0;13,0;15,0;15,0
2022-11-06;13,0;0,4;11,9041;9,57;2,33114;30,0;17,63011375;9,80833;27,3167;60,527775;1,1399294583333333;2,35126;11;310;6;-0,5000000000000004;0,8660254037844384;-0,8136678304455991;0,5813300798152042;13,0;15,0;13,0;13,0;0;13,0;13,0;13,0;13,0;18,0;16,0;4,0;14,666666666666666;13,857142857142858;2,6726124191240213;10,0;18,0;0,0;0,36;10,72;1,3391132499999998;8,27499;1;15,0;15,0;9,0;15,0;15,0;9,0
2022-11-07;15,0;0,49;26,9168;17,45;9,46606;26,0;19,107983333333333;11,375;28,8917;60,89585416666667;1,1594124166666666;3,04922;11;311;0;-0,5000000000000004;0,8660254037844384;-0,8035476485339116;0,5952404359043674;13,0;15,0;15,0;15,0;0;15,0;15,0;15,0;13,0;13,0;18,0;10,0;13,666666666666666;14,571428571428571;2,070196678026782;12,0;18,0;2,0;0,4;9,57;1,1399294583333333;9,80833;0;15,0;9,0;11,0;15,0;9,0;11,0
2022-11-08;15,0;0,5;22,617;14,31;8,30424;16,0;14,790304166666669;10,71;19,2333;77,2292;1,568140625;3,14431;11;312;1;-0,5000000000000004;0,8660254037844384;-0,7931896839451843;0,6089746507720486;15,0;9,0;15,0;15,0;0;15,0;15,0;15,0;15,0;13,0;13,0;12,0;14,333333333333334;15,0;1,7320508075685466;13,0;18,0;0,0;0,49;17,45;1,1594124166666666;11,375;0;9,0;11,0;6,0;9,0;11,0;6,0
2022-11-09;9,0;0,48;15,1819;11,92;3,26654;15,0;13,147458333333333;10,35;18,7833;81,33335416666667;1,1969915;2,42122;11;313;2;-0,5000000000000004;0,8660254037844384;-0,7825970017677834;0,6225286602431057;15,0;11,0;9,0;9,0;0;9,0;9,0;9,0;15,0;15,0;13,0;15,0;13,0;14,142857142857142;2,85356919363382;9,0;18,0;-6,0;0,5;14,31;1,568140625;10,71;0;11,0;6,0;5,0;11,0;6,0;5,0
2022-11-10;11,0;0,56;28,2415;16,76;11,4795;16,0;14,64027625;8,08334;22,3917;70,08753333333333;1,075291075;2,49933;11;314;3;-0,5000000000000004;0,8660254037844384;-0,7717727365467836;0,6358984534680745;9,0;6,0;11,0;11,0;0;11,0;11,0;11,0;9,0;15,0;15,0;16,0;11,666666666666666;13,428571428571429;2,935821455580434;9,0;18,0;2,0;0,48;11,92;1,1969915;10,35;0;6,0;5,0;7,0;6,0;5,0;7,0
2022-11-11;6,0;0,45;12,8427;9,84;3,00674;17,0;14,894470833333337;11,3;18,9833;66,75695;1,202468875;2,27636;11;315;4;-0,5000000000000004;0,8660254037844384;-0,7607200913564104;0,6490800741100398;11,0;5,0;6,0;6,0;0;6,0;6,0;6,0;11,0;9,0;15,0;18,0;8,666666666666666;11,714285714285714;3,302235894778059;6,0;15,0;-5,0;0,56;16,76;1,075291075;8,08334;0;5,0;7,0;10,0;5,0;7,0;10,0
2022-11-12;5,0;0,47;10,1251;7,87;2,25776;16,0;14,434712500000002;10,675;19,2;66,06945833333333;1,1775234166666666;2,55172;11;316;5;-0,5000000000000004;0,8660254037844384;-0,7494423368521954;0,6620696215153815;6,0;7,0;5,0;5,0;0;5,0;5,0;5,0;6,0;11,0;9,0;13,0;7,333333333333333;10,571428571428571;4,076646614442601;5,0;15,0;-1,0;0,45;9,84;1,202468875;11,3;1;7,0;10,0;13,0;7,0;10,0;13,0
2022-11-13;7,0;0,53;14,7154;9,34;5,37634;20,0;16,014234166666665;8,01668;23,7333;61,693783333333336;0,7579645583333333;2,14669;11;317;6;-0,5000000000000004;0,8660254037844384;-0,7379428103031386;0,6748632518680403;5,0;10,0;7,0;7,0;0;7,0;7,0;7,0;5,0;6,0;11,0;13,0;6,0;9,714285714285714;4,1115400891588765;5,0;15,0;2,0;0,47;7,87;1,1775234166666666;10,675;1;10,0;13,0;12,0;10,0;13,0;12,0
2022-11-14;10,0;0,59;31,9099;18,34;13,5711;20,0;19,796512083333333;9,05;28,75;47,56945416666667;0,8864147916666667;2,8317;11;318;0;-0,5000000000000004;0,8660254037844384;-0,7262249146041543;0,6874571793269664;7,0;13,0;10,0;10,0;0;10,0;10,0;10,0;7,0;5,0;6,0;15,0;7,333333333333333;9,0;3,4156502553196684;5,0;15,0;3,0;0,53;9,34;0,7579645583333333;8,01668;0;13,0;12,0;14,0;13,0;12,0;14,0
2022-11-15;13,0;0,76;42,2027;20,7;21,5025;27,0;23,24687083333333;13,3917;31,875;44,246525;1,0878405;3,13189;11;319;1;-0,5000000000000004;0,8660254037844384;-0,7142921172691032;0,699847677146407;10,0;12,0;13,0;13,0;0;13,0;13,0;13,0;10,0;7,0;5,0;15,0;10,0;8,714285714285714;2,8702082220796936;5,0;13,0;3,0;0,59;18,34;0,8864147916666667;9,05;0;12,0;14,0;14,0;12,0;14,0;14,0
2022-11-16;12,0;0,65;22,0094;13,89;8,12173;23,0;22,00450833333333;13,2333;30,2417;54,54861666666667;1,1935008583333333;2,83624;11;320;2;-0,5000000000000004;0,8660254037844384;-0,7021479494046978;0,7120310787787131;13,0;14,0;12,0;12,0;0;12,0;12,0;12,0;13,0;10,0;7,0;9,0;11,666666666666666;9,142857142857142;3,13201593379128;5,0;13,0;-1,0;0,76;20,7;1,0878405;13,3917;0;14,0;14,0;11,0;14,0;14,0;11,0
2022-11-17;14,0;0,69;24,4932;14,96;9,53113;24,0;21,679075;14,8917;30,1;54,374991666666666;1,20477413125;3,06521;11;321;3;-0,5000000000000004;0,8660254037844384;-0,6897960046655887;0,7240037789593305;12,0;14,0;14,0;14,0;0;14,0;14,0;14,0;12,0;13,0;10,0;11,0;13,0;9,571428571428571;3,5989416433695642;5,0;14,0;2,0;0,65;13,89;1,1935008583333333;13,2333;0;14,0;11,0;11,0;14,0;11,0;11,0
2022-11-18;14,0;0,71;24,9804;16,16;8,81732;24,0;22,053125;13,475;29,8333;54,75000416666666;1,209899375;2,85355;11;322;4;-0,5000000000000004;0,8660254037844384;-0,6772399381909491;0,7357622347736527;14,0;11,0;14,0;14,0;0;14,0;14,0;14,0;14,0;12,0;13,0;6,0;13,333333333333334;10,714285714285714;3,545621041711491;5,0;14,0;0,0;0,69;14,96;1,20477413125;14,8917;0;11,0;11,0;11,0;11,0;11,0;11,0
2022-11-19;11,0;0,64;12,5742;9,13;3,44268;23,0;20,73888333333333;14,6417;27,425;53,23611666666667;1,4371954166666667;2,96108;11;323;5;-0,5000000000000004;0,8660254037844384;-0,6644834655228552;0,7473029667054296;14,0;11,0;11,0;11,0;0;11,0;11,0;11,0;14,0;14,0;12,0;5,0;13,0;11,571428571428571;2,5071326821117825;7,0;14,0;-3,0;0,71;16,16;1,209899375;13,475;1;11,0;11,0;14,0;11,0;11,0;14,0
2022-11-20;11,0;0,65;12,5557;9,85;2,70408;24,0;20,7277875;13,1;27,975;47,302083333333336;1,249495875;2,69769;11;324;6;-0,5000000000000004;0,8660254037844384;-0,6515303615068021;0,75862255966641;11,0;11,0;11,0;11,0;0;11,0;11,0;11,0;11,0;14,0;14,0;7,0;12,0;12,142857142857142;1,5735915849384903;10,0;14,0;0,0;0,64;9,13;1,4371954166666667;14,6417;1;11,0;14,0;17,0;11,0;14,0;17,0
2022-11-21;11,0;0,66;19,1749;13,29;5,88329;26,0;22,2416;12,325;30,8667;40,503475;0,9550722375;2,28395;11;325;0;-0,5000000000000004;0,8660254037844384;-0,6383844591746642;0,7697176640069211;11,0;14,0;11,0;11,0;0;11,0;11,0;11,0;11,0;11,0;14,0;10,0;11,0;12,285714285714286;1,3801311186842586;11,0;14,0;0,0;0,65;9,85;1,249495875;13,1;0;14,0;17,0;14,0;14,0;17,0;14,0
2022-11-22;14,0;0,39940757079404365;25,396;17,03;8,36826;30,0;23,197212500000003;14,6333;31,475;38,57986666666667;1,01844925;3,00967;11;326;1;-0,5000000000000004;0,8660254037844384;-0,6250496486104377;0,7805849965070866;11,0;17,0;14,0;14,0;0;14,0;14,0;14,0;11,0;11,0;11,0;13,0;12,0;12,428571428571429;1,5118578920365;11,0;14,0;3,0;0,66;13,29;0,9550722375;12,325;0;17,0;14,0;14,0;17,0;14,0;14,0
2022-11-23;17,0;0,67;28,7085;18,23;10,4782;23,0;22,948400000000003;14,8;30,475;47,84375;1,2489584041666666;3,43653;11;327;2;-0,5000000000000004;0,8660254037844384;-0,6115298757991053;0,7912213413483807;14,0;14,0;17,0;17,0;0;17,0;17,0;17,0;14,0;11,0;11,0;12,0;14,0;13,142857142857142;2,2677868380550965;11,0;17,0;3,0;0,39940757079404365;17,03;1,01844925;14,6333;0;14,0;14,0;13,0;14,0;14,0;13,0
2022-11-24;14,0;0,5765307652709941;26,0013;15,51;10,4909;21,0;22,019675000000003;15,125;28,3833;55,04168333333333;1,3721854345833335;2,99574;11;328;3;-0,5000000000000004;0,8660254037844384;-0,5978291414589552;0,801623551065242;17,0;14,0;14,0;14,0;0;14,0;14,0;14,0;17,0;14,0;11,0;14,0;15,0;13,142857142857142;2,2677868380550965;11,0;17,0;-3,0;0,67;18,23;1,2489584041666666;14,8;0;14,0;13,0;13,0;14,0;13,0;13,0
2022-11-25;14,0;0,5660277392987172;29,8705;18,0;11,8717;29,0;23,9086875;17,4167;31,1;52,49305833333333;1,2267769;2,99158;11;329;4;-0,5000000000000004;0,8660254037844384;-0,5839514998576998;0,8117885474764613;14,0;13,0;14,0;14,0;0;14,0;14,0;14,0;14,0;17,0;14,0;14,0;15,0;13,142857142857142;2,2677868380550965;11,0;17,0;0,0;0,5765307652709941;15,51;1,3721854345833335;15,125;0;13,0;13,0;14,0;13,0;13,0;14,0
2022-11-26;13,0;0,72;20,6992;15,81;4,89255;33,0;23,957291666666663;15,95;32,2417;51,04861666666667;1,291988583333333;3,2408;11;330;5;-0,5000000000000004;0,8660254037844384;-0,5699010576127624;0,8217133225960589;14,0;13,0;13,0;13,0;0;13,0;13,0;13,0;14,0;14,0;17,0;11,0;13,666666666666666;13,428571428571429;2,070196678026772;11,0;17,0;-1,0;0,5660277392987172;18,0;1,2267769;17,4167;1;13,0;14,0;13,0;13,0;14,0;13,0
2022-11-27;13,0;0,72;11,5985;9,31;2,28822;24,0;19,858325;14,2083;26,9333;63,95487083333333;1,5735240833333333;2,99117;11;331;6;-0,5000000000000004;0,8660254037844384;-0,5556819724760489;0,8313949395234058;13,0;14,0;13,0;13,0;0;13,0;13,0;13,0;13,0;14,0;14,0;11,0;13,333333333333334;13,714285714285714;1,7994708216845436;11,0;17,0;0,0;0,72;15,81;1,291988583333333;15,95;1;14,0;13,0;11,0;14,0;13,0;11,0
2022-11-28;14,0;0,73;15,9886;10,46;5,52681;22,0;18,7670375;12,6333;25,9417;68,65278333333333;1,638208;3,29823;11;332;0;-0,5000000000000004;0,8660254037844384;-0,5412984521036173;0,8408305333122887;13,0;13,0;14,0;14,0;0;14,0;14,0;14,0;13,0;13,0;14,0;11,0;13,333333333333334;14,142857142857142;1,345185418268662;13,0;17,0;1,0;0,72;9,31;1,5735240833333333;14,2083;0;13,0;11,0;12,0;13,0;11,0;12,0
2022-11-29;13,0;0,71;13,0545;9,69;3,36361;21,0;16,830895833333333;12,1167;23,4833;77,0868125;1,652324875;3,2883;11;333;1;-0,5000000000000004;0,8660254037844384;-0,5267547528105542;0,8500173118187018;14,0;11,0;13,0;13,0;0;13,0;13,0;13,0;14,0;13,0;13,0;14,0;13,333333333333334;14,0;1,4142135623726777;13,0;17,0;-1,0;0,73;10,46;1,638208;12,6333;0;11,0;12,0;14,0;11,0;12,0;14,0
2022-11-30;11,0;0,69;11,9318;9,04;2,89051;24,0;18,0371625;13,1417;24,3167;69,076725;1,418462041666667;3,03565;11;334;2;-0,5000000000000004;0,8660254037844384;-0,5120551783114646;0,8589525565270845;13,0;12,0;11,0;11,0;0;11,0;11,0;11,0;13,0;14,0;13,0;17,0;12,666666666666666;13,142857142857142;1,0690449676491285;11,0;14,0;-2,0;0,71;9,69;1,652324875;12,1167;0;12,0;14,0;13,0;12,0;14,0;13,0
2022-12-01;12,0;0,57;20,0638;12,29;7,77796;23,0;19,544441666666668;11,4417;27,6417;57,034729166666665;1,2112414291666669;2,94423;12;335;3;-2,4492935982947064e-16;1,0;-0,4972040784469378;0,8676336233547726;11,0;14,0;12,0;12,0;0;12,0;12,0;12,0;11,0;13,0;14,0;14,0;12,0;12,857142857142858;1,0690449676491225;11,0;14,0;1,0;0,69;9,04;1,418462041666667;13,1417;0;14,0;13,0;9,0;14,0;13,0;9,0
2022-12-02;14,0;0,37;23,5325;14,97;8,56036;29,0;21,17535;12,575;28,9833;45,98265;1,3775196541666668;2,98972;12;336;4;-2,4492935982947064e-16;1,0;-0,4822058478963526;0,8760579434344281;12,0;13,0;14,0;14,0;0;14,0;14,0;14,0;12,0;11,0;13,0;14,0;12,333333333333334;12,857142857142858;1,0690449676491225;11,0;14,0;2,0;0,57;12,29;1,2112414291666669;11,4417;0;13,0;9,0;10,0;13,0;9,0;10,0
2022-12-03;13,0;0,36;16,5846;11,77;4,81848;30,0;21,562854166666668;12,075;29,55;48,3229125;1,267053679166667;2,82513;12;337;5;-2,4492935982947064e-16;1,0;-0,46706492487743034;0,8842230238742036;14,0;9,0;13,0;13,0;0;13,0;13,0;13,0;14,0;12,0;11,0;13,0;13,0;12,857142857142858;1,0690449676491225;11,0;14,0;-1,0;0,37;14,97;1,3775196541666668;12,575;1;9,0;10,0;9,382856726722334;9,0;10,0;
2022-12-04;9,0;0,32;12,1726;9,17;3,00135;29,0;24,115275;14,9583;32,0;42,68750416666666;1,0504864875;2,86216;12;338;6;-2,4492935982947064e-16;1,0;-0,451785789832884;0,8921264484954345;13,0;10,0;9,0;9,0;0;9,0;9,0;9,0;13,0;14,0;12,0;13,0;12,0;12,285714285714286;1,799470821684526;9,0;14,0;-4,0;0,36;11,77;1,267053679166667;12,075;1;10,0;9,382856726722334;10,095755414120273;10,0;;
2022-12-05;10,0;0,38;24,411;13,6;10,8115;24,0;23,713541666666668;15,8917;30,5083;38,49652916666667;1,3366285416666666;3,33312;12;339;0;-2,4492935982947064e-16;1,0;-0,4363729641045924;0,8997658785476209;9,0;;10,0;10,0;0;10,0;10,0;10,0;9,0;13,0;14,0;14,0;10,666666666666666;11,714285714285714;1,7994708216845192;9,0;14,0;1,0;0,32;9,17;1,0504864875;14,9583;0;9,382856726722334;10,095755414120273;11,0;;;11,0
2022-12-06;9,382856726722334;0,8275222882716975;54,498855049800696;22,678921742809937;31,821425555386497;19,275623055036526;20,387491666666666;14,9083;29,775;49,36805;0,453983975;1,43145;12;340;1;-2,4492935982947064e-16;1,0;-0,42083100859565564;0,9071390534005044;10,0;;;9,382856726722334;1;;9,382856726722334;9,382856726722334;10,0;9,0;13,0;13,0;9,460952242240777;11,197550960960333;1,8859996328678035;9,0;14,0;-0,6171432732776658;0,38;13,6;1,3366285416666666;15,8917;0;10,095755414120273;11,0;7,0;;11,0;7,0
2022-12-07;10,095755414120273;0,5546759406618988;52,89832511019436;21,07656496734924;31,821445672368853;25,676231370382474;25,988191666666665;18,4917;30,75;31,111116666666664;2,410419833333333;3,64557;12;341;2;-2,4492935982947064e-16;1,0;-0,4051645224207563;0,9142437912130223;;11,0;;10,095755414120273;1;;10,095755414120273;10,095755414120273;9,382856726722334;10,0;9,0;11,0;9,826204046947536;11,068373162977517;1,9321872930042832;9,0;14,0;0,7128986873979386;0,8275222882716975;22,678921742809937;0,453983975;14,9083;0;11,0;7,0;9,0;11,0;7,0;9,0
2022-12-08;11,0;0,37;16,742;10,93;5,81616;23,0;23,396183333333337;14,4667;31,6167;49,18055;1,2448147791666668;2,9274;12;342;3;-2,4492935982947064e-16;1,0;-0,3893781415452015;0,9210779895789526;;7,0;11,0;11,0;0;11,0;11,0;11,0;10,095755414120273;9,382856726722334;10,0;12,0;10,159537380280868;10,925516020120373;1,8882962159303454;9,0;14,0;0,9042445858797272;0,5546759406618988;21,07656496734924;2,410419833333333;18,4917;0;7,0;9,0;11,0;7,0;9,0;11,0
2022-12-09;7,0;0,4;14,9122;8,63;6,28491;16,0;23,457287500000003;16,8917;30,8167;56,170141666666666;1,3865140416666666;3,20712;12;343;4;-2,4492935982947064e-16;1,0;-0,37347653741307074;0,9276396261490467;11,0;9,0;7,0;7,0;0;7,0;7,0;7,0;11,0;10,095755414120273;9,382856726722334;14,0;9,365251804706757;9,925516020120373;1,8417021056740845;7,0;13,0;-4,0;0,37;10,93;1,2448147791666668;14,4667;0;9,0;11,0;14,0;9,0;11,0;14,0
2022-12-10;9,0;0,41;15,4064;10,73;4,67727;25,0;25,0357;16,6917;32,8167;48,47569166666667;1,3335487083333335;2,93121;12;344;5;-2,4492935982947064e-16;1,0;-0,3574644155648614;0,9339267592294762;7,0;11,0;9,0;9,0;0;9,0;9,0;9,0;7,0;11,0;10,095755414120273;13,0;9,0;9,354087448691802;1,256291748992161;7,0;11,0;2,0;0,4;8,63;1,3865140416666666;16,8917;1;11,0;14,0;12,0;11,0;14,0;12,0
2022-12-11;11,0;0,2552265439703063;15,4631;12,34;3,12056;38,0;26,694437500000003;17,6417;34,45;32,01040833333334;1,406206375;2,72128;12;345;6;-2,4492935982947064e-16;1,0;-0,34134651424503615;0,9399375283564133;9,0;14,0;11,0;11,0;0;11,0;11,0;11,0;9,0;7,0;11,0;9,0;9,0;9,639801734406088;1,3833434970702319;7,0;11,0;2,0;0,41;10,73;1,3335487083333335;16,6917;1;14,0;12,0;12,0;14,0;12,0;12,0
2022-12-12;14,0;0,34;18,1124;13,24;4,87575;35,0;24,389245833333334;16,3333;31,3167;32,986108333333334;1,332243375;2,52118;12;346;0;-2,4492935982947064e-16;1,0;-0,3251276029999093;0,9456701548465688;11,0;12,0;14,0;14,0;0;14,0;14,0;14,0;11,0;9,0;7,0;10,0;11,333333333333334;10,21123030583466;2,1632424438157702;7,0;14,0;3,0;0,2552265439703063;12,34;1,406206375;17,6417;0;12,0;12,0;27,0;12,0;12,0;27,0
2022-12-13;12,0;0,41;26,7143;17,77;8,9481;30,0;24,71945;15,9583;32,2167;33,993066666666664;1,1935607541666666;2,97495;12;347;1;-2,4492935982947064e-16;1,0;-0,30881248126625377;0,9511229423235357;14,0;12,0;12,0;12,0;0;12,0;12,0;12,0;14,0;11,0;9,0;9,382856726722334;12,333333333333334;10,585107916302897;2,2215876523814817;7,0;14,0;-2,0;0,34;13,24;1,332243375;16,3333;0;12,0;27,0;78,0;12,0;27,0;78,0
2022-12-14;12,0;0,44;28,4446;15,49;12,955;18,0;23,6509;16,4667;29,675;40,114579166666665;1,4118439025;3,34802;12;348;2;-2,4492935982947064e-16;1,0;-0,29240597695107734;0,9562942772197719;12,0;27,0;12,0;12,0;0;12,0;12,0;12,0;12,0;14,0;11,0;10,095755414120273;12,666666666666666;10,857142857142858;2,2677868380550743;7,0;14,0;0,0;0,41;17,77;1,1935607541666666;15,9583;0;27,0;78,0;16,0;27,0;78,0;16,0
2022-12-15;27,0;0,483959281777418;33,5372;21,19;12,3439;37,0;26,2326375;16,8333;35,2668;38,6770875;0,9098689333333332;2,73898;12;349;3;-2,4492935982947064e-16;1,0;-0,27591294500296043;0,9611826292540837;12,0;78,0;27,0;27,0;0;27,0;27,0;27,0;12,0;12,0;14,0;11,0;17,0;13,142857142857142;6,517376042257288;7,0;27,0;15,0;0,44;15,49;1,4118439025;16,4667;0;78,0;16,0;14,0;78,0;16,0;14,0
2022-12-16;78,0;0,96;25,808;19,75;6,05343;29,0;22,34230833333333;15,7083;28,5667;48,11111666666667;1,5175449791666666;3,33451;12;350;4;-2,4492935982947064e-16;1,0;-0,2593382659754056;0,9657865518844574;27,0;16,0;78,0;78,0;0;78,0;78,0;78,0;27,0;12,0;12,0;7,0;39,0;23,285714285714285;24,844276911153894;9,0;78,0;51,0;0,483959281777418;21,19;0,9098689333333332;16,8333;0;16,0;14,0;10,0;16,0;14,0;10,0
2022-12-17;16,0;0,46;15,3596;10,67;4,69348;21,0;18,1298875;11,9917;24,8917;63,68750416666666;1,6858347916666665;3,56072;12;351;5;-2,4492935982947064e-16;1,0;-0,2426868445825954;0,9701046827361175;78,0;14,0;16,0;16,0;0;16,0;16,0;16,0;78,0;27,0;12,0;9,0;40,333333333333336;24,285714285714285;24,30853269748631;11,0;78,0;-62,0;0,96;19,75;1,5175449791666666;15,7083;1;14,0;10,0;9,0;14,0;10,0;9,0
2022-12-18;14,0;0,46;15,9823;11,6;4,3856;27,0;21,02604583333333;11,875;30,25;52,33018333333333;1,1946580291666666;2,9671;12;352;6;-2,4492935982947064e-16;1,0;-0,22596360824801906;0,974135744004672;16,0;10,0;14,0;14,0;0;14,0;14,0;14,0;16,0;78,0;27,0;11,0;36,0;24,714285714285715;24,06043976956284;12,0;78,0;-2,0;0,46;10,67;1,6858347916666665;11,9917;1;10,0;9,0;9,0;10,0;9,0;9,0
2022-12-19;10,0;0,42;18,0707;11,1;6,97125;20,0;20,805054166666668;14,1;27,1333;49,989583333333336;1,6097565416666668;3,39523;12;353;0;-2,4492935982947064e-16;1,0;-0,20917350564635637;0,9778785428342386;14,0;9,0;10,0;10,0;0;10,0;10,0;10,0;14,0;16,0;78,0;14,0;13,333333333333334;24,142857142857142;24,40238083622559;10,0;78,0;-4,0;0,46;11,6;1,1946580291666666;11,875;0;9,0;9,0;8,0;9,0;9,0;8,0
2022-12-20;9,0;0,38;20,374;12,71;7,66107;22,0;21,37535;12,5083;29,9833;44,52430416666667;1,3261427083333333;2,82449;12;354;1;-2,4492935982947064e-16;1,0;-0,19232150523909483;0,9813319716704275;10,0;9,0;9,0;9,0;0;9,0;9,0;9,0;10,0;14,0;16,0;12,0;11,0;23,714285714285715;24,675995661872715;9,0;78,0;-1,0;0,42;11,1;1,6097565416666668;14,1;0;9,0;8,0;7,0;9,0;8,0;7,0
2022-12-21;9,0;0,39;21,9608;13,01;8,9481;24,0;22,51104583333333;14,4091;31,3417;43,73265;1,3909769625;3,27559;12;355;2;-2,4492935982947064e-16;1,0;-0,17541259380427843;0,9844950085880858;9,0;8,0;9,0;9,0;0;9,0;9,0;9,0;9,0;10,0;14,0;12,0;9,333333333333334;23,285714285714285;24,9380184037297;9,0;78,0;0,0;0,38;12,71;1,3261427083333333;12,5083;0;8,0;7,0;11,0;8,0;7,0;11,0
2022-12-22;8,0;0,35;14,0013;9,38;4,62403;21,0;21,104995833333334;14,1083;28,9833;49,01041666666666;1,4458712083333334;2,75856;12;356;3;-2,4492935982947064e-16;1,0;-0,15845177496083632;0,9873667175937016;9,0;7,0;8,0;8,0;0;8,0;8,0;8,0;9,0;9,0;10,0;27,0;8,666666666666666;20,571428571428573;25,494163664501336;8,0;78,0;-1,0;0,39;13,01;1,3909769625;14,4091;0;7,0;11,0;11,0;7,0;11,0;11,0
2022-12-23;7,0;0,41;15,9616;10,02;5,94605;20,0;21,627325;14,9;28,2917;54,0937625;1,4002535833333332;2,79495;12;357;4;-2,4492935982947064e-16;1,0;-0,14144406768794202;0,9899462489023779;8,0;11,0;7,0;7,0;0;7,0;7,0;7,0;8,0;9,0;9,0;78,0;8,0;10,428571428571429;3,3094381626462877;7,0;16,0;-1,0;0,35;9,38;1,4458712083333334;14,1083;0;11,0;11,0;12,0;11,0;11,0;12,0
2022-12-24;11,0;0,41;13,7825;10,66;3,12403;36,0;23,0618;14,575;31,2667;41,21875833333333;1,2503585916666666;3,22115;12;358;5;-2,4492935982947064e-16;1,0;-0,12439450483979998;0,9922328391893008;7,0;11,0;11,0;11,0;0;11,0;11,0;11,0;7,0;8,0;9,0;16,0;8,666666666666666;9,714285714285714;2,2886885410850226;7,0;14,0;4,0;0,41;10,02;1,4002535833333332;14,9;1;11,0;12,0;13,0;11,0;12,0;13,0
2022-12-25;11,0;0,4;9,23625;7,2;2,03375;30,0;20,8525;14,375;27,8182;49,777775;1,554273275;3,46915;12;359;6;-2,4492935982947064e-16;1,0;-0,10730813165636247;0,9942258118156161;11,0;12,0;11,0;11,0;0;11,0;11,0;11,0;11,0;7,0;8,0;14,0;9,666666666666666;9,285714285714286;1,496026483085734;7,0;11,0;0,0;0,41;10,66;1,2503585916666666;14,575;1;12,0;13,0;14,0;12,0;13,0;14,0
2022-12-26;12,0;0,48;9,89944;7,25;2,64833;24,0;19,04788333333333;13,4909;25,925;62,8996375;1,582208875;2,73235;12;360;0;-2,4492935982947064e-16;1,0;-0,09019000427034513;0,9959245770286599;11,0;13,0;12,0;12,0;0;12,0;12,0;12,0;11,0;11,0;7,0;10,0;11,333333333333334;9,571428571428571;1,8126539343495578;7,0;12,0;1,0;0,4;7,2;1,554273275;14,375;0;13,0;14,0;16,0;13,0;14,0;16,0
2022-12-27;13,0;0,5;17,9075;11,65;6,26176;25,0;21,573616666666663;13,6167;29,4083;52,972229166666665;1,2608933458333331;3,13276;12;361;1;-2,4492935982947064e-16;1,0;-0,07304518821104743;0,9973286321364752;12,0;14,0;13,0;13,0;0;13,0;13,0;13,0;12,0;11,0;11,0;9,0;12,0;10,142857142857142;2,1930626551748316;7,0;13,0;1,0;0,48;7,25;1,582208875;13,4909;0;14,0;16,0;18,0;14,0;16,0;18,0
2022-12-28;14,0;0,48;20,3936;13,88;6,50945;27,0;23,326045833333332;14,725;30,85;47,340275;1,1132954458333333;2,80174;12;362;2;-2,4492935982947064e-16;1,0;-0,05587875690537313;0,9984375616565666;13,0;16,0;14,0;14,0;0;14,0;14,0;14,0;13,0;12,0;11,0;9,0;13,0;10,857142857142858;2,5448360411211524;7,0;14,0;1,0;0,5;11,65;1,2608933458333331;13,6167;0;16,0;18,0;15,0;16,0;18,0;15,0
2022-12-29;16,0;0,56;29,0453;19,35;9,69579;29,0;24,3492125;15,9333;32,7728;39,190979166666665;1,2370075833333334;3,41887;12;363;3;-2,4492935982947064e-16;1,0;-0,03869579017652689;0,9992510374388481;14,0;18,0;16,0;16,0;0;16,0;16,0;16,0;14,0;13,0;12,0;8,0;14,333333333333334;12,0;2,82842712474597;7,0;16,0;2,0;0,48;13,88;1,1132954458333333;14,725;0;18,0;15,0;17,0;18,0;15,0;17,0
2022-12-30;18,0;0,55;16,2339;12,21;4,02333;26,0;20,2215875;14,9583;26,4667;55,930575000000005;1,6731103166666663;3,02588;12;364;4;-2,4492935982947064e-16;1,0;-0,021501372740813793;0,999768818762748;16,0;15,0;18,0;18,0;0;18,0;18,0;18,0;16,0;14,0;13,0;7,0;16,0;13,571428571428571;2,6367367999820877;11,0;18,0;2,0;0,56;19,35;1,2370075833333334;15,9333;0;15,0;17,0;10,0;15,0;17,0;10,0
2022-12-31;15,0;0,63;8,42491;6,55;1,87403;18,0;16,183341666666667;13,625;18,35;78,97574583333333;1,3172322083333332;2,00459;12;365;5;-2,4492935982947064e-16;1,0;-0,004300592702981974;0,9999907524084426;18,0;17,0;15,0;15,0;0;15,0;15,0;15,0;18,0;16,0;14,0;11,0;16,333333333333332;14,142857142857142;2,410295378065241;11,0;18,0;-3,0;0,55;12,21;1,6731103166666663;14,9583;1;17,0;10,0;12,0;17,0;10,0;12,0
2023-01-01;17,0;0,40292636914428837;11,1668;8,38;2,78722;30,0;21,59924583333333;14,15;29,0833;57,22572083333333;1,1625471833333334;2,70649;1;1;6;0,49999999999999994;0,8660254037844387;0,017201575418260506;0,9998520419557735;15,0;10,0;17,0;17,0;0;17,0;17,0;17,0;15,0;18,0;16,0;11,0;16,666666666666668;15,0;2,1602468994690307;12,0;18,0;2,0;0,63;6,55;1,3172322083333332;13,625;1;10,0;12,0;16,0;10,0;12,0;16,0
2023-01-02;10,0;0,293278398686343;8,42029;6,4;2,01986;27,0;21,7611125;14,9167;28,475;45,90625;1,4970767333333332;3,06701;1;2;0;0,49999999999999994;0,8660254037844387;0,03439806061360801;0,9994082116062598;17,0;12,0;10,0;10,0;0;10,0;10,0;10,0;17,0;15,0;18,0;12,0;14,0;14,714285714285714;2,690370836537989;10,0;18,0;-7,0;0,40292636914428837;8,38;1,1625471833333334;14,15;0;12,0;16,0;17,0;12,0;16,0;17,0
2023-01-03;12,0;0,42347822932649093;18,0487;11,7;6,35088;26,0;22,918654166666663;13,8;30,9417;43,11459583333333;0,9789813083333332;2,35545;1;3;1;0,49999999999999994;0,8660254037844387;0,051584366869408364;0,9986686402879997;10,0;16,0;12,0;12,0;0;12,0;12,0;12,0;10,0;17,0;15,0;13,0;13,0;14,571428571428571;2,819996622760358;10,0;18,0;2,0;0,293278398686343;6,4;1,4970767333333332;14,9167;0;16,0;17,0;13,0;16,0;17,0;13,0
2023-01-04;16,0;0,46894293011494803;30,1546;18,95;11,2028;31,0;24,391925;16,625;32,0417;42,25;1,3353206583333332;3,25222;1;4;2;0,49999999999999994;0,8660254037844387;0,06875540848113941;0,9976335468520451;12,0;17,0;16,0;16,0;0;16,0;16,0;16,0;12,0;10,0;17,0;14,0;12,666666666666666;14,857142857142858;2,8535691936338305;10,0;18,0;4,0;0,42347822932649093;11,7;0,9789813083333332;13,8;0;17,0;13,0;12,0;17,0;13,0;12,0
2023-01-05;17,0;0,61;17,2872;11,99;5,29648;23,0;20,6736125;13,4833;27,7583;63,60417916666666;1,6023457499999998;2,87627;1;5;3;0,49999999999999994;0,8660254037844387;0,08590610426133272;0,9963032375991965;16,0;13,0;17,0;17,0;0;17,0;17,0;17,0;16,0;12,0;10,0;16,0;15,0;15,0;2,9439202887757614;10,0;18,0;1,0;0,46894293011494803;18,95;1,3353206583333332;16,625;0;13,0;12,0;9,0;13,0;12,0;9,0
2023-01-06;13,0;0,64;19,0267;12,35;6,67496;23,0;21,8600625;15,0167;29,9333;55,43403333333333;1,5257805;3,15503;1;6;4;0,49999999999999994;0,8660254037844387;0,10303137904317879;0,9946781061893646;17,0;12,0;13,0;13,0;0;13,0;13,0;13,0;17,0;16,0;12,0;18,0;15,333333333333334;14,285714285714286;2,6903708365379853;10,0;17,0;-4,0;0,61;11,99;1,6023457499999998;13,4833;0;12,0;9,0;11,0;12,0;9,0;11,0
2023-01-07;12,0;0,62;15,6622;10,89;4,77449;24,0;22,386441666666663;15,5917;30,05;55,26041666666666;1,4172824583333332;3,35764;1;7;5;0,49999999999999994;0,8660254037844387;0,1201261651823505;0,9927586335250793;13,0;9,0;12,0;12,0;0;12,0;12,0;12,0;13,0;17,0;16,0;15,0;14,0;13,857142857142858;2,7945525240228797;10,0;17,0;-1,0;0,64;12,35;1,5257805;15,0167;1;9,0;11,0;9,0;9,0;11,0;9,0
2023-01-08;9,0;0,63;13,4075;9,07;4,33815;22,0;22,90659583333333;16,3583;29,8167;55,9930625;1,5540913541666663;3,51024;1;8;6;0,49999999999999994;0,8660254037844387;0,13718540405660057;0,9905453876091833;12,0;11,0;9,0;9,0;0;9,0;9,0;9,0;12,0;13,0;17,0;17,0;11,333333333333334;12,714285714285714;2,9277002188453918;9,0;17,0;-3,0;0,62;10,89;1,4172824583333332;15,5917;1;11,0;9,0;11,0;11,0;9,0;11,0
2023-01-09;11,0;0,65;19,4261;10,78;8,64833;19,0;20,203691666666668;14,5833;27,8917;65,03440833333333;1,6988994999999998;3,50203;1;9;0;0,49999999999999994;0,8660254037844387;0,1542040475626894;0,988039023376751;9,0;9,0;11,0;11,0;0;11,0;11,0;11,0;9,0;12,0;13,0;10,0;10,666666666666666;12,857142857142858;2,7945525240228712;9,0;17,0;2,0;0,63;9,07;1,5540913541666663;16,3583;0;9,0;11,0;9,0;9,0;11,0;9,0
2023-01-10;9,0;0,52;15,8277;9,9;5,9319;21,0;20,759720833333333;14,4083;27,7417;63,31250416666666;1,342485;2,56211;1;10;1;0,49999999999999994;0,8660254037844387;0,17117705961019986;0,985240282501282;11,0;11,0;9,0;9,0;0;9,0;9,0;9,0;11,0;9,0;12,0;12,0;9,666666666666666;12,428571428571429;3,154739442866831;9,0;17,0;-2,0;0,65;10,78;1,6988994999999998;14,5833;0;11,0;9,0;11,0;11,0;9,0;11,0
2023-01-11;11,0;0,48;20,0835;12,41;7,6738;27,0;23,1947875;16,2083;31,0917;53,00000416666666;1,120958775;2,98063;1;11;2;0,49999999999999994;0,8660254037844387;0,18809941761179758;0,9821499931752291;9,0;9,0;11,0;11,0;0;11,0;11,0;11,0;9,0;11,0;9,0;16,0;10,333333333333334;11,714285714285714;2,7516228977509445;9,0;17,0;2,0;0,52;9,9;1,342485;14,4083;0;9,0;11,0;10,0;9,0;11,0;10,0
2023-01-12;9,0;0,42;17,1529;11,85;5,30458;28,0;22,00709583333333;16,45;28,2917;36,28125833333333;1,426667875;3,20363;1;12;3;0,49999999999999994;0,8660254037844387;0,20496611396949532;0,9787690698649216;11,0;11,0;9,0;9,0;0;9,0;9,0;9,0;11,0;9,0;11,0;17,0;9,666666666666666;10,571428571428571;1,6183471874249655;9,0;13,0;-2,0;0,48;12,41;1,120958775;16,2083;0;11,0;10,0;13,0;11,0;10,0;13,0
2023-01-13;11,0;0,5;27,8809;15,54;12,337;24,0;21,749583333333334;12,7083;30,1801;34,2639;1,1711078708333331;3,01683;1;13;4;0,49999999999999994;0,8660254037844387;0,22177215755648186;0,975098513039961;9,0;10,0;11,0;11,0;0;11,0;11,0;11,0;9,0;11,0;9,0;13,0;10,333333333333334;10,285714285714286;1,2535663410554843;9,0;12,0;2,0;0,42;11,85;1,426667875;16,45;0;10,0;13,0;17,0;10,0;13,0;17,0
2023-01-14;10,0;0,66;14,4168;10,13;4,28375;19,0;20,304866666666666;14,2667;27,1917;44,14236666666667;1,513331166666667;3,08907;1;14;5;0,49999999999999994;0,8660254037844387;0,23851257519407648;0,9711394088771653;11,0;13,0;10,0;10,0;0;10,0;10,0;10,0;11,0;9,0;11,0;12,0;10,0;10,0;0,9999999999993241;9,0;11,0;-1,0;0,5;15,54;1,1711078708333331;12,7083;1;13,0;17,0;16,0;13,0;17,0;16,0
2023-01-15;13,0;0,71;14,3115;9,97;4,34278;24,0;21,792020833333336;12,675;30,7417;46,44445;1,1433357833333333;3,06627;1;15;6;0,49999999999999994;0,8660254037844387;0,2551824131233728;0,9668929289391521;10,0;17,0;13,0;13,0;0;13,0;13,0;13,0;10,0;11,0;9,0;9,0;11,333333333333334;10,571428571428571;1,3972762620110712;9,0;13,0;3,0;0,66;10,13;1,513331166666667;14,2667;1;17,0;16,0;18,0;17,0;16,0;18,0
2023-01-16;17,0;0,51;19,396;11,86;7,54069;22,0;21,112491666666667;14,825;27,8333;48,8645875;1,4057587833333332;3,32574;1;16;0;0,49999999999999994;0,8660254037844387;0,2717767384711357;0,9623603298276545;13,0;16,0;17,0;17,0;0;17,0;17,0;17,0;13,0;10,0;11,0;11,0;13,333333333333334;11,428571428571429;2,819996622760332;9,0;17,0;4,0;0,71;9,97;1,1433357833333333;12,675;0;16,0;18,0;17,0;16,0;18,0;17,0
2023-01-17;16,0;0,4;23,7096;13,58;10,1344;16,0;19,713541666666668;12,1833;27,5083;55,74306666666666;1,3501166666666666;3,029;1;17;1;0,49999999999999994;0,8660254037844387;0,2882906407095177;0,9575429528116719;17,0;18,0;16,0;16,0;0;16,0;16,0;16,0;17,0;13,0;10,0;9,0;15,333333333333334;12,428571428571429;3,0472470011000197;9,0;17,0;-1,0;0,51;11,86;1,4057587833333332;14,825;0;18,0;17,0;14,0;18,0;17,0;14,0
2023-01-18;18,0;0,39;29,6564;18,2;11,4574;26,0;22,4562625;13,8083;29,95;51,135425;1,2195509708333334;3,02589;1;18;2;0,49999999999999994;0,8660254037844387;0,3047192331091634;0,9524422234305676;16,0;17,0;18,0;18,0;0;18,0;18,0;18,0;16,0;17,0;13,0;11,0;17,0;13,428571428571429;3,598941643369587;9,0;18,0;2,0;0,4;13,58;1,3501166666666666;12,1833;0;17,0;14,0;14,0;17,0;14,0;14,0
2023-01-19;17,0;0,46;22,896;13,07;9,82658;15,0;18,09375;14,0833;22,675;68,24652916666666;1,826015375;3,01458;1;19;3;0,49999999999999994;0,8660254037844387;0,321057654185271;0,9470596510722283;18,0;14,0;17,0;17,0;0;17,0;17,0;17,0;18,0;16,0;17,0;9,0;17,0;14,571428571428571;3,20713490294892;10,0;18,0;-1,0;0,39;18,2;1,2195509708333334;13,8083;0;14,0;14,0;13,0;14,0;14,0;13,0
2023-01-20;14,0;0,4;16,8879;12,25;4,63792;21,0;19,7879125;14,025;27,5417;62,56220416666667;1,308068125;2,8362;1;20;4;0,49999999999999994;0,8660254037844387;0,3373010691361842;0,9413968285264122;17,0;14,0;14,0;14,0;0;14,0;14,0;14,0;17,0;18,0;16,0;11,0;16,333333333333332;15,0;2,828427124745999;10,0;18,0;-3,0;0,46;13,07;1,826015375;14,0833;0;14,0;13,0;13,0;14,0;13,0;13,0
2023-01-21;14,0;0,39;14,7501;10,67;4,07542;28,0;21,832325;13,6091;29,8333;50,777775;1,3190968583333331;3,00407;1;21;5;0,49999999999999994;0,8660254037844387;0,3534446712740877;0,9354554315134164;14,0;13,0;14,0;14,0;0;14,0;14,0;14,0;14,0;17,0;18,0;10,0;15,0;15,571428571428571;1,9023794624224073;13,0;18,0;0,0;0,4;12,25;1,308068125;14,025;1;13,0;13,0;12,0;13,0;13,0;12,0
2023-01-22;13,0;0,46;15,4029;10,97;4,43421;27,0;23,272566666666663;14,7333;31,5917;44,020825;1,16256405;2,9034;1;22;6;0,49999999999999994;0,8660254037844387;0,3694836834473831;0,9292372181882051;14,0;13,0;13,0;13,0;0;13,0;13,0;13,0;14,0;14,0;17,0;13,0;13,666666666666666;15,571428571428571;1,9023794624224073;13,0;18,0;-1,0;0,39;10,67;1,3190968583333331;13,6091;1;13,0;12,0;9,0;13,0;12,0;9,0
2023-01-23;13,0;0,39;25,0071;14,18;10,8231;23,0;23,232641666666662;15,5417;31,2667;47,76394166666666;1,2975210583333332;3,51406;1;23;0;0,49999999999999994;0,8660254037844387;0,38541335945432564;0,9227440286201427;13,0;12,0;13,0;13,0;0;13,0;13,0;13,0;13,0;14,0;14,0;17,0;13,333333333333334;15,0;1,9999999999997295;13,0;18,0;0,0;0,46;10,97;1,16256405;14,7333;0;12,0;9,0;11,0;12,0;9,0;11,0
2023-01-24;12,0;0,34;17,2045;11,48;5,72704;22,0;22,9815625;15,0583;31,0333;53,197920833333335;1,223462375;2,58472;1;24;1;0,49999999999999994;0,8660254037844387;0,4012289854475009;0,9159777842484877;13,0;9,0;12,0;12,0;0;12,0;12,0;12,0;13,0;13,0;14,0;16,0;12,666666666666666;14,428571428571429;2,2253945610564974;12,0;18,0;-1,0;0,39;14,18;1,2975210583333332;15,5417;0;9,0;11,0;13,0;9,0;11,0;13,0
2023-01-25;9,0;0,3;16,4441;10,13;6,31616;21,0;23,261075;16,7091;30,1583;52,6215375;1,5174076083333334;3,25016;1;25;2;0,49999999999999994;0,8660254037844387;0,4169258813287287;0,908940487313808;12,0;11,0;9,0;9,0;0;9,0;9,0;9,0;12,0;13,0;13,0;18,0;11,333333333333334;13,142857142857142;2,4102953780652343;9,0;17,0;-3,0;0,34;11,48;1,223462375;15,0583;0;11,0;13,0;18,0;11,0;13,0;18,0
2023-01-26;11,0;0,36;18,0378;12,91;5,13097;24,0;21,30207916666667;14,8917;28,175;44,5555625;1,3719415833333333;3,24331;1;26;3;0,49999999999999994;0,8660254037844387;0,4324994021339788;0,901634220265486;9,0;13,0;11,0;11,0;0;11,0;11,0;11,0;9,0;12,0;13,0;17,0;10,666666666666666;12,285714285714286;1,7994708216845352;9,0;14,0;2,0;0,3;10,13;1,5174076083333334;16,7091;0;13,0;18,0;12,0;13,0;18,0;12,0
2023-01-27;13,0;0,42;27,9978;16,98;11,021;25,0;22,762154166666665;13,1917;31,775;37,19445833333334;1,0816541791666665;2,97478;1;27;4;0,49999999999999994;0,8660254037844387;0,44794493940789115;0,8940611451454876;11,0;18,0;13,0;13,0;0;13,0;13,0;13,0;11,0;9,0;12,0;14,0;11,0;12,142857142857142;1,676163419694685;9,0;14,0;2,0;0,36;12,91;1,3719415833333333;14,8917;0;18,0;12,0;12,0;18,0;12,0;12,0
2023-01-28;18,0;0,37638411607822064;22,6483;15,56;7,09278;33,0;24,672916666666666;15,7;33,4083;36,2951625;1,0059553958333334;2,7768;1;28;5;0,49999999999999994;0,8660254037844387;0,4632579225674917;0,88622350294858;13,0;12,0;18,0;18,0;0;18,0;18,0;18,0;13,0;11,0;9,0;14,0;14,0;12,714285714285714;2,751622897750957;9,0;18,0;5,0;0,42;16,98;1,0816541791666665;13,1917;1;12,0;12,0;12,0;12,0;12,0;12,0
2023-01-29;12,0;0,41;24,6506;15,6;9,0546;27,0;24,052804166666665;16,3917;31,1;35,364583333333336;1,2441362416666666;3,36489;1;29;6;0,49999999999999994;0,8660254037844387;0,4784338202547012;0,8781236129591848;18,0;12,0;12,0;12,0;0;12,0;12,0;12,0;18,0;13,0;11,0;13,0;14,333333333333334;12,571428571428571;2,7602622373691985;9,0;18,0;-6,0;0,37638411607822064;15,56;1,0059553958333334;15,7;1;12,0;12,0;15,0;12,0;12,0;15,0
2023-01-30;12,0;0,37;25,4064;13,47;11,9365;21,0;22,732254166666667;14,6583;30,4417;52,84377083333334;1,3818264583333333;2,97466;1;30;0;0,49999999999999994;0,8660254037844387;0,49346814167723735;0,8697638720650646;12,0;12,0;12,0;12,0;0;12,0;12,0;12,0;12,0;18,0;13,0;13,0;14,0;12,428571428571429;2,760262237369197;9,0;18,0;0,0;0,41;15,6;1,2441362416666666;16,3917;0;12,0;15,0;19,0;12,0;15,0;19,0
2023-01-31;12,0;0,36;26,3277;14,13;12,1981;19,0;23,08055833333333;16,4917;29,425;51,80209583333333;1,3178622125;3,10138;1;31;1;0,49999999999999994;0,8660254037844387;0,5083564379375122;0,8611467540480452;12,0;15,0;12,0;12,0;0;12,0;12,0;12,0;12,0;12,0;18,0;12,0;12,0;12,428571428571429;2,760262237369197;9,0;18,0;0,0;0,37;13,47;1,3818264583333333;14,6583;0;15,0;19,0;24,0;15,0;19,0;24,0
2023-02-01;15,0;0,41;24,9955;14,87;10,1229;24,0;23,4611125;14,8583;31,6417;48,23959583333333;1,2193900416666663;2,92622;2;32;2;0,8660254037844386;0,5000000000000001;0,5230943033491326;0,8522748088519838;12,0;19,0;15,0;15,0;0;15,0;15,0;15,0;12,0;12,0;12,0;9,0;13,0;13,285714285714286;2,4299715851755828;11,0;18,0;3,0;0,36;14,13;1,3178622125;16,4917;0;19,0;24,0;17,0;19,0;24,0;17,0
2023-02-02;19,0;0,43;26,8612;17,74;9,12056;34,0;25,534566666666667;17,075;33,8833;39,54862083333333;0,929917375;2,56552;2;33;3;0,8660254037844386;0,5000000000000001;0,5376773767406141;0,8431506618282;15,0;24,0;19,0;19,0;0;19,0;19,0;19,0;15,0;12,0;12,0;11,0;15,333333333333334;14,428571428571429;2,992052966172196;12,0;19,0;4,0;0,41;14,87;1,2193900416666663;14,8583;0;24,0;17,0;15,0;24,0;17,0;15,0
2023-02-03;24,0;0,48;39,4122;23,43;15,9828;30,0;24,50217083333333;17,9333;31,9417;42,50000833333333;1,2203491479166668;3,03539;2;34;4;0,8660254037844386;0,5000000000000001;0,5521013427459208;0,8337770129585915;19,0;17,0;24,0;24,0;0;24,0;24,0;24,0;19,0;15,0;12,0;13,0;19,333333333333332;16,0;4,582575694955726;12,0;24,0;5,0;0,43;17,74;0,929917375;17,075;0;17,0;15,0;47,0;17,0;15,0;47,0
2023-02-04;17,0;0,36;16,9168;12,11;4,80805;23,0;22,964233333333336;16,3167;30,9833;56,02084583333333;1,3373939583333332;2,97996;2;35;5;0,8660254037844386;0,5000000000000001;0,5663619330814524;0,8241566360566663;24,0;15,0;17,0;17,0;0;17,0;17,0;17,0;24,0;19,0;15,0;18,0;20,0;15,857142857142858;4,525062483125446;12,0;24,0;-7,0;0,48;23,43;1,2203491479166668;17,9333;1;15,0;47,0;72,0;15,0;47,0;72,0
2023-02-05;15,0;0,38;9,68648;7,05;2,64139;23,0;21,881966666666667;15,7;29,1727;59,559025;1,4005935;2,84221;2;36;6;0,8660254037844386;0,5000000000000001;0,580454927809098;0,8142923779467267;17,0;47,0;15,0;15,0;0;15,0;15,0;15,0;17,0;24,0;19,0;12,0;18,666666666666668;16,285714285714285;4,231401884099509;12,0;24,0;-2,0;0,36;12,11;1,3373939583333332;16,3167;1;47,0;72,0;56,0;47,0;72,0;56,0
2023-02-06;47,0;0,66;26,1494;16,56;9,59047;35,0;23,973741666666665;16,675;31,1364;49,607641666666666;0,9891790416666666;2,999;2;37;0;0,8660254037844386;0,5000000000000001;0,5943761565849831;0,804187157621448;15,0;72,0;47,0;47,0;0;47,0;47,0;47,0;15,0;17,0;24,0;12,0;26,333333333333332;21,285714285714285;11,954277975049816;12,0;47,0;32,0;0,38;7,05;1,4005935;15,7;0;72,0;56,0;70,0;72,0;56,0;70,0
2023-02-07;72,0;0,88;31,3554;23,58;7,77334;42,0;23,83575;16,3583;30,2583;51,4270875;1,0760104708333331;2,77699;2;38;1;0,8660254037844386;0,5000000000000001;0,6081214998935418;0,7938439653781019;47,0;56,0;72,0;72,0;0;72,0;72,0;72,0;47,0;15,0;17,0;12,0;44,666666666666664;29,857142857142858;21,713502492140464;15,0;72,0;25,0;0,66;16,56;0,9891790416666666;16,675;0;56,0;70,0;68,0;56,0;70,0;68,0
2023-02-08;56,0;0,77;31,896;22,99;8,90181;41,0;24,252770833333333;17,2333;31,6833;55,16319583333333;1,0157858708333334;2,66903;2;39;2;0,8660254037844386;0,5000000000000001;0,6216868902665479;0,7832658619336791;72,0;70,0;56,0;56,0;0;56,0;56,0;56,0;72,0;47,0;15,0;15,0;58,333333333333336;35,714285714285715;22,551528297909847;15,0;72,0;-16,0;0,88;23,58;1,0760104708333331;16,3583;0;70,0;68,0;42,0;70,0;68,0;42,0
2023-02-09;70,0;0,88;35,5603;24,56;10,9956;52,0;25,21388333333333;17,3083;34,175;49,1076375;0,8494298750000001;2,62608;2;40;3;0,8660254037844386;0,5000000000000001;0,6350683134867438;0,7724559775191742;56,0;68,0;70,0;70,0;0;70,0;70,0;70,0;56,0;72,0;47,0;19,0;66,0;43,0;24,41311123146741;15,0;72,0;14,0;0,77;22,99;1,0157858708333334;17,2333;0;68,0;42,0;31,0;68,0;42,0;31,0
2023-02-10;68,0;0,86;42,1147;25,3;16,808;49,0;24,61979583333333;16,8;32,3917;45,90625;1,1098185;3,20224;2;41;4;0,8660254037844386;0,5000000000000001;0,6482618097757122;0,7614175109532997;70,0;42,0;68,0;68,0;0;68,0;68,0;68,0;70,0;56,0;72,0;24,0;64,66666666666667;49,285714285714285;24,370161302395243;15,0;72,0;-2,0;0,88;24,56;0,8494298750000001;17,3083;0;42,0;31,0;10,0;42,0;31,0;10,0
2023-02-11;42,0;0,66;27,1818;19,6;7,58584;42,0;25,35269166666667;17,4;33,55;43,64235833333333;0,9119929583333334;2,75469;2;42;5;0,8660254037844386;0,5000000000000001;0,6612634749656386;0,7501537286959042;68,0;31,0;42,0;42,0;0;42,0;42,0;42,0;68,0;70,0;56,0;17,0;60,0;52,857142857142854;20,35050016935353;15,0;72,0;-26,0;0,86;25,3;1,1098185;16,8;1;31,0;10,0;11,0;31,0;10,0;11,0
2023-02-12;31,0;0,47;15,5244;12,23;3,29417;33,0;23,3545125;16,5333;30,5;40,753483333333335;1,26511025;3,34881;2;43;6;0,8660254037844386;0,5000000000000001;0,6740694616546161;0,7386679638813748;42,0;10,0;31,0;31,0;0;31,0;31,0;31,0;42,0;68,0;70,0;15,0;47,0;55,142857142857146;15,773697214335161;31,0;72,0;-11,0;0,66;19,6;0,9119929583333334;17,4;1;10,0;11,0;14,0;10,0;11,0;14,0
2023-02-13;10,0;0,38;21,4504;11,91;9,53954;18,0;22,452783333333333;14,3917;30,6167;49,510425;1,126855625;2,70037;2;44;0;0,8660254037844386;0,5000000000000001;0,6866759803451553;0,726963615332308;31,0;11,0;10,0;10,0;0;10,0;10,0;10,0;31,0;42,0;68,0;47,0;27,666666666666668;49,857142857142854;23,34115515156704;10,0;72,0;-21,0;0,47;12,23;1,26511025;16,5333;0;11,0;14,0;14,0;11,0;14,0;14,0
2023-02-14;11,0;0,44;24,0279;14,87;9,15991;25,0;24,01493333333333;15,325;32,0667;40,65971666666667;1,0334689625;2,41955;2;45;1;0,8660254037844386;0,5000000000000001;0,6990793005655562;0,7150441465537444;10,0;14,0;11,0;11,0;0;11,0;11,0;11,0;10,0;31,0;42,0;72,0;17,333333333333332;41,142857142857146;25,022846703420008;10,0;70,0;1,0;0,38;11,91;1,126855625;14,3917;0;14,0;14,0;14,0;14,0;14,0;14,0
2023-02-15;14,0;0,45;25,2131;15,95;9,26292;28,0;23,6270875;15,7167;31,3833;38,159729166666665;1,2111556916666666;3,12662;2;46;2;0,8660254037844386;0,5000000000000001;0,7112757519738152;0,7029130847082615;11,0;14,0;14,0;14,0;0;14,0;14,0;14,0;11,0;10,0;31,0;56,0;11,666666666666666;35,142857142857146;25,887117590470694;10,0;70,0;3,0;0,44;14,87;1,0334689625;15,325;0;14,0;14,0;16,0;14,0;14,0;16,0
2023-02-16;14,0;0,43;27,2501;15,41;11,8358;22,0;21,465954166666663;15,1;28,5417;49,20834583333333;1,3584634166666667;3,02299;2;47;3;0,8660254037844386;0,5000000000000001;0,7232617254437388;0,6905740195722293;14,0;14,0;14,0;14,0;0;14,0;14,0;14,0;14,0;11,0;10,0;70,0;13,0;27,142857142857142;21,621197711417153;10,0;68,0;0,0;0,45;15,95;1,2111556916666666;15,7167;0;14,0;16,0;11,0;14,0;16,0;11,0
2023-02-17;14,0;0,46;28,4857;16,17;12,315;28,0;22,0637875;13,8583;30,0;44,55555416666667;1,068353479166667;2,93317;2;48;4;0,8660254037844386;0,5000000000000001;0,7350336741329413;0,6780306024735382;14,0;16,0;14,0;14,0;0;14,0;14,0;14,0;14,0;14,0;11,0;68,0;14,0;19,428571428571427;12,190941211368678;10,0;42,0;0,0;0,43;15,41;1,3584634166666667;15,1;0;16,0;11,0;16,0;16,0;11,0;16,0
2023-02-18;16,0;0,48;27,6552;17,92;9,7363;24,0;22,7968625;15,4;30,0583;44,25348333333333;1,0770760666666666;3,10272;2;49;5;0,8660254037844386;0,5000000000000001;0,746588114532413;0,6652865452111116;14,0;11,0;16,0;16,0;0;16,0;16,0;16,0;14,0;14,0;14,0;42,0;14,666666666666666;15,714285714285714;7,0406980173437335;10,0;31,0;2,0;0,46;16,17;1,068353479166667;13,8583;1;11,0;16,0;26,0;11,0;16,0;26,0
2023-02-19;11,0;0,52;18,2224;11,89;6,33699;18,0;23,826070833333333;15,6167;32,175;46,28125;0,9656148375;2,67362;2;50;6;0,8660254037844386;0,5000000000000001;0,7579216274973472;0,6523456189565257;16,0;16,0;11,0;11,0;0;11,0;11,0;11,0;16,0;14,0;14,0;31,0;13,666666666666666;12,857142857142858;2,1930626551749683;10,0;16,0;-5,0;0,48;17,92;1,0770760666666666;15,4;1;16,0;26,0;25,0;16,0;26,0;25,0
2023-02-20;16,0;0,5729244976201653;41,2652;18,73;22,5303;27,0;24,51735833333333;16,0917;33,3417;35,46875416666666;0,8850804624999999;2,80913;2;51;0;0,8660254037844386;0,5000000000000001;0,7690308592589181;0,6392116531380588;11,0;26,0;16,0;16,0;0;16,0;16,0;16,0;11,0;16,0;14,0;10,0;14,333333333333334;13,714285714285714;2,0586634591633834;11,0;16,0;5,0;0,52;11,89;0,9656148375;15,6167;0;26,0;25,0;22,0;26,0;25,0;22,0
2023-02-21;26,0;0,45189247931268717;34,7895;20,87;13,9157;35,0;24,09979583333333;16,1251;32,2365;40,28474583333333;1,1114481708333332;3,00791;2;52;1;0,8660254037844386;0,5000000000000001;0,7799125224167177;0,6258885343075018;16,0;25,0;26,0;26,0;0;26,0;26,0;26,0;16,0;11,0;16,0;11,0;17,666666666666668;15,857142857142858;4,775931721614455;11,0;26,0;10,0;0,5729244976201653;18,73;0,8850804624999999;16,0917;0;25,0;22,0;20,0;25,0;22,0;20,0
2023-02-22;25,0;0,48;28,6217;18,73;9,88792;31,0;21,615975;14,3417;29,3083;48,50001666666666;1,149517375;2,96065;2;53;2;0,8660254037844386;0,5000000000000001;0,7905633969115482;0,612380204990065;26,0;22,0;25,0;25,0;0;25,0;25,0;25,0;26,0;16,0;11,0;14,0;22,333333333333332;17,428571428571427;5,769377287516718;11,0;26,0;-1,0;0,45189247931268717;20,87;1,1114481708333332;16,1251;0;22,0;20,0;15,0;22,0;20,0;15,0
2023-02-23;22,0;0,58;35,9828;20,64;15,3393;29,0;22,793816666666668;14,9;32,6;49,378475;1,078857883333333;3,11396;2;54;3;0,8660254037844386;0,5000000000000001;0,8009803309782905;0,5986906625177214;25,0;20,0;22,0;22,0;0;22,0;22,0;22,0;25,0;26,0;16,0;14,0;24,333333333333332;18,571428571428573;5,769377287516723;11,0;26,0;-3,0;0,48;18,73;1,149517375;14,3417;0;20,0;15,0;14,0;20,0;15,0;14,0
2023-02-24;20,0;0,58;28,8358;18,26;10,5754;24,0;20,62290833333333;14,9667;27,3083;56,12500416666666;1,4059377416666667;3,38482;2;55;4;0,8660254037844386;0,5000000000000001;0,8111602420785621;0,5848239578463322;22,0;15,0;20,0;20,0;0;20,0;20,0;20,0;22,0;25,0;26,0;14,0;22,333333333333332;19,428571428571427;5,411627692821621;11,0;26,0;-2,0;0,58;20,64;1,078857883333333;14,9;0;15,0;14,0;15,0;15,0;14,0;15,0
2023-02-25;15,0;0,61;19,9075;12,36;7,54417;22,0;20,7892375;12,7833;28,8083;59,121550000000006;1,0812942916666668;2,60736;2;56;5;0,8660254037844386;0,5000000000000001;0,8211001178128892;0,5707841943569036;20,0;14,0;15,0;15,0;0;15,0;15,0;15,0;20,0;22,0;25,0;16,0;19,0;19,285714285714285;5,52914356581814;11,0;26,0;-5,0;0,58;18,26;1,4059377416666667;14,9667;1;14,0;15,0;15,0;14,0;15,0;15,0
2023-02-26;14,0;0,5676400841142379;26,0106;15,46;10,5476;25,0;24,06458333333333;14,875;33,0417;44,204883333333335;0,6631190875;1,89105;2;57;6;0,8660254037844386;0,5000000000000001;0,8307970168121247;0,5565755266413303;15,0;15,0;14,0;14,0;0;14,0;14,0;14,0;15,0;20,0;22,0;11,0;16,333333333333332;19,714285714285715;4,85504156227608;14,0;26,0;-1,0;0,61;12,36;1,0812942916666668;12,7833;1;15,0;15,0;17,0;15,0;15,0;17,0
2023-02-27;15,0;0,7030807818720441;55,7675;25,53;30,2409;24,0;24,710754166666664;16,575;33,4583;33,89236666666667;0,9622361958333332;3,00611;2;58;0;0,8660254037844386;0,5000000000000001;0,8402480696078469;0,5422021592729844;14,0;15,0;15,0;15,0;0;15,0;15,0;15,0;14,0;15,0;20,0;16,0;14,666666666666666;19,571428571428573;4,9952358255021885;14,0;26,0;1,0;0,5676400841142379;15,46;0,6631190875;14,875;0;15,0;17,0;13,0;15,0;17,0;13,0
2023-02-28;15,0;0,5832192173025048;39,4214;20,63;18,7907;25,0;22,82189166666667;13,5;31,4917;40,27777916666667;0,9354983541666666;2,40411;2;59;1;0,8660254037844386;0,5000000000000001;0,8494504794814806;0,527668345562516;15,0;17,0;15,0;15,0;0;15,0;15,0;15,0;15,0;14,0;15,0;26,0;14,666666666666666;18,0;4,320493798938517;14,0;25,0;0,0;0,7030807818720441;25,53;0,9622361958333332;16,575;0;17,0;13,0;14,0;17,0;13,0;14,0
2023-03-01;17,0;0,6213089279791635;38,7918;23,53;15,2664;27,0;23,727075;15,8333;31,8667;45,579875;0,9228131958333332;2,45749;3;60;2;1,0;6,123233995736766e-17;0,8584015232918917;0,512978386299228;15,0;13,0;17,0;17,0;0;17,0;17,0;17,0;15,0;15,0;14,0;25,0;15,666666666666666;16,857142857142858;3,023715784073729;14,0;22,0;2,0;0,5832192173025048;20,63;0,9354983541666666;13,5;0;13,0;14,0;16,0;13,0;14,0;16,0
2023-03-02;13,0;0,5779124618094122;33,0071;21,71;11,2942;28,0;23,47117916666667;15,8917;32,8917;45,3298625;1,0044085875;3,005;3;61;3;1,0;6,123233995736766e-17;0,8670985522812081;0,4981366284784055;17,0;14,0;13,0;13,0;0;13,0;13,0;13,0;17,0;15,0;15,0;22,0;15,0;15,571428571428571;2,299068134204313;13,0;20,0;-4,0;0,6213089279791635;23,53;0,9228131958333332;15,8333;0;14,0;16,0;15,0;14,0;16,0;15,0
2023-03-03;14,0;0,5793393274569636;28,6749;17,34;11,3393;23,0;20,994454166666667;14,0417;28,9667;53,04166666666666;1,1060150416666663;2,53396;3;62;4;1,0;6,123233995736766e-17;0,8755389928586302;0,4831474640149687;13,0;16,0;14,0;14,0;0;14,0;14,0;14,0;13,0;17,0;15,0;20,0;14,666666666666666;14,714285714285714;1,2535663410557711;13,0;17,0;1,0;0,5779124618094122;21,71;1,0044085875;15,8917;0;16,0;15,0;15,0;16,0;15,0;15,0
2023-03-04;16,0;0,595317126296222;31,4712;18,86;12,6078;30,0;24,0251;15,9833;32,775;50,43055416666667;0,8161413208333334;2,49033;3;63;5;1,0;6,123233995736766e-17;0,8837203473619977;0,4680153284438345;14,0;15,0;16,0;16,0;0;16,0;16,0;16,0;14,0;13,0;17,0;15,0;14,333333333333334;14,857142857142858;1,3451854182688712;13,0;17,0;2,0;0,5793393274569636;17,34;1,1060150416666663;14,0417;1;15,0;15,0;15,0;15,0;15,0;15,0
2023-03-05;15,0;0,5517631199197319;27,6251;15,42;12,2062;26,0;23,408329166666665;17,5917;31,025;49,3576375;1,2235129458333334;3,01837;3;64;6;1,0;6,123233995736766e-17;0,8916401947968874;0,45274469960737107;16,0;15,0;15,0;15,0;0;15,0;15,0;15,0;16,0;14,0;13,0;14,0;15,0;15,0;1,290994448735571;13,0;17,0;-1,0;0,595317126296222;18,86;0,8161413208333334;15,9833;1;15,0;15,0;11,0;15,0;15,0;11,0
2023-03-06;15,0;0,5974601152812804;26,9434;15,67;11,2733;19,0;20,5179;14,7167;25,9727;61,1076375;1,2688229583333337;3,35236;3;65;0;1,0;6,123233995736766e-17;0,8992961915530253;0,4373400963303323;15,0;15,0;15,0;15,0;0;15,0;15,0;15,0;15,0;16,0;14,0;15,0;15,333333333333334;15,0;1,290994448735571;13,0;17,0;0,0;0,5517631199197319;15,42;1,2235129458333334;17,5917;0;15,0;11,0;9,0;15,0;11,0;9,0
2023-03-07;15,0;0,722602066405917;40,1842;18,26;21,9226;24,0;21,72015;15,3667;30,6;57,21527916666667;1,2421230583333334;2,92055;3;66;1;1,0;6,123233995736766e-17;0,9066860720977985;0,4218060770826634;15,0;11,0;15,0;15,0;0;15,0;15,0;15,0;15,0;15,0;16,0;15,0;15,0;15,0;1,290994448735571;13,0;17,0;0,0;0,5974601152812804;15,67;1,2688229583333337;14,7167;0;11,0;9,0;10,0;11,0;9,0;10,0
2023-03-08;11,0;0,6173043454526981;23,5198;13,88;9,63792;19,0;21,387291666666663;14,575;28,6701;58,128800000000005;1,20585075;2,78003;3;67;2;1,0;6,123233995736766e-17;0,9138076496466615;0,4061472386305789;15,0;9,0;11,0;11,0;0;11,0;11,0;11,0;15,0;15,0;15,0;17,0;13,666666666666666;14,142857142857142;1,6761634196948612;11,0;16,0;-4,0;0,722602066405917;18,26;1,2421230583333334;15,3667;0;9,0;10,0;9,0;9,0;10,0;9,0
2023-03-09;9,0;0,6903038136610171;33,6263;16,59;17,0349;15,0;21,9184;14,9917;29,0333;53,00000416666666;1,1195204416666666;3,36881;3;68;3;1,0;6,123233995736766e-17;0,9206588168102428;0,3903682146763026;11,0;10,0;9,0;9,0;0;9,0;9,0;9,0;11,0;15,0;15,0;13,0;11,666666666666666;13,571428571428571;2,5727509827122717;9,0;16,0;-2,0;0,6173043454526981;13,88;1,20585075;14,575;0;10,0;9,0;8,0;10,0;9,0;8,0
2023-03-10;10,0;0,7305177402964775;37,2178;16,06;21,1553;15,0;21,963195833333334;15,0;29,125;53,222229166666665;1,0203072141666667;2,84209;3;69;4;1,0;6,123233995736766e-17;0,9272375462179537;0,374473674486883;9,0;9,0;10,0;10,0;0;10,0;10,0;10,0;9,0;11,0;15,0;14,0;10,0;13,0;2,886751345948011;9,0;16,0;1,0;0,6903038136610171;16,59;1,1195204416666666;14,9917;0;9,0;8,0;9,0;9,0;8,0;9,0
2023-03-11;9,0;0,57372431521443;19,9307;10,63;9,29996;18,0;20,657295833333333;14,1;28,2833;56,70487083333333;1,1314318791666669;2,97739;3;70;5;1,0;6,123233995736766e-17;0,9335418911179212;0,35846832151248087;10,0;8,0;9,0;9,0;0;9,0;9,0;9,0;10,0;9,0;11,0;16,0;9,333333333333334;12,0;2,8867513459480048;9,0;15,0;-1,0;0,7305177402964775;16,06;1,0203072141666667;15,0;1;8,0;9,0;10,0;8,0;9,0;10,0
2023-03-12;8,0;0,5432368874775102;13,1923;8,39;4,80458;18,0;19,472908333333333;13,4833;26,475;63,43054166666667;1,3171709583333333;2,72013;3;71;6;1,0;6,123233995736766e-17;0,9395699859530622;0,342356891994542;9,0;9,0;8,0;8,0;0;8,0;8,0;8,0;9,0;10,0;9,0;15,0;9,0;11,0;2,8867513459479985;8,0;15,0;-1,0;0,57372431521443;10,63;1,1314318791666669;14,1;1;9,0;10,0;11,0;9,0;10,0;11,0
2023-03-13;9,0;0,6829969110519891;23,3045;10,98;12,3254;17,0;20,69485;13,7917;28,525;63,1805625;1,0270066583333337;2,40185;3;72;0;1,0;6,123233995736766e-17;0,945320046913132;0,3261441535642696;8,0;10,0;9,0;9,0;0;9,0;9,0;9,0;8,0;9,0;10,0;15,0;8,666666666666666;10,142857142857142;2,3401261667247115;8,0;15,0;1,0;0,5432368874775102;8,39;1,3171709583333333;13,4833;0;10,0;11,0;12,0;10,0;11,0;12,0
2023-03-14;10,0;0,6359842814605114;26,8011;12,96;13,837;19,0;21,435075;15,1833;28,2667;58,05555416666667;1,056802866666667;2,63518;3;73;1;1,0;6,123233995736766e-17;0,9507903724625832;0,3098349038318025;9,0;11,0;10,0;10,0;0;10,0;10,0;10,0;9,0;8,0;9,0;15,0;9,0;9,428571428571429;0,9759000729481172;8,0;11,0;1,0;0,6829969110519891;10,98;1,0270066583333337;13,7917;0;11,0;12,0;12,0;11,0;12,0;12,0
2023-03-15;11,0;0,4871518141413361;27,624;16,02;11,6067;18,0;20,806566666666665;14,0833;27,9083;39,95487083333333;0,9658416375;2,50837;3;74;2;1,0;6,123233995736766e-17;0,9559793438440766;0,2934339689665273;10,0;12,0;11,0;11,0;0;11,0;11,0;11,0;10,0;9,0;8,0;11,0;10,0;9,428571428571429;0,9759000729481172;8,0;11,0;1,0;0,6359842814605114;12,96;1,056802866666667;15,1833;0;12,0;12,0;11,0;12,0;12,0;11,0
2023-03-16;12,0;0,72;32,9446;15,66;17,2895;20,0;20,954229166666668;13,6333;29,225;51,597254166666666;0,9417380958333332;2,53975;3;75;3;1,0;6,123233995736766e-17;0,9608854255574977;0,27694620226893646;11,0;12,0;12,0;12,0;0;12,0;12,0;12,0;11,0;10,0;9,0;9,0;11,0;9,857142857142858;1,3451854182688026;8,0;12,0;1,0;0,4871518141413361;16,02;0,9658416375;14,0833;0;12,0;11,0;12,0;12,0;11,0;12,0
2023-03-17;12,0;0,73;36,543;16,31;20,2294;18,0;21,020220833333333;14,325;28,5167;61,145825;0,8876614404166667;2,74662;3;76;4;1,0;6,123233995736766e-17;0,9655071658143364;0,2603764827344581;12,0;11,0;12,0;12,0;0;12,0;12,0;12,0;12,0;11,0;10,0;10,0;11,666666666666666;10,142857142857142;1,5735915849386366;8,0;12,0;0,0;0,72;15,66;0,9417380958333332;13,6333;0;11,0;12,0;12,0;11,0;12,0;12,0
2023-03-18;11,0;0,65;27,2362;15,56;11,6807;24,0;22,383329166666663;14,45;30,2333;57,72221666666667;0,8574446916666667;2,28869;3;77;5;1,0;6,123233995736766e-17;0,969843196967294;0,24372971360968387;12,0;12,0;11,0;11,0;0;11,0;11,0;11,0;12,0;12,0;11,0;9,0;11,666666666666666;10,428571428571429;1,5118578920366528;8,0;12,0;-1,0;0,73;16,31;0,8876614404166667;14,325;1;12,0;12,0;14,77929460772895;12,0;12,0;
2023-03-19;12,0;0,66;30,5568;15,87;14,6888;22,0;23,345145833333333;15,4333;31,075;51,406241666666666;0,9621408041666668;2,58068;3;78;6;1,0;6,123233995736766e-17;0,9738922359149924;0,22701082094141847;11,0;12,0;12,0;12,0;0;12,0;12,0;12,0;11,0;12,0;12,0;8,0;11,666666666666666;11,0;1,1547005383789253;9,0;12,0;1,0;0,65;15,56;0,8574446916666667;14,45;1;12,0;14,77929460772895;17,0;12,0;;17,0
2023-03-20;12,0;0,5;35,5962;17,86;17,7317;16,0;21,71215;15,4583;27,9;58,22569583333333;1,0068938875;2,86824;3;79;0;1,0;6,123233995736766e-17;0,9776530844816641;0,2102247521189836;12,0;;12,0;12,0;0;12,0;12,0;12,0;12,0;11,0;12,0;9,0;11,666666666666666;11,428571428571429;0,7867957924689746;10,0;12,0;0,0;0,66;15,87;0,9621408041666668;15,4333;0;14,77929460772895;17,0;23,0;;17,0;23,0
2023-03-21;14,77929460772895;0,47;39,3277;20,08;19,2328;23,0;22,1322875;14,7583;30,8083;55,8298625;0,8815220625000001;2,17111;3;80;1;1,0;6,123233995736766e-17;0,981124629771712;0,19337647441020586;12,0;17,0;;14,77929460772895;1;;14,77929460772895;14,77929460772895;12,0;12,0;11,0;10,0;12,92643153590965;12,111327801104137;1,2673937405463342;11,0;14,77929460772895;2,77929460772895;0,5;17,86;1,0068938875;15,4583;0;17,0;23,0;23,0;17,0;23,0;23,0
2023-03-22;17,0;0,55;53,8624;26,37;27,4898;27,0;23,3316;15,475;31,5583;45,02777916666667;0,7689134458333333;2,61216;3;81;2;1,0;6,123233995736766e-17;0,984305844499033;0,17647097349152166;;23,0;17,0;17,0;0;17,0;17,0;17,0;14,77929460772895;12,0;12,0;11,0;14,593098202576316;12,968470658246995;2,127554566685643;11,0;17,0;2,22070539227105;0,47;20,08;0,8815220625000001;14,7583;0;23,0;23,0;22,0;23,0;23,0;22,0
2023-03-23;23,0;0,63;73,675;33,05;40,6287;27,0;23,63198333333333;14,6417;32,675;39,3611125;0,6118834708333333;2,19611;3;82;3;1,0;6,123233995736766e-17;0,9871957872910085;0,15951325197263655;17,0;23,0;23,0;23,0;0;23,0;23,0;23,0;17,0;14,77929460772895;12,0;12,0;18,259764869242982;14,539899229675566;4,273305937994646;11,0;23,0;6,0;0,55;26,37;0,7689134458333333;15,475;0;23,0;22,0;17,0;23,0;22,0;17,0
2023-03-24;23,0;0,53;69,0928;32,11;36,9875;27,0;24,3313125;16,2667;33,1083;35,072925;0,6904265416666666;2,52733;3;83;4;1,0;6,123233995736766e-17;0,9897936029670716;0,14250832791617088;23,0;22,0;23,0;23,0;0;23,0;23,0;23,0;23,0;17,0;14,77929460772895;12,0;21,0;16,111327801104135;5,1219033652804224;11,0;23,0;0,0;0,63;33,05;0,6118834708333333;14,6417;0;22,0;17,0;21,0;22,0;17,0;21,0
2023-03-25;22,0;0,4;50,0915;26,13;23,962;27,0;23,157891666666668;14,3583;32,1917;35,69790833333334;0,6774560125;2,5144;3;84;5;1,0;6,123233995736766e-17;0,992098522791769;0,12546123335273648;23,0;17,0;22,0;22,0;0;22,0;22,0;22,0;23,0;23,0;17,0;11,0;22,666666666666668;17,682756372532708;4,977757838451978;12,0;23,0;-1,0;0,53;32,11;0,6904265416666666;16,2667;1;17,0;21,0;18,0;17,0;21,0;18,0
2023-03-26;17,0;0,4469870084920452;23,1865;15,91;7,27334;25,0;20,86875;13,7583;28,0333;47,638891666666666;0,944291425;2,5355;3;85;6;1,0;6,123233995736766e-17;0,9941098647022418;0,10837701279187609;22,0;21,0;17,0;17,0;0;17,0;17,0;17,0;22,0;23,0;23,0;12,0;20,666666666666668;18,397042086818423;4,344909786038239;12,0;23,0;-5,0;0,4;26,13;0,6774560125;14,3583;1;21,0;18,0;14,0;21,0;18,0;14,0
2023-03-27;21,0;0,6186634335934269;36,6642;18,55;18,1162;23,0;19,3382875;12,5417;26,3417;58,12153333333333;0,94920185;2,58907;3;86;0;1,0;6,123233995736766e-17;0,9958270335100595;0,09126072172931188;17,0;18,0;21,0;21,0;0;21,0;21,0;21,0;17,0;22,0;23,0;12,0;20,0;19,682756372532708;3,3553752934335397;14,77929460772895;23,0;4,0;0,4469870084920452;15,91;0,944291425;13,7583;0;18,0;14,0;19,0;18,0;14,0;19,0
2023-03-28;18,0;0,51;33,0046;17,86;15,1424;16,0;18,993022727272727;12,025;26,8583;57,6;1,057474790909091;2,73233;3;87;1;1,0;6,123233995736766e-17;0,9972495210773451;0,07411742515094437;21,0;14,0;18,0;18,0;0;18,0;18,0;18,0;21,0;17,0;22,0;14,77929460772895;18,666666666666668;20,142857142857142;2,7342623276105162;17,0;23,0;-3,0;0,6186634335934269;18,55;0,94920185;12,5417;0;14,0;19,0;27,653147723918874;14,0;19,0;
2023-03-29;14,0;1,07;39,0198;18,63;20,3891;19,0;19,84339583333333;12,5333;27,7;57,322925;0,7717176625;2,33718;3;88;2;1,0;6,123233995736766e-17;0,998376906467142;0,056952196034039754;18,0;19,0;14,0;14,0;0;14,0;14,0;14,0;18,0;21,0;17,0;17,0;17,666666666666668;19,714285714285715;3,450327796711711;14,0;23,0;-4,0;0,51;17,86;1,057474790909091;12,025;0;19,0;27,653147723918874;30,314137028583797;19,0;;
2023-03-30;19,0;1,28;57,9909;29,32;28,6715;19,0;21,158675;12,8917;30,1083;44,88891666666667;0,6812392208333332;2,17055;3;89;3;1,0;6,123233995736766e-17;0,9992088560679753;0,03977011384605572;14,0;;19,0;19,0;0;19,0;19,0;19,0;14,0;18,0;21,0;23,0;17,0;19,142857142857142;3,132015933791425;14,0;23,0;5,0;1,07;18,63;0,7717176625;12,5333;0;27,653147723918874;30,314137028583797;24,41592534866422;;;
2023-03-31;27,653147723918874;1,37;77,1042;33,14;43,9689;25,0;22,393741666666667;13,1667;32,7833;34,8263875;0,60234705;2,18762;3;90;4;1,0;6,123233995736766e-17;0,9997451236925734;0,022576263041545485;19,0;;;27,653147723918874;1;;27,653147723918874;27,653147723918874;19,0;14,0;18,0;23,0;20,21771590797296;19,80759253198841;4,345716773404509;14,0;27,653147723918874;8,653147723918874;1,28;29,32;0,6812392208333332;12,8917;0;30,314137028583797;24,41592534866422;25,156735168154466;;;
2023-04-01;30,314137028583797;1,53;66,3439;28,17;38,1715;23,0;21,835070833333333;13,5417;31,075;35,3263875;0,6652196791666667;2,39706;4;91;5;0,8660254037844387;-0,4999999999999998;0,9999855506507186;0,005375731557583884;;;;30,314137028583797;1;;30,314137028583797;30,314137028583797;27,653147723918874;19,0;14,0;22,0;25,65576158416756;20,99532639321467;5,902222326171134;14,0;30,314137028583797;2,6609893046649233;1,37;33,14;0,60234705;13,1667;1;24,41592534866422;25,156735168154466;24,773179413721007;;;
2023-04-02;24,41592534866422;1,39;40,2061;23,23;16,977;22,0;21,284095833333332;14,1667;29,7583;42,79860833333333;0,66086428125;1,81577;4;92;6;0,8660254037844387;-0,4999999999999998;0,9999300657962057;-0,011826390691832589;;;;24,41592534866422;1;;24,41592534866422;24,41592534866422;30,314137028583797;27,653147723918874;19,0;17,0;27,461070033722297;22,0547443001667;5,728563962577194;14,0;30,314137028583797;-5,8982116799195765;1,53;28,17;0,6652196791666667;13,5417;1;25,156735168154466;24,773179413721007;23,601991726435156;;;
2023-04-03;25,156735168154466;1,35;59,9272;30,27;29,6507;11,0;19,8788125;13,55;26,5583;53,65277916666667;0,4991014041666666;1,75566;4;93;0;0,8660254037844387;-0,4999999999999998;0,9995786855478958;-0,029025013321975237;;;;25,156735168154466;1;;25,156735168154466;25,156735168154466;24,41592534866422;30,314137028583797;27,653147723918874;21,0;26,628932515134164;22,64856360990305;5,81578573995042;14,0;30,314137028583797;0,740809819490245;1,39;23,23;0,66086428125;14,1667;0;24,773179413721007;23,601991726435156;23,638681962615177;;;
2023-04-04;24,773179413721007;1,3;53,7744;27,28;26,4956;24,0;20,9319375;13,0833;29,7167;47,84374583333334;0,6771203458333334;2,10599;4;94;1;0,8660254037844387;-0,4999999999999998;0,9989315138848577;-0,046215046983708354;;;;24,773179413721007;1;;24,773179413721007;24,773179413721007;25,156735168154466;24,41592534866422;30,314137028583797;18,0;24,781946643513233;23,616160669006053;5,466432761790955;14,0;30,314137028583797;-0,38355575443345913;1,35;30,27;0,4991014041666666;13,55;0;23,601991726435156;23,638681962615177;19,0;;;19,0
2023-04-05;23,601991726435156;1,15;38,8288;24,38;14,4504;18,0;18,9875;11,6833;26,3;41,1145875;0,8452554916666667;2,18334;4;95;2;0,8660254037844387;-0,4999999999999998;0,9979887423155984;-0,06339140486951038;;;;23,601991726435156;1;;23,601991726435156;23,601991726435156;24,773179413721007;25,156735168154466;24,41592534866422;14,0;24,51063543610354;24,987873772782503;3,5035648442783645;19,0;30,314137028583797;-1,171187687285851;1,3;27,28;0,6771203458333334;13,0833;0;23,638681962615177;19,0;16,0;;19,0;16,0
2023-04-06;23,638681962615177;1,14;42,595;26,96;15,6333;20,0;20,496179166666668;12,8667;28,8;43,715270833333335;0,5417085208333333;1,8755;4;96;3;0,8660254037844387;-0,4999999999999998;0,9967506498213929;-0,08054900421874167;;19,0;;23,638681962615177;1;;23,638681962615177;23,638681962615177;23,601991726435156;24,773179413721007;25,156735168154466;19,0;24,004617700923777;25,65054262458467;2,4678457501832187;23,601991726435156;30,314137028583797;0,03669023618002143;1,15;24,38;0,8452554916666667;11,6833;0;19,0;16,0;20,0;19,0;16,0;20,0
2023-04-07;19,0;1,32;57,6819;28,59;29,0951;27,0;21,16284583333333;12,3583;31,4667;41,75000416666666;0,5605706874999999;1,9048;4;97;4;0,8660254037844387;-0,4999999999999998;0,9952176027737294;-0,09768276782171598;;16,0;19,0;19,0;0;19,0;19,0;19,0;23,638681962615177;23,601991726435156;24,773179413721007;27,653147723918874;22,080224563016774;24,414378664024834;3,3182363924232705;19,0;30,314137028583797;-4,638681962615177;1,14;26,96;0,5417085208333333;12,8667;0;16,0;20,0;19,0;16,0;20,0;19,0
2023-04-08;16,0;1,18;39,5209;22,29;17,2352;27,0;20,53785;12,0;29,5583;38,48264583333333;0,6859446041666667;2,29052;4;98;5;0,8660254037844387;-0,4999999999999998;0,9933900548258936;-0,11478762552212701;19,0;20,0;16,0;16,0;0;16,0;16,0;16,0;19,0;23,638681962615177;23,601991726435156;30,314137028583797;19,546227320871726;22,36950194565572;3,4830094871181267;16,0;25,156735168154466;-3,0;1,32;28,59;0,5605706874999999;12,3583;1;20,0;19,0;19,0;20,0;19,0;19,0
2023-04-09;20,0;1,11;27,6032;20,78;6,82658;28,0;19,654870833333334;11,2417;28,8167;45,572925;0,5039624625;1,93852;4;99;6;0,8660254037844387;-0,4999999999999998;0,9912685467787256;-0,13185851571739118;16,0;19,0;20,0;20,0;0;20,0;20,0;20,0;16,0;19,0;23,638681962615177;24,41592534866422;18,333333333333332;21,738655467275116;3,4503393624206966;16,0;25,156735168154466;4,0;1,18;22,29;0,6859446041666667;12,0;1;19,0;19,0;11,0;19,0;19,0;11,0
2023-04-10;19,0;1,19;50,7085;30,12;20,5893;12,0;20,394791666666663;11,475;29,7667;43,79166666666666;0,6446957291666666;2,1814;4;100;0;0,8660254037844387;-0,4999999999999998;0,9888537064205885;-0,1488903868564548;20,0;19,0;19,0;19,0;0;19,0;19,0;19,0;20,0;16,0;19,0;25,156735168154466;18,333333333333332;20,859121871824478;3,2101650996847977;16,0;24,773179413721007;-1,0;1,11;20,78;0,5039624625;11,2417;0;19,0;11,0;10,0;19,0;11,0;10,0
2023-04-11;19,0;1,24;58,6819;26,23;32,4527;17,0;19,50424166666667;11,91;27,1917;54,88195;0,7644385375000001;2,12236;4;101;1;0,8660254037844387;-0,4999999999999998;0,986146248341595;-0,16587819893463143;19,0;11,0;19,0;19,0;0;19,0;19,0;19,0;19,0;20,0;16,0;24,773179413721007;19,333333333333332;20,03438195557862;2,7448763175013937;16,0;23,638681962615177;0,0;1,19;30,12;0,6446957291666666;11,475;0;11,0;10,0;13,0;11,0;10,0;13,0
2023-04-12;11,0;1,08;36,8115;19,24;17,5708;6,0;17,0302125;12,5583;21,3667;69,027775;0,7395680495833333;2,2703;4;102;2;0,8660254037844387;-0,4999999999999998;0,9831469737221499;-0,1828169249850199;19,0;10,0;11,0;11,0;0;11,0;11,0;11,0;19,0;19,0;20,0;23,601991726435156;16,333333333333332;18,23409742323074;3,9032277892913188;11,0;23,638681962615177;-8,0;1,24;26,23;0,7644385375000001;11,91;0;10,0;13,0;20,0;10,0;13,0;20,0
2023-04-13;10,0;1,03;23,4943;14,72;8,77565;12,0;16,246925;11,2333;21,7417;69,811625;0,9681986666666668;2,27232;4;103;3;0,8660254037844387;-0,4999999999999998;0,9798567700958665;-0,1997015525660636;11,0;13,0;10,0;10,0;0;10,0;10,0;10,0;11,0;19,0;19,0;23,638681962615177;13,333333333333334;16,285714285714285;4,151878519187994;10,0;20,0;-1,0;1,08;19,24;0,7395680495833333;12,5583;0;13,0;20,0;21,0;13,0;20,0;21,0
2023-04-14;13,0;1,16;36,8658;19,14;17,7213;8,0;14,0125125;9,69167;18,6417;76,4305625;0,7209472333333333;1,68057;4;104;4;0,8660254037844387;-0,4999999999999998;0,9762766110869321;-0,21652708524481437;10,0;20,0;13,0;13,0;0;13,0;13,0;13,0;10,0;11,0;19,0;19,0;11,333333333333334;15,428571428571429;4,117326918327032;10,0;20,0;3,0;1,03;14,72;0,9681986666666668;11,2333;0;20,0;21,0;18,0;20,0;21,0;18,0
2023-04-15;20,0;1,15;20,3994;14,56;5,83931;18,0;15,217366666666663;10,8417;21,1833;72,06252083333334;0,7477988708333333;1,99247;4;105;5;0,8660254037844387;-0,4999999999999998;0,9724075561219968;-0,23328854407545518;13,0;21,0;20,0;20,0;0;20,0;20,0;20,0;13,0;10,0;11,0;16,0;14,333333333333334;16,0;4,4721359549995165;10,0;20,0;7,0;1,16;19,14;0,7209472333333333;9,69167;1;21,0;18,0;19,0;21,0;18,0;19,0
2023-04-16;21,0;1,29;22,1957;16,47;5,72241;15,0;13,846527916666666;9,33334;19,5667;72,97918333333332;0,56042675;1,63012;4;106;6;0,8660254037844387;-0,4999999999999998;0,9682507501166718;-0,2499809690726521;20,0;18,0;21,0;21,0;0;21,0;21,0;21,0;20,0;13,0;10,0;20,0;18,0;16,142857142857142;4,634241089562553;10,0;21,0;1,0;1,15;14,56;0,7477988708333333;10,8417;1;18,0;19,0;30,0;18,0;19,0;30,0
2023-04-17;18,0;1,16;35,0486;20,0;15,0439;11,0;12,937869999999998;7,40833;20,1833;70,68939545454545;0,6848285333333334;2,06289;4;107;0;0,8660254037844387;-0,4999999999999998;0,9638074231367307;-0,26659942067929354;21,0;19,0;18,0;18,0;0;18,0;18,0;18,0;21,0;20,0;13,0;19,0;19,666666666666668;16,0;4,5460605656618895;10,0;21,0;-3,0;1,29;16,47;0,56042675;9,33334;0;19,0;30,0;21,0;19,0;30,0;21,0
2023-04-18;19,0;1,31;64,5314;30,23;34,3058;10,0;13,745098333333331;7,26667;21,9583;57,559025;0,4599844791666667;1,50897;4;108;1;0,8660254037844387;-0,4999999999999998;0,9590788900341131;-0,28313898122818354;18,0;30,0;19,0;19,0;0;19,0;19,0;19,0;18,0;21,0;20,0;19,0;19,333333333333332;16,0;4,5460605656618895;10,0;21,0;1,0;1,16;20,0;0,6848285333333334;7,40833;0;30,0;21,0;15,0;30,0;21,0;15,0
2023-04-19;30,0;1,95;149,28;44,98;104,295;10,0;16,872567916666664;7,18333;28,05;46,09723333333333;0,3113487333333333;0,980674;4;109;2;0,8660254037844387;-0,4999999999999998;0,9540665500578387;-0,2995947563972602;19,0;21,0;30,0;30,0;0;30,0;30,0;30,0;19,0;18,0;21,0;11,0;22,333333333333332;18,714285714285715;6,369570517030806;10,0;30,0;11,0;1,31;30,23;0,4599844791666667;7,26667;0;21,0;15,0;28,0;21,0;15,0;28,0
2023-04-20;21,0;1,5;88,3387;31,01;57,3266;13,0;16,6218125;9,675;25,1833;51,88890416666666;1,1358029583333331;2,90398;4;110;3;0,8660254037844387;-0,4999999999999998;0,9487718864399473;-0,31596187665790293;30,0;15,0;21,0;21,0;0;21,0;21,0;21,0;30,0;19,0;18,0;10,0;23,333333333333332;20,285714285714285;5,089672082242772;13,0;30,0;-9,0;1,95;44,98;0,3113487333333333;7,18333;0;15,0;28,0;21,0;15,0;28,0;21,0
2023-04-21;15,0;1,15;34,8034;21,48;13,3196;7,0;13,915041666666667;10,6833;19,925;77,864575;0,5543458416666667;1,34757;4;111;4;0,8660254037844387;-0,4999999999999998;0,9431964659565866;-0,33223549871590435;21,0;28,0;15,0;15,0;0;15,0;15,0;15,0;21,0;30,0;19,0;13,0;22,0;20,571428571428573;4,649628761422487;15,0;30,0;-6,0;1,5;31,01;1,1358029583333331;9,675;0;28,0;21,0;25,0;28,0;21,0;25,0
2023-04-22;28,0;1,57;65,5372;24,44;41,1021;18,0;15,873611250000002;9,15834;24,0167;67,94824166666668;0,5830207458333333;1,6457;4;112;5;0,8660254037844387;-0,4999999999999998;0,9373419384643772;-0,3484108069446808;15,0;21,0;28,0;28,0;0;28,0;28,0;28,0;15,0;21,0;30,0;20,0;21,333333333333332;21,714285714285715;5,407226205560007;15,0;30,0;13,0;1,15;21,48;0,5543458416666667;10,6833;1;21,0;25,0;26,0;21,0;25,0;26,0
2023-04-23;21,0;1,27;28,4133;16,16;12,2525;15,0;15,195766666666666;10,6583;20,5333;74,0173625;0,7969833125;1,93904;4;113;6;0,8660254037844387;-0,4999999999999998;0,9312100364121947;-0,3644830148102912;28,0;25,0;21,0;21,0;0;21,0;21,0;21,0;28,0;15,0;21,0;21,0;21,333333333333332;21,714285714285715;5,407226205560007;15,0;30,0;-7,0;1,57;24,44;0,5830207458333333;9,15834;1;25,0;26,0;40,0;25,0;26,0;40,0
2023-04-24;25,0;1,48;62,9388;27,47;35,4724;9,0;15,012250833333333;8,55833;23,4273;73,75694166666666;0,5823382874999999;1,88162;4;114;0;0,8660254037844387;-0,4999999999999998;0,9248025743285089;-0,38044736628785164;21,0;26,0;25,0;25,0;0;25,0;25,0;25,0;21,0;28,0;15,0;18,0;24,666666666666668;22,714285714285715;5,25085027128257;15,0;30,0;4,0;1,27;16,16;0,7969833125;10,6583;0;26,0;40,0;43,0;26,0;40,0;43,0
2023-04-25;26,0;1,63;91,6923;35,2;56,4932;10,0;16,820488333333333;9,53333;26,3833;64,10764583333334;0,603993675;1,99735;4;115;1;0,8660254037844387;-0,4999999999999998;0,9181214482844364;-0,39629913726891813;25,0;40,0;26,0;26,0;0;26,0;26,0;26,0;25,0;21,0;28,0;19,0;24,0;23,714285714285715;5,089672082242786;15,0;30,0;1,0;1,48;27,47;0,5823382874999999;8,55833;0;40,0;43,0;34,0;40,0;43,0;34,0
2023-04-26;40,0;1,77;123,095;43,64;79,4583;8,0;17,552083333333332;13,0917;24,525;63,1875;0,3604856458333333;1,26596;4;116;2;0,8660254037844387;-0,4999999999999998;0,9111686353326631;-0,41203363695942635;26,0;43,0;40,0;40,0;0;40,0;40,0;40,0;26,0;25,0;21,0;30,0;30,333333333333332;25,142857142857142;7,8193898190879905;15,0;40,0;14,0;1,63;35,2;0,603993675;9,53333;0;43,0;34,0;11,0;43,0;34,0;11,0
2023-04-27;43,0;1,39;40,9232;25,99;14,9382;13,0;13,654899166666668;8,78334;20,15;77,95491249999999;0,9086378333333331;2,31866;4;117;3;0,8660254037844387;-0,4999999999999998;0,9039461929224011;-0,42764620926777464;40,0;34,0;43,0;43,0;0;43,0;43,0;43,0;40,0;26,0;25,0;21,0;36,333333333333336;28,285714285714285;9,995236960911022;15,0;43,0;3,0;1,77;43,64;0,3604856458333333;13,0917;0;34,0;11,0;7,0;34,0;11,0;7,0
2023-04-28;34,0;1,31;30,2264;21,05;9,172;10,0;13,821383333333332;10,6583;20,0417;77,8327;0,9003860416666667;2,56382;4;118;4;0,8660254037844387;-0,4999999999999998;0,8964562582905575;-0,44313223418263453;43,0;11,0;34,0;34,0;0;34,0;34,0;34,0;43,0;40,0;26,0;15,0;39,0;31,0;8,205689083394116;21,0;43,0;-9,0;1,39;25,99;0,9086378333333331;8,78334;0;11,0;7,0;20,0;11,0;7,0;20,0
2023-04-29;11,0;1,22;25,8098;17,81;8,00375;4,0;14,3197875;13,0833;16,1417;85,54514166666667;0,7299847083333333;2,10907;4;119;5;0,8660254037844387;-0,4999999999999998;0,8887010478292915;-0,45848712914008766;34,0;7,0;11,0;11,0;0;11,0;11,0;11,0;34,0;43,0;40,0;28,0;29,333333333333332;28,571428571428573;11,207990347026872;11,0;43,0;-23,0;1,31;21,05;0,9003860416666667;10,6583;1;7,0;20,0;28,0;7,0;20,0;28,0
2023-04-30;7,0;1,25;22,3942;10,5;11,8904;11,0;12,007299166666668;7,71667;15,5;79,44030833333333;0,8837634875;1,83459;4;120;6;0,8660254037844387;-0,4999999999999998;0,8806828564301475;-0,47370635037968;11,0;20,0;7,0;7,0;0;7,0;7,0;7,0;11,0;34,0;43,0;21,0;17,333333333333332;26,571428571428573;13,745995087747586;7,0;43,0;-4,0;1,22;17,81;0,7299847083333333;13,0833;1;20,0;28,0;34,0;20,0;28,0;34,0
2023-05-01;20,0;0,98;51,8989;16,68;35,2168;11,0;10,885039583333333;4,93333;18,1909;73,06779583333334;0,3900311375;1,62731;5;121;0;0,49999999999999994;-0,8660254037844387;0,8724040568049612;-0,48878539428899265;7,0;28,0;20,0;20,0;0;20,0;20,0;20,0;7,0;11,0;34,0;25,0;12,666666666666666;25,857142857142858;13,969354213522431;7,0;43,0;13,0;1,25;10,5;0,8837634875;7,71667;0;28,0;34,0;41,0;28,0;34,0;41,0
2023-05-02;28,0;1,15;75,9023;27,95;47,953;7,0;11,397563333333332;4,55;19,35;69,16945;0,4719255;1,76256;5;122;1;0,49999999999999994;-0,8660254037844387;0,8638670987837349;-0,503719798736334;20,0;34,0;28,0;28,0;0;28,0;28,0;28,0;20,0;7,0;11,0;26,0;18,333333333333332;26,142857142857142;13,993195625357474;7,0;43,0;8,0;0,98;16,68;0,3900311375;4,93333;0;34,0;41,0;50,0;34,0;41,0;50,0
2023-05-03;34,0;1,07;94,8307;35,22;59,6116;8,0;11,918050833333334;5,18333;20,325;68,1423625;0,4799951875;1,73021;5;123;2;0,49999999999999994;-0,8660254037844387;0,8550745085896932;-0,518505144391157;28,0;41,0;34,0;34,0;0;34,0;34,0;34,0;28,0;20,0;7,0;40,0;27,333333333333332;25,285714285714285;13,161994348809566;7,0;43,0;6,0;1,15;27,95;0,4719255;4,55;0;41,0;50,0;52,0;41,0;50,0;52,0
2023-05-04;41,0;1,17;84,0771;32,85;51,2262;9,0;10,545492083333334;5,11667;17,8417;78,36462083333333;0,5641683458333333;1,58336;5;124;3;0,49999999999999994;-0,8660254037844387;0,8460288880917339;-0,533137056031809;34,0;50,0;41,0;41,0;0;41,0;41,0;41,0;34,0;28,0;20,0;43,0;34,333333333333336;25,0;12,727922061357843;7,0;41,0;7,0;1,07;35,22;0,4799951875;5,18333;0;50,0;52,0;78,0;50,0;52,0;78,0
2023-05-05;50,0;1,37;92,5459;34,83;57,718;10,0;12,020833333333334;5,94167;19,7417;74,69443333333334;0,5860530083333334;1,96444;5;125;4;0,49999999999999994;-0,8660254037844387;0,8367329140344921;-0,5476112038402312;41,0;52,0;50,0;50,0;0;50,0;50,0;50,0;41,0;34,0;28,0;34,0;41,666666666666664;27,285714285714285;15,702593052468384;7,0;50,0;9,0;1,17;32,85;0,5641683458333333;5,11667;0;52,0;78,0;61,0;52,0;78,0;61,0
2023-05-06;52,0;1,61;83,4023;26,25;57,1567;6,0;8,912852083333334;5,81667;12,9417;87,43058333333333;0,6823194416666666;2,12364;5;126;5;0,49999999999999994;-0,8660254037844387;0,8271893372462497;-0,5619233046832195;50,0;78,0;52,0;52,0;0;52,0;52,0;52,0;50,0;41,0;34,0;11,0;47,666666666666664;33,142857142857146;16,252472339396775;7,0;52,0;2,0;1,37;34,83;0,5860530083333334;5,94167;1;78,0;61,0;45,0;78,0;61,0;45,0
2023-05-07;78,0;1,91;101,178;35,18;65,9988;14,0;11,724271666666668;4,20833;22,2583;75,37577499999999;0,3767247583333333;1,18977;5;127;6;0,49999999999999994;-0,8660254037844387;0,8174009818249189;-0,5760691233798758;52,0;61,0;78,0;78,0;0;78,0;78,0;78,0;52,0;50,0;41,0;7,0;60,0;43,285714285714285;19,11992229512006;20,0;78,0;26,0;1,61;26,25;0,6823194416666666;5,81667;1;61,0;45,0;50,0;61,0;45,0;50,0
2023-05-08;61,0;2,01;144,054;48,68;95,3719;7,0;14,43229125;5,23333;26,8667;57,89205833333333;0,3795406708333333;1,01418;5;128;0;0,49999999999999994;-0,8660254037844387;0,8073707443023492;-0,5900444739548627;78,0;45,0;61,0;61,0;0;61,0;61,0;61,0;78,0;52,0;50,0;20,0;63,666666666666664;49,142857142857146;16,955122838723145;28,0;78,0;-17,0;1,91;35,18;0,3767247583333333;4,20833;0;45,0;50,0;39,0;45,0;50,0;39,0
2023-05-09;45,0;2,0;182,291;53,89;128,406;6,0;16,593755416666667;7,75833;28,4333;46,28472083333333;0,3899393208333333;0,764774;5;129;1;0,49999999999999994;-0,8660254037844387;0,7971015927871943;-0,6038452208771035;61,0;50,0;45,0;45,0;0;45,0;45,0;45,0;61,0;78,0;52,0;28,0;61,333333333333336;51,57142857142857;14,45518526178;34,0;78,0;-16,0;2,01;48,68;0,3795406708333333;5,23333;0;50,0;39,0;31,0;50,0;39,0;31,0
2023-05-10;50,0;1,86;170,848;56,29;114,56;6,0;16,797572916666667;9,48334;27,05;47,0833375;0,43665675;1,43596;5;130;2;0,49999999999999994;-0,8660254037844387;0,7865965660866021;-0,6174672802835514;45,0;39,0;50,0;50,0;0;50,0;50,0;50,0;45,0;61,0;78,0;34,0;52,0;53,857142857142854;12,321100754783423;41,0;78,0;5,0;2,0;53,89;0,3899393208333333;7,75833;0;39,0;31,0;42,0;39,0;31,0;42,0
2023-05-11;39,0;1,68;135,796;45,77;90,0248;7,0;17,40825;10,2167;27,0909;49,25000416666666;0,4829678;1,9779;5;131;3;0,49999999999999994;-0,8660254037844387;0,7758587728069828;-0,6309066211876704;50,0;31,0;39,0;39,0;0;39,0;39,0;39,0;50,0;45,0;61,0;41,0;44,666666666666664;53,57142857142857;12,686700948330962;39,0;78,0;-11,0;1,86;56,29;0,43665675;9,48334;0;31,0;42,0;40,0;31,0;42,0;40,0
2023-05-12;31,0;1,78;141,216;38,8;102,414;6,0;17,381595833333332;9,325;28,5;51,11110416666667;0,45427875;1,79847;5;132;4;0,49999999999999994;-0,8660254037844387;0,7648913904341225;-0,6441592666722685;39,0;42,0;31,0;31,0;0;31,0;31,0;31,0;39,0;50,0;45,0;50,0;40,0;50,857142857142854;15,33436849507856;31,0;78,0;-8,0;1,68;45,77;0,4829678;10,2167;0;42,0;40,0;35,0;42,0;40,0;35,0
2023-05-13;42,0;1,96;123,615;42,14;81,4775;12,0;17,01524625;9,05833;27,3083;55,96180833333333;0,4647511124999999;1,39013;5;133;5;0,49999999999999994;-0,8660254037844387;0,753697664392914;-0,6572212950663319;31,0;40,0;42,0;42,0;0;42,0;42,0;42,0;31,0;39,0;50,0;52,0;37,333333333333336;49,42857142857143;15,672238117736994;31,0;78,0;11,0;1,78;38,8;0,45427875;9,325;1;40,0;35,0;34,0;40,0;35,0;34,0
2023-05-14;40,0;1,85;91,4893;30,83;60,6604;15,0;15,277439583333331;8,94167;25,6083;64,3888875;0,89871685;2,46551;5;134;6;0,49999999999999994;-0,8660254037844387;0,742280907086982;-0,6700888411055113;42,0;35,0;40,0;40,0;0;40,0;40,0;40,0;42,0;31,0;39,0;78,0;37,666666666666664;44,0;9,486832980505172;31,0;61,0;-2,0;1,96;42,14;0,4647511124999999;9,05833;1;35,0;34,0;14,0;35,0;34,0;14,0
2023-05-15;35,0;1,02;36,9348;21,48;15,4507;9,0;13,108341666666668;10,025;16,1417;81,92019166666667;0,6913405250000001;1,464;5;135;0;0,49999999999999994;-0,8660254037844387;0,7306444969184916;-0,6827580970759147;40,0;34,0;35,0;35,0;0;35,0;35,0;35,0;40,0;42,0;31,0;61,0;39,0;40,285714285714285;6,264031867583036;31,0;50,0;-5,0;1,85;30,83;0,89871685;8,94167;0;34,0;14,0;26,0;34,0;14,0;26,0
2023-05-16;34,0;1,03;42,6675;20,73;21,9422;9,0;14,169766666666666;10,3909;19,1833;77,75695416666666;1,0477618208333337;2,19585;5;136;1;0,49999999999999994;-0,8660254037844387;0,7187918772884232;-0,6952253139408722;35,0;14,0;34,0;34,0;0;34,0;34,0;34,0;35,0;40,0;42,0;45,0;36,333333333333336;38,714285714285715;6,264031867583034;31,0;50,0;-1,0;1,02;21,48;0,6913405250000001;10,025;0;14,0;26,0;29,0;14,0;26,0;29,0
2023-05-17;14,0;1,04;50,9741;18,44;32,537;5,0;13,013883333333332;10,1167;17,6667;84,44030416666666;0,515759675;1,34835;5;137;2;0,49999999999999994;-0,8660254037844387;0,7067265555776158;-0,7074868024503348;34,0;26,0;14,0;14,0;0;14,0;14,0;14,0;34,0;35,0;40,0;50,0;27,666666666666668;33,57142857142857;9,43145698990254;14,0;42,0;-20,0;1,03;20,73;1,0477618208333337;10,3909;0;26,0;29,0;43,0;26,0;29,0;43,0
2023-05-18;26,0;1,47;100,978;27,61;73,3651;5,0;13,337155416666668;6,99167;20,9917;74,73059166666667;0,3898686458333333;1,25863;5;138;3;0,49999999999999994;-0,8660254037844387;0,6944521021088763;-0,719538934232584;14,0;29,0;26,0;26,0;0;26,0;26,0;26,0;14,0;34,0;35,0;39,0;24,666666666666668;31,714285714285715;9,464218328601104;14,0;42,0;12,0;1,04;18,44;0,515759675;10,1167;0;29,0;43,0;40,0;29,0;43,0;40,0
2023-05-19;29,0;1,16;70,3361;31,5;38,8319;6,0;14,014920833333331;8,66667;20,8833;70,1458375;0,4195262079166666;1,30856;5;139;4;0,49999999999999994;-0,8660254037844387;0,6819721490904629;-0,7313781428679254;26,0;43,0;29,0;29,0;0;29,0;29,0;29,0;26,0;14,0;34,0;31,0;23,0;31,428571428571427;9,519403742832223;14,0;42,0;3,0;1,47;27,61;0,3898686458333333;6,99167;0;43,0;40,0;26,0;43,0;40,0;26,0
2023-05-20;43,0;1,58;93,4395;27,78;65,6635;13,0;12,81562625;6,125;21,6;69,70485833333333;0,5001482666666667;2,05939;5;140;5;0,49999999999999994;-0,8660254037844387;0,6692903895412567;-0,7430009249440493;29,0;40,0;43,0;43,0;0;43,0;43,0;43,0;29,0;26,0;14,0;42,0;32,666666666666664;31,571428571428573;9,710083124552272;14,0;43,0;14,0;1,16;31,5;0,4195262079166666;8,66667;1;40,0;26,0;40,0;40,0;26,0;40,0
2023-05-21;40,0;1,17;44,4738;27,08;17,3907;4,0;10,614139583333332;8,24167;12,8917;77,67360833333333;0,54206725;1,1417;5;141;6;0,49999999999999994;-0,8660254037844387;0,6564105761979381;-0,7544038410927472;43,0;26,0;40,0;40,0;0;40,0;40,0;40,0;43,0;29,0;26,0;40,0;37,333333333333336;31,571428571428573;9,710083124552272;14,0;43,0;-3,0;1,58;27,78;0,5001482666666667;6,125;1;26,0;40,0;32,0;26,0;40,0;32,0
2023-05-22;26,0;1,42;114,066;32,49;81,5709;4,0;11,995105;9,05;15,0417;79,71808333333333;0,6610708125;1,43975;5;142;0;0,49999999999999994;-0,8660254037844387;0,6433365204044917;-0,765583517007675;40,0;40,0;26,0;26,0;0;26,0;26,0;26,0;40,0;43,0;29,0;35,0;36,333333333333336;30,285714285714285;9,776064063386094;14,0;43,0;-14,0;1,17;27,08;0,54206725;8,24167;0;40,0;32,0;46,0;40,0;32,0;46,0
2023-05-23;40,0;2,18;212,009;38,67;173,343;1,0;11,709716666666669;10,1083;13,4417;86,59725416666667;0,4829864416666666;2,40224;5;143;1;0,49999999999999994;-0,8660254037844387;0,6300720909843687;-0,7765366444428655;26,0;32,0;40,0;40,0;0;40,0;40,0;40,0;26,0;40,0;43,0;34,0;35,333333333333336;31,142857142857142;10,39917579151625;14,0;43,0;14,0;1,42;32,49;0,6610708125;9,05;0;32,0;46,0;25,0;32,0;46,0;25,0
2023-05-24;32,0;1,69;144,654;28,68;115,973;1,0;11,187116666666666;8,35001;14,825;86,81394166666666;0,3163891916666667;1,00774;5;144;2;0,49999999999999994;-0,8660254037844387;0,6166212130956382;-0,7872599821916922;40,0;46,0;32,0;32,0;0;32,0;32,0;32,0;40,0;26,0;40,0;14,0;32,666666666666664;33,714285714285715;7,181324987175352;26,0;43,0;-8,0;2,18;38,67;0,4829864416666666;10,1083;0;46,0;25,0;33,0;46,0;25,0;33,0
2023-05-25;46,0;1,72;146,203;30,89;115,318;1,0;11,097577083333334;9,47501;13,0;88,64207499999999;0,4186137583333333;1,05236;5;145;3;0,49999999999999994;-0,8660254037844387;0,6029878670694714;-0,7977503570459932;32,0;25,0;46,0;46,0;0;46,0;46,0;46,0;32,0;40,0;26,0;26,0;39,333333333333336;36,57142857142857;7,568732673685525;26,0;46,0;14,0;1,69;28,68;0,3163891916666667;8,35001;0;25,0;33,0;63,0;25,0;33,0;63,0
2023-05-26;25,0;1,13;65,7495;23,77;41,9773;3,0;10,831601666666666;4,85833;16,7417;78,93059583333333;0,4697518583333333;1,32858;5;146;4;0,49999999999999994;-0,8660254037844387;0,5891760872322963;-0,8080046647350754;46,0;33,0;25,0;25,0;0;25,0;25,0;25,0;46,0;32,0;40,0;29,0;34,333333333333336;36,0;8,346656017032641;25,0;46,0;-21,0;1,72;30,89;0,4186137583333333;9,47501;0;33,0;63,0;63,0;33,0;63,0;63,0
2023-05-27;33,0;1,29;72,5852;31,0;41,5872;5,0;12,488572499999998;7,06667;20,375;72,33712916666667;0,3062615470833333;1,12822;5;147;5;0,49999999999999994;-0,8660254037844387;0,5751899607119775;-0,8180198708443174;25,0;63,0;33,0;33,0;0;33,0;33,0;33,0;25,0;46,0;32,0;43,0;34,666666666666664;34,57142857142857;7,785823502947401;25,0;46,0;8,0;1,13;23,77;0,4697518583333333;4,85833;1;63,0;63,0;64,0;63,0;63,0;64,0
2023-05-28;63,0;2,16;122,419;37,37;85,0468;3,0;11,582636666666666;6,28333;18,025;76,45904166666666;0,4254791470833334;1,43721;5;148;6;0,49999999999999994;-0,8660254037844387;0,5610336262283677;-0,8277930117131022;33,0;63,0;63,0;63,0;0;63,0;63,0;63,0;33,0;25,0;46,0;40,0;40,333333333333336;37,857142857142854;13,334523756382316;25,0;63,0;30,0;1,29;31,0;0,3062615470833333;7,06667;1;63,0;64,0;67,0;63,0;64,0;67,0
2023-05-29;63,0;1,79;124,766;45,02;79,7435;6,0;15,00941;9,60834;23,6167;65,16319583333333;0,4786731;1,13388;5;149;0;0,49999999999999994;-0,8660254037844387;0,5467112728685939;-0,8373211953118121;63,0;64,0;63,0;63,0;0;63,0;63,0;63,0;63,0;33,0;25,0;26,0;53,0;43,142857142857146;15,071259308460515;25,0;63,0;0,0;2,16;37,37;0,4254791470833334;6,28333;0;64,0;67,0;45,0;64,0;67,0;45,0
2023-05-30;64,0;1,87;154,6;52,39;102,21;2,0;13,289585;8,05;19,8917;67,22220833333334;0,3911016624999999;0,925663;5;150;1;0,49999999999999994;-0,8660254037844387;0,5322271388474397;-0,8466016020976267;63,0;67,0;64,0;64,0;0;64,0;64,0;64,0;63,0;63,0;33,0;40,0;63,333333333333336;46,57142857142857;16,86077442722353;25,0;64,0;1,0;1,79;45,02;0,4786731;9,60834;0;67,0;45,0;35,0;67,0;45,0;35,0
2023-05-31;67,0;2,07;166,425;54,52;111,903;5,0;13,907994583333334;6,35;21,7167;66,12223333333334;0,4454315;1,4851;5;151;2;0,49999999999999994;-0,8660254037844387;0,5175855102531889;-0,8556314858488706;64,0;45,0;67,0;67,0;0;67,0;67,0;67,0;64,0;63,0;63,0;32,0;64,66666666666667;51,57142857142857;17,008401285415243;25,0;67,0;3,0;1,87;52,39;0,3911016624999999;8,05;0;45,0;35,0;31,0;45,0;35,0;31,0
2023-06-01;45,0;1,87;144,666;41,5;103,164;7,0;13,309654583333334;8,10834;19,3167;64,79514999999999;0,7474446208333333;1,84864;6;152;3;1,2246467991473532e-16;-1,0;0,5027907197793043;-0,8644081744776648;67,0;35,0;45,0;45,0;0;45,0;45,0;45,0;67,0;64,0;63,0;46,0;58,666666666666664;51,42857142857143;17,06709448868538;25,0;67,0;-22,0;2,07;54,52;0,4454315;6,35;0;35,0;31,0;43,0;35,0;31,0;43,0
2023-06-02;35,0;1,55;115,807;35,02;80,7894;3,0;12,865342916666668;8,69167;19,3083;74,66288333333334;0,6829461499999999;1,91317;6;153;4;1,2246467991473532e-16;-1,0;0,4878471454423119;-0,8729290708206411;45,0;31,0;35,0;35,0;0;35,0;35,0;35,0;45,0;67,0;64,0;25,0;49,0;52,857142857142854;14,74707396320338;33,0;67,0;-10,0;1,87;41,5;0,7474446208333333;8,10834;0;31,0;43,0;45,0;31,0;43,0;45,0
2023-06-03;31,0;1,51;83,5551;22,38;61,1764;2,0;13,007895833333334;11,2167;15,2667;87,631975;0,43767899875;1,5225;6;154;5;1,2246467991473532e-16;-1,0;0,47275920928627757;-0,881191653407483;35,0;43,0;31,0;31,0;0;31,0;31,0;31,0;35,0;45,0;67,0;33,0;37,0;52,57142857142857;15,208080558890885;31,0;67,0;-4,0;1,55;35,02;0,6829461499999999;8,69167;1;43,0;45,0;52,0;43,0;45,0;52,0
2023-06-04;43,0;1,97;106,78;26,89;79,8901;7,0;13,162154166666667;8,16667;21,1001;77,650025;0,3342344166666666;1,49903;6;155;6;1,2246467991473532e-16;-1,0;0,4575313760742512;-0,8891934772070711;31,0;45,0;43,0;43,0;0;43,0;43,0;43,0;31,0;35,0;45,0;63,0;36,333333333333336;49,714285714285715;14,79543043999608;31,0;67,0;12,0;1,51;22,38;0,43767899875;11,2167;1;45,0;52,0;57,0;45,0;52,0;57,0
2023-06-05;45,0;2,03;163,027;46,02;117,005;4,0;14,244442916666666;7,49167;24,2917;60,896158333333325;0,3257079;0,975792;6;156;0;1,2246467991473532e-16;-1,0;0,44216815196707204;-0,8969321743510065;43,0;52,0;45,0;45,0;0;45,0;45,0;45,0;43,0;31,0;35,0;63,0;39,666666666666664;47,142857142857146;13,618964368709948;31,0;67,0;2,0;1,97;26,89;0,3342344166666666;8,16667;0;52,0;57,0;27,0;52,0;57,0;27,0
2023-06-06;52,0;2,19;207,79;51,71;156,078;1,0;13,719794166666668;8,25;19,6;58,52777916666667;0,3294111666666666;0,720148;6;157;1;1,2246467991473532e-16;-1,0;0,42667408318992467;-0,9044054548343001;45,0;57,0;52,0;52,0;0;52,0;52,0;52,0;45,0;43,0;31,0;64,0;46,666666666666664;45,42857142857143;11,773659058213308;31,0;67,0;7,0;2,03;46,02;0,3257079;7,49167;0;57,0;27,0;10,0;57,0;27,0;10,0
2023-06-07;57,0;2,13;207,219;60,58;146,641;1,0;14,119792083333332;9,16667;23,225;59,68402916666667;0,2853208208333333;0,746886;6;158;2;1,2246467991473532e-16;-1,0;0,4110537546870351;-0,9116111071930239;52,0;27,0;57,0;57,0;0;57,0;57,0;57,0;52,0;45,0;43,0;67,0;51,333333333333336;44,0;9,000000000000039;31,0;57,0;5,0;2,19;51,71;0,3294111666666666;8,25;0;27,0;10,0;13,0;27,0;10,0;13,0
2023-06-08;27,0;1,16;72,973;24,4;48,5699;4,0;11,86736875;6,725;17,7833;83,5271125;0,7793368333333334;2,30118;6;159;3;1,2246467991473532e-16;-1,0;0,3953117887649151;-0,9185469991587165;57,0;10,0;27,0;27,0;0;27,0;27,0;27,0;57,0;52,0;45,0;45,0;45,333333333333336;41,42857142857143;11,01297935554748;27,0;57,0;-30,0;2,13;60,58;0,2853208208333333;9,16667;0;10,0;13,0;32,0;10,0;13,0;32,0
2023-06-09;10,0;0,86;30,1679;18,99;11,1732;2,0;11,428127083333337;8,66666;13,3167;95,13065;0,713666875;1,53746;6;160;4;1,2246467991473532e-16;-1,0;0,37945284372454435;-0,925211078289358;27,0;13,0;10,0;10,0;0;10,0;10,0;10,0;27,0;57,0;52,0;35,0;31,333333333333332;37,857142857142854;16,252472339396792;10,0;57,0;-17,0;1,16;24,4;0,7793368333333334;6,725;0;13,0;32,0;57,0;13,0;32,0;57,0
2023-06-10;13,0;0,91;26,1408;15,9;10,2451;5,0;8,873260416666666;4,275;11,6333;82,5237;0,6691585916666667;1,10318;6;161;5;1,2246467991473532e-16;-1,0;0,36348161248290634;-0,9316013725767187;10,0;32,0;13,0;13,0;0;13,0;13,0;13,0;10,0;27,0;57,0;31,0;16,666666666666668;35,285714285714285;18,750238093726416;10,0;57,0;3,0;0,86;18,99;0,713666875;8,66666;1;32,0;57,0;52,0;32,0;57,0;52,0
2023-06-11;32,0;1,27;48,4429;17,66;30,7852;7,0;5,8340275;1,15;12,65;84,80560416666667;0,4154062416666667;1,26748;6;162;6;1,2246467991473532e-16;-1,0;0,3474028211842774;-0,9377159910299093;13,0;57,0;32,0;32,0;0;32,0;32,0;32,0;13,0;10,0;27,0;43,0;18,333333333333332;33,714285714285715;18,454577442234466;10,0;57,0;19,0;0,91;15,9;0,6691585916666667;4,275;1;57,0;52,0;44,0;57,0;52,0;44,0
2023-06-12;57,0;1,86;143,567;36,65;106,915;2,0;6,835225136363636;0,233333;16,0083;77,90112083333334;0,2443399583333333;0,728635;6;163;0;1,2246467991473532e-16;-1,0;0,3312212278016865;-0,9435531242349544;32,0;52,0;57,0;57,0;0;57,0;57,0;57,0;32,0;13,0;10,0;45,0;34,0;35,42857142857143;20,156530313665467;10,0;57,0;25,0;1,27;17,66;0,4154062416666667;1,15;0;52,0;44,0;51,0;52,0;44,0;51,0
2023-06-13;52,0;2,01;188,949;49,31;139,643;2,0;7,744785541666666;0,183333;19,1833;60,49305416666667;0,4036659083333333;1,01967;6;164;1;1,2246467991473532e-16;-1,0;0,31494162072895193;-0,9491110448902284;57,0;44,0;52,0;52,0;0;52,0;52,0;52,0;57,0;32,0;13,0;52,0;47,0;35,42857142857143;20,156530313665467;10,0;57,0;-5,0;1,86;36,65;0,2443399583333333;0,233333;0;44,0;51,0;50,0;44,0;51,0;50,0
2023-06-14;44,0;1,84;183,007;47,44;135,564;2,0;9,290622666666666;0,366667;19,9833;51,19791666666666;0,3371444416666667;0,805858;6;165;2;1,2246467991473532e-16;-1,0;0,2985688173637202;-0,9543881083175908;52,0;51,0;44,0;44,0;0;44,0;44,0;44,0;52,0;57,0;32,0;57,0;51,0;33,57142857142857;18,356262717459174;10,0;57,0;-8,0;2,01;49,31;0,4036659083333333;0,183333;0;51,0;50,0;55,0;51,0;50,0;55,0
2023-06-15;51,0;2,14;207,701;51,22;156,484;4,0;11,960417916666666;4,45;21,325;50,32638333333333;0,3675619166666666;1,08977;6;166;3;1,2246467991473532e-16;-1,0;0,2821076626819194;-0,9593827529490743;44,0;50,0;51,0;51,0;0;51,0;51,0;51,0;44,0;52,0;57,0;27,0;49,0;37,0;19,148542155126776;10,0;57,0;7,0;1,84;47,44;0,3371444416666667;0,366667;0;50,0;55,0;43,0;50,0;55,0;43,0
2023-06-16;50,0;2,54;235,753;49,91;185,839;1,0;10,292601666666666;4,96667;21,6417;58,81481111111111;0,4294210777777778;1,06637;6;167;4;1,2246467991473532e-16;-1,0;0,26556302780405594;-0,9640935007889755;51,0;55,0;50,0;50,0;0;50,0;50,0;50,0;51,0;44,0;52,0;10,0;48,333333333333336;42,714285714285715;15,337473561121328;13,0;57,0;-1,0;2,14;51,22;0,3675619166666666;4,45;0;55,0;43,0;42,0;55,0;43,0;42,0
2023-06-17;55,0;2,65;195,431;53,37;142,061;7,0;14,354860833333332;5,8;26,3583;47,159725;0,492370125;0,682699;6;168;5;1,2246467991473532e-16;-1,0;0,24893980855376657;-0,9685189578512204;50,0;43,0;55,0;55,0;0;55,0;55,0;55,0;50,0;51,0;44,0;13,0;52,0;48,714285714285715;8,440266301373175;32,0;57,0;5,0;2,54;49,91;0,4294210777777778;4,96667;1;43,0;42,0;39,0;43,0;42,0;39,0
2023-06-18;43,0;1,79;91,2427;25,21;66,0288;8,0;9,6294425;5,74167;12,825;72,2153125;0,73294025;2,29707;6;169;6;1,2246467991473532e-16;-1,0;0,23224292400907015;-0,9726578145718654;55,0;42,0;43,0;43,0;0;43,0;43,0;43,0;55,0;50,0;51,0;32,0;49,333333333333336;50,285714285714285;5,219012860502988;43,0;57,0;-12,0;2,65;53,37;0,492370125;5,8;1;42,0;39,0;35,0;42,0;39,0;35,0
2023-06-19;42,0;1,42;74,6697;32,72;41,953;5,0;12,348965416666667;8,81667;17,6917;73,02746666666667;0,5127953125;1,36265;6;170;0;1,2246467991473532e-16;-1,0;0,21547731504673012;-0,976508846196619;43,0;39,0;42,0;42,0;0;42,0;42,0;42,0;43,0;55,0;50,0;57,0;46,666666666666664;48,142857142857146;5,080307452263512;42,0;55,0;-1,0;1,79;25,21;0,73294025;5,74167;0;39,0;35,0;17,0;39,0;35,0;17,0
2023-06-20;39,0;1,43;104,045;32,33;71,7123;3,0;11,207984583333332;8,13335;15,8667;80,878475;0,5045331166666667;1,81205;6;171;1;1,2246467991473532e-16;-1,0;0,19864794288017112;-0,9800709131432666;42,0;35,0;39,0;39,0;0;39,0;39,0;39,0;42,0;43,0;55,0;52,0;41,333333333333336;46,285714285714285;5,765248931147346;39,0;55,0;-3,0;1,42;32,72;0,5127953125;8,81667;0;35,0;17,0;15,0;35,0;17,0;15,0
2023-06-21;35,0;1,29;58,5853;25,89;32,6937;2,0;11,99097;9,14999;13,775;84,6906625;0,4301924166666666;1,37509;6;172;2;1,2246467991473532e-16;-1,0;0,18175978759137534;-0,9833429613388902;39,0;17,0;35,0;35,0;0;35,0;35,0;35,0;39,0;42,0;43,0;44,0;38,666666666666664;45,0;7,187952884282634;35,0;55,0;-4,0;1,43;32,33;0,5045331166666667;8,13335;0;17,0;15,0;16,0;17,0;15,0;16,0
2023-06-22;17,0;1,3;77,7924;26,91;50,8801;1,0;12,704508333333337;10,85;14,3833;94,972025;0,8568540416666667;3,70289;6;173;3;1,2246467991473532e-16;-1,0;0,16481784665719793;-0,9863240225317866;35,0;15,0;17,0;17,0;0;17,0;17,0;17,0;35,0;39,0;42,0;51,0;30,333333333333332;40,142857142857146;12,198750911856681;17,0;55,0;-18,0;1,29;25,89;0,4301924166666666;9,14999;0;15,0;16,0;24,0;15,0;16,0;24,0
2023-06-23;15,0;1,55;107,735;23,27;84,4646;1,0;14,498258333333332;13,5417;15,9;98,62502916666666;0,5647923083333334;2,40524;6;174;4;1,2246467991473532e-16;-1,0;0,14782713347053048;-0,9890132145779883;17,0;16,0;15,0;15,0;0;15,0;15,0;15,0;17,0;35,0;39,0;50,0;22,333333333333332;35,142857142857146;14,450243036348013;15,0;55,0;-2,0;1,3;26,91;0,8568540416666667;10,85;0;16,0;24,0;18,0;16,0;24,0;18,0
2023-06-24;16,0;1,45;66,0425;18,11;47,9345;1,0;14,169383333333334;12,5583;16,05;94,63824583333331;0,6377379666666666;2,01858;6;175;5;1,2246467991473532e-16;-1,0;0,13079267585675922;-0,9914097417023038;15,0;24,0;16,0;16,0;0;16,0;16,0;16,0;15,0;17,0;35,0;55,0;16,0;29,571428571428573;12,9596443219859;15,0;43,0;1,0;1,55;23,27;0,5647923083333334;13,5417;1;24,0;18,0;17,0;24,0;18,0;17,0
2023-06-25;24,0;1,32;56,5875;15,72;40,865;1,0;13,624308333333332;12,1833;15,2417;95,166375;0,3971756791666667;1,21298;6;176;6;1,2246467991473532e-16;-1,0;0,11371951458594969;-0,9935128947338007;16,0;18,0;24,0;24,0;0;24,0;24,0;24,0;16,0;15,0;17,0;43,0;18,333333333333332;26,857142857142858;11,596386957849885;15,0;42,0;8,0;1,45;18,11;0,6377379666666666;12,5583;1;18,0;17,0;47,0;18,0;17,0;47,0
2023-06-26;18,0;1,3;50,745;13,41;37,3361;1,0;12,8295125;11,7167;14,2583;96,716;0,3610469125;1,70045;6;177;0;1,2246467991473532e-16;-1,0;0,0966127018812031;-0,9953220513156602;24,0;17,0;18,0;18,0;0;18,0;18,0;18,0;24,0;16,0;15,0;42,0;19,333333333333332;23,428571428571427;9,778499251881554;15,0;39,0;-6,0;1,32;15,72;0,3971756791666667;12,1833;0;17,0;47,0;51,0;17,0;47,0;51,0
2023-06-27;17,0;1,28;95,4279;24,38;71,048;2,0;9,624582916666666;6,45833;12,5083;82,3778;0,3822681916666666;1,69083;6;178;1;1,2246467991473532e-16;-1,0;0,07947729992362097;-0,9968366760893436;18,0;47,0;17,0;17,0;0;17,0;17,0;17,0;18,0;24,0;16,0;39,0;19,666666666666668;20,285714285714285;7,11135912265926;15,0;35,0;-1,0;1,3;13,41;0,3610469125;11,7167;0;47,0;51,0;48,0;47,0;51,0;48,0
2023-06-28;47,0;2,2;222,105;34,24;187,861;1,0;7,802424999999999;3,375;12,6833;88,798625;0,3349705833333333;0,979193;6;179;2;1,2246467991473532e-16;-1,0;0,062318379354325076;-0,998056320853012;17,0;51,0;47,0;47,0;0;47,0;47,0;47,0;17,0;18,0;24,0;35,0;27,333333333333332;22,0;11,401754250991402;15,0;47,0;30,0;1,28;24,38;0,3822681916666666;6,45833;0;51,0;48,0;40,0;51,0;48,0;40,0
2023-06-29;51,0;2,63;248,061;42,85;205,209;2,0;10,427085;3,3;19,8583;73,874325;0,4652237624999999;1,22526;6;180;3;1,2246467991473532e-16;-1,0;0,04514101777397193;-0,9989806246941579;47,0;48,0;51,0;51,0;0;51,0;51,0;51,0;47,0;17,0;18,0;17,0;38,333333333333336;26,857142857142858;15,442674330445197;15,0;51,0;4,0;2,2;34,24;0,3349705833333333;3,375;0;48,0;40,0;35,0;48,0;40,0;35,0
2023-06-30;48,0;2,43;216,315;49,16;167,16;3,0;12,198964583333334;5,01667;22,2417;64,48579583333334;0,4859339958333333;1,1916;6;181;4;1,2246467991473532e-16;-1,0;0,02795029824021032;-0,999609314096404;51,0;40,0;48,0;48,0;0;48,0;48,0;48,0;51,0;47,0;17,0;15,0;48,666666666666664;31,571428571428573;16,236349578000844;16,0;51,0;-3,0;2,63;42,85;0,4652237624999999;3,3;0;40,0;35,0;46,0;40,0;35,0;46,0
2023-07-01;40,0;1,79;127,483;37,3;90,1823;5,0;12,579862916666668;5,43333;22,4083;65,30587916666667;0,686450625;1,44115;7;182;5;-0,4999999999999997;-0,8660254037844388;0,01075130776352193;-0,9999422030204416;48,0;35,0;40,0;40,0;0;40,0;40,0;40,0;48,0;51,0;47,0;16,0;46,333333333333336;35,0;14,877275736280954;17,0;51,0;-8,0;2,43;49,16;0,4859339958333333;5,01667;1;35,0;46,0;29,0;35,0;46,0;29,0
2023-07-02;35,0;1,22;40,7832;19,4;21,3801;4,0;8,030902916666667;5,05;11,3167;93,1979625;0,6370226583333333;1,47833;7;183;6;-0,4999999999999997;-0,8660254037844388;-0,00645086419810515;-0,9999791929590823;40,0;46,0;35,0;35,0;0;35,0;35,0;35,0;40,0;48,0;51,0;24,0;41,0;36,57142857142857;14,081396034687574;17,0;51,0;-5,0;1,79;37,3;0,686450625;5,43333;1;46,0;29,0;22,0;46,0;29,0;22,0
2023-07-03;46,0;1,7;109,885;35,36;74,5259;3,0;9,664932916666666;4,35833;17,8833;79,42784999999999;0,4860959083333333;1,28193;7;184;0;-0,4999999999999997;-0,8660254037844388;-0,023651127245231586;-0,9997202729664083;35,0;29,0;46,0;46,0;0;46,0;46,0;46,0;35,0;40,0;48,0;18,0;40,333333333333336;40,57142857142857;11,702665549026923;17,0;51,0;11,0;1,22;19,4;0,6370226583333333;5,05;0;29,0;22,0;27,0;29,0;22,0;27,0
2023-07-04;29,0;1,76;132,578;30,38;102,198;6,0;10,35069;4,80833;16,6333;74,37849583333333;0,6818596874999999;2,03718;7;185;1;-0,4999999999999997;-0,8660254037844388;-0,04084439154329611;-0,9991655196610109;46,0;22,0;29,0;29,0;0;29,0;29,0;29,0;46,0;35,0;40,0;17,0;36,666666666666664;42,285714285714285;7,952238379104083;29,0;51,0;-17,0;1,7;35,36;0,4860959083333333;4,35833;0;22,0;27,0;43,0;22,0;27,0;43,0
2023-07-05;22,0;1,37;112,937;28,01;84,9274;6,0;10,52711;4,05;17,375;73,53125;0,5190435;1,61944;7;186;2;-0,4999999999999997;-0,8660254037844388;-0,05802556932878035;-0,9983150972033183;29,0;27,0;22,0;22,0;0;22,0;22,0;22,0;29,0;46,0;35,0;47,0;32,333333333333336;38,714285714285715;10,6413389776896;22,0;51,0;-7,0;1,76;30,38;0,6818596874999999;4,80833;0;27,0;43,0;37,0;27,0;43,0;37,0
2023-07-06;27,0;1,32;91,1187;30,75;60,3649;3,0;10,437505833333333;7,7;13,875;79,94005833333334;0,3267655875;0,952821;7;187;3;-0,4999999999999997;-0,8660254037844388;-0,07518957641475855;-0,9971692572470178;22,0;43,0;27,0;27,0;0;27,0;27,0;27,0;22,0;29,0;46,0;51,0;26,0;35,285714285714285;9,860937847796016;22,0;48,0;5,0;1,37;28,01;0,5190435;4,05;0;43,0;37,0;38,0;43,0;37,0;38,0
2023-07-07;43,0;1,93;144,855;29,42;115,436;2,0;9,04860625;6,55833;12,0;86,73892916666667;0,4777724875;1,66043;7;188;4;-0,4999999999999997;-0,8660254037844388;-0,09233133369539122;-0,9957283388645872;27,0;37,0;43,0;43,0;0;43,0;43,0;43,0;27,0;22,0;29,0;48,0;30,666666666666668;34,57142857142857;8,92295061171182;22,0;46,0;16,0;1,32;30,75;0,3267655875;7,7;0;37,0;38,0;33,0;37,0;38,0;33,0
2023-07-08;37,0;1,79;117,528;25,57;91,9626;5,0;9,66736375;4,45;17,0167;81,909725;0,5123678083333333;1,68287;7;189;5;-0,4999999999999997;-0,8660254037844388;-0,10944576864891556;-0,993992768446958;43,0;38,0;37,0;37,0;0;37,0;37,0;37,0;43,0;27,0;22,0;40,0;35,666666666666664;34,142857142857146;8,687703406320407;22,0;46,0;-6,0;1,93;29,42;0,4777724875;6,55833;1;38,0;33,0;27,0;38,0;33,0;27,0
2023-07-09;38,0;1,62;69,7898;24,67;45,1172;3,0;10,604892916666666;6,15833;13,8083;86,21180416666665;0,3265905333333333;0,715589;7;190;6;-0,4999999999999997;-0,8660254037844388;-0,12652781683868314;-0,9919630595773397;37,0;33,0;38,0;38,0;0;38,0;38,0;38,0;37,0;43,0;27,0;35,0;39,333333333333336;34,57142857142857;8,810167286666488;22,0;46,0;1,0;1,79;25,57;0,5123678083333333;4,45;1;33,0;27,0;6,0;33,0;27,0;6,0
2023-07-10;33,0;1,4;89,0583;25,47;63,5879;5,0;9,968057083333331;2,54167;18,525;78,56112916666667;0,7687001666666666;1,89461;7;191;0;-0,4999999999999997;-0,8660254037844388;-0,1435724234118113;-0,9896398128792412;38,0;27,0;33,0;33,0;0;33,0;33,0;33,0;38,0;37,0;43,0;46,0;36,0;32,714285714285715;7,227592630890037;22,0;43,0;-5,0;1,62;24,67;0,3265905333333333;6,15833;0;27,0;6,0;31,0;27,0;6,0;31,0
2023-07-11;27,0;1,12;61,0004;22,82;38,1846;3,0;9,648609583333334;6,39167;11,9583;88,77881666666667;0,5489965875;1,90156;7;192;1;-0,4999999999999997;-0,8660254037844388;-0,16057454459499376;-0,9870237158387383;33,0;6,0;27,0;27,0;0;27,0;27,0;27,0;33,0;38,0;37,0;29,0;32,666666666666664;32,42857142857143;7,43543638838468;22,0;43,0;-6,0;1,4;25,47;0,7687001666666666;2,54167;0;6,0;31,0;44,0;6,0;31,0;44,0
2023-07-12;6,0;1,03;45,8431;18,14;27,7073;8,0;10,352017083333331;7,85;14,1833;84,87154166666666;0,7275894875;1,9573;7;193;2;-0,4999999999999997;-0,8660254037844388;-0,17752914918703497;-0,984115542601034;27,0;31,0;6,0;6,0;0;6,0;6,0;6,0;27,0;33,0;38,0;22,0;22,0;30,142857142857142;12,143977539348104;6,0;43,0;-21,0;1,12;22,82;0,5489965875;6,39167;0;31,0;44,0;43,0;31,0;44,0;43,0
2023-07-13;31,0;2,11;171,01;34,04;136,967;2,0;10,779867916666667;4,08333;17,9833;76,53818333333334;0,3404693291666666;0,958481;7;194;3;-0,4999999999999997;-0,8660254037844388;-0,19443122004766195;-0,9809161537413774;6,0;44,0;31,0;31,0;0;31,0;31,0;31,0;6,0;27,0;33,0;27,0;21,333333333333332;30,714285714285715;12,06529852806922;6,0;43,0;25,0;1,03;18,14;0,7275894875;7,85;0;44,0;43,0;69,0;44,0;43,0;69,0
2023-07-14;44,0;2,06;163,598;37,23;126,365;1,0;10,277435416666666;6,78333;14,5583;76,42332916666668;0,3877692125;0,817714;7;195;4;-0,4999999999999997;-0,8660254037844388;-0,2112757555821793;-0,9774264960104055;31,0;43,0;44,0;44,0;0;44,0;44,0;44,0;31,0;6,0;27,0;43,0;27,0;30,857142857142858;12,23967008581214;6,0;44,0;13,0;2,11;34,04;0,3404693291666666;4,08333;0;43,0;69,0;68,0;43,0;69,0;68,0
2023-07-15;43,0;1,8;87,9877;26,71;61,2781;2,0;9,800000416666666;6,6;14,2917;71,45518750000001;0,5409358541666667;1,58358;7;196;5;-0,4999999999999997;-0,8660254037844388;-0,2280577712215198;-0,9736476020539838;44,0;69,0;43,0;43,0;0;43,0;43,0;43,0;44,0;31,0;6,0;37,0;39,333333333333336;31,714285714285715;12,932056883500627;6,0;44,0;-1,0;2,06;37,23;0,3877692125;6,78333;1;69,0;68,0;61,0;69,0;68,0;61,0
2023-07-16;69,0;2,36;118,762;31,9;86,8591;6,0;10,69687125;4,33333;19,8917;73,73928333333333;0,4159037625;1,30989;7;197;6;-0,4999999999999997;-0,8660254037844388;-0,24477230089725957;-0,9695805901076308;43,0;68,0;69,0;69,0;0;69,0;69,0;69,0;43,0;44,0;31,0;38,0;52,0;36,142857142857146;19,22176345906356;6,0;69,0;26,0;1,8;26,71;0,5409358541666667;6,6;1;68,0;61,0;43,0;68,0;61,0;43,0
2023-07-17;68,0;2,53;233,459;44,36;189,099;1,0;9,414864583333332;4,11667;14,9;78,2254;0,2395787874999999;0,469777;7;198;0;-0,4999999999999997;-0,8660254037844388;-0,2614143985111562;-0,965226663665613;69,0;61,0;68,0;68,0;0;68,0;68,0;68,0;69,0;43,0;44,0;33,0;60,0;41,142857142857146;22,534629435815543;6,0;69,0;-1,0;2,36;31,9;0,4159037625;4,33333;0;61,0;43,0;47,0;61,0;43,0;47,0
2023-07-18;61,0;2,51;260,413;58,39;202,021;1,0;12,838189583333332;8,84166;17,7667;65,28126666666667;0,5503813166666667;2,08981;7;199;1;-0,4999999999999997;-0,8660254037844388;-0,2779791393987801;-0,9605871111248129;68,0;43,0;61,0;61,0;0;61,0;61,0;61,0;68,0;69,0;43,0;27,0;66,0;46,0;22,642143596988937;6,0;69,0;-7,0;2,53;44,36;0,2395787874999999;4,11667;0;43,0;47,0;22,0;43,0;47,0;22,0
2023-07-19;43,0;2,11;208,261;53,91;154,349;1,0;14,068020833333334;11,2333;19,1917;57,31253333333333;0,4653094458333333;1,24341;7;200;2;-0,4999999999999997;-0,8660254037844388;-0,2944616217868012;-0,9556633054034704;61,0;47,0;43,0;43,0;0;43,0;43,0;43,0;61,0;68,0;69,0;6,0;57,333333333333336;51,285714285714285;14,659630346798055;31,0;69,0;-18,0;2,51;58,39;0,5503813166666667;8,84166;0;47,0;22,0;10,0;47,0;22,0;10,0
2023-07-20;47,0;2,17;205,102;51,0;154,102;1,0;12,609025;7,48333;17,85;68,31945833333333;0,4860867;1,37636;7;201;3;-0,4999999999999997;-0,8660254037844388;-0,3108569682435036;-0,9504567035349151;43,0;22,0;47,0;47,0;0;47,0;47,0;47,0;43,0;61,0;68,0;31,0;50,333333333333336;53,57142857142857;11,970201096293863;43,0;69,0;4,0;2,11;53,91;0,4653094458333333;11,2333;0;22,0;10,0;31,0;22,0;10,0;31,0
2023-07-21;22,0;1,23;75,4296;27,78;47,6495;1,0;11,570175833333332;8,80911;15,1667;84,43435;0,6098761958333333;2,2627;7;202;4;-0,4999999999999997;-0,8660254037844388;-0,3271603271220951;-0,9449688462364056;47,0;10,0;22,0;22,0;0;22,0;22,0;22,0;47,0;43,0;61,0;44,0;37,333333333333336;50,42857142857143;16,811277394030714;22,0;69,0;-25,0;2,17;51,0;0,4860867;7,48333;0;10,0;31,0;47,0;10,0;31,0;47,0
2023-07-22;10,0;1,05;39,1972;17,68;21,5199;7,0;9,163195416666666;6,54167;11,0583;96,29520416666666;0,708864925;1,72285;7;203;5;-0,4999999999999997;-0,8660254037844388;-0,34336687399638804;-0,939201357453208;22,0;31,0;10,0;10,0;0;10,0;10,0;10,0;22,0;47,0;43,0;43,0;26,333333333333332;45,714285714285715;22,80142017297963;10,0;69,0;-12,0;1,23;27,78;0,6098761958333333;8,80911;1;31,0;47,0;33,0;31,0;47,0;33,0
2023-07-23;31,0;1,88;101,78;23,2;78,5813;1,0;7,652780416666666;4,93333;9,77499;94,75905416666666;0,3674721291666666;0,935397;7;204;6;-0,4999999999999997;-0,8660254037844388;-0,3594718130884232;-0,9331559438780432;10,0;47,0;31,0;31,0;0;31,0;31,0;31,0;10,0;22,0;47,0;69,0;21,0;40,285714285714285;20,76627302233349;10,0;68,0;21,0;1,05;17,68;0,708864925;6,54167;1;47,0;33,0;32,0;47,0;33,0;32,0
2023-07-24;47,0;2,18;161,066;32,76;128,307;3,0;10,390625416666667;4,95;18,4833;79,91738333333333;0,3888651375;1,01473;7;205;0;-0,4999999999999997;-0,8660254037844388;-0,3754703786876202;-0,9268343944460494;31,0;33,0;47,0;47,0;0;47,0;47,0;47,0;31,0;10,0;22,0;68,0;29,333333333333332;37,285714285714285;17,327379929986403;10,0;61,0;16,0;1,88;23,2;0,3674721291666666;4,93333;0;33,0;32,0;44,0;33,0;32,0;44,0
2023-07-25;33,0;1,77;133,263;29,32;103,942;4,0;10,867360416666664;6,65833;16,2;81,20139166666667;0,8442308416666666;2,32363;7;206;1;-0,4999999999999997;-0,8660254037844388;-0,3913578365610259;-0,9202385798054075;47,0;32,0;33,0;33,0;0;33,0;33,0;33,0;47,0;31,0;10,0;61,0;37,0;33,285714285714285;13,816828938101619;10,0;47,0;-14,0;2,18;32,76;0,3888651375;4,95;0;32,0;44,0;55,0;32,0;44,0;55,0
2023-07-26;32,0;1,38;80,5413;24,23;56,3131;2,0;10,232291666666669;5,675;15,8667;83,9896125;0,5330146416666667;1,68478;7;207;2;-0,4999999999999997;-0,8660254037844388;-0,4071294853542516;-0,9133704517637858;33,0;44,0;32,0;32,0;0;32,0;32,0;32,0;33,0;47,0;31,0;43,0;37,333333333333336;31,714285714285715;13,136644494368758;10,0;47,0;-1,0;1,77;29,32;0,8442308416666666;6,65833;0;44,0;55,0;41,0;44,0;55,0;41,0
2023-07-27;44,0;1,8;120,967;32,92;88,0435;4,0;11,710076666666666;5,21667;19,525;73,36144166666666;0,4072639208333333;1,1616;7;208;3;-0,4999999999999997;-0,8660254037844388;-0,4227806579826773;-0,9062320427107697;32,0;55,0;44,0;44,0;0;44,0;44,0;44,0;32,0;33,0;47,0;47,0;36,333333333333336;31,285714285714285;12,59251478345088;10,0;47,0;12,0;1,38;24,23;0,5330146416666667;5,675;0;55,0;41,0;47,0;55,0;41,0;47,0
2023-07-28;55,0;2,13;154,64;44,31;110,329;3,0;14,084027916666663;5,95833;24,2833;63,98959583333333;0,5092507041666666;1,90921;7;209;4;-0,4999999999999997;-0,8660254037844388;-0,4383067230125192;-0,898825465016444;44,0;41,0;55,0;55,0;0;55,0;55,0;55,0;44,0;32,0;33,0;22,0;43,666666666666664;36,0;14,560219778561052;10,0;55,0;11,0;1,8;32,92;0,4072639208333333;5,21667;0;41,0;47,0;46,0;41,0;47,0;46,0
2023-07-29;41,0;1,74;99,5299;35,36;64,1726;6,0;16,358674166666667;8,75835;25,0833;59,23610416666667;0,5443934166666667;1,24776;7;210;5;-0,4999999999999997;-0,8660254037844388;-0,45370308603134424;-0,8911529104063088;55,0;47,0;41,0;41,0;0;41,0;41,0;41,0;55,0;44,0;32,0;10,0;46,666666666666664;40,42857142857143;8,978811035936113;31,0;55,0;-14,0;2,13;44,31;0,5092507041666666;5,95833;1;47,0;46,0;41,0;47,0;46,0;41,0
2023-07-30;47,0;1,95;85,9312;32,78;53,1529;8,0;15,681245833333334;10,6417;23,475;63,440975;0,4483157541666667;1,17494;7;211;6;-0,4999999999999997;-0,8660254037844388;-0,46896519100763184;-0,8832166493127127;41,0;46,0;47,0;47,0;0;47,0;47,0;47,0;41,0;55,0;44,0;31,0;47,666666666666664;42,714285714285715;8,179533110438667;32,0;55,0;6,0;1,74;35,36;0,5443934166666667;8,75835;1;46,0;41,0;41,0;46,0;41,0;41,0
2023-07-31;46,0;1,68;100,887;35,54;65,3492;8,0;14,58784875;8,56667;22,6;70,15246666666667;0,5467448333333333;1,55796;7;212;0;-0,4999999999999997;-0,8660254037844388;-0,48408852163897587;-0,8750190302029955;47,0;41,0;46,0;46,0;0;46,0;46,0;46,0;47,0;41,0;55,0;47,0;44,666666666666664;42,57142857142857;8,100558475750185;32,0;55,0;-1,0;1,95;32,78;0,4483157541666667;10,6417;0;41,0;41,0;39,0;41,0;41,0;39,0
2023-08-01;41,0;1,54;112,642;35,81;76,8352;8,0;13,558334166666668;6,225;23,0;72,84237916666666;0,4438807333333333;1,5791;8;213;1;-0,8660254037844385;-0,5000000000000004;-0,4990686026885319;-0,8665624788845385;46,0;41,0;41,0;41,0;0;41,0;41,0;41,0;46,0;47,0;41,0;33,0;44,666666666666664;43,714285714285715;7,016986193380732;32,0;55,0;-5,0;1,68;35,54;0,5467448333333333;8,56667;0;41,0;39,0;36,0;41,0;39,0;36,0
2023-08-02;41,0;1,73;144,967;42,37;102,599;7,0;14,199645416666668;7,20833;23,4583;64,73991666666667;0,5269342;1,69885;8;214;2;-0,8660254037844385;-0,5000000000000004;-0,5139010013093103;-0,8578494977869301;41,0;39,0;41,0;41,0;0;41,0;41,0;41,0;41,0;46,0;47,0;32,0;42,666666666666664;45,0;5,06622805119028;41,0;55,0;0,0;1,54;35,81;0,4438807333333333;6,225;0;39,0;36,0;23,0;39,0;36,0;23,0
2023-08-03;39,0;1,63;134,481;41,19;93,2937;8,0;14,806937916666667;6,80833;25,425;60,8368125;0,4768296666666666;1,5353;8;215;3;-0,8660254037844385;-0,5000000000000004;-0,5285813283559292;-0,8488826652214553;41,0;36,0;39,0;39,0;0;39,0;39,0;39,0;41,0;41,0;46,0;44,0;40,333333333333336;44,285714285714285;5,559205150447543;39,0;55,0;-2,0;1,73;42,37;0,5269342;7,20833;0;36,0;23,0;24,0;36,0;23,0;24,0
2023-08-04;36,0;1,48;117,945;40,89;77,0497;10,0;15,3305625;7,45833;25,7417;58,6389;0,667316375;1,99901;8;216;4;-0,8660254037844385;-0,5000000000000004;-0,5431052396834317;-0,8396646346181327;39,0;23,0;36,0;36,0;0;36,0;36,0;36,0;39,0;41,0;41,0;55,0;38,666666666666664;41,57142857142857;3,8234863173611795;36,0;47,0;-3,0;1,63;41,19;0,4768296666666666;6,80833;0;23,0;24,0;36,0;23,0;24,0;36,0
2023-08-05;23,0;0,99;28,5387;19,71;8,83066;7,0;9,060422083333334;6,13333;11,3167;91,29547916666668;0,7460497916666666;1,43509;8;217;5;-0,8660254037844385;-0,5000000000000004;-0,5574684374327892;-0,8301981337405212;36,0;24,0;23,0;23,0;0;23,0;23,0;23,0;36,0;39,0;41,0;41,0;32,666666666666664;39,0;8,020806277010674;23,0;47,0;-13,0;1,48;40,89;0,667316375;7,45833;1;24,0;36,0;47,0;24,0;36,0;47,0
2023-08-06;24,0;1,2;40,5183;19,09;21,4289;9,0;12,052084583333333;7,0;17,625;78,07670416666666;0,4540815916666667;1,13085;8;218;6;-0,8660254037844385;-0,5000000000000004;-0,5716666713027052;-0,8204859638785327;23,0;36,0;24,0;24,0;0;24,0;24,0;24,0;23,0;36,0;39,0;47,0;27,666666666666668;35,714285714285715;8,864052604279207;23,0;46,0;1,0;0,99;19,71;0,7460497916666666;6,13333;1;36,0;47,0;50,0;36,0;47,0;50,0
2023-08-07;36,0;1,47;108,181;34,63;73,5522;3,0;10,868064166666668;4,56667;16,975;78,51043750000001;0,4600595249999999;1,42692;8;219;0;-0,8660254037844385;-0,5000000000000004;-0,5856957398073508;-0,8105309990194823;24,0;47,0;36,0;36,0;0;36,0;36,0;36,0;24,0;23,0;36,0;46,0;27,666666666666668;34,285714285714285;7,65319727770224;23,0;41,0;12,0;1,2;19,09;0,4540815916666667;7,0;0;47,0;50,0;6,0;47,0;50,0;6,0
2023-08-08;47,0;1,49;105,246;35,21;70,0403;7,0;13,3444375;7,20833;20,2667;75,09276666666666;0,5943081666666666;1,86148;8;220;1;-0,8660254037844385;-0,5000000000000004;-0,5995514915196489;-0,8003361849976323;36,0;50,0;47,0;47,0;0;47,0;47,0;47,0;36,0;24,0;23,0;41,0;35,666666666666664;35,142857142857146;8,783100656536824;23,0;47,0;11,0;1,47;34,63;0,4600595249999999;4,56667;0;50,0;6,0;18,0;50,0;6,0;18,0
2023-08-09;50,0;1,35;94,6602;35,55;59,1107;2,0;12,566599166666668;9,65833;15,425;79,28125833333333;0,6901941208333334;1,5379;8;221;2;-0,8660254037844385;-0,5000000000000004;-0,6132298262997502;-0,7899045386224707;47,0;6,0;50,0;50,0;0;50,0;50,0;50,0;47,0;36,0;24,0;41,0;44,333333333333336;36,42857142857143;10,309496315810717;23,0;50,0;3,0;1,49;35,21;0,5943081666666666;7,20833;0;6,0;18,0;32,0;6,0;18,0;32,0
2023-08-10;6,0;0,79;19,0718;13,77;5,30374;12,0;11,47982375;7,28333;17,7583;74,81597916666666;1,44700875;2,41079;8;222;3;-0,8660254037844385;-0,5000000000000004;-0,6267266965083301;-0,7792391467859886;50,0;18,0;6,0;6,0;0;6,0;6,0;6,0;50,0;47,0;36,0;39,0;34,333333333333336;31,714285714285715;15,283043825476291;6,0;50,0;-44,0;1,35;35,55;0,6901941208333334;9,65833;0;18,0;32,0;34,0;18,0;32,0;34,0
2023-08-11;18,0;1,1;54,9684;22,73;32,2379;5,0;10,487498333333331;6,99167;15,8583;78,4444625;0,5439113458333333;2,4302;8;223;4;-0,8660254037844385;-0,5000000000000004;-0,6400381082043503;-0,7683431655492202;6,0;32,0;18,0;18,0;0;18,0;18,0;18,0;6,0;50,0;47,0;36,0;24,666666666666668;29,142857142857142;15,941858647687775;6,0;50,0;12,0;0,79;13,77;1,44700875;7,28333;0;32,0;34,0;26,0;32,0;34,0;26,0
2023-08-12;32,0;1,54;91,4012;30,13;61,2666;7,0;12,614922083333331;5,90833;22,0833;66,84306666666667;0,4495002416666667;1,18255;8;224;5;-0,8660254037844385;-0,5000000000000004;-0,65316012232693;-0,7572198192083127;18,0;34,0;32,0;32,0;0;32,0;32,0;32,0;18,0;6,0;50,0;23,0;18,666666666666668;30,428571428571427;15,72532080072501;6,0;50,0;14,0;1,1;22,73;0,5439113458333333;6,99167;1;34,0;26,0;22,0;34,0;26,0;22,0
2023-08-13;34,0;1,74;98,5228;27,75;70,769;9,0;15,474996249999998;6,825;26,2833;57,90971666666667;0,5055392291666666;1,27465;8;225;6;-0,8660254037844385;-0,5000000000000004;-0,666088855860977;-0,7458723993404063;32,0;26,0;34,0;34,0;0;34,0;34,0;34,0;32,0;18,0;6,0;24,0;28,0;31,857142857142858;15,49654339337833;6,0;50,0;2,0;1,54;30,13;0,4495002416666667;5,90833;1;26,0;22,0;15,0;26,0;22,0;15,0
2023-08-14;26,0;1,3;87,674;32,25;55,4257;8,0;16,38471458333333;8,83333;26,95;59,017375;0,7482595291666666;1,63293;8;226;0;-0,8660254037844385;-0,5000000000000004;-0,6788204829862355;-0,734304263829602;34,0;22,0;26,0;26,0;0;26,0;26,0;26,0;34,0;32,0;18,0;36,0;30,666666666666668;30,428571428571427;15,511900193691552;6,0;50,0;-8,0;1,74;27,75;0,5055392291666666;6,825;0;22,0;15,0;11,0;22,0;15,0;11,0
2023-08-15;22,0;0,86;18,3488;13,43;4,92058;6,0;11,541045416666668;9,49165;14,3;89,507;1,0852687916666668;2,33231;8;227;1;-0,8660254037844385;-0,5000000000000004;-0,6913512362094071;-0,722518835873311;26,0;15,0;22,0;22,0;0;22,0;22,0;22,0;26,0;34,0;32,0;47,0;27,333333333333332;26,857142857142858;13,849531537547547;6,0;50,0;-4,0;1,3;32,25;0,7482595291666666;8,83333;0;15,0;11,0;19,0;15,0;11,0;19,0
2023-08-16;15,0;0,9;35,5913;18,83;16,7599;4,0;12,554520833333331;10,1917;15,2583;82,9754625;0,65226825;1,76231;8;228;2;-0,8660254037844385;-0,5000000000000004;-0,7036774074790128;-0,7105196029692745;22,0;11,0;15,0;15,0;0;15,0;15,0;15,0;22,0;26,0;34,0;50,0;21,0;21,857142857142858;9,8391830864927;6,0;34,0;-7,0;0,86;13,43;1,0852687916666668;9,49165;0;11,0;19,0;18,0;11,0;19,0;18,0
2023-08-17;11,0;0,85;30,1337;15,41;14,7225;6,0;12,2396125;10,6083;15,0917;83,79515833333333;1,137515058333333;2,86291;8;229;3;-0,8660254037844385;-0,5000000000000004;-0,7157953492826642;-0,6983101158835584;15,0;19,0;11,0;11,0;0;11,0;11,0;11,0;15,0;22,0;26,0;6,0;16,0;22,571428571428573;8,599557020706426;11,0;34,0;-4,0;0,9;18,83;0,65226825;10,1917;0;19,0;18,0;15,0;19,0;18,0;15,0
2023-08-18;19,0;1,04;48,145;24,69;23,4516;4,0;12,09725875;9,21667;15,7667;73,91702500000001;0,7070363749999999;1,55614;8;230;4;-0,8660254037844385;-0,5000000000000004;-0,7277014757264236;-0,6858939875998223;11,0;18,0;19,0;19,0;0;19,0;19,0;19,0;11,0;15,0;22,0;18,0;15,0;22,714285714285715;8,518886580500341;11,0;34,0;8,0;0,85;15,41;1,137515058333333;10,6083;0;18,0;15,0;11,0;18,0;15,0;11,0
2023-08-19;18,0;1,16;51,6295;24,33;27,3007;1,0;10,571112916666666;9,43333;11,79;94,1410875;0,5531040958333333;1,57549;8;231;5;-0,8660254037844385;-0,5000000000000004;-0,7393922635959241;-0,673274892250183;19,0;15,0;18,0;18,0;0;18,0;18,0;18,0;19,0;11,0;15,0;32,0;16,0;20,714285714285715;7,565586245499777;11,0;34,0;-1,0;1,04;24,69;0,7070363749999999;9,21667;1;15,0;11,0;3,0;15,0;11,0;3,0
2023-08-20;15,0;1,12;39,2316;15,26;23,9746;4,0;12,2354475;9,98334;16,425;90,077125;0,3562696125;1,18558;8;232;6;-0,8660254037844385;-0,5000000000000004;-0,7508642533989489;-0,6604565640279754;18,0;11,0;15,0;15,0;0;15,0;15,0;15,0;18,0;19,0;11,0;34,0;17,333333333333332;18,0;4,966554808583791;11,0;26,0;-3,0;1,16;24,33;0,5531040958333333;9,43333;1;11,0;3,0;5,0;11,0;3,0;5,0
2023-08-21;11,0;1,05;49,5083;20,92;28,5909;1,0;12,698491666666667;10,1917;17,6917;83,7056;0,8386093333333333;1,79716;8;233;0;-0,8660254037844385;-0,5000000000000004;-0,7621140503891487;-0,6474427960827475;15,0;3,0;11,0;11,0;0;11,0;11,0;11,0;15,0;18,0;19,0;26,0;14,666666666666666;15,857142857142858;4,099941927579446;11,0;22,0;-4,0;1,12;15,26;0,3562696125;9,98334;0;3,0;5,0;15,0;3,0;5,0;15,0
2023-08-22;3,0;0,75;14,5835;10,25;4,3407;11,0;13,387845416666666;9,27499;15,9833;72,63197083333334;3,025809875;5,68434;8;234;1;-0,8660254037844385;-0,5000000000000004;-0,7731383255706026;-0,6342374393978054;11,0;5,0;3,0;3,0;0;3,0;3,0;3,0;11,0;15,0;18,0;22,0;9,666666666666666;13,142857142857142;5,429197958832451;3,0;19,0;-8,0;1,05;20,92;0,8386093333333333;10,1917;0;5,0;15,0;16,0;5,0;15,0;16,0
2023-08-23;5,0;0,86;30,0019;18,36;11,6435;9,0;8,553064583333333;7,48333;9,77499;96,10073333333334;0,8383602083333334;2,2568;8;235;2;-0,8660254037844385;-0,5000000000000004;-0,7839338166829201;-0,620844401650647;3,0;15,0;5,0;5,0;0;5,0;5,0;5,0;3,0;11,0;15,0;15,0;6,333333333333333;11,714285714285714;6,129553700835691;3,0;19,0;2,0;0,75;10,25;3,025809875;9,27499;0;15,0;16,0;32,0;15,0;16,0;32,0
2023-08-24;15,0;1,11;64,6853;23,48;41,203;6,0;9,840972916666669;5,48333;14,925;82,37501666666667;0,4609840375;1,23711;8;236;3;-0,8660254037844385;-0,5000000000000004;-0,7944973291665992;-0,6072676460566135;5,0;16,0;15,0;15,0;0;15,0;15,0;15,0;5,0;3,0;11,0;11,0;7,666666666666667;12,285714285714286;6,237368187365715;3,0;19,0;10,0;0,86;18,36;0,8383602083333334;7,48333;0;16,0;32,0;30,0;16,0;32,0;30,0
2023-08-25;16,0;1,01;45,607;21,83;23,775;8,0;10,176769166666666;4,38333;17,4667;74,9872;0,5191083541666667;1,52813;8;237;4;-0,8660254037844385;-0,5000000000000004;-0,8048257371083452;-0,593511190196115;15,0;32,0;16,0;16,0;0;16,0;16,0;16,0;15,0;5,0;3,0;19,0;12,0;11,857142857142858;5,785861256216781;3,0;18,0;1,0;1,11;23,48;0,4609840375;5,48333;0;32,0;30,0;21,0;32,0;30,0;21,0
2023-08-26;32,0;1,45;79,7402;30,08;49,6581;10,0;10,817012916666668;4,5;18,7083;68,08682916666667;0,4997279125;1,74001;8;238;5;-0,8660254037844385;-0,5000000000000004;-0,8149159841660791;-0,5795791048257612;16,0;30,0;32,0;32,0;0;32,0;32,0;32,0;16,0;15,0;5,0;18,0;21,0;13,857142857142858;9,494359227607577;3,0;32,0;16,0;1,01;21,83;0,5191083541666667;4,38333;1;30,0;21,0;18,0;30,0;21,0;18,0
2023-08-27;30,0;1,29;58,7096;25,33;33,3771;13,0;12,9263875;3,43333;22,5;58,37499583333334;0,4633215041666667;1,23647;8;239;6;-0,8660254037844385;-0,5000000000000004;-0,8247650844733614;-0,5654755126737576;32,0;21,0;30,0;30,0;0;30,0;30,0;30,0;32,0;16,0;15,0;15,0;26,0;16,0;11,313708498984765;3,0;32,0;-2,0;1,45;30,08;0,4997279125;4,5;1;21,0;18,0;15,0;21,0;18,0;15,0
2023-08-28;21,0;1,25;79,801;29,75;50,0512;6,0;13,504857916666666;9,02499;16,1;57,04860416666667;0,7818120249999999;2,03624;8;240;0;-0,8660254037844385;-0,5000000000000004;-0,8343701235229538;-0,5512045872199277;30,0;18,0;21,0;21,0;0;21,0;21,0;21,0;30,0;32,0;16,0;11,0;27,666666666666668;17,428571428571427;11,20799034702688;3,0;32,0;-9,0;1,29;25,33;0,4633215041666667;3,43333;0;18,0;15,0;26,0;18,0;15,0;26,0
2023-08-29;18,0;1,18;77,7716;25,06;52,7113;10,0;12,911522083333333;4,55833;21,175;60,28124583333334;0,892561;2,45961;8;241;1;-0,8660254037844385;-0,5000000000000004;-0,8437282590292712;-0,5367705514607103;21,0;15,0;18,0;18,0;0;18,0;18,0;18,0;21,0;30,0;32,0;3,0;23,0;19,571428571428573;9,253056123197771;5,0;32,0;-3,0;1,25;29,75;0,7818120249999999;9,02499;0;15,0;26,0;24,0;15,0;26,0;24,0
2023-08-30;15,0;0,9;40,9835;23,98;17,0035;8,0;12,464237916666669;7,99167;18,225;71,66320416666667;0,7929302125;2,08407;8;242;2;-0,8660254037844385;-0,5000000000000004;-0,8528367217694595;-0,522177676659508;18,0;26,0;15,0;15,0;0;15,0;15,0;15,0;18,0;21,0;30,0;5,0;18,0;21,0;7,164728420068238;15,0;32,0;-3,0;1,18;25,06;0,892561;4,55833;0;26,0;24,0;24,0;26,0;24,0;24,0
2023-08-31;26,0;1,16;65,7588;27,27;38,4887;9,0;13,560735833333334;6,45;20,8333;70,15664583333334;0,854980925;2,60165;8;243;3;-0,8660254037844385;-0,5000000000000004;-0,8616928164028522;-0,5074302810827518;15,0;24,0;26,0;26,0;0;26,0;26,0;26,0;15,0;18,0;21,0;15,0;19,666666666666668;22,571428571428573;6,827814263660652;15,0;32,0;11,0;0,9;23,98;0,7929302125;7,99167;0;24,0;24,0;16,0;24,0;24,0;16,0
2023-09-01;24,0;1,1;54,5892;25,36;29,2299;3,0;13,526033333333332;11,3667;16,1083;69,80556666666666;0,860532375;1,4701;9;244;4;-1,0;-1,8369701987210297e-16;-0,8702939222685674;-0,49253272872205434;26,0;24,0;24,0;24,0;0;24,0;24,0;24,0;26,0;15,0;18,0;16,0;21,666666666666668;23,714285714285715;6,183695920571733;15,0;32,0;-2,0;1,16;27,27;0,854980925;6,45;0;24,0;16,0;14,0;24,0;16,0;14,0
2023-09-02;24,0;0,97;33,8388;21,31;12,5331;5,0;12,41425;10,675;15,425;75,40277916666666;0,93841425;1,89303;9;245;5;-1,0;-1,8369701987210297e-16;-0,8786374941610001;-0,4774894280028391;24,0;16,0;24,0;24,0;0;24,0;24,0;24,0;24,0;26,0;15,0;32,0;24,666666666666668;22,571428571428573;5,028490259085177;15,0;30,0;0,0;1,1;25,36;0,860532375;11,3667;1;16,0;14,0;41,0;16,0;14,0;41,0
2023-09-03;16,0;0,86;20,2009;14,95;5,25229;11,0;12,956941666666667;9,75;17,2583;77,59723333333334;0,8180499166666667;1,96669;9;246;6;-1,0;-1,8369701987210297e-16;-0,886721063082993;-0,46230483047981086;24,0;14,0;16,0;16,0;0;16,0;16,0;16,0;24,0;24,0;26,0;30,0;21,333333333333332;20,571428571428573;4,3149794459589;15,0;26,0;-8,0;0,97;21,31;0,93841425;10,675;1;14,0;41,0;20,0;14,0;41,0;20,0
2023-09-04;14,0;1,0;44,0099;23,6;20,4074;3,0;11,898620833333332;10,7917;13,3;84,77778333333333;0,5825332666666666;1,59267;9;247;0;-1,0;-1,8369701987210297e-16;-0,8945422369764496;-0,4469834295196741;16,0;41,0;14,0;14,0;0;14,0;14,0;14,0;16,0;24,0;24,0;21,0;18,0;19,571428571428573;4,961758520831879;14,0;26,0;-2,0;0,86;14,95;0,8180499166666667;9,75;0;41,0;20,0;11,0;41,0;20,0;11,0
2023-09-05;41,0;1,66;137,623;35,45;102,175;1,0;11,420130833333332;8,53333;14,1833;88,87189583333333;0,35244568375;0,753786;9;248;1;-1,0;-1,8369701987210297e-16;-0,9020987014301837;-0,43152975897147144;14,0;20,0;41,0;41,0;0;41,0;41,0;41,0;14,0;16,0;24,0;18,0;23,666666666666668;22,857142857142858;9,388442743227301;14,0;41,0;27,0;1,0;23,6;0,5825332666666666;10,7917;0;20,0;11,0;16,0;20,0;11,0;16,0
2023-09-06;20,0;1,13;68,7596;24,71;44,0461;3,0;10,209125;8,23334;11,4333;97,23554583333332;0,7993969291666666;2,13016;9;249;2;-1,0;-1,8369701987210297e-16;-0,9093882203647925;-0,4159483918249421;41,0;11,0;20,0;20,0;0;20,0;20,0;20,0;41,0;14,0;16,0;15,0;25,0;23,571428571428573;8,866738273967934;14,0;41,0;-21,0;1,66;35,45;0,35244568375;8,53333;0;11,0;16,0;20,0;11,0;16,0;20,0
2023-09-07;11,0;0,88;34,8568;23,17;11,6865;6,0;10,893784583333334;6,81667;15,875;84,49312083333334;0,6586232916666667;2,1573;9;250;3;-1,0;-1,8369701987210297e-16;-0,9164086366943458;-0,4002439388573056;20,0;16,0;11,0;11,0;0;11,0;11,0;11,0;20,0;41,0;14,0;26,0;24,0;21,428571428571427;9,930712341974658;11,0;41,0;-9,0;1,13;24,71;0,7993969291666666;8,23334;0;16,0;20,0;33,0;16,0;20,0;33,0
2023-09-08;16,0;1,0;44,1518;24,24;19,9126;5,0;12,721959583333332;9,45833;17,3167;79,97254583333334;0,770037585;1,82075;9;251;4;-1,0;-1,8369701987210297e-16;-0,9231578729647039;-0,38442104726885545;11,0;20,0;16,0;16,0;0;16,0;16,0;16,0;11,0;20,0;41,0;24,0;15,666666666666666;20,285714285714285;10,045136231269442;11,0;41,0;5,0;0,88;23,17;0,6586232916666667;6,81667;0;20,0;33,0;6,0;20,0;33,0;6,0
2023-09-09;20,0;1,26;54,9456;22,6;32,3423;4,0;12,876495833333331;10,875;16,4583;77,357675;0,5465717666666666;1,27635;9;252;5;-1,0;-1,8369701987210297e-16;-0,9296339319682695;-0,3684843993077793;16,0;33,0;20,0;20,0;0;20,0;20,0;20,0;16,0;11,0;20,0;24,0;15,666666666666666;19,714285714285715;9,911513266807212;11,0;41,0;4,0;1,0;24,24;0,770037585;9,45833;1;33,0;6,0;9,0;33,0;6,0;9,0
2023-09-10;33,0;1,64;77,4176;30,81;46,6083;2,0;11,760309583333331;9,59003;13,85;83,24309583333333;0,4636734416666666;2,31445;9;253;6;-1,0;-1,8369701987210297e-16;-0,9358348973349941;-0,35243871088460327;20,0;6,0;33,0;33,0;0;33,0;33,0;33,0;20,0;16,0;11,0;16,0;23,0;22,142857142857142;10,884676865952002;11,0;41,0;13,0;1,26;22,6;0,5465717666666666;10,875;1;6,0;9,0;18,0;6,0;9,0;18,0
2023-09-11;6,0;0,81;14,9846;10,86;4,12288;18,0;12,46562375;8,49167;17,4583;73,5659875;1,4086586666666667;3,16281;9;254;0;-1,0;-1,8369701987210297e-16;-0,9417589340994617;-0,33628873017668287;33,0;9,0;6,0;6,0;0;6,0;6,0;6,0;33,0;20,0;16,0;14,0;19,666666666666668;21,0;12,220201853215581;6,0;41,0;-27,0;1,64;30,81;0,4636734416666666;9,59003;0;9,0;18,0;26,0;9,0;18,0;26,0
2023-09-12;9,0;0,8;19,875;14,85;5,02056;12,0;10,905876666666666;7,28333;15,1;70,00031666666666;0,9124449375;1,89904;9;255;1;-1,0;-1,8369701987210297e-16;-0,9474042892438845;-0,32003923622313857;6,0;18,0;9,0;9,0;0;9,0;9,0;9,0;6,0;33,0;20,0;41,0;16,0;16,428571428571427;9,071147352221455;6,0;33,0;3,0;0,81;10,86;1,4086586666666667;8,49167;0;18,0;26,0;24,0;18,0;26,0;24,0
2023-09-13;18,0;1,02;62,8487;25,67;37,1767;6,0;10,64062625;5,28333;14,6333;78,39932916666667;0,5641455208333334;1,56543;9;256;2;-1,0;-1,8369701987210297e-16;-0,9527692922168511;-0,30369503751065885;9,0;26,0;18,0;18,0;0;18,0;18,0;18,0;9,0;6,0;33,0;20,0;11,0;16,142857142857142;8,970852271450607;6,0;33,0;9,0;0,8;14,85;0,9124449375;7,28333;0;26,0;24,0;6,0;26,0;24,0;6,0
2023-09-14;26,0;1,2;62,7953;29,64;33,1529;9,0;14,858365833333332;9,80911;22,5917;67,96528333333333;0,4734372416666666;1,37415;9;257;3;-1,0;-1,8369701987210297e-16;-0,9578523554276669;-0,28726097055059635;18,0;24,0;26,0;26,0;0;26,0;26,0;26,0;18,0;9,0;6,0;11,0;17,666666666666668;18,285714285714285;9,322272357358049;6,0;33,0;8,0;1,02;25,67;0,5641455208333334;5,28333;0;24,0;6,0;13,0;24,0;6,0;13,0
2023-09-15;24,0;1,3;55,44753508443521;23,626084401519144;31,821476559892016;12,0;16,947954166666666;8,9091;26,1417;63,59407916666667;0,6895815791666666;1,8389;9;258;4;-1,0;-1,8369701987210297e-16;-0,9626519747161487;-0,2707418984477642;26,0;6,0;24,0;24,0;0;24,0;24,0;24,0;26,0;18,0;9,0;16,0;22,666666666666668;19,428571428571427;9,484322904265811;6,0;33,0;-2,0;1,2;29,64;0,4734372416666666;9,80911;0;6,0;13,0;31,0;6,0;13,0;31,0
2023-09-16;6,0;0,8;54,24047056393833;22,418809517374772;31,821451500543496;10,0;14,3253575;8,925;20,0667;72,16004166666666;1,1742866416666666;2,75124;9;259;5;-1,0;-1,8369701987210297e-16;-0,9671667297977312;-0,2541427094613622;24,0;13,0;6,0;6,0;0;6,0;6,0;6,0;24,0;26,0;18,0;20,0;18,666666666666668;17,428571428571427;10,737118528064888;6,0;33,0;-18,0;1,3;23,626084401519144;0,6895815791666666;8,9091;1;13,0;31,0;38,0;13,0;31,0;38,0
2023-09-17;13,0;0,87;53,89706656265443;22,075047777865976;31,821453361882412;9,0;10,2017025;7,80001;12,0167;85,73265416666668;1,0338773958333334;1,95471;9;260;6;-1,0;-1,8369701987210297e-16;-0,97139528468375;-0,23746831555846842;6,0;31,0;13,0;13,0;0;13,0;13,0;13,0;6,0;24,0;26,0;33,0;14,333333333333334;14,571428571428571;8,283661486266055;6,0;26,0;7,0;0,8;22,418809517374772;1,1742866416666666;8,925;1;31,0;38,0;23,0;31,0;38,0;23,0
2023-09-18;31,0;1,15;54,798886711526976;22,9773034420582;31,821465330455794;7,0;10,976813333333332;7,9;15,0083;77,14870416666666;0,562582875;1,26603;9;261;0;-1,0;-1,8369701987210297e-16;-0,9753363880767837;-0,2207236509605022;13,0;38,0;31,0;31,0;0;31,0;31,0;31,0;13,0;6,0;24,0;6,0;16,666666666666668;18,142857142857142;9,299257522845066;6,0;31,0;18,0;0,87;22,075047777865976;1,0338773958333334;7,80001;0;38,0;23,0;14,0;38,0;23,0;14,0
2023-09-19;38,0;1,48;55,698099902093546;23,876797369384953;31,821483435425016;7,0;13,403198333333334;9,11665;19,875;68,10070833333333;0,6587666708333334;1,97561;9;262;1;-1,0;-1,8369701987210297e-16;-0,9789888737409319;-0,20391367068311472;31,0;23,0;38,0;38,0;0;38,0;38,0;38,0;31,0;13,0;6,0;9,0;27,333333333333332;22,285714285714285;10,873734190152685;6,0;38,0;7,0;1,15;22,9773034420582;0,562582875;7,9;0;23,0;14,0;15,0;23,0;14,0;15,0
2023-09-20;23,0;1,23;54,671286400073186;22,849730794145632;31,82147143298977;8,0;12,584029166666667;10,0417;16,1667;77,94098749999999;1,06674695125;2,16631;9;263;2;-1,0;-1,8369701987210297e-16;-0,9823516608469237;-0,18704334906991657;38,0;14,0;23,0;23,0;0;23,0;23,0;23,0;38,0;31,0;13,0;18,0;30,666666666666668;23,0;10,708252269472688;6,0;38,0;-15,0;1,48;23,876797369384953;0,6587666708333334;9,11665;0;14,0;15,0;27,0;14,0;15,0;27,0
2023-09-21;14,0;0,89;36,5429;22,63;13,9135;7,0;13,459379166666666;9,84167;19,75;75,21181666666666;0,8146293416666667;2,70759;9;264;3;-1,0;-1,8369701987210297e-16;-0,9854237542919524;-0,17011767832049052;23,0;15,0;14,0;14,0;0;14,0;14,0;14,0;23,0;38,0;31,0;26,0;25,0;21,285714285714285;11,10126547912874;6,0;38,0;-9,0;1,23;22,849730794145632;1,06674695125;10,0417;0;15,0;27,0;22,0;15,0;27,0;22,0
2023-09-22;15,0;0,93;46,4065;27,15;19,2565;2,0;12,290308333333334;10,2;15,15;82,27779583333334;0,4952610416666667;1,32674;9;265;4;-1,0;-1,8369701987210297e-16;-0,9882042449941422;-0,15314166701312007;14,0;27,0;15,0;15,0;0;15,0;15,0;15,0;14,0;23,0;38,0;24,0;17,333333333333332;20,0;11,254628677422762;6,0;38,0;1,0;0,89;22,63;0,8146293416666667;9,84167;0;27,0;22,0;13,0;27,0;22,0;13,0
2023-09-23;27,0;0,98;41,8743;21,28;20,5963;7,0;12,979522083333334;9,00833;17,8833;83,59375;0,6873685541666666;1,76796;9;266;5;-1,0;-1,8369701987210297e-16;-0,9906923101615609;-0,13612033862266704;15,0;22,0;27,0;27,0;0;27,0;27,0;27,0;15,0;14,0;23,0;6,0;18,666666666666668;23,0;9,574271077563397;13,0;38,0;12,0;0,93;27,15;0,4952610416666667;10,2;1;22,0;13,0;7,0;22,0;13,0;7,0
2023-09-24;22,0;1,01;29,0157;16,43;12,5872;14,0;12,508084583333334;8,53333;19,5182;79,16884583333334;0,5850753375000001;1,58579;9;267;6;-1,0;-1,8369701987210297e-16;-0,9928872135356962;-0,11905873003404988;27,0;13,0;22,0;22,0;0;22,0;22,0;22,0;27,0;15,0;14,0;13,0;21,333333333333332;24,285714285714285;8,557925872435188;14,0;38,0;-5,0;0,98;21,28;0,6873685541666666;9,00833;1;13,0;7,0;16,0;13,0;7,0;16,0
2023-09-25;13,0;1,02;50,418;15,48;34,9361;13,0;12,01076375;6,48333;18,8417;73,0798875;1,3840502125;3,32326;9;268;0;-1,0;-1,8369701987210297e-16;-0,994788305609327;-0,10196189005174576;22,0;7,0;13,0;13,0;0;13,0;13,0;13,0;22,0;27,0;15,0;31,0;20,666666666666668;21,714285714285715;8,901578244227;13,0;38,0;-9,0;1,01;16,43;0,5850753375000001;8,53333;0;7,0;16,0;17,0;7,0;16,0;17,0
2023-09-26;7,0;0,81;22,2865;15,66;6,62271;14,0;12,108340833333337;7,20833;17,8583;66,04861666666666;1,1161019583333334;2,02143;9;269;1;-1,0;-1,8369701987210297e-16;-0,9963950238187231;-0,08483487790576538;13,0;16,0;7,0;7,0;0;7,0;7,0;7,0;13,0;22,0;27,0;38,0;14,0;17,285714285714285;6,945365018348223;7,0;27,0;-6,0;1,02;15,48;1,3840502125;6,48333;0;16,0;17,0;24,0;16,0;17,0;24,0
2023-09-27;16,0;0,98;51,0862;26,2;24,8854;12,0;13,692010416666667;5,24167;21,3583;64,63889583333334;0,8386761041666667;2,50501;9;270;2;-1,0;-1,8369701987210297e-16;-0,9977068927101168;-0,06768276175455162;7,0;17,0;16,0;16,0;0;16,0;16,0;16,0;7,0;13,0;22,0;23,0;12,0;16,285714285714285;6,473388749701491;7,0;27,0;9,0;0,81;15,66;1,1161019583333334;7,20833;0;17,0;24,0;24,0;17,0;24,0;24,0
2023-09-28;17,0;0,92;45,0524;24,58;20,4685;13,0;13,281245;6,66667;19,5167;59,7291625;0,8104425083333333;2,27415;9;271;3;-1,0;-1,8369701987210297e-16;-0,9987235240803972;-0,050510617185222886;16,0;24,0;17,0;17,0;0;17,0;17,0;17,0;16,0;7,0;13,0;14,0;13,333333333333334;16,714285714285715;6,395683067879604;7,0;27,0;1,0;0,98;26,2;0,8386761041666667;5,24167;0;24,0;24,0;16,0;24,0;24,0;16,0
2023-09-29;24,0;1,16;63,6768;32,82;30,8584;15,0;15,501737916666668;6,38333;24,3083;59,9615;0,6794645583333333;2,14201;9;272;4;-1,0;-1,8369701987210297e-16;-0,9994446170919858;-0,033323525711631344;17,0;24,0;24,0;24,0;0;24,0;24,0;24,0;17,0;16,0;7,0;15,0;19,0;18,0;6,879922480183433;7,0;27,0;7,0;0,92;24,58;0,8104425083333333;6,66667;0;24,0;16,0;9,0;24,0;16,0;9,0
2023-09-30;24,0;1,17;51,7416;26,06;25,6775;18,0;16,18368166666667;9,3;24,725;67,47917083333333;0,9993699375;2,77292;9;273;5;-1,0;-1,8369701987210297e-16;-0,9998699583618592;-0,016126573270657762;24,0;16,0;24,0;24,0;0;24,0;24,0;24,0;24,0;17,0;16,0;27,0;21,666666666666668;17,571428571428573;6,294366339755546;7,0;24,0;0,0;1,16;32,82;0,6794645583333333;6,38333;1;16,0;9,0;8,0;16,0;9,0;8,0
2023-10-01;16,0;0,81;14,2276;12,34;1,88667;10,0;10,787524583333337;9,83333;13,0333;92,52789583333332;1,2214589166666667;2,34195;10;274;6;-0,8660254037844386;0,5000000000000001;-0,9999994220246925;0,001075151282798226;24,0;9,0;16,0;16,0;0;16,0;16,0;16,0;24,0;24,0;17,0;22,0;21,333333333333332;16,714285714285715;5,992058236095662;7,0;24,0;-8,0;1,17;26,06;0,9993699375;9,3;1;9,0;8,0;11,0;9,0;8,0;11,0
2023-10-02;9,0;0,76;14,8391;13,32;1,52198;18,0;11,476459166666666;9,24167;15,375;74,760425;0,9978692083333334;1,48737;10;275;0;-0,8660254037844386;0,5000000000000001;-0,999832969770105;0,018276557681691223;16,0;8,0;9,0;9,0;0;9,0;9,0;9,0;16,0;24,0;24,0;13,0;16,333333333333332;16,142857142857142;6,568322247184366;7,0;24,0;-7,0;0,81;12,34;1,2214589166666667;9,83333;0;8,0;11,0;11,0;8,0;11,0;11,0
2023-10-03;8,0;0,79;21,5983;17,63;3,96896;13,0;11,561113333333331;8,30911;17,025;73,17014166666667;0,9093411541666666;1,74431;10;276;1;-0,8660254037844386;0,5000000000000001;-0,9993706508539969;0,03547255575312556;9,0;11,0;8,0;8,0;0;8,0;8,0;8,0;9,0;16,0;24,0;7,0;11,0;16,285714285714285;6,343350474165462;8,0;24,0;-1,0;0,76;13,32;0,9978692083333334;9,24167;0;11,0;11,0;18,0;11,0;11,0;18,0
2023-10-04;11,0;0,89;36,8888;19,03;17,8608;15,0;13,061835416666668;5,24167;20,8083;66,065975;0,7968916291666667;2,57636;10;277;2;-0,8660254037844386;0,5000000000000001;-0,9986126020839734;0,052658056924614005;8,0;11,0;11,0;11,0;0;11,0;11,0;11,0;8,0;9,0;16,0;16,0;9,333333333333334;15,571428571428571;6,654751256486917;8,0;24,0;3,0;0,79;17,63;0,9093411541666666;8,30911;0;11,0;18,0;20,0;11,0;18,0;20,0
2023-10-05;11,0;0,83;27,9485;16,12;11,8319;15,0;12,712153333333331;6,40833;19,375;69,902775;1,1348621166666668;3,09443;10;278;3;-0,8660254037844386;0,5000000000000001;-0,9975590477788613;0,06982797572987089;11,0;18,0;11,0;11,0;0;11,0;11,0;11,0;11,0;8,0;9,0;17,0;10,0;14,714285714285714;6,824326235712097;8,0;24,0;0,0;0,89;19,03;0,7968916291666667;5,24167;0;18,0;20,0;17,0;18,0;20,0;17,0
2023-10-06;18,0;0,81;22,0233;17,35;4,67375;14,0;11,589937916666663;7,65;16,9167;72,34408333333333;1,1889910833333337;2,67898;10;279;4;-0,8660254037844386;0,5000000000000001;-0,9962102997023297;0,0869772313136861;11,0;20,0;18,0;18,0;0;18,0;18,0;18,0;11,0;11,0;8,0;24,0;13,333333333333334;13,857142857142858;5,756983337031381;8,0;24,0;7,0;0,83;16,12;1,1348621166666668;6,40833;0;20,0;17,0;17,0;20,0;17,0;17,0
2023-10-07;20,0;1,0;37,0482;19,27;17,7735;16,0;14,23470875;6,15833;22,1083;63,19097083333333;0,8495058333333333;2,47385;10;280;5;-0,8660254037844386;0,5000000000000001;-0,9945667569706337;0,1041007489354256;18,0;17,0;20,0;20,0;0;20,0;20,0;20,0;18,0;11,0;11,0;24,0;16,333333333333332;13,285714285714286;4,6802523334497375;8,0;20,0;2,0;0,81;17,35;1,1889910833333337;7,65;1;17,0;17,0;16,0;17,0;17,0;16,0
2023-10-08;17,0;0,93;28,4254;19,12;9,30624;17,0;16,44861416666667;8,01668;25,1667;59,61806666666666;0,6227030541666666;2,19532;10;281;6;-0,8660254037844386;0,5000000000000001;-0,9926289059345095;0,121193461470736;20,0;17,0;17,0;17,0;0;17,0;17,0;17,0;20,0;18,0;11,0;16,0;18,333333333333332;13,428571428571429;4,7908643220593055;8,0;20,0;-3,0;1,0;19,27;0,8495058333333333;6,15833;1;17,0;16,0;15,0;17,0;16,0;15,0
2023-10-09;17,0;0,98;33,0693;20,63;12,4394;18,0;17,652425;9,08333;26,1667;53,152775;0,9963304875;2,88647;10;282;0;-0,8660254037844386;0,5000000000000001;-0,9903973200352558;0,1382503109109819;17,0;16,0;17,0;17,0;0;17,0;17,0;17,0;17,0;20,0;18,0;9,0;18,0;14,571428571428571;4,503966505838399;8,0;20,0;0,0;0,93;19,12;0,6227030541666666;8,01668;0;16,0;15,0;17,0;16,0;15,0;17,0
2023-10-10;16,0;0,83;34,8004;22,26;12,5359;8,0;12,53513375;8,56667;17,5182;69,97916666666667;1,1235435;2,44041;10;283;1;-0,8660254037844386;0,5000000000000001;-0,9878726596350429;0,15526624985999563;17,0;15,0;16,0;16,0;0;16,0;16,0;16,0;17,0;17,0;20,0;8,0;16,666666666666668;15,714285714285714;3,4503277967117585;11,0;20,0;-1,0;0,98;20,63;0,9963304875;9,08333;0;15,0;17,0;19,0;15,0;17,0;19,0
2023-10-11;15,0;0,83;26,2924;18,47;7,82083;13,0;12,789929166666669;8,24167;19,875;72,07639583333334;1,0003248875;2,20979;10;284;2;-0,8660254037844386;0,5000000000000001;-0,9850556718215013;0,172236243027682;16,0;17,0;15,0;15,0;0;15,0;15,0;15,0;16,0;17,0;17,0;11,0;16,0;16,285714285714285;2,8115408417381813;11,0;20,0;-1,0;0,83;22,26;1,1235435;8,56667;0;17,0;19,0;16,0;17,0;19,0;16,0
2023-10-12;17,0;0,91;43,2024;24,1;19,1016;16,0;15,652923333333334;7,19167;24,0201;59,0486;0,677388525;2,08481;10;285;3;-0,8660254037844386;0,5000000000000001;-0,981947190186646;0,18915526872004093;15,0;19,0;17,0;17,0;0;17,0;17,0;17,0;15,0;16,0;17,0;11,0;16,0;17,142857142857142;1,5735915849388786;15,0;20,0;2,0;0,83;18,47;1,0003248875;8,24167;0;19,0;16,0;16,0;19,0;16,0;16,0
2023-10-13;19,0;1,03;54,3197;28,43;25,888;19,0;17,305206666666667;8,76668;25,575;53,0382;0,8192492379166666;2,93994;10;286;4;-0,8660254037844386;0,5000000000000001;-0,9785481345802031;0,20601832032517084;17,0;16,0;19,0;19,0;0;19,0;19,0;19,0;17,0;15,0;16,0;18,0;17,0;17,285714285714285;1,7043362064926884;15,0;20,0;2,0;0,91;24,1;0,677388525;7,19167;0;16,0;16,0;10,0;16,0;16,0;10,0
2023-10-14;16,0;0,88;27,9473;19,51;8,43336;19,0;17,07292083333333;9,175;25,0167;52,92013333333333;1,0054552666666667;2,71613;10;287;5;-0,8660254037844386;0,5000000000000001;-0,9748595108374125;0,22282040779479959;19,0;16,0;16,0;16,0;0;16,0;16,0;16,0;19,0;17,0;15,0;20,0;17,333333333333332;16,714285714285715;1,2535663410559985;15,0;19,0;-3,0;1,03;28,43;0,8192492379166666;8,76668;1;16,0;10,0;16,0;16,0;10,0;16,0
2023-10-15;16,0;0,93;27,8835;17,56;10,3258;16,0;15,594444583333331;8,45;23,7;56,04165833333334;1,0601435458333333;2,59007;10;288;6;-0,8660254037844386;0,5000000000000001;-0,9708824104813836;0,23955655912092708;16,0;10,0;16,0;16,0;0;16,0;16,0;16,0;16,0;19,0;17,0;17,0;17,0;16,571428571428573;1,2724180205606819;15,0;19,0;0,0;0,88;19,51;1,0054552666666667;9,175;1;10,0;16,0;12,0;10,0;16,0;12,0
2023-10-16;10,0;0,82;27,2985;17,34;9,95923;16,0;15,78784625;7,875;23,3727;54,8715375;0,9219849041666668;2,27611;10;289;0;-0,8660254037844386;0,5000000000000001;-0,9666180104000972;0,2562218218071163;16,0;16,0;10,0;10,0;0;10,0;10,0;10,0;16,0;16,0;19,0;17,0;14,0;15,571428571428571;2,7602622373693966;10,0;19,0;-6,0;0,93;17,56;1,0601435458333333;8,45;0;16,0;12,0;19,0;16,0;12,0;19,0
2023-10-17;16,0;0,87;34,8264;22,51;12,3158;20,0;17,675687916666664;8,91667;26,6833;51,003479166666665;1,0304773791666666;2,60093;10;290;1;-0,8660254037844386;0,5000000000000001;-0,9620675724981452;0,27281126433401914;10,0;12,0;16,0;16,0;0;16,0;16,0;16,0;10,0;16,0;16,0;16,0;14,0;15,571428571428571;2,7602622373693966;10,0;19,0;6,0;0,82;17,34;0,9219849041666668;7,875;0;12,0;19,0;23,0;12,0;19,0;23,0
2023-10-18;12,0;0,79;15,0566;12,95;2,1084;19,0;14,718389166666666;9,73334;21,375;64,85765416666666;1,2052282375;2,45004;10;291;2;-0,8660254037844386;0,5000000000000001;-0,957232443323312;0,28931997761869527;16,0;19,0;12,0;12,0;0;12,0;12,0;12,0;16,0;10,0;16,0;15,0;12,666666666666666;15,142857142857142;3,078342163598832;10,0;19,0;-4,0;0,87;22,51;1,0304773791666666;8,91667;0;19,0;23,0;25,0;19,0;23,0;25,0
2023-10-19;19,0;1,0;55,2953;29,37;25,9224;18,0;17,79580208333333;8,20833;26,4;55,1805625;0,7840468416666666;2,0978;10;292;3;-0,8660254037844386;0,5000000000000001;-0,9521140536681102;0,3057430764672831;12,0;23,0;19,0;19,0;0;19,0;19,0;19,0;12,0;16,0;10,0;17,0;15,666666666666666;15,428571428571429;3,359421718944224;10,0;19,0;7,0;0,79;12,95;1,2052282375;9,73334;0;23,0;25,0;25,0;23,0;25,0;25,0
2023-10-20;23,0;1,0;53,4001;33,87;19,5268;6,0;16,154129166666667;11,9909;21,225;67,1771;0,7405657;1,8327;10;293;4;-0,8660254037844386;0,5000000000000001;-0,9467139181463862;0,3220757010206104;19,0;25,0;23,0;23,0;0;23,0;23,0;23,0;19,0;12,0;16,0;19,0;18,0;16,0;4,2817441928883655;10,0;23,0;4,0;1,0;29,37;0,7840468416666666;8,20833;0;25,0;25,0;13,0;25,0;25,0;13,0
2023-10-21;25,0;0,89;28,6804;21,92;6,76243;6,0;13,36285;10,6667;15,7667;85,7569875;0,7584128041666666;1,62735;10;294;5;-0,8660254037844386;0,5000000000000001;-0,9410336347451197;0,3383130181923076;23,0;25,0;25,0;25,0;0;25,0;25,0;25,0;23,0;19,0;12,0;16,0;22,333333333333332;17,285714285714285;5,468524655221176;10,0;25,0;2,0;1,0;33,87;0,7405657;11,9909;1;25,0;13,0;17,0;25,0;13,0;17,0
2023-10-22;25,0;0,89;20,0033;14,78;5,22295;14,0;14,7461875;11,9833;21,3667;80,48962916666666;1,1049111166666667;2,5599;10;295;6;-0,8660254037844386;0,5000000000000001;-0,9350748843515574;0,3544502230989869;25,0;13,0;25,0;25,0;0;25,0;25,0;25,0;25,0;23,0;19,0;16,0;24,333333333333332;18,571428571428573;6,133436852128476;10,0;25,0;0,0;0,89;21,92;0,7584128041666666;10,6667;1;13,0;17,0;15,0;13,0;17,0;15,0
2023-10-23;13,0;0,82;17,4896;14,03;3,45756;14,0;11,339244444444445;10,875;12,0417;94,97651111111112;1,085117111111111;1,44901;10;296;0;-0,8660254037844386;0,5000000000000001;-0,9288394302558068;0,3704825404820963;25,0;17,0;13,0;13,0;0;13,0;13,0;13,0;25,0;25,0;23,0;10,0;21,0;19,0;5,507570547286109;12,0;25,0;-12,0;0,89;14,78;1,1049111166666667;11,9833;0;17,0;15,0;14,0;17,0;15,0;14,0
2023-10-24;17,0;0,86;29,4986;18,45;11,0506;15,0;15,686105722385197;10,224154331856402;22,024217290153967;67,31389918317092;0,9264753004251592;2,338097887060512;10;297;1;-0,8660254037844386;0,5000000000000001;-0,9223291176290545;0,3864052261209853;13,0;15,0;17,0;17,0;0;17,0;17,0;17,0;13,0;25,0;25,0;16,0;18,333333333333332;19,142857142857142;5,429197958832461;12,0;25,0;4,0;0,82;14,03;1,085117111111111;10,875;0;15,0;14,0;8,0;15,0;14,0;8,0
2023-10-25;15,0;0,86;32,6339;18,46;14,1734;19,0;16,93127330989939;10,66453382151271;24,07537839356774;62,32845465929889;0,9847785913870191;2,458139684431023;10;298;2;-0,8660254037844386;0,5000000000000001;-0,9155458729775467;0,40221356823680365;17,0;14,0;15,0;15,0;0;15,0;15,0;15,0;17,0;13,0;25,0;12,0;15,0;19,571428571428573;4,859943170351658;13,0;25,0;-2,0;0,86;18,45;0,9264753004251592;10,224154331856402;0;14,0;8,0;11,0;14,0;8,0;11,0
2023-10-26;14,0;0,79;29,6076;18,11;11,4947;16,0;15,942491345756997;10,305349377226309;22,41528090653169;65,94737216888339;0,9538676220368179;2,387979121334827;10;299;3;-0,8660254037844386;0,5000000000000001;-0,9084917035725082;0,41790288888678667;15,0;8,0;14,0;14,0;0;14,0;14,0;14,0;15,0;17,0;13,0;19,0;15,333333333333334;18,857142857142858;5,304984179322045;13,0;25,0;-1,0;0,86;18,46;0,9847785913870191;10,66453382151271;0;8,0;11,0;4,0;8,0;11,0;4,0
2023-10-27;8,0;0,78;16,6709;11,82;4,85163;15,0;15,597366766360423;10,742612805204176;21,07462778786332;70,49391206797017;1,0572305415594268;2,4992688692739136;10;300;4;-0,8660254037844386;0,5000000000000001;-0,9011686968561569;0,4334685453485363;14,0;11,0;8,0;8,0;0;8,0;8,0;8,0;14,0;15,0;17,0;23,0;12,333333333333334;16,714285714285715;6,290582530372565;8,0;25,0;-6,0;0,79;18,11;0,9538676220368179;10,305349377226309;0;11,0;4,0;7,0;11,0;4,0;7,0
2023-10-28;11,0;0,91;29,3597;20,57;8,79401;10,0;14,176064664625134;9,530423514488911;19,78904403369213;72,6511448817287;0,8083200231025792;2,1315999827181664;10;301;5;-0,8660254037844386;0,5000000000000001;-0,8935790198239952;0,4489059314938798;8,0;4,0;11,0;11,0;0;11,0;11,0;11,0;8,0;14,0;15,0;25,0;11,0;14,714285714285714;5,376314900074372;8,0;25,0;3,0;0,78;11,82;1,0572305415594268;10,742612805204176;1;4,0;7,0;10,0;4,0;7,0;10,0
2023-10-29;4,0;0,76;14,7277;9,49;5,24037;13,0;14,944294852579565;10,658721026913723;19,754553492188876;73,8667436853506;1,0838871452870324;2,497509906871829;10;302;6;-0,8660254037844386;0,5000000000000001;-0,8857249183835637;0,4642104791518923;11,0;7,0;4,0;4,0;0;4,0;4,0;4,0;11,0;8,0;14,0;25,0;7,666666666666667;11,714285714285714;4,4614753058558465;4,0;17,0;-7,0;0,91;20,57;0,8083200231025792;9,530423514488911;1;7,0;10,0;7,0;7,0;10,0;7,0
2023-10-30;7,0;0,88;27,8072;16,31;11,4938;16,542147632832677;16,15361947792138;10,576814656182702;22,542208069029105;66,58936278248689;0,9900704667816167;2,428598085071065;10;303;0;-0,8660254037844386;0,5000000000000001;-0,8776087166898392;0,4793776594606945;4,0;10,0;7,0;7,0;0;7,0;7,0;7,0;4,0;11,0;8,0;13,0;7,333333333333333;10,857142857142858;4,740906081772769;4,0;17,0;3,0;0,76;9,49;1,0838871452870324;10,658721026913723;0;10,0;7,0;10,0;10,0;7,0;10,0
2023-10-31;10,0;0,8;23,4264;14,51;8,9119;13,0;14,994343520006076;10,258021287664107;20,441361176551023;71,43757333636893;0,9839665500449447;2,378103337811332;10;304;1;-0,8660254037844386;0,5000000000000001;-0,8692328164574792;0,49440298420761813;7,0;7,0;10,0;10,0;0;10,0;10,0;10,0;7,0;4,0;11,0;17,0;7,0;9,857142857142858;3,8913824205360017;4,0;15,0;3,0;0,88;16,31;0,9900704667816167;10,576814656182702;0;7,0;10,0;10,0;7,0;10,0;10,0
2023-11-01;7,0;0,89;27,6474;19,12;8,53036;6,0;12,902293856962363;9,144821530764169;17,557645286640085;78,04113015104312;0,7894684208567708;2,050120449079299;11;305;2;-0,5000000000000004;0,8660254037844384;-0,8605996962501181;0,5092820071573356;10,0;10,0;7,0;7,0;0;7,0;7,0;7,0;10,0;7,0;4,0;15,0;8,0;8,714285714285714;3,2513733362116364;4,0;14,0;-3,0;0,8;14,51;0,9839665500449447;10,258021287664107;0;10,0;10,0;16,0;10,0;10,0;16,0
2023-11-02;10,0;1,01;46,451;18,87;27,5853;15,30901611475485;15,895136459718175;10,158136873582935;22,537798054411265;66,27377679823485;0,9505478636894105;2,324302514293289;11;306;3;-0,5000000000000004;0,8660254037844384;-0,8517119107469189;0,5240103253675756;7,0;10,0;10,0;10,0;0;10,0;10,0;10,0;7,0;10,0;7,0;14,0;9,0;8,142857142857142;2,4102953780653498;4,0;11,0;3,0;0,89;19,12;0,7894684208567708;9,144821530764169;0;10,0;16,0;11,0;10,0;16,0;11,0
2023-11-03;10,0;1,03;57,0644;27,75;29,319;14,559338824543467;15,718660846343338;9,378303203989113;23,28521006680115;62,961201485810435;0,7570010692048443;2,096687140109939;11;307;4;-0,5000000000000004;0,8660254037844384;-0,8425720899866032;0,5385835804920232;10,0;16,0;10,0;10,0;0;10,0;10,0;10,0;10,0;7,0;10,0;8,0;9,0;8,428571428571429;2,5071326821119144;4,0;11,0;0,0;1,01;18,87;0,9505478636894105;10,158136873582935;0;16,0;11,0;9,0;16,0;11,0;9,0
2023-11-04;16,0;1,04;43,8945;17,51;26,3842;15,309481270550727;15,913022423197647;10,302092737743786;22,396251819586592;67,11689210284393;0,9731143955114095;2,349168393492625;11;308;5;-0,5000000000000004;0,8660254037844384;-0,8331829385891785;0,5529974600700271;10,0;11,0;16,0;16,0;0;16,0;16,0;16,0;10,0;10,0;7,0;11,0;12,0;9,142857142857142;3,760699023167978;4,0;16,0;6,0;1,03;27,75;0,7570010692048443;9,378303203989113;1;11,0;9,0;6,0;11,0;9,0;6,0
2023-11-05;11,0;0,79;12,2949;10,24;2,05227;17,0;16,223502550349227;11,146229043517677;21,883531410437616;69,07655342952664;1,107388298717616;2,5904089327209303;11;309;6;-0,5000000000000004;0,8660254037844384;-0,8235472349556007;0,5672476988027229;16,0;9,0;11,0;11,0;0;11,0;11,0;11,0;16,0;10,0;10,0;4,0;12,333333333333334;10,142857142857142;3,023715784073736;7,0;16,0;-5,0;1,04;17,51;0,9731143955114095;10,302092737743786;1;9,0;6,0;7,0;9,0;6,0;7,0
2023-11-06;9,0;0,79;23,5659;14,69;8,87781;15,0;15,615992145651798;10,481336347042072;21,46886010966238;68,92241190210784;1,0064477189231364;2,4349108340776877;11;310;0;-0,5000000000000004;0,8660254037844384;-0,8136678304455991;0,5813300798152042;11,0;6,0;9,0;9,0;0;9,0;9,0;9,0;11,0;16,0;10,0;7,0;12,0;10,428571428571429;2,7602622373693304;7,0;16,0;-2,0;0,79;10,24;1,107388298717616;11,146229043517677;0;6,0;7,0;11,0;6,0;7,0;11,0
2023-11-07;6,0;0,78;17,2034;13,12;4,08575;16,0;15,919182712232129;10,77486445812366;21,7372937338467;68,73755634073785;1,040594822195917;2,4984761789423224;11;311;1;-0,5000000000000004;0,8660254037844384;-0,8035476485339116;0,5952404359043674;9,0;7,0;6,0;6,0;0;6,0;6,0;6,0;9,0;11,0;16,0;10,0;8,666666666666666;9,857142857142858;3,236694374850669;6,0;16,0;-3,0;0,79;14,69;1,0064477189231364;10,481336347042072;0;7,0;11,0;6,0;7,0;11,0;6,0
2023-11-08;7,0;0,86;32,3081;20,06;12,2485;18,0;16,630860578256105;10,447140091479515;23,752343430287432;62,89514757750555;0,9335746566996187;2,3905924806019216;11;312;2;-0,5000000000000004;0,8660254037844384;-0,7931896839451843;0,6089746507720486;6,0;11,0;7,0;7,0;0;7,0;7,0;7,0;6,0;9,0;11,0;7,0;7,333333333333333;9,857142857142858;3,236694374850669;6,0;16,0;1,0;0,78;13,12;1,040594822195917;10,77486445812366;0;11,0;6,0;7,0;11,0;6,0;7,0
2023-11-09;11,0;0,85;33,3969;21,89;11,51;20,0;17,261376765740465;10,551731101642044;24,977296006318507;59,64970502168729;0,9194665556791352;2,408990311913419;11;313;3;-0,5000000000000004;0,8660254037844384;-0,7825970017677834;0,6225286602431057;7,0;6,0;11,0;11,0;0;11,0;11,0;11,0;7,0;6,0;9,0;10,0;8,0;10,0;3,2659863237108273;6,0;16,0;4,0;0,86;20,06;0,9335746566996187;10,447140091479515;0;6,0;7,0;9,0;6,0;7,0;9,0
2023-11-10;6,0;0,87;29,9531;16,2;13,7552;5,0;12,550529228023754;9,163150040997097;16,705446726179307;80,1814652136512;0,8536018532060289;2,094951133223394;11;314;4;-0,5000000000000004;0,8660254037844384;-0,7717727365467836;0,6358984534680745;11,0;7,0;6,0;6,0;0;6,0;6,0;6,0;11,0;7,0;6,0;10,0;8,0;9,428571428571429;3,5989416433696753;6,0;16,0;-5,0;0,85;21,89;0,9194665556791352;10,551731101642044;0;7,0;9,0;7,0;7,0;9,0;7,0
2023-11-11;7,0;0,87;22,9222;13,25;9,6713;16,852696571960166;16,228921382716962;10,865014120133393;22,296826452616006;67,74085784896472;1,0545980192618774;2,508191166945375;11;315;5;-0,5000000000000004;0,8660254037844384;-0,7607200913564104;0,6490800741100398;6,0;9,0;7,0;7,0;0;7,0;7,0;7,0;6,0;11,0;7,0;16,0;8,0;8,142857142857142;2,1930626551749954;6,0;11,0;1,0;0,87;16,2;0,8536018532060289;9,163150040997097;1;9,0;7,0;9,0;9,0;7,0;9,0
2023-11-12;9,0;0,77;11,4986;9,51;1,98886;10,0;14,017436631120257;10,343742555127454;18,22249100680291;77,69639797782693;1,03617191509213;2,4042540064529208;11;316;6;-0,5000000000000004;0,8660254037844384;-0,7494423368521954;0,6620696215153815;7,0;7,0;9,0;9,0;0;9,0;9,0;9,0;7,0;6,0;11,0;11,0;7,333333333333333;7,857142857142857;1,8644544714714408;6,0;11,0;2,0;0,87;13,25;1,0545980192618774;10,865014120133393;1;7,0;9,0;8,0;7,0;9,0;8,0
2023-11-13;7,0;0,78;20,6701;14,89;5,78241;15,0;15,61426840422704;10,497734581188082;21,460784078220033;68,98732979057696;0,9951785387041918;2,4297649554284484;11;317;0;-0,5000000000000004;0,8660254037844384;-0,7379428103031386;0,6748632518680403;9,0;9,0;7,0;7,0;0;7,0;7,0;7,0;9,0;7,0;6,0;9,0;7,666666666666667;7,571428571428571;1,8126539343497543;6,0;11,0;-2,0;0,77;9,51;1,03617191509213;10,343742555127454;0;9,0;8,0;9,0;9,0;8,0;9,0
2023-11-14;9,0;0,8;30,0749;18,27;11,8;15,0;15,636883489310927;10,175694476136327;21,940249017958262;67,08993550891196;0,9376805659129414;2,353222612697106;11;318;1;-0,5000000000000004;0,8660254037844384;-0,7262249146041543;0,6874571793269664;7,0;8,0;9,0;9,0;0;9,0;9,0;9,0;7,0;9,0;7,0;6,0;8,333333333333334;8,0;1,732050807568699;6,0;11,0;2,0;0,78;14,89;0,9951785387041918;10,497734581188082;0;8,0;9,0;8,0;8,0;9,0;8,0
2023-11-15;8,0;0,79;24,3884;14,45;9,93597;17,10558294128576;16,24444768509089;10,727399144027212;22,475956626517316;66,53161476996411;1,0406706570133089;2,502203369208567;11;319;2;-0,5000000000000004;0,8660254037844384;-0,7142921172691032;0,699847677146407;9,0;9,0;8,0;8,0;0;8,0;8,0;8,0;9,0;7,0;9,0;7,0;8,0;8,142857142857142;1,6761634196948698;6,0;11,0;-1,0;0,8;18,27;0,9376805659129414;10,175694476136327;0;9,0;8,0;15,0;9,0;8,0;15,0
2023-11-16;9,0;0,81;24,9421;15,1;9,84161;20,0;17,19390280424412;11,055757770828125;24,08275316052596;62,7825983915039;1,0614901217303696;2,5701036838997773;11;320;3;-0,5000000000000004;0,8660254037844384;-0,7021479494046978;0,7120310787787131;8,0;8,0;9,0;9,0;0;9,0;9,0;9,0;8,0;9,0;7,0;11,0;8,666666666666666;7,857142857142857;1,2149857925876537;6,0;9,0;1,0;0,79;14,45;1,0406706570133089;10,727399144027212;0;8,0;15,0;14,0;8,0;15,0;14,0
2023-11-17;8,0;0,96;42,2006;21,32;20,8799;8,0;13,572915840288447;9,115595587923325;19,006048689658225;74,11327485182332;0,7937889130927647;2,055623143605545;11;321;4;-0,5000000000000004;0,8660254037844384;-0,6897960046655887;0,7240037789593305;9,0;15,0;8,0;8,0;0;8,0;8,0;8,0;9,0;8,0;9,0;6,0;8,333333333333334;8,142857142857142;0,8997354108420986;7,0;9,0;-1,0;0,81;15,1;1,0614901217303696;11,055757770828125;0;15,0;14,0;7,0;15,0;14,0;7,0
2023-11-18;15,0;1,17;47,1306;22,11;25,0206;14,477132247592689;15,785084983752693;9,978355276213902;22,684403098523294;66,57466441645303;0,8502116136358827;2,1955826980523225;11;322;5;-0,5000000000000004;0,8660254037844384;-0,6772399381909491;0,7357622347736527;8,0;14,0;15,0;15,0;0;15,0;15,0;15,0;8,0;9,0;8,0;7,0;10,666666666666666;9,285714285714286;2,627691364061116;7,0;15,0;7,0;0,96;21,32;0,7937889130927647;9,115595587923325;1;14,0;7,0;5,0;14,0;7,0;5,0
2023-11-19;14,0;0,92;24,157;13,35;10,8061;16,595549169496817;16,191882966808343;10,857339113269683;22,25027211462716;68,12575124348633;1,0475318565276421;2,490564655341665;11;323;6;-0,5000000000000004;0,8660254037844384;-0,6644834655228552;0,7473029667054296;15,0;7,0;14,0;14,0;0;14,0;14,0;14,0;15,0;8,0;9,0;9,0;12,333333333333334;10,0;3,162277660168302;7,0;15,0;-1,0;1,17;22,11;0,8502116136358827;9,978355276213902;1;7,0;5,0;9,0;7,0;5,0;9,0
2023-11-20;7,0;1,01;24,016;14,25;9,76993;15,0;15,775347023005173;10,683526558781013;21,659304674629;70,02643514330522;0,9973057068259944;2,4066936579042384;11;324;0;-0,5000000000000004;0,8660254037844384;-0,6515303615068021;0,75862255966641;14,0;5,0;7,0;7,0;0;7,0;7,0;7,0;14,0;15,0;8,0;7,0;12,0;10,0;3,162277660168302;7,0;15,0;-7,0;0,92;13,35;1,0475318565276421;10,857339113269683;0;5,0;9,0;10,0;5,0;9,0;10,0
2023-11-21;5,0;0,76;22,4481;13,04;9,40695;14,0;15,269777152229052;10,453575576250882;20,7284067882972;70,72894793607435;1,0326164740918462;2,4488118096826543;11;325;1;-0,5000000000000004;0,8660254037844384;-0,6383844591746642;0,7697176640069211;7,0;9,0;5,0;5,0;0;5,0;5,0;5,0;7,0;14,0;15,0;9,0;8,666666666666666;9,428571428571429;3,690399384761369;5,0;15,0;-2,0;1,01;14,25;0,9973057068259944;10,683526558781013;0;9,0;10,0;11,0;9,0;10,0;11,0
2023-11-22;9,0;0,78;23,9526;14,42;9,53101;16,0;15,917327137366334;10,60410436954075;21,935352748703725;67,76964878954698;1,0272878776671357;2,472747784519715;11;326;2;-0,5000000000000004;0,8660254037844384;-0,6250496486104377;0,7805849965070866;5,0;10,0;9,0;9,0;0;9,0;9,0;9,0;5,0;7,0;14,0;8,0;7,0;9,571428571428571;3,644957377763664;5,0;15,0;4,0;0,76;13,04;1,0326164740918462;10,453575576250882;0;10,0;11,0;17,0;10,0;11,0;17,0
2023-11-23;10,0;0,79;26,9543;18,26;8,68944;23,0;18,134902749826654;11,17290924687155;25,962938471341772;57,7013547990361;1,031747911934839;2,58880159566914;11;327;3;-0,5000000000000004;0,8660254037844384;-0,6115298757991053;0,7912213413483807;9,0;11,0;10,0;10,0;0;10,0;10,0;10,0;9,0;5,0;7,0;9,0;8,0;9,714285714285714;3,638419332360514;5,0;15,0;1,0;0,78;14,42;1,0272878776671357;10,60410436954075;0;11,0;17,0;13,0;11,0;17,0;13,0
2023-11-24;11,0;0,79;24,0982;16,9;7,20085;18,0;16,569187449468615;10,696632937927523;23,251305911090412;64,40898510272133;0,9935516165889888;2,471557626908033;11;328;4;-0,5000000000000004;0,8660254037844384;-0,5978291414589552;0,801623551065242;10,0;17,0;11,0;11,0;0;11,0;11,0;11,0;10,0;9,0;5,0;8,0;10,0;10,142857142857142;3,579039509354895;5,0;15,0;1,0;0,79;18,26;1,031747911934839;11,17290924687155;0;17,0;13,0;8,0;17,0;13,0;8,0
2023-11-25;17,0;0,84;19,645;13,46;6,17993;18,0;16,584611348790474;11,008149263071013;22,870850336783025;66,31365642303417;1,0582700017467106;2,5404055719701804;11;329;5;-0,5000000000000004;0,8660254037844384;-0,5839514998576998;0,8117885474764613;11,0;13,0;17,0;17,0;0;17,0;17,0;17,0;11,0;10,0;9,0;15,0;12,666666666666666;10,428571428571429;4,076646614442703;5,0;17,0;6,0;0,79;16,9;0,9935516165889888;10,696632937927523;1;13,0;8,0;10,0;13,0;8,0;10,0
2023-11-26;13,0;0,82;17,5622;12,15;5,41709;19,0;16,880240113176754;11,22748565414832;23,192446705790793;65,69799801080151;1,0985826989107592;2,603147212286027;11;330;6;-0,5000000000000004;0,8660254037844384;-0,5699010576127624;0,8217133225960589;17,0;8,0;13,0;13,0;0;13,0;13,0;13,0;17,0;11,0;10,0;14,0;13,666666666666666;10,285714285714286;3,9460649476951213;5,0;17,0;-4,0;0,84;13,46;1,0582700017467106;11,008149263071013;1;8,0;10,0;8,0;8,0;10,0;8,0
2023-11-27;8,0;0,82;17,9319;11,97;5,96011;12,0;14,687218158109157;10,386370391467196;19,62211264939322;74,10734137911516;1,0152485090466778;2,401029379719431;11;331;0;-0,5000000000000004;0,8660254037844384;-0,5556819724760489;0,8313949395234058;13,0;10,0;8,0;8,0;0;8,0;8,0;8,0;13,0;17,0;11,0;7,0;12,666666666666666;10,428571428571429;3,823486317361049;5,0;17,0;-5,0;0,82;12,15;1,0985826989107592;11,22748565414832;0;10,0;8,0;11,0;10,0;8,0;11,0
2023-11-28;10,0;0,84;17,0784;13,21;3,87245;13,0;15,02706215760795;10,45866642515926;20,290931783802385;72,55203652029081;0,9946709165262277;2,397183951805398;11;332;1;-0,5000000000000004;0,8660254037844384;-0,5412984521036173;0,8408305333122887;8,0;8,0;10,0;10,0;0;10,0;10,0;10,0;8,0;13,0;17,0;5,0;10,333333333333334;11,142857142857142;3,023715784073749;8,0;17,0;2,0;0,82;11,97;1,0152485090466778;10,386370391467196;0;8,0;11,0;7,0;8,0;11,0;7,0
2023-11-29;8,0;0,8;20,8147;15,34;5,47239;21,0;17,505900412522582;11,204767963484217;24,57691218106404;61,718164680297384;1,0586443160780123;2,5924989418943607;11;333;2;-0,5000000000000004;0,8660254037844384;-0,5267547528105542;0,8500173118187018;10,0;11,0;8,0;8,0;0;8,0;8,0;8,0;10,0;8,0;13,0;9,0;8,666666666666666;11,0;3,162277660168312;8,0;17,0;-2,0;0,84;13,21;0,9946709165262277;10,45866642515926;0;11,0;7,0;6,0;11,0;7,0;6,0
2023-11-30;11,0;0,78;20,4448;14,97;5,47086;19,0;16,863085747205915;10,97460153383704;23,494849286836914;64,19418003620407;1,0430157429409754;2,5454788871701157;11;334;3;-0,5000000000000004;0,8660254037844384;-0,5120551783114646;0,8589525565270845;8,0;7,0;11,0;11,0;0;11,0;11,0;11,0;8,0;10,0;8,0;10,0;9,666666666666666;11,142857142857142;3,132015933791428;8,0;17,0;3,0;0,8;15,34;1,0586443160780123;11,204767963484217;0;7,0;6,0;7,0;7,0;6,0;7,0
2023-12-01;7,0;0,8;16,1384;11,68;4,46118;13,0;14,987455712364113;10,534454595971779;20,062612196687628;73,06032465384084;1,0320836385244743;2,43970461854924;12;335;4;-2,4492935982947064e-16;1,0;-0,4972040784469378;0,8676336233547726;11,0;6,0;7,0;7,0;0;7,0;7,0;7,0;11,0;8,0;10,0;11,0;8,666666666666666;10,571428571428571;3,5050983275385916;7,0;17,0;-4,0;0,78;14,97;1,0430157429409754;10,97460153383704;0;6,0;7,0;12,0;6,0;7,0;12,0
2023-12-02;6,0;0,8;16,5931;11,22;5,37563;14,0;15,29607334669199;10,678276929952313;20,51938338845209;72,02292096138632;1,0567333674934223;2,4804128698772034;12;336;5;-2,4492935982947064e-16;1,0;-0,4822058478963526;0,8760579434344281;7,0;7,0;6,0;6,0;0;6,0;6,0;6,0;7,0;11,0;8,0;17,0;8,0;9,0;2,4494897427830655;6,0;13,0;-1,0;0,8;11,68;1,0320836385244743;10,534454595971779;1;7,0;12,0;9,0;7,0;12,0;9,0
2023-12-03;7,0;0,74;12,8964;10,38;2,51175;19,0;16,811200692659604;11,329117766651871;22,86363102464967;66,37532267816232;1,1355444570774862;2,655348417212317;12;337;6;-2,4492935982947064e-16;1,0;-0,46706492487743034;0,8842230238742036;6,0;12,0;7,0;7,0;0;7,0;7,0;7,0;6,0;7,0;11,0;13,0;6,666666666666667;8,142857142857142;1,7728105208556657;6,0;11,0;1,0;0,8;11,22;1,0567333674934223;10,678276929952313;1;12,0;9,0;12,0;12,0;9,0;12,0
2023-12-04;12,0;0,75;20,8228;13,53;7,28807;16,0;15,891945138875768;10,674427730934257;21,776027333832722;68,20559680209843;1,04292493958499;2,496636948599156;12;338;0;-2,4492935982947064e-16;1,0;-0,451785789832884;0,8921264484954345;7,0;9,0;12,0;12,0;0;12,0;12,0;12,0;7,0;6,0;7,0;8,0;8,333333333333334;8,714285714285714;2,2886885410851927;6,0;12,0;5,0;0,74;10,38;1,1355444570774862;11,329117766651871;0;9,0;12,0;42,0;9,0;12,0;42,0
2023-12-05;9,0;0,75;14,4733;10,6;3,86907;13,0;14,942301536044168;10,579765138362752;19,868733600041995;73,39134957831627;1,0577769912499728;2,472628881678182;12;339;1;-2,4492935982947064e-16;1,0;-0,4363729641045924;0,8997658785476209;12,0;12,0;9,0;9,0;0;9,0;9,0;9,0;12,0;7,0;6,0;10,0;9,333333333333334;8,571428571428571;2,225394561056617;6,0;12,0;-3,0;0,75;13,53;1,04292493958499;10,674427730934257;0;12,0;42,0;34,0;12,0;42,0;34,0
2023-12-06;12,0;0,81;24,3722;16,51;7,8592;18,0;16,578424973155563;10,731096549192701;23,227621318805607;64,63714571160995;1,0014198681318551;2,477265382669107;12;340;2;-2,4492935982947064e-16;1,0;-0,42083100859565564;0,9071390534005044;9,0;42,0;12,0;12,0;0;12,0;12,0;12,0;9,0;12,0;7,0;8,0;11,0;9,142857142857142;2,5448360411213;6,0;12,0;3,0;0,75;10,6;1,0577769912499728;10,579765138362752;0;42,0;34,0;11,0;42,0;34,0;11,0
2023-12-07;42,0;1,21;36,783;24,24;12,542;22,0;18,1624579608824;10,891340206028369;26,67668090129175;57,651464437882936;0,8639463182710795;2,3509931776683755;12;341;3;-2,4492935982947064e-16;1,0;-0,4051645224207563;0,9142437912130223;12,0;34,0;42,0;42,0;0;42,0;42,0;42,0;12,0;9,0;12,0;11,0;21,0;13,571428571428571;12,765280292746441;6,0;42,0;30,0;0,81;16,51;1,0014198681318551;10,731096549192701;0;34,0;11,0;21,366658189009282;34,0;11,0;
2023-12-08;34,0;0,95;16,8008;12,88;3,9182;18,0;16,66664002633886;11,172064373819397;22,902783060762697;67,21217711329035;1,0542845284090165;2,5325201529324364;12;342;4;-2,4492935982947064e-16;1,0;-0,3893781415452015;0,9210779895789526;42,0;11,0;34,0;34,0;0;34,0;34,0;34,0;42,0;12,0;9,0;7,0;29,333333333333332;17,428571428571427;14,420554113916044;6,0;42,0;-8,0;1,21;24,24;0,8639463182710795;10,891340206028369;0;11,0;21,366658189009282;11,09892320621288;11,0;;
2023-12-09;11,0;0,81;17,0469;12,71;4,33496;24,0;18,43789720732873;11,789784268289596;25,77638779663542;59,491745329704095;1,1478877354852959;2,7385387911311625;12;343;5;-2,4492935982947064e-16;1,0;-0,37347653741307074;0,9276396261490467;34,0;;11,0;11,0;0;11,0;11,0;11,0;34,0;42,0;12,0;6,0;29,0;18,142857142857142;13,873578863299494;7,0;42,0;-23,0;0,95;12,88;1,0542845284090165;11,172064373819397;1;21,366658189009282;11,09892320621288;9,0;;;9,0
2023-12-10;21,366658189009282;0,93;20,3203;15,05;5,26952;25,0;19,295;14,625;28,25;49,08335;0,1986378;0,624121;12;344;6;-2,4492935982947064e-16;1,0;-0,3574644155648614;0,9339267592294762;11,0;;;21,366658189009282;1;;21,366658189009282;21,366658189009282;11,0;34,0;42,0;7,0;22,12221939633643;20,195236884144183;12,98461225527531;9,0;42,0;10,366658189009282;0,81;12,71;1,1478877354852959;11,789784268289596;1;11,09892320621288;9,0;9,0;;9,0;9,0
2023-12-11;11,09892320621288;0,82;14,7169;11,11;3,60874;16,0;18,335425;16,85;20,2583;61,437525;1,013501;1,4572;12;345;0;-2,4492935982947064e-16;1,0;-0,34134651424503615;0,9399375283564133;;9,0;;11,09892320621288;1;;11,09892320621288;11,09892320621288;21,366658189009282;11,0;34,0;12,0;14,48852713174072;20,06651162788888;13,083488042299548;9,0;42,0;-10,267734982796402;0,93;15,05;0,1986378;14,625;0;9,0;9,0;11,0;9,0;9,0;11,0
2023-12-12;9,0;0,84;21,9076;14,88;7,02531;18,0;21,75902083333333;13,0167;29,375;52,072920833333335;1,2544979875;2,95408;12;346;1;-2,4492935982947064e-16;1,0;-0,3251276029999093;0,9456701548465688;;9,0;9,0;9,0;0;9,0;9,0;9,0;11,09892320621288;21,366658189009282;11,0;9,0;13,821860465074053;20,06651162788888;13,083488042299548;9,0;42,0;-2,0989232062128806;0,82;11,11;1,013501;16,85;0;9,0;11,0;13,0;9,0;11,0;13,0
2023-12-13;9,0;0,76;22,2047;16,58;5,6238;22,0;23,7638875;14,7583;31,6917;42,35069583333333;1,0421822791666666;2,71222;12;347;2;-2,4492935982947064e-16;1,0;-0,30881248126625377;0,9511229423235357;9,0;11,0;9,0;9,0;0;9,0;9,0;9,0;9,0;11,09892320621288;21,366658189009282;12,0;9,699641068737627;19,637940199317452;13,436141010967338;9,0;42,0;0,0;0,84;14,88;1,2544979875;13,0167;0;11,0;13,0;5,0;11,0;13,0;5,0
2023-12-14;11,0;0,74;18,985;16,21;2,77257;16,0;20,585358333333332;15,8333;25,8818;47,6006875;1,623813075;3,59477;12;348;3;-2,4492935982947064e-16;1,0;-0,29240597695107734;0,9562942772197719;9,0;13,0;11,0;11,0;0;11,0;11,0;11,0;9,0;9,0;11,09892320621288;42,0;9,666666666666666;15,209368770746023;9,313483860077609;9,0;34,0;2,0;0,76;16,58;1,0421822791666666;14,7583;0;13,0;5,0;4,0;13,0;5,0;4,0
2023-12-15;13,0;0,81;24,2427;17,6;6,64407;16,0;19,38055;11,3583;28,0417;56,354170833333335;1,4850511666666666;3,03341;12;349;4;-2,4492935982947064e-16;1,0;-0,27591294500296043;0,9611826292540837;11,0;5,0;13,0;13,0;0;13,0;13,0;13,0;11,0;9,0;9,0;34,0;11,0;12,209368770746023;4,266914928510773;9,0;21,366658189009282;2,0;0,74;16,21;1,623813075;15,8333;0;5,0;4,0;5,0;5,0;4,0;5,0
2023-12-16;5,0;0,74;10,5412;8,45;2,09229;12,0;15,499308333333332;10,375;21,025;64,74999166666667;1,7902643750000002;3,0112;12;350;5;-2,4492935982947064e-16;1,0;-0,2593382659754056;0,9657865518844574;13,0;4,0;5,0;5,0;0;5,0;5,0;5,0;13,0;11,0;9,0;11,0;9,666666666666666;11,352225913603165;5,076234597760158;5,0;21,366658189009282;-8,0;0,81;17,6;1,4850511666666666;11,3583;1;4,0;5,0;35,0;4,0;5,0;35,0
2023-12-17;4,0;0,75;9,83659;8,12;1,71315;14,0;17,388883333333332;10,2333;25,275;55,5101;1,1637930416666666;2,58757;12;351;6;-2,4492935982947064e-16;1,0;-0,2426868445825954;0,9701046827361175;5,0;5,0;4,0;4,0;0;4,0;4,0;4,0;5,0;13,0;11,0;21,366658189009282;7,333333333333333;8,871274743744696;3,29872417974965;4,0;13,0;-1,0;0,74;8,45;1,7902643750000002;10,375;1;5,0;35,0;33,0;5,0;35,0;33,0
2023-12-18;5,0;0,72;19,3717;12,91;6,46594;17,0;20,23153333333333;10,9417;29,4917;47,7500125;1,1189342083333331;2,94199;12;352;0;-2,4492935982947064e-16;1,0;-0,22596360824801906;0,974135744004672;4,0;35,0;5,0;5,0;0;5,0;5,0;5,0;4,0;5,0;13,0;11,09892320621288;4,666666666666667;8,0;3,4156502553197856;4,0;13,0;1,0;0,75;8,12;1,1637930416666666;10,2333;0;35,0;33,0;23,0;35,0;33,0;23,0
2023-12-19;35,0;0,88;19,7424;16,02;3,71917;16,0;17,820137499999998;12,3083;23,6583;52,81945416666667;1,5747573191666666;3,11673;12;353;1;-2,4492935982947064e-16;1,0;-0,20917350564635637;0,9778785428342386;5,0;33,0;35,0;35,0;0;35,0;35,0;35,0;5,0;4,0;5,0;9,0;14,666666666666666;11,714285714285714;10,81225054763168;4,0;35,0;30,0;0,72;12,91;1,1189342083333331;10,9417;0;33,0;23,0;14,0;33,0;23,0;14,0
2023-12-20;33,0;0,92;26,8711;19,42;7,45185;19,0;19,95734583333333;10,0583;29,8182;51,70834583333333;1,19534525;2,76704;12;354;2;-2,4492935982947064e-16;1,0;-0,19232150523909483;0,9813319716704275;35,0;23,0;33,0;33,0;0;33,0;33,0;33,0;35,0;5,0;4,0;9,0;24,333333333333332;15,142857142857142;13,322019009001236;4,0;35,0;-2,0;0,88;16,02;1,5747573191666666;12,3083;0;23,0;14,0;10,0;23,0;14,0;10,0
2023-12-21;23,0;0,85;26,6345;17,36;9,2773;20,0;21,009720833333333;12,625;29,0083;49,76041666666666;1,3687338833333331;3,15118;12;355;3;-2,4492935982947064e-16;1,0;-0,17541259380427843;0,9844950085880858;33,0;14,0;23,0;23,0;0;23,0;23,0;23,0;33,0;35,0;5,0;11,0;30,333333333333332;16,857142857142858;13,471309902017337;4,0;35,0;-10,0;0,92;19,42;1,19534525;10,0583;0;14,0;10,0;11,0;14,0;10,0;11,0
2023-12-22;14,0;0,78;26,414;17,81;8,59975;21,0;22,2993;12,3;31,4333;50,670141666666666;1,180927625;2,69476;12;356;4;-2,4492935982947064e-16;1,0;-0,15845177496083632;0,9873667175937016;23,0;10,0;14,0;14,0;0;14,0;14,0;14,0;23,0;33,0;35,0;13,0;23,333333333333332;17,0;13,428824718989121;4,0;35,0;-9,0;0,85;17,36;1,3687338833333331;12,625;0;10,0;11,0;12,0;10,0;11,0;12,0
2023-12-23;10,0;0,78;17,9999;14,51;3,48906;19,0;23,019791666666663;17,45;30,6583;44,29514583333333;1,1616532416666667;3,49569;12;357;5;-2,4492935982947064e-16;1,0;-0,14144406768794202;0,9899462489023779;14,0;11,0;10,0;10,0;0;10,0;10,0;10,0;14,0;23,0;33,0;5,0;15,666666666666666;17,714285714285715;12,802529511966057;4,0;35,0;-4,0;0,78;17,81;1,180927625;12,3;1;11,0;12,0;15,0;11,0;12,0;15,0
2023-12-24;11,0;0,74;12,2176;9,67;2,54833;19,0;20,873966666666664;12,8;28,5417;54,02778333333333;1,342231333333333;3,237;12;358;6;-2,4492935982947064e-16;1,0;-0,12439450483979998;0,9922328391893008;10,0;12,0;11,0;11,0;0;11,0;11,0;11,0;10,0;14,0;23,0;4,0;11,666666666666666;18,714285714285715;11,785786435565592;5,0;35,0;1,0;0,78;14,51;1,1616532416666667;17,45;1;12,0;15,0;13,0;12,0;15,0;13,0
2023-12-25;12,0;0,83;15,6766;12,01;3,66597;25,0;24,944129166666663;14,8667;34,5333;46,0729125;1,0207183308333334;2,50265;12;359;0;-2,4492935982947064e-16;1,0;-0,10730813165636247;0,9942258118156161;11,0;15,0;12,0;12,0;0;12,0;12,0;12,0;11,0;10,0;14,0;5,0;11,0;19,714285714285715;10,672617387724623;10,0;35,0;1,0;0,74;9,67;1,342231333333333;12,8;0;15,0;13,0;12,0;15,0;13,0;12,0
2023-12-26;15,0;0,83;22,9701;14,44;8,53;15,0;20,805204166666663;15,8333;27,025;55,87500416666666;1,5982123041666665;3,00334;12;360;1;-2,4492935982947064e-16;1,0;-0,09019000427034513;0,9959245770286599;12,0;13,0;15,0;15,0;0;15,0;15,0;15,0;12,0;11,0;10,0;35,0;12,666666666666666;16,857142857142858;8,315218406202993;10,0;33,0;3,0;0,83;12,01;1,0207183308333334;14,8667;0;13,0;12,0;16,0;13,0;12,0;16,0
2023-12-27;13,0;0,78;15,6244;13,5;2,12346;16,0;19,826741666666667;14,1083;26,2583;66,96180416666667;1,41281475;2,87263;12;361;2;-2,4492935982947064e-16;1,0;-0,07304518821104743;0,9973286321364752;15,0;12,0;13,0;13,0;0;13,0;13,0;13,0;15,0;12,0;11,0;33,0;13,333333333333334;14,0;4,32049379893854;10,0;23,0;-2,0;0,83;14,44;1,5982123041666665;15,8333;0;12,0;16,0;9,0;12,0;16,0;9,0
2023-12-28;12,0;0,78;18,7248;14,14;4,58719;7,0;16,175345833333335;13,7583;18,85;78,60450833333333;1,0364000416666668;1,81169;12;362;3;-2,4492935982947064e-16;1,0;-0,05587875690537313;0,9984375616565666;13,0;16,0;12,0;12,0;0;12,0;12,0;12,0;13,0;15,0;12,0;23,0;13,333333333333334;12,428571428571429;1,7182493859683396;10,0;15,0;-1,0;0,78;13,5;1,41281475;14,1083;0;16,0;9,0;9,0;16,0;9,0;9,0
2023-12-29;16,0;0,82;26,5235;15,01;11,5158;19,0;21,0059;12,6333;29,9917;61,31322083333333;1,1793906875;2,68053;12;363;4;-2,4492935982947064e-16;1,0;-0,03869579017652689;0,9992510374388481;12,0;9,0;16,0;16,0;0;16,0;16,0;16,0;12,0;13,0;15,0;14,0;13,666666666666666;12,714285714285714;2,1380899352993112;10,0;16,0;4,0;0,78;14,14;1,0364000416666668;13,7583;0;9,0;9,0;8,0;9,0;9,0;8,0
2023-12-30;9,0;0,77;8,14229;7,02;1,12406;16,0;17,954766666666668;13,4167;24,0333;72,70139166666667;1,643220875;2,79039;12;364;5;-2,4492935982947064e-16;1,0;-0,021501372740813793;0,999768818762748;16,0;9,0;9,0;9,0;0;9,0;9,0;9,0;16,0;12,0;13,0;10,0;12,333333333333334;12,571428571428571;2,3704530408863302;9,0;16,0;-7,0;0,82;15,01;1,1793906875;12,6333;1;9,0;8,0;13,0;9,0;8,0;13,0
2023-12-31;9,0;0,76;6,94167;5,52;1,42063;16,0;19,436804166666665;12,6667;27,95;64,1562625;1,4092445416666666;2,79176;12;365;6;-2,4492935982947064e-16;1,0;-0,004300592702981974;0,9999907524084426;9,0;8,0;9,0;9,0;0;9,0;9,0;9,0;9,0;16,0;12,0;11,0;11,333333333333334;12,285714285714286;2,690370836538125;9,0;16,0;0,0;0,77;7,02;1,643220875;13,4167;1;8,0;13,0;16,0;8,0;13,0;16,0
2024-01-01;8,0;0,72;7,67715;6,0;1,67802;17,0;20,7565875;12,65;30,0167;56,02462916666667;1,2883903333333333;3,329;1;1;0;0,49999999999999994;0,8660254037844387;0,017201575418260506;0,9998520419557735;9,0;13,0;8,0;8,0;0;8,0;8,0;8,0;9,0;9,0;16,0;12,0;8,666666666666666;11,714285714285714;3,1471831698777053;8,0;16,0;-1,0;0,76;5,52;1,4092445416666666;12,6667;0;13,0;16,0;17,0;13,0;16,0;17,0
2024-01-02;13,0;0,78;19,4201;12,95;6,47448;18,0;22,082575;12,8;30,8;54,43055416666667;1,269462291666667;3,1714;1;2;1;0,49999999999999994;0,8660254037844387;0,03439806061360801;0,9994082116062598;8,0;16,0;13,0;13,0;0;13,0;13,0;13,0;8,0;9,0;9,0;15,0;10,0;11,428571428571429;2,8784916685156205;8,0;16,0;5,0;0,72;6,0;1,2883903333333333;12,65;0;16,0;17,0;12,0;16,0;17,0;12,0
2024-01-03;16,0;0,79;21,9229;15,83;6,09646;18,0;22,41700833333333;14,975;29,6;55,420141666666666;1,3657193083333334;3,04081;1;3;2;0,49999999999999994;0,8660254037844387;0,051584366869408364;0,9986686402879997;13,0;17,0;16,0;16,0;0;16,0;16,0;16,0;13,0;8,0;9,0;13,0;12,333333333333334;11,857142857142858;3,3380918415850585;8,0;16,0;3,0;0,78;12,95;1,269462291666667;12,8;0;17,0;12,0;11,0;17,0;12,0;11,0
2024-01-04;17,0;0,84;23,7906;15,16;8,63271;17,0;21,230879166666668;14,6667;27,8667;63,197920833333335;1,5323547791666667;3,25671;1;4;3;0,49999999999999994;0,8660254037844387;0,06875540848113941;0,9976335468520451;16,0;12,0;17,0;17,0;0;17,0;17,0;17,0;16,0;13,0;8,0;12,0;15,333333333333334;12,571428571428571;3,8668308667926747;8,0;17,0;1,0;0,79;15,83;1,3657193083333334;14,975;0;12,0;11,0;7,0;12,0;11,0;7,0
2024-01-05;12,0;0,81;20,2312;12,82;7,40719;13,0;19,01597083333333;14,3917;24,1333;72,45517916666667;1,6473987416666669;3,16326;1;5;4;0,49999999999999994;0,8660254037844387;0,08590610426133272;0,9963032375991965;17,0;11,0;12,0;12,0;0;12,0;12,0;12,0;17,0;16,0;13,0;16,0;15,0;12,0;3,55902608401038;8,0;17,0;-5,0;0,84;15,16;1,5323547791666667;14,6667;0;11,0;7,0;9,0;11,0;7,0;9,0
2024-01-06;11,0;0,77;12,3085;9,74;2,56771;16,0;19,48750833333333;14,3091;25,5833;71,05904583333334;1,625308375;3,32191;1;6;5;0,49999999999999994;0,8660254037844387;0,10303137904317879;0,9946781061893646;12,0;7,0;11,0;11,0;0;11,0;11,0;11,0;12,0;17,0;16,0;9,0;13,333333333333334;12,285714285714286;3,352326839390045;8,0;17,0;-1,0;0,81;12,82;1,6473987416666669;14,3917;1;7,0;9,0;9,0;7,0;9,0;9,0
2024-01-07;7,0;0,73;9,63451;7,14;2,49771;15,0;21,559366666666666;13,35;29,4167;55,59723333333333;1,2230829583333334;2,73143;1;7;6;0,49999999999999994;0,8660254037844387;0,1201261651823505;0,9927586335250793;11,0;9,0;7,0;7,0;0;7,0;7,0;7,0;11,0;12,0;17,0;9,0;10,0;12,0;3,7416573867738867;7,0;17,0;-4,0;0,77;9,74;1,625308375;14,3091;1;9,0;9,0;12,0;9,0;9,0;12,0
2024-01-08;9,0;0,7;18,1369;12,11;6,03052;17,0;22,155554166666665;14,3333;29,6333;47,32639583333333;1,2304131858333334;2,90876;1;8;0;0,49999999999999994;0,8660254037844387;0,13718540405660057;0,9905453876091833;7,0;9,0;9,0;9,0;0;9,0;9,0;9,0;7,0;11,0;12,0;8,0;9,0;12,142857142857142;3,579039509354907;7,0;17,0;2,0;0,73;7,14;1,2230829583333334;13,35;0;9,0;12,0;14,0;9,0;12,0;14,0
2024-01-09;9,0;0,74;22,9697;14,74;8,22946;17,0;21,65695;13,7667;29,3417;44,826391666666666;1,2507876624999998;2,80016;1;9;1;0,49999999999999994;0,8660254037844387;0,1542040475626894;0,988039023376751;9,0;12,0;9,0;9,0;0;9,0;9,0;9,0;9,0;7,0;11,0;13,0;8,333333333333334;11,571428571428571;3,7352886036262998;7,0;17,0;0,0;0,7;12,11;1,2304131858333334;14,3333;0;12,0;14,0;15,0;12,0;14,0;15,0
2024-01-10;12,0;0,75;23,604;14,79;8,80978;21,0;22,1704875;13,8;29,5917;47,15625833333333;1,2591720208333337;2,90724;1;10;2;0,49999999999999994;0,8660254037844387;0,17117705961019986;0,985240282501282;9,0;14,0;12,0;12,0;0;12,0;12,0;12,0;9,0;9,0;7,0;16,0;10,0;11,0;3,2145502536642434;7,0;17,0;3,0;0,74;14,74;1,2507876624999998;13,7667;0;14,0;15,0;13,0;14,0;15,0;13,0
2024-01-11;14,0;0,75;26,167;16,46;9,71104;20,0;22,2913125;16,8417;29,8833;45,729170833333335;1,3545654166666663;3,26061;1;11;3;0,49999999999999994;0,8660254037844387;0,18809941761179758;0,9821499931752291;12,0;15,0;14,0;14,0;0;14,0;14,0;14,0;12,0;9,0;9,0;17,0;11,666666666666666;10,571428571428571;2,3704530408863;7,0;14,0;2,0;0,75;14,79;1,2591720208333337;13,8;0;15,0;13,0;10,0;15,0;13,0;10,0
2024-01-12;15,0;0,75;24,2958;16,22;8,0775;17,0;21,046179166666665;14,5417;28,6;54,94444583333333;1,3001033333333334;3,06079;1;12;4;0,49999999999999994;0,8660254037844387;0,20496611396949532;0,9787690698649216;14,0;13,0;15,0;15,0;0;15,0;15,0;15,0;14,0;12,0;9,0;12,0;13,666666666666666;11,0;2,8867513459480456;7,0;15,0;1,0;0,75;16,46;1,3545654166666663;16,8417;0;13,0;10,0;9,0;13,0;10,0;9,0
2024-01-13;13,0;0,74;14,5869;11,29;3,29535;16,0;19,6732625;11,75;26,875;58,38541666666666;1,5000177083333333;3,08004;1;13;5;0,49999999999999994;0,8660254037844387;0,22177215755648186;0,975098513039961;15,0;10,0;13,0;13,0;0;13,0;13,0;13,0;15,0;14,0;12,0;11,0;14,0;11,285714285714286;2,9840847683605514;7,0;15,0;-2,0;0,75;16,22;1,3001033333333334;14,5417;1;10,0;9,0;10,0;10,0;9,0;10,0
2024-01-14;10,0;0,73;16,5455;12,2;4,34458;22,0;23,609041666666663;12,875;32,9;42,53819583333333;0,9648233333333334;2,56293;1;14;6;0,49999999999999994;0,8660254037844387;0,23851257519407648;0,9711394088771653;13,0;9,0;10,0;10,0;0;10,0;10,0;10,0;13,0;15,0;14,0;7,0;12,666666666666666;11,714285714285714;2,4299715851757355;9,0;15,0;-3,0;0,74;11,29;1,5000177083333333;11,75;1;9,0;10,0;14,0;9,0;10,0;14,0
2024-01-15;9,0;0,76;23,3561;14,15;9,205;18,0;22,83298333333333;15,6583;29,7917;39,47570416666667;1,5198326291666666;3,26346;1;15;0;0,49999999999999994;0,8660254037844387;0,2551824131233728;0,9668929289391521;10,0;10,0;9,0;9,0;0;9,0;9,0;9,0;10,0;13,0;15,0;9,0;10,666666666666666;11,714285714285714;2,4299715851757355;9,0;15,0;-1,0;0,73;12,2;0,9648233333333334;12,875;0;10,0;14,0;14,0;10,0;14,0;14,0
2024-01-16;10,0;0,75;22,4034;14,36;8,04832;17,0;21,87430833333333;12,0917;31,2833;47,559025;1,0665868625;2,42342;1;16;1;0,49999999999999994;0,8660254037844387;0,2717767384711357;0,9623603298276545;9,0;14,0;10,0;10,0;0;10,0;10,0;10,0;9,0;10,0;13,0;9,0;9,666666666666666;11,857142857142858;2,267786838055271;9,0;15,0;1,0;0,76;14,15;1,5198326291666666;15,6583;0;14,0;14,0;15,0;14,0;14,0;15,0
2024-01-17;14,0;0,81;28,8056;18,67;10,1345;18,0;22,76250416666667;16,0333;30,4167;49,3888875;1,3324501875;3,59209;1;17;2;0,49999999999999994;0,8660254037844387;0,2882906407095177;0,9575429528116719;10,0;14,0;14,0;14,0;0;14,0;14,0;14,0;10,0;9,0;10,0;12,0;11,0;12,142857142857142;2,4102953780653964;9,0;15,0;4,0;0,75;14,36;1,0665868625;12,0917;0;14,0;15,0;18,0;14,0;15,0;18,0
2024-01-18;14,0;0,75;21,7163;15,51;6,20431;18,0;23,4069375;14,9333;31,5417;51,482329166666666;1,2422044583333334;2,46124;1;18;3;0,49999999999999994;0,8660254037844387;0,3047192331091634;0,9524422234305676;14,0;15,0;14,0;14,0;0;14,0;14,0;14,0;14,0;10,0;9,0;14,0;12,666666666666666;12,142857142857142;2,4102953780653964;9,0;15,0;0,0;0,81;18,67;1,3324501875;16,0333;0;15,0;18,0;18,0;15,0;18,0;18,0
2024-01-19;15,0;0,75;28,6367;20,33;8,30937;25,0;25,0059;16,7083;33,175;42,020833333333336;1,0610001166666667;2,91551;1;19;4;0,49999999999999994;0,8660254037844387;0,321057654185271;0,9470596510722283;14,0;18,0;15,0;15,0;0;15,0;15,0;15,0;14,0;14,0;10,0;15,0;14,333333333333334;12,142857142857142;2,4102953780653964;9,0;15,0;1,0;0,75;15,51;1,2422044583333334;14,9333;0;18,0;18,0;20,0;18,0;18,0;20,0
2024-01-20;18,0;0,78;21,5735;16,31;5,26396;23,0;23,794441666666668;16,65;30,7667;43,322920833333335;1,3209535220833333;3,00885;1;20;5;0,49999999999999994;0,8660254037844387;0,3373010691361842;0,9413968285264122;15,0;18,0;18,0;18,0;0;18,0;18,0;18,0;15,0;14,0;14,0;13,0;15,666666666666666;12,857142857142858;3,287784027201827;9,0;18,0;3,0;0,75;20,33;1,0610001166666667;16,7083;1;18,0;20,0;18,0;18,0;20,0;18,0
2024-01-21;18,0;0,78;15,5668;12,81;2,76042;24,0;24,442083333333333;15,975;33,0182;47,03471666666667;1,0411319166666666;2,85721;1;21;6;0,49999999999999994;0,8660254037844387;0,3534446712740877;0,9354554315134164;18,0;20,0;18,0;18,0;0;18,0;18,0;18,0;18,0;15,0;14,0;10,0;17,0;14,0;3,5118845842842084;9,0;18,0;0,0;0,78;16,31;1,3209535220833333;16,65;1;20,0;18,0;17,0;20,0;18,0;17,0
2024-01-22;20,0;0,85;29,0251;20,49;8,53609;22,0;25,1996625;17,0;33,575;49,5243;1,2847163333333331;3,0444;1;22;0;0,49999999999999994;0,8660254037844387;0,3694836834473831;0,9292372181882051;18,0;18,0;20,0;20,0;0;20,0;20,0;20,0;18,0;18,0;15,0;9,0;18,666666666666668;15,571428571428571;3,3594217189442186;10,0;20,0;2,0;0,78;12,81;1,0411319166666666;15,975;0;18,0;17,0;17,0;18,0;17,0;17,0
2024-01-23;18,0;0,81;25,3465;17,8;7,54302;19,0;22,809025;15,975;29,7333;57,13540416666667;1,381003875;2,85156;1;23;1;0,49999999999999994;0,8660254037844387;0,38541335945432564;0,9227440286201427;20,0;17,0;18,0;18,0;0;18,0;18,0;18,0;20,0;18,0;18,0;10,0;18,666666666666668;16,714285714285715;2,3603873774083133;14,0;20,0;-2,0;0,85;20,49;1,2847163333333331;17,0;0;17,0;17,0;13,0;17,0;17,0;13,0
2024-01-24;17,0;0,75;30,0652;20,53;9,53358;23,0;25,48132083333333;16,3667;34,9917;51,628479166666665;1,2050754166666666;3,0886;1;24;2;0,49999999999999994;0,8660254037844387;0,4012289854475009;0,9159777842484877;18,0;17,0;17,0;17,0;0;17,0;17,0;17,0;18,0;20,0;18,0;14,0;18,333333333333332;17,142857142857142;2,0354009783964186;14,0;20,0;-1,0;0,81;17,8;1,381003875;15,975;0;17,0;13,0;14,0;17,0;13,0;14,0
2024-01-25;17,0;0,78;30,4855;20,57;9,91553;18,0;23,9760375;18,45;30,6917;56,74305416666667;1,483642792916667;3,2;1;25;3;0,49999999999999994;0,8660254037844387;0,4169258813287287;0,908940487313808;17,0;13,0;17,0;17,0;0;17,0;17,0;17,0;17,0;18,0;20,0;14,0;17,333333333333332;17,571428571428573;1,5118578920369048;15,0;20,0;0,0;0,75;20,53;1,2050754166666666;16,3667;0;13,0;14,0;15,0;13,0;14,0;15,0
2024-01-26;13,0;0,81;21,2193;15,69;5,52698;15,0;21,76874583333333;15,0333;30,0917;63,9375;1,4483521666666668;2,65522;1;26;4;0,49999999999999994;0,8660254037844387;0,4324994021339788;0,901634220265486;17,0;14,0;13,0;13,0;0;13,0;13,0;13,0;17,0;17,0;18,0;15,0;15,666666666666666;17,285714285714285;2,138089935299387;13,0;20,0;-4,0;0,78;20,57;1,483642792916667;18,45;0;14,0;15,0;14,0;14,0;15,0;14,0
2024-01-27;14,0;0,77;15,9434;13,0;2,94354;21,0;24,2993125;16,1833;33,025;56,71180416666667;1,1910200416666668;2,8045;1;27;5;0,49999999999999994;0,8660254037844387;0,44794493940789115;0,8940611451454876;13,0;15,0;14,0;14,0;0;14,0;14,0;14,0;13,0;17,0;17,0;18,0;14,666666666666666;16,714285714285715;2,429971585175808;13,0;20,0;1,0;0,81;15,69;1,4483521666666668;15,0333;1;15,0;14,0;18,0;15,0;14,0;18,0
2024-01-28;15,0;0,77;11,7548;10,05;1,70646;16,0;23,25733333333333;17,425;29,1417;59,14930416666667;1,5297641666666666;3,22553;1;28;6;0,49999999999999994;0,8660254037844387;0,4632579225674917;0,88622350294858;14,0;14,0;15,0;15,0;0;15,0;15,0;15,0;14,0;13,0;17,0;18,0;14,0;16,285714285714285;2,4299715851758017;13,0;20,0;1,0;0,77;13,0;1,1910200416666668;16,1833;1;14,0;18,0;20,0;14,0;18,0;20,0
2024-01-29;14,0;0,79;23,6926;15,97;7,72323;21,0;24,230833333333333;16,8818;31,95;55,7118125;1,2915599208333333;3,26369;1;29;0;0,49999999999999994;0,8660254037844387;0,4784338202547012;0,8781236129591848;15,0;18,0;14,0;14,0;0;14,0;14,0;14,0;15,0;14,0;13,0;20,0;14,333333333333334;15,428571428571429;1,9023794624226402;13,0;18,0;-1,0;0,77;10,05;1,5297641666666666;17,425;0;18,0;20,0;20,954564910782636;18,0;20,0;
2024-01-30;18,0;0,81;30,3202;19,39;10,9281;24,0;25,4482625;16,975;33,8583;51,00345416666666;1,043791625;2,73421;1;30;1;0,49999999999999994;0,8660254037844387;0,49346814167723735;0,8697638720650646;14,0;20,0;18,0;18,0;0;18,0;18,0;18,0;14,0;15,0;14,0;18,0;15,666666666666666;15,428571428571429;1,9023794624226402;13,0;18,0;4,0;0,79;15,97;1,2915599208333333;16,8818;0;20,0;20,954564910782636;19,730245178048918;20,0;;
2024-01-31;20,0;0,7;45,7937;28,74;17,0516;24,0;27,25209166666667;17,5667;35,85;40,388891666666666;1,0190333541666667;2,59935;1;31;2;0,49999999999999994;0,8660254037844387;0,5083564379375122;0,8611467540480452;18,0;;20,0;20,0;0;20,0;20,0;20,0;18,0;14,0;15,0;17,0;17,333333333333332;15,857142857142858;2,54483604112138;13,0;20,0;2,0;0,81;19,39;1,043791625;16,975;0;20,954564910782636;19,730245178048918;17,0;;;17,0
2024-02-01;20,954564910782636;0,79;31,0463;22,17;8,87508;25,0;26,273266666666668;18,45;34,1083;37,76041666666666;1,1426421916666667;3,20553;2;32;3;0,8660254037844386;0,5000000000000001;0,5230943033491326;0,8522748088519838;20,0;;;20,954564910782636;1;;20,954564910782636;20,954564910782636;20,0;18,0;14,0;17,0;19,651521636927544;16,422080701540377;3,1963689979117516;13,0;20,954564910782636;0,9545649107826364;0,7;28,74;1,0190333541666667;17,5667;0;19,730245178048918;17,0;29,0;;17,0;29,0
2024-02-02;19,730245178048918;0,81;29,8503;20,05;9,80537;23,0;26,4047625;17,1083;34,4583;41,604170833333335;1,1712493416666667;2,73298;2;33;4;0,8660254037844386;0,5000000000000001;0,5376773767406141;0,8431506618282;;17,0;;19,730245178048918;1;;19,730245178048918;19,730245178048918;20,954564910782636;20,0;18,0;13,0;20,228270029610517;17,38354429840451;3,0017516764933045;14,0;20,954564910782636;-1,2243197327337185;0,79;22,17;1,1426421916666667;18,45;0;17,0;29,0;21,0;17,0;29,0;21,0
2024-02-03;17,0;0,81;26,2296;21,0;5,22719;26,0;27,0099125;18,2909;35,0637;36,374991666666666;0,960673025;2,5034;2;34;5;0,8660254037844386;0,5000000000000001;0,5521013427459208;0,8337770129585915;;29,0;17,0;17,0;0;17,0;17,0;17,0;19,730245178048918;20,954564910782636;20,0;14,0;19,228270029610517;17,812115726975936;2,629198188543452;14,0;20,954564910782636;-2,730245178048918;0,81;20,05;1,1712493416666667;17,1083;1;29,0;21,0;19,0;29,0;21,0;19,0
2024-02-04;29,0;0,91;18,6209;14,69;3,93469;21,0;23,2895875;17,5417;29,1;52,177075;1,4690444166666667;3,43561;2;35;6;0,8660254037844386;0,5000000000000001;0,5663619330814524;0,8241566360566663;17,0;21,0;29,0;29,0;0;29,0;29,0;29,0;17,0;19,730245178048918;20,954564910782636;15,0;21,910081726016305;19,81211572697594;4,66791992098757;14,0;29,0;12,0;0,81;21,0;0,960673025;18,2909;1;21,0;19,0;15,0;21,0;19,0;15,0
2024-02-05;21,0;0,79;23,6442;15,42;8,22011;22,0;23,617016666666668;15,125;31,9417;56,302083333333336;1,1680058333333332;2,63804;2;36;0;0,8660254037844386;0,5000000000000001;0,580454927809098;0,8142923779467267;29,0;19,0;21,0;21,0;0;21,0;21,0;21,0;29,0;17,0;19,730245178048918;14,0;22,333333333333332;20,81211572697594;3,902290740809662;17,0;29,0;-8,0;0,91;14,69;1,4690444166666667;17,5417;0;19,0;15,0;11,0;19,0;15,0;11,0
2024-02-06;19,0;0,79;25,9427;18,61;7,33688;22,0;24,36528333333333;17,5667;30,6917;46,38540416666667;1,2372549625;2,91318;2;37;1;0,8660254037844386;0,5000000000000001;0,5943761565849831;0,804187157621448;21,0;15,0;19,0;19,0;0;19,0;19,0;19,0;21,0;29,0;17,0;18,0;23,0;20,95497286983308;3,7991259862860556;17,0;29,0;-2,0;0,79;15,42;1,1680058333333332;15,125;0;15,0;11,0;10,0;15,0;11,0;10,0
2024-02-07;15,0;0,75;28,6922;20,68;8,01437;23,0;25,427904166666668;16,9;33,8667;49,027775;1,0144685333333332;2,71647;2;38;2;0,8660254037844386;0,5000000000000001;0,6081214998935418;0,7938439653781019;19,0;11,0;15,0;15,0;0;15,0;15,0;15,0;19,0;21,0;29,0;20,0;18,333333333333332;20,240687155547366;4,426783062317863;15,0;29,0;-4,0;0,79;18,61;1,2372549625;17,5667;0;11,0;10,0;14,0;11,0;10,0;14,0
2024-02-08;11,0;0,77;21,3751;14,2;7,17951;16,0;25,05656666666667;18,75;32,1667;51,66319166666667;1,2945665125;3,98853;2;39;3;0,8660254037844386;0,5000000000000001;0,6216868902665479;0,7832658619336791;15,0;10,0;11,0;11,0;0;11,0;11,0;11,0;15,0;19,0;21,0;20,954564910782636;15,0;18,818606454006986;5,602126570781977;11,0;29,0;-4,0;0,75;20,68;1,0144685333333332;16,9;0;10,0;14,0;10,0;10,0;14,0;10,0
2024-02-09;10,0;0,76;23,4612;16,16;7,30156;18,0;22,99614166666667;16,25;29,8833;39,92709166666666;1,2997691458333334;3,15401;2;40;4;0,8660254037844386;0,5000000000000001;0,6350683134867438;0,7724559775191742;11,0;14,0;10,0;10,0;0;10,0;10,0;10,0;11,0;15,0;19,0;19,730245178048918;12,0;17,428571428571427;6,477065767180452;10,0;29,0;-1,0;0,77;14,2;1,2945665125;18,75;0;14,0;10,0;13,0;14,0;10,0;13,0
2024-02-10;14,0;0,77;24,8141;15,86;8,95824;20,0;24,137154166666665;15,375;31,525;44,993075000000005;1,011730575;2,90653;2;41;5;0,8660254037844386;0,5000000000000001;0,6482618097757122;0,7614175109532997;10,0;10,0;14,0;14,0;0;14,0;14,0;14,0;10,0;11,0;15,0;17,0;11,666666666666666;17,0;6,608075867199663;10,0;29,0;4,0;0,76;16,16;1,2997691458333334;16,25;1;10,0;13,0;13,0;10,0;13,0;13,0
2024-02-11;10,0;0,74;14,2469;11,25;2,9976;16,0;22,384404166666663;15,4917;29,35;49,291670833333335;1,2491613179166667;2,8862;2;42;6;0,8660254037844386;0,5000000000000001;0,6612634749656386;0,7501537286959042;14,0;13,0;10,0;10,0;0;10,0;10,0;10,0;14,0;10,0;11,0;29,0;11,333333333333334;14,285714285714286;4,386125310350235;10,0;21,0;-4,0;0,77;15,86;1,011730575;15,375;1;13,0;13,0;14,0;13,0;13,0;14,0
2024-02-12;13,0;0,8;30,6165;21,37;9,24594;18,0;24,49617083333333;16,05;33,4833;49,24653333333333;0,9087974583333334;2,27123;2;43;0;0,8660254037844386;0,5000000000000001;0,6740694616546161;0,7386679638813748;10,0;13,0;13,0;13,0;0;13,0;13,0;13,0;10,0;14,0;10,0;21,0;12,333333333333334;13,142857142857142;3,2366943748506904;10,0;19,0;3,0;0,74;11,25;1,2491613179166667;15,4917;0;13,0;14,0;14,0;13,0;14,0;14,0
2024-02-13;13,0;0,84;30,4442;19,82;10,6206;19,0;23,5816;16,975;30,025;48,527791666666666;1,406922316666667;2,89541;2;44;1;0,8660254037844386;0,5000000000000001;0,6866759803451553;0,726963615332308;13,0;14,0;13,0;13,0;0;13,0;13,0;13,0;13,0;10,0;14,0;19,0;12,0;12,285714285714286;1,9760470401185979;10,0;15,0;0,0;0,8;21,37;0,9087974583333334;16,05;0;14,0;14,0;14,0;14,0;14,0;14,0
2024-02-14;14,0;0,75;20,7412;14,55;6,19031;18,0;21,15010416666667;14,6417;30,25;66,34027916666666;1,2502244166666667;2,62292;2;45;2;0,8660254037844386;0,5000000000000001;0,6990793005655562;0,7150441465537444;13,0;14,0;14,0;14,0;0;14,0;14,0;14,0;13,0;13,0;10,0;15,0;13,333333333333334;12,142857142857142;1,7728105208557112;10,0;14,0;1,0;0,84;19,82;1,406922316666667;16,975;0;14,0;14,0;14,0;14,0;14,0;14,0
2024-02-15;14,0;0,72;26,1635;17,3;8,85866;19,0;22,506933333333333;14,7667;31,5667;64,69096666666667;1,2072492916666666;3,30887;2;46;3;0,8660254037844386;0,5000000000000001;0,7112757519738152;0,7029130847082615;14,0;14,0;14,0;14,0;0;14,0;14,0;14,0;14,0;13,0;13,0;11,0;13,666666666666666;12,571428571428571;1,8126539343498176;10,0;14,0;0,0;0,75;14,55;1,2502244166666667;14,6417;0;14,0;14,0;12,0;14,0;14,0;12,0
2024-02-16;14,0;0,9;27,3535;18,25;9,10059;19,0;22,1583375;15,9;28,6583;64,98962916666666;1,3071742916666669;2,96838;2;47;4;0,8660254037844386;0,5000000000000001;0,7232617254437388;0,6905740195722293;14,0;14,0;14,0;14,0;0;14,0;14,0;14,0;14,0;14,0;13,0;10,0;14,0;13,142857142857142;1,4638501094226732;10,0;14,0;0,0;0,72;17,3;1,2072492916666666;14,7667;0;14,0;12,0;15,0;14,0;12,0;15,0
2024-02-17;14,0;0,82;18,746;14,29;4,45483;24,0;24,3489;15,9333;32,1417;53,701391666666666;0,9882217125;2,41519;2;48;5;0,8660254037844386;0,5000000000000001;0,7350336741329413;0,6780306024735382;14,0;12,0;14,0;14,0;0;14,0;14,0;14,0;14,0;14,0;14,0;14,0;14,0;13,142857142857142;1,4638501094226732;10,0;14,0;0,0;0,9;18,25;1,3071742916666669;15,9;1;12,0;15,0;11,0;12,0;15,0;11,0
2024-02-18;12,0;0,83;16,5738;12,51;4,06604;24,0;24,9145125;16,9818;32,9333;46,340291666666666;1,2284027333333334;3,13123;2;49;6;0,8660254037844386;0,5000000000000001;0,746588114532413;0,6652865452111116;14,0;15,0;12,0;12,0;0;12,0;12,0;12,0;14,0;14,0;14,0;10,0;13,333333333333334;13,428571428571429;0,7867957924692217;12,0;14,0;-2,0;0,82;14,29;0,9882217125;15,9333;1;15,0;11,0;9,0;15,0;11,0;9,0
2024-02-19;15,0;0,78;19,0317;13,13;5,89844;18,0;19,957291666666663;14,8333;25,8583;65,395825;1,572838;2,84529;2;50;0;0,8660254037844386;0,5000000000000001;0,7579216274973472;0,6523456189565257;12,0;11,0;15,0;15,0;0;15,0;15,0;15,0;12,0;14,0;14,0;13,0;13,666666666666666;13,714285714285714;0,95118973121117;12,0;15,0;3,0;0,83;12,51;1,2284027333333334;16,9818;0;11,0;9,0;6,0;11,0;9,0;6,0
2024-02-20;11,0;0,8;16,5349;13,0;3,53458;17,0;20,553475;14,85;28,1917;67,95835833333334;1,3414383333333333;2,86934;2;51;1;0,8660254037844386;0,5000000000000001;0,7690308592589181;0,6392116531380588;15,0;9,0;11,0;11,0;0;11,0;11,0;11,0;15,0;12,0;14,0;13,0;12,666666666666666;13,428571428571429;1,397276262011419;11,0;15,0;-4,0;0,78;13,13;1,572838;14,8333;0;9,0;6,0;11,0;9,0;6,0;11,0
2024-02-21;9,0;0,76;15,9269;11,05;4,87896;13,0;20,083683333333333;14,6167;28,0167;68,67362916666667;1,45239325;3,35191;2;52;2;0,8660254037844386;0,5000000000000001;0,7799125224167177;0,6258885343075018;11,0;6,0;9,0;9,0;0;9,0;9,0;9,0;11,0;15,0;12,0;14,0;11,666666666666666;12,714285714285714;2,1380899352993006;9,0;15,0;-2,0;0,8;13,0;1,3414383333333333;14,85;0;6,0;11,0;9,0;6,0;11,0;9,0
2024-02-22;6,0;0,79;19,0483;12,99;6,05458;4,0;15,632708333333332;14,275;17,6417;85,34754166666666;1,0397599291666666;2,20199;2;53;3;0,8660254037844386;0,5000000000000001;0,7905633969115482;0,612380204990065;9,0;11,0;6,0;6,0;0;6,0;6,0;6,0;9,0;11,0;15,0;14,0;8,666666666666666;11,571428571428571;3,207134902949016;6,0;15,0;-3,0;0,76;11,05;1,45239325;14,6167;0;11,0;9,0;11,0;11,0;9,0;11,0
2024-02-23;11,0;0,9;41,3254;18,12;23,2091;15,0;20,667708333333334;12,7333;29,75;66,71464583333334;0,69078425;2,30489;2;54;4;0,8660254037844386;0,5000000000000001;0,8009803309782905;0,5986906625177214;6,0;9,0;11,0;11,0;0;11,0;11,0;11,0;6,0;9,0;11,0;14,0;8,666666666666666;11,142857142857142;3,0237157840737305;6,0;15,0;5,0;0,79;12,99;1,0397599291666666;14,275;0;9,0;11,0;15,0;9,0;11,0;15,0
2024-02-24;9,0;0,8;17,6033;12,09;5,51788;19,0;22,652425;15,6833;30,575;55,909725;0,9620216958333332;3,06899;2;55;5;0,8660254037844386;0,5000000000000001;0,8111602420785621;0,5848239578463322;11,0;11,0;9,0;9,0;0;9,0;9,0;9,0;11,0;6,0;9,0;14,0;8,666666666666666;10,428571428571429;2,819996622760454;6,0;15,0;-2,0;0,9;18,12;0,69078425;12,7333;1;11,0;15,0;11,0;11,0;15,0;11,0
2024-02-25;11,0;0,81;15,215;12,19;3,02563;22,0;22,61923333333333;15,2667;30,2091;56,406241666666666;1,1197732958333333;2,91327;2;56;6;0,8660254037844386;0,5000000000000001;0,8211001178128892;0,5707841943569036;9,0;15,0;11,0;11,0;0;11,0;11,0;11,0;9,0;11,0;6,0;12,0;10,333333333333334;10,285714285714286;2,751622897751066;6,0;15,0;2,0;0,8;12,09;0,9620216958333332;15,6833;1;15,0;11,0;10,0;15,0;11,0;10,0
2024-02-26;15,0;0,84;26,8647;17,11;9,7552;19,0;22,603129166666665;14,2583;30,3333;57,427083333333336;1,096361704166667;2,8677;2;57;0;0,8660254037844386;0,5000000000000001;0,8307970168121247;0,5565755266413303;11,0;11,0;15,0;15,0;0;15,0;15,0;15,0;11,0;9,0;11,0;15,0;11,666666666666666;10,285714285714286;2,751622897751066;6,0;15,0;4,0;0,81;12,19;1,1197732958333333;15,2667;0;11,0;10,0;8,0;11,0;10,0;8,0
2024-02-27;11,0;0,5965617620534089;29,9306;17,93;11,9973;20,0;22,84757083333333;15,5167;30,35;47,17364166666667;1,1136699791666669;2,99769;2;58;1;0,8660254037844386;0,5000000000000001;0,8402480696078469;0,5422021592729844;15,0;10,0;11,0;11,0;0;11,0;11,0;11,0;15,0;11,0;9,0;11,0;12,333333333333334;10,285714285714286;2,751622897751066;6,0;15,0;-4,0;0,84;17,11;1,096361704166667;14,2583;0;10,0;8,0;12,0;10,0;8,0;12,0
2024-02-28;10,0;0,6633893294584572;32,9505;20,27;12,6769;21,0;23,0903;14,525;31,6667;48,704879166666665;0,8559404583333333;2,38698;2;59;2;0,8660254037844386;0,5000000000000001;0,8494504794814806;0,527668345562516;11,0;8,0;10,0;10,0;0;10,0;10,0;10,0;11,0;15,0;11,0;9,0;12,0;10,428571428571429;2,699206232527204;6,0;15,0;-1,0;0,5965617620534089;17,93;1,1136699791666669;15,5167;0;8,0;12,0;12,0;8,0;12,0;12,0
2024-02-29;8,0;0,793477322762671;46,0685;22,61;23,4611;19,0;24,027366666666666;16,2;32,4667;47,63541666666666;0,9295369166666668;2,50897;2;60;3;0,8660254037844386;0,5000000000000001;0,8584015232918917;0,512978386299228;10,0;12,0;8,0;8,0;0;8,0;8,0;8,0;10,0;11,0;15,0;6,0;9,666666666666666;10,714285714285714;2,214669705568156;8,0;15,0;-2,0;0,6633893294584572;20,27;0,8559404583333333;14,525;0;12,0;12,0;9,0;12,0;12,0;9,0
2024-03-01;12,0;0,6960470481392356;40,8501;21,73;19,1233;17,0;22,610079166666665;15,3917;29,6917;46,8923625;1,00945061125;2,93599;3;61;4;1,0;6,123233995736766e-17;0,8670985522812081;0,4981366284784055;8,0;12,0;12,0;12,0;0;12,0;12,0;12,0;8,0;10,0;11,0;11,0;10,0;10,857142857142858;2,267786838055242;8,0;15,0;4,0;0,793477322762671;22,61;0,9295369166666668;16,2;0;12,0;9,0;12,0;12,0;9,0;12,0
2024-03-02;12,0;0,628961725220254;29,1237;19,4;9,72386;20,0;22,688441666666662;15,5417;30,35;49,690979166666665;0,8695238541666667;2,34184;3;62;5;1,0;6,123233995736766e-17;0,8755389928586302;0,4831474640149687;12,0;9,0;12,0;12,0;0;12,0;12,0;12,0;12,0;8,0;10,0;9,0;10,666666666666666;11,285714285714286;2,138089935299275;8,0;15,0;0,0;0,6960470481392356;21,73;1,00945061125;15,3917;1;9,0;12,0;12,0;9,0;12,0;12,0
2024-03-03;9,0;0,48535682083749576;18,5785;15,46;3,11844;21,0;22,637154166666665;14,9583;30,2167;45,27777916666667;0,999716375;2,74298;3;63;6;1,0;6,123233995736766e-17;0,8837203473619977;0,4680153284438345;12,0;12,0;9,0;9,0;0;9,0;9,0;9,0;12,0;12,0;8,0;11,0;11,0;11,0;2,309401076758387;8,0;15,0;-3,0;0,628961725220254;19,4;0,8695238541666667;15,5417;1;12,0;12,0;17,0;12,0;12,0;17,0
2024-03-04;12,0;0,5856439595999356;31,5769;20,2;11,3724;21,0;22,888895833333333;14,3167;31,4667;43,2222625;0,950271075;3,08952;3;64;0;1,0;6,123233995736766e-17;0,8916401947968874;0,45274469960737107;9,0;12,0;12,0;12,0;0;12,0;12,0;12,0;9,0;12,0;12,0;15,0;11,0;10,571428571428571;1,6183471874251978;8,0;12,0;3,0;0,48535682083749576;15,46;0,999716375;14,9583;0;12,0;17,0;10,0;12,0;17,0;10,0
2024-03-05;12,0;0,6625263517279276;38,6054;21,34;17,266;19,0;22,0010125;14,2083;30,075;46,4583375;1,0390609041666667;2,73647;3;65;1;1,0;6,123233995736766e-17;0,8992961915530253;0,4373400963303323;12,0;17,0;12,0;12,0;0;12,0;12,0;12,0;12,0;9,0;12,0;11,0;11,0;10,714285714285714;1,7043362064925291;8,0;12,0;0,0;0,5856439595999356;20,2;0,950271075;14,3167;0;17,0;10,0;7,0;17,0;10,0;7,0
2024-03-06;17,0;0,6939159663779753;36,8764;22,16;14,7115;18,0;21,540629166666665;14,375;29,0667;52,826391666666666;1,0977335124999998;2,82068;3;66;2;1,0;6,123233995736766e-17;0,9066860720977985;0,4218060770826634;12,0;10,0;17,0;17,0;0;17,0;17,0;17,0;12,0;12,0;9,0;10,0;13,666666666666666;11,714285714285714;2,870208222079847;8,0;17,0;5,0;0,6625263517279276;21,34;1,0390609041666667;14,2083;0;10,0;7,0;8,0;10,0;7,0;8,0
2024-03-07;10,0;0,6596675693632683;33,1157;18,37;14,7462;13,0;19,9942125;12,8083;27,6167;51,72790416666667;1,1633867916666667;3,40528;3;67;3;1,0;6,123233995736766e-17;0,9138076496466615;0,4061472386305789;17,0;7,0;10,0;10,0;0;10,0;10,0;10,0;17,0;12,0;12,0;8,0;13,0;12,0;2,516611478423491;9,0;17,0;-7,0;0,6939159663779753;22,16;1,0977335124999998;14,375;0;7,0;8,0;11,0;7,0;8,0;11,0
2024-03-08;7,0;0,5935360939888978;29,6129;17,45;12,1608;12,0;18,781941666666665;10,725;27,1083;46,96875;1,0673325541666667;2,97363;3;68;4;1,0;6,123233995736766e-17;0,9206588168102428;0,3903682146763026;10,0;8,0;7,0;7,0;0;7,0;7,0;7,0;10,0;17,0;12,0;12,0;11,333333333333334;11,285714285714286;3,1471831698776906;7,0;17,0;-3,0;0,6596675693632683;18,37;1,1633867916666667;12,8083;0;8,0;11,0;10,0;8,0;11,0;10,0
2024-03-09;8,0;0,6361439041300676;26,7449;15,37;11,3702;18,0;21,2069375;11,9417;29,9083;52,2881875;0,8223760541666666;2,12953;3;69;5;1,0;6,123233995736766e-17;0,9272375462179537;0,374473674486883;7,0;11,0;8,0;8,0;0;8,0;8,0;8,0;7,0;10,0;17,0;12,0;8,333333333333334;10,714285714285714;3,3523268393900194;7,0;17,0;1,0;0,5935360939888978;17,45;1,0673325541666667;10,725;1;11,0;10,0;5,0;11,0;10,0;5,0
2024-03-10;11,0;0,545032494260995;20,8828;14,6;6,28229;19,0;20,77188333333333;13,3167;28,5167;53,479170833333335;1,1290840416666663;3,09511;3;70;6;1,0;6,123233995736766e-17;0,9335418911179212;0,35846832151248087;8,0;10,0;11,0;11,0;0;11,0;11,0;11,0;8,0;7,0;10,0;9,0;8,666666666666666;11,0;3,2659863237108215;7,0;17,0;3,0;0,6361439041300676;15,37;0,8223760541666666;11,9417;1;10,0;5,0;7,0;10,0;5,0;7,0
2024-03-11;10,0;0,6550877840396141;28,9094;17,8;11,1115;17,0;19,57499583333333;12,7167;27,5167;58,59375;1,1363633708333334;2,79057;3;71;0;1,0;6,123233995736766e-17;0,9395699859530622;0,342356891994542;11,0;5,0;10,0;10,0;0;10,0;10,0;10,0;11,0;8,0;7,0;12,0;9,666666666666666;10,714285714285714;3,25137333621164;7,0;17,0;-1,0;0,545032494260995;14,6;1,1290840416666663;13,3167;0;5,0;7,0;8,0;5,0;7,0;8,0
2024-03-12;5,0;0,6406721809931157;28,0351;17,51;10,5238;14,0;19,65385833333333;11,375;27,6667;53,14899583333334;0,8366931375000001;2,45479;3;72;1;1,0;6,123233995736766e-17;0,945320046913132;0,3261441535642696;10,0;7,0;5,0;5,0;0;5,0;5,0;5,0;10,0;11,0;8,0;12,0;8,666666666666666;9,714285714285714;3,8172540616820267;5,0;17,0;-5,0;0,6550877840396141;17,8;1,1363633708333334;12,7167;0;7,0;8,0;13,0;7,0;8,0;13,0
2024-03-13;7,0;0,27;25,8729;16,93;8,94719;14,0;20,4014;12,6333;28,3917;56,697920833333335;0,7883544875;2,29544;3;73;2;1,0;6,123233995736766e-17;0,9507903724625832;0,3098349038318025;5,0;8,0;7,0;7,0;0;7,0;7,0;7,0;5,0;10,0;11,0;17,0;7,333333333333333;8,285714285714286;2,138089935299218;5,0;11,0;2,0;0,6406721809931157;17,51;0,8366931375000001;11,375;0;8,0;13,0;13,0;8,0;13,0;13,0
2024-03-14;8,0;0,33;35,8806;23,64;12,2392;18,0;20,937141666666665;12,4167;28,7833;49,39585;0,7830873875000001;2,229;3;74;3;1,0;6,123233995736766e-17;0,9559793438440766;0,2934339689665273;7,0;13,0;8,0;8,0;0;8,0;8,0;8,0;7,0;5,0;10,0;10,0;6,666666666666667;8,0;1,9999999999998046;5,0;11,0;1,0;0,27;16,93;0,7883544875;12,6333;0;13,0;13,0;12,0;13,0;13,0;12,0
2024-03-15;13,0;0,37;38,5756;24,24;14,3315;18,0;20,34062083333333;12,0333;28,8417;49,0798625;0,8932693416666666;2,63311;3;75;4;1,0;6,123233995736766e-17;0,9608854255574977;0,27694620226893646;8,0;13,0;13,0;13,0;0;13,0;13,0;13,0;8,0;7,0;5,0;7,0;9,333333333333334;8,857142857142858;2,6726124191241105;5,0;13,0;5,0;0,33;23,64;0,7830873875000001;12,4167;0;13,0;12,0;15,0;13,0;12,0;15,0
2024-03-16;13,0;0,29;28,38;20,35;8,03354;20,0;20,2701375;11,975;28,725;45,92360833333333;0,7262127875000001;2,22737;3;76;5;1,0;6,123233995736766e-17;0,9655071658143364;0,2603764827344581;13,0;12,0;13,0;13,0;0;13,0;13,0;13,0;13,0;8,0;7,0;8,0;11,333333333333334;9,571428571428571;3,0472470011001125;5,0;13,0;0,0;0,37;24,24;0,8932693416666666;12,0333;1;12,0;15,0;16,0;12,0;15,0;16,0
2024-03-17;12,0;0,38;27,7899;19,11;8,67604;22,0;20,88819583333333;12,25;29,3333;43,559041666666666;0,7770487033333334;2,29243;3;77;6;1,0;6,123233995736766e-17;0,969843196967294;0,24372971360968387;13,0;15,0;12,0;12,0;0;12,0;12,0;12,0;13,0;13,0;8,0;11,0;12,666666666666666;9,714285714285714;3,14718316987767;5,0;13,0;-1,0;0,29;20,35;0,7262127875000001;11,975;1;15,0;16,0;10,0;15,0;16,0;10,0
2024-03-18;15,0;0,44;52,0003;29,6;22,4004;16,0;21,798625;13,0417;30,5667;43,01735416666667;0,6213789116666667;2,21919;3;78;0;1,0;6,123233995736766e-17;0,9738922359149924;0,22701082094141847;12,0;16,0;15,0;15,0;0;15,0;15,0;15,0;12,0;13,0;13,0;10,0;13,333333333333334;10,428571428571429;3,73528860362628;5,0;15,0;3,0;0,38;19,11;0,7770487033333334;12,25;0;16,0;10,0;16,0;16,0;10,0;16,0
2024-03-19;16,0;0,52;58,5163;28,43;30,0885;16,0;20,57708333333333;14,1917;27,425;50,3368125;1,1492079083333333;3,22642;3;79;1;1,0;6,123233995736766e-17;0,9776530844816641;0,2102247521189836;15,0;10,0;16,0;16,0;0;16,0;16,0;16,0;15,0;12,0;13,0;5,0;14,333333333333334;12,0;3,366501646120623;7,0;16,0;1,0;0,44;29,6;0,6213789116666667;13,0417;0;10,0;16,0;11,0;10,0;16,0;11,0
2024-03-20;10,0;0,28;28,0099;20,7;7,3075;8,0;15,527145833333334;12,25;18,1917;74,43089583333334;0,9369655416666666;2,11125;3;80;2;1,0;6,123233995736766e-17;0,981124629771712;0,19337647441020586;16,0;16,0;10,0;10,0;0;10,0;10,0;10,0;16,0;15,0;12,0;7,0;13,666666666666666;12,428571428571429;2,760262237369338;8,0;16,0;-6,0;0,52;28,43;1,1492079083333333;14,1917;0;16,0;11,0;9,0;16,0;11,0;9,0
2024-03-21;16,0;0,59;50,2975;28,22;22,0819;17,0;21,262504166666663;12,7333;30,1833;56,90625416666666;0,7248813541666667;2,13238;3;81;3;1,0;6,123233995736766e-17;0,984305844499033;0,17647097349152166;10,0;11,0;16,0;16,0;0;16,0;16,0;16,0;10,0;16,0;15,0;8,0;14,0;13,571428571428571;2,2253945610566706;10,0;16,0;6,0;0,28;20,7;0,9369655416666666;12,25;0;11,0;9,0;8,0;11,0;9,0;8,0
2024-03-22;11,0;0,65;53,4118;26,28;27,135;18,0;23,093725000000003;14,3667;31,525;47,68055416666667;0,8467003833333333;2,53738;3;82;4;1,0;6,123233995736766e-17;0,9871957872910085;0,15951325197263655;16,0;9,0;11,0;11,0;0;11,0;11,0;11,0;16,0;10,0;16,0;13,0;12,333333333333334;13,285714285714286;2,429971585175749;10,0;16,0;-5,0;0,59;28,22;0,7248813541666667;12,7333;0;9,0;8,0;8,0;9,0;8,0;8,0
2024-03-23;9,0;0,49;32,9748;20,12;12,851;15,0;22,0073625;14,4167;29,8;48,84722083333333;0,6722741958333334;2,33972;3;83;5;1,0;6,123233995736766e-17;0,9897936029670716;0,14250832791617088;11,0;8,0;9,0;9,0;0;9,0;9,0;9,0;11,0;16,0;10,0;13,0;12,0;12,714285714285714;2,92770021884553;9,0;16,0;-2,0;0,65;26,28;0,8467003833333333;14,3667;1;8,0;8,0;15,0;8,0;8,0;15,0
2024-03-24;8,0;0,57;29,1878;15,38;13,8054;17,0;22,93402083333333;14,6667;31,15;53,69445;0,7245539750000001;2,08105;3;84;6;1,0;6,123233995736766e-17;0,992098522791769;0,12546123335273648;9,0;8,0;8,0;8,0;0;8,0;8,0;8,0;9,0;11,0;16,0;12,0;9,333333333333334;12,142857142857142;3,436498771936832;8,0;16,0;-1,0;0,49;20,12;0,6722741958333334;14,4167;1;8,0;15,0;13,0;8,0;15,0;13,0
2024-03-25;8,0;0,43;26,3828;17,02;9,36542;12,0;21,3041;14,8667;29,1583;58,5281;1,0214589;2,85979;3;85;0;1,0;6,123233995736766e-17;0,9941098647022418;0,10837701279187609;8,0;15,0;8,0;8,0;0;8,0;8,0;8,0;8,0;9,0;11,0;15,0;8,333333333333334;11,142857142857142;3,484660262185771;8,0;16,0;0,0;0,57;15,38;0,7245539750000001;14,6667;0;15,0;13,0;15,0;15,0;13,0;15,0
2024-03-26;15,0;0,59;48,1159;26,59;21,5262;15,0;21,00903333333333;13,8917;29,375;62,197920833333335;0,7803206333333333;2,36536;3;86;1;1,0;6,123233995736766e-17;0,9958270335100595;0,09126072172931188;8,0;13,0;15,0;15,0;0;15,0;15,0;15,0;8,0;8,0;9,0;16,0;10,333333333333334;11,0;3,26598632371082;8,0;16,0;7,0;0,43;17,02;1,0214589;14,8667;0;13,0;15,0;20,0;13,0;15,0;20,0
2024-03-27;13,0;0,69;55,6531;26,49;29,1677;18,0;22,12465;15,5167;29,8333;61,170141666666666;0,7459175991666666;2,43083;3;87;2;1,0;6,123233995736766e-17;0,9972495210773451;0,07411742515094437;15,0;15,0;13,0;13,0;0;13,0;13,0;13,0;15,0;8,0;8,0;10,0;12,0;11,428571428571429;3,309438162646409;8,0;16,0;-2,0;0,59;26,59;0,7803206333333333;13,8917;0;15,0;20,0;16,0;15,0;20,0;16,0
2024-03-28;15,0;0,58;39,5714;25,22;14,3544;20,0;21,93070416666667;15,2833;29,5273;59,99305833333333;0,7788108166666666;2,8781;3;88;3;1,0;6,123233995736766e-17;0,998376906467142;0,056952196034039754;13,0;20,0;15,0;15,0;0;15,0;15,0;15,0;13,0;15,0;8,0;16,0;14,333333333333334;11,285714285714286;3,0937725468153032;8,0;15,0;2,0;0,69;26,49;0,7459175991666666;15,5167;0;20,0;16,0;10,0;20,0;16,0;10,0
2024-03-29;20,0;0,63;32,1383;23,18;8,95833;30,0;21,987816666666664;13,85;30,9909;57,32670833333333;0,6734136708333334;2,63932;3;89;4;1,0;6,123233995736766e-17;0,9992088560679753;0,03977011384605572;15,0;16,0;20,0;20,0;0;20,0;20,0;20,0;15,0;13,0;15,0;11,0;16,0;12,571428571428571;4,503966505838367;8,0;20,0;5,0;0,58;25,22;0,7788108166666666;15,2833;0;16,0;10,0;11,521967313098301;16,0;10,0;
2024-03-30;16,0;0,53;20,8691;16,82;4,05396;28,0;22,914616666666664;15,3;31,0417;52,68056666666666;0,7789356166666667;2,22522;3;90;5;1,0;6,123233995736766e-17;0,9997451236925734;0,022576263041545485;20,0;10,0;16,0;16,0;0;16,0;16,0;16,0;20,0;15,0;13,0;9,0;17,0;13,571428571428571;4,3534332373863975;8,0;20,0;-4,0;0,63;23,18;0,6734136708333334;13,85;1;10,0;11,521967313098301;27,07803565912082;10,0;;
2024-03-31;10,0;0,53;27,2113;18,76;8,44646;19,0;21,46079583333333;14,775;28,5667;42,81249583333334;0,7482464750000001;2,39863;3;91;6;1,0;6,123233995736766e-17;0,9999855506507186;0,005375731557583884;16,0;;10,0;10,0;0;10,0;10,0;10,0;16,0;20,0;15,0;8,0;15,333333333333334;13,857142857142858;3,9761191895519796;8,0;20,0;-6,0;0,53;16,82;0,7789356166666667;15,3;1;11,521967313098301;27,07803565912082;26,69447990468736;;;
2024-04-01;11,521967313098301;0,39;26,9431;20,29;6,65094;17,0;19,527054166666662;14,7833;25,8167;39,3159875;0,8566421208333334;1,89017;4;92;0;0,8660254037844387;-0,4999999999999998;0,9999300657962057;-0,011826390691832589;10,0;;;11,521967313098301;1;;11,521967313098301;11,521967313098301;10,0;16,0;20,0;8,0;12,507322437699434;14,360281044728328;3,2719013070643865;10,0;20,0;1,5219673130983011;0,53;18,76;0,7482464750000001;14,775;0;27,07803565912082;26,69447990468736;26,70493687761203;;;
2024-04-02;27,07803565912082;0,56;55,4842;30,78;24,703;11,0;17,87986666666667;12,0167;24,0417;45,87848333333333;0,6263798083333333;2,46828;4;93;1;0,8660254037844387;-0,4999999999999998;0,9995786855478958;-0,029025013321975237;;;;27,07803565912082;1;;27,07803565912082;27,07803565912082;11,521967313098301;10,0;16,0;15,0;16,200000990739706;16,085714710317017;5,84129297514341;10,0;27,07803565912082;15,556068346022517;0,39;20,29;0,8566421208333334;14,7833;0;26,69447990468736;26,70493687761203;24,429232961247127;;;
2024-04-03;26,69447990468736;0,55;47,842;26,16;21,6797;3,0;16,353520833333334;14,2333;19,1667;63,8333375;0,6791382416666667;1,73107;4;94;2;0,8660254037844387;-0,4999999999999998;0,9989315138848577;-0,046215046983708354;;;;26,69447990468736;1;;26,69447990468736;26,69447990468736;27,07803565912082;11,521967313098301;10,0;13,0;21,76482762563549;18,04206898241521;6,842967571880859;10,0;27,07803565912082;-0,38355575443345913;0,56;30,78;0,6263798083333333;12,0167;0;26,70493687761203;24,429232961247127;15,0;;;15,0
2024-04-04;26,70493687761203;0,61;49,2938;27,28;22,012;17,0;18,7142375;11,775;26,3833;61,7430625;0,6193831958333333;1,99606;4;95;3;0,8660254037844387;-0,4999999999999998;0,9979887423155984;-0,06339140486951038;;;;26,70493687761203;1;;26,70493687761203;26,70493687761203;26,69447990468736;27,07803565912082;11,521967313098301;15,0;26,825817480473404;19,71420282207407;7,384399169539929;10,0;27,07803565912082;0,010456972924671959;0,55;26,16;0,6791382416666667;14,2333;0;24,429232961247127;15,0;19,0;;15,0;19,0
2024-04-05;24,429232961247127;0,74;63,816;30,93;32,8883;21,0;19,397908333333334;11,2917;28,05;54,99653333333333;0,7952767791666667;2,60862;4;96;4;0,8660254037844387;-0,4999999999999998;0,9967506498213929;-0,08054900421874167;;15,0;;24,429232961247127;1;;24,429232961247127;24,429232961247127;26,70493687761203;26,69447990468736;27,07803565912082;20,0;25,94288324784884;20,34695038796652;7,5995981185631605;10,0;27,07803565912082;-2,275703916364904;0,61;27,28;0,6193831958333333;11,775;0;15,0;19,0;17,0;15,0;19,0;17,0
2024-04-06;15,0;0,57;34,8058;23,49;11,3191;18,0;18,272225;11,0667;25,4667;56,947945833333335;0,6735318541666667;2,16989;4;97;5;0,8660254037844387;-0,4999999999999998;0,9952176027737294;-0,09768276782171598;;19,0;15,0;15,0;0;15,0;15,0;15,0;24,429232961247127;26,70493687761203;26,69447990468736;16,0;22,044723279619717;20,204093245109373;7,7036181219723865;10,0;27,07803565912082;-9,429232961247127;0,74;30,93;0,7952767791666667;11,2917;1;19,0;17,0;22,0;19,0;17,0;22,0
2024-04-07;19,0;0,67;31,2914;22,42;8,8726;27,0;19,1437875;11,0091;28,55;55,96875833333333;0,5766674625;2,43944;4;98;6;0,8660254037844387;-0,4999999999999998;0,9933900548258936;-0,11478762552212701;15,0;17,0;19,0;19,0;0;19,0;19,0;19,0;15,0;24,429232961247127;26,70493687761203;10,0;19,476410987082378;21,48980753082366;6,348612525999825;11,521967313098301;27,07803565912082;4,0;0,57;23,49;0,6735318541666667;11,0667;1;17,0;22,0;22,0;17,0;22,0;22,0
2024-04-08;17,0;0,56;43,4464;26,76;16,6886;16,0;18,430204166666663;11,4083;25,7333;55,99305416666667;0,7153030166666667;2,25952;4;99;0;0,8660254037844387;-0,4999999999999998;0,9912685467787256;-0,13185851571739118;19,0;22,0;17,0;17,0;0;17,0;17,0;17,0;19,0;15,0;24,429232961247127;11,521967313098301;17,0;22,272383628952475;5,137165911990315;15,0;27,07803565912082;-2,0;0,67;22,42;0,5766674625;11,0091;0;22,0;22,0;15,0;22,0;22,0;15,0
2024-04-09;22,0;0,71;54,9622;32,47;22,4898;19,0;18,846179166666666;11,2167;26,9417;59,354175;0,61227492375;2,14434;4;100;1;0,8660254037844387;-0,4999999999999998;0,9888537064205885;-0,1488903868564548;17,0;22,0;22,0;22,0;0;22,0;22,0;22,0;17,0;19,0;15,0;27,07803565912082;19,333333333333332;21,54694996336379;4,683996958224985;15,0;26,70493687761203;5,0;0,56;26,76;0,7153030166666667;11,4083;0;22,0;15,0;14,0;22,0;15,0;14,0
2024-04-10;22,0;0,64;46,7615;28,07;18,6879;20,0;18,88159166666667;12,2833;27,0417;52,464975;0,8283012083333333;2,57823;4;101;2;0,8660254037844387;-0,4999999999999998;0,986146248341595;-0,16587819893463143;22,0;15,0;22,0;22,0;0;22,0;22,0;22,0;22,0;17,0;19,0;26,69447990468736;20,333333333333332;20,876309976979883;4,127122664510138;15,0;26,70493687761203;0,0;0,71;32,47;0,61227492375;11,2167;0;15,0;14,0;15,0;15,0;14,0;15,0
2024-04-11;15,0;0,5;48,4;28,62;19,781;7,0;14,7007;10,925;20,0167;56,2326375;0,7579360374999999;1,66341;4;102;3;0,8660254037844387;-0,4999999999999998;0,9831469737221499;-0,1828169249850199;22,0;14,0;15,0;15,0;0;15,0;15,0;15,0;22,0;22,0;17,0;26,70493687761203;19,666666666666668;19,204176137321017;3,723456174088204;15,0;24,429232961247127;-7,0;0,64;28,07;0,8283012083333333;12,2833;0;14,0;15,0;13,0;14,0;15,0;13,0
2024-04-12;14,0;0,52;46,2185;26,1;20,1193;3,0;13,351395833333331;11,3417;16,2333;73,17707916666667;0,6226412333333333;1,99376;4;103;4;0,8660254037844387;-0,4999999999999998;0,9798567700958665;-0,1997015525660636;15,0;15,0;14,0;14,0;0;14,0;14,0;14,0;15,0;22,0;22,0;24,429232961247127;17,0;17,714285714285715;3,3523268393900993;14,0;22,0;-1,0;0,5;28,62;0,7579360374999999;10,925;0;15,0;13,0;9,0;15,0;13,0;9,0
2024-04-13;15,0;0,51;32,7112;18,58;14,1286;12,0;13,37708375;9,79167;19,25;74,95834166666667;0,8164977083333333;1,67789;4;104;5;0,8660254037844387;-0,4999999999999998;0,9762766110869321;-0,21652708524481437;14,0;13,0;15,0;15,0;0;15,0;15,0;15,0;14,0;15,0;22,0;15,0;14,666666666666666;17,714285714285715;3,3523268393900993;14,0;22,0;1,0;0,52;26,1;0,6226412333333333;11,3417;1;13,0;9,0;18,0;13,0;9,0;18,0
2024-04-14;13,0;0,48;22,2876;15,37;6,91385;17,0;15,31562375;9,05833;21,8583;65,30555833333334;0,900173725;1,87174;4;105;6;0,8660254037844387;-0,4999999999999998;0,9724075561219968;-0,23328854407545518;15,0;9,0;13,0;13,0;0;13,0;13,0;13,0;15,0;14,0;15,0;19,0;14,0;16,857142857142858;3,7161167647860216;13,0;22,0;-2,0;0,51;18,58;0,8164977083333333;9,79167;1;9,0;18,0;22,0;9,0;18,0;22,0
2024-04-15;9,0;0,46;30,4345;20,72;9,71802;10,0;14,674304166666667;11,4833;17,975;67,27778333333333;0,6431480416666667;1,32589;4;106;0;0,8660254037844387;-0,4999999999999998;0,9682507501166718;-0,2499809690726521;13,0;18,0;9,0;9,0;0;9,0;9,0;9,0;13,0;15,0;14,0;17,0;12,333333333333334;15,714285714285714;4,7509397566616665;9,0;22,0;-4,0;0,48;15,37;0,900173725;9,05833;0;18,0;22,0;20,0;18,0;22,0;20,0
2024-04-16;18,0;0,81;78,3632;34,28;44,0822;11,0;15,938467916666667;9,68333;23,9417;62,35764583333333;0,4508515833333333;1,56376;4;107;1;0,8660254037844387;-0,4999999999999998;0,9638074231367307;-0,26659942067929354;9,0;22,0;18,0;18,0;0;18,0;18,0;18,0;9,0;13,0;15,0;22,0;13,333333333333334;15,142857142857142;4,059087394500183;9,0;22,0;9,0;0,46;20,72;0,6431480416666667;11,4833;0;22,0;20,0;22,0;22,0;20,0;22,0
2024-04-17;22,0;1,09;117,347;49,38;67,9622;12,0;17,861799583333333;9,02499;29,1583;52,3923625;0,3421746208333333;0,745525;4;108;2;0,8660254037844387;-0,4999999999999998;0,9590788900341131;-0,28313898122818354;18,0;20,0;22,0;22,0;0;22,0;22,0;22,0;18,0;9,0;13,0;22,0;16,333333333333332;15,142857142857142;4,059087394500183;9,0;22,0;4,0;0,81;34,28;0,4508515833333333;9,68333;0;20,0;22,0;28,0;20,0;22,0;28,0
2024-04-18;20,0;0,89;93,1288;40,58;52,5485;19,35008833761274;20,297229166666664;10,975;30,875;41,96182083333333;0,6902801666666667;2,09689;4;109;3;0,8660254037844387;-0,4999999999999998;0,9540665500578387;-0,2995947563972602;22,0;22,0;20,0;20,0;0;20,0;20,0;20,0;22,0;18,0;9,0;15,0;20,0;15,857142857142858;4,450789122113477;9,0;22,0;-2,0;1,09;49,38;0,3421746208333333;9,02499;0;22,0;28,0;18,0;22,0;28,0;18,0
2024-04-19;22,0;0,82;80,9658;34,63;46,3334;13,905286472794433;17,852429166666667;11,775;24,6583;55,50000833333333;0,5848614666666666;1,65974;4;110;4;0,8660254037844387;-0,4999999999999998;0,9487718864399473;-0,31596187665790293;20,0;28,0;22,0;22,0;0;22,0;22,0;22,0;20,0;22,0;18,0;14,0;21,333333333333332;17,0;4,898979485566349;9,0;22,0;2,0;0,89;40,58;0,6902801666666667;10,975;0;28,0;18,0;13,0;28,0;18,0;13,0
2024-04-20;28,0;0,75;52,7833;33,09;19,6933;11,635007389471491;16,634020833333334;12,8583;22,2;69,77781666666667;0,5428140041666667;1,72473;4;111;5;0,8660254037844387;-0,4999999999999998;0,9431964659565866;-0,33223549871590435;22,0;18,0;28,0;28,0;0;28,0;28,0;28,0;22,0;20,0;22,0;15,0;23,333333333333332;18,857142857142858;6,283008075451641;9,0;28,0;6,0;0,82;34,63;0,5848614666666666;11,775;1;18,0;13,0;15,0;18,0;13,0;15,0
2024-04-21;18,0;0,5;23,1137;18,5;4,61021;10,751479187904115;14,6395875;12,75;16,875;76,6386;0,8944846000000001;1,80947;4;112;6;0,8660254037844387;-0,4999999999999998;0,9373419384643772;-0,3484108069446808;28,0;13,0;18,0;18,0;0;18,0;18,0;18,0;28,0;22,0;20,0;13,0;22,666666666666668;19,571428571428573;5,769377287516772;9,0;28,0;-10,0;0,75;33,09;0,5428140041666667;12,8583;1;13,0;15,0;18,0;13,0;15,0;18,0
2024-04-22;13,0;0,69;55,1184;22,19;32,928;13,179396731020594;14,447232916666666;9,28333;20,55;77,98612083333333;0,8525377083333333;2,73557;4;113;0;0,8660254037844387;-0,4999999999999998;0,9312100364121947;-0,3644830148102912;18,0;15,0;13,0;13,0;0;13,0;13,0;13,0;18,0;28,0;22,0;9,0;19,666666666666668;20,142857142857142;4,634241089562627;13,0;28,0;-5,0;0,5;18,5;0,8944846000000001;12,75;0;15,0;18,0;16,0;15,0;18,0;16,0
2024-04-23;15,0;0,55;41,6888;27,14;14,5484;15,25023954092335;16,440616666666667;11,175;23,9333;69,23264583333334;0,5771024291666667;1,9014;4;114;1;0,8660254037844387;-0,4999999999999998;0,9248025743285089;-0,38044736628785164;13,0;18,0;15,0;15,0;0;15,0;15,0;15,0;13,0;18,0;28,0;18,0;15,333333333333334;19,714285714285715;4,990467102863419;13,0;28,0;2,0;0,69;22,19;0,8525377083333333;9,28333;0;18,0;16,0;12,0;18,0;16,0;12,0
2024-04-24;18,0;0,67;67,3602;27,42;39,9397;15,880674761221647;14,680200833333332;8,7;23,3333;58,541670833333335;0,6575063333333333;2,77906;4;115;2;0,8660254037844387;-0,4999999999999998;0,9181214482844364;-0,39629913726891813;15,0;16,0;18,0;18,0;0;18,0;18,0;18,0;15,0;13,0;18,0;22,0;15,333333333333334;19,142857142857142;4,913538149119959;13,0;28,0;3,0;0,55;27,14;0,5771024291666667;11,175;0;16,0;12,0;11,0;16,0;12,0;11,0
2024-04-25;16,0;0,65;65,8442;29,19;36,6558;15,059702828280678;13,891317916666669;5,875;21,7167;56,8819375;0,563699175;1,89717;4;116;3;0,8660254037844387;-0,4999999999999998;0,9111686353326631;-0,41203363695942635;18,0;12,0;16,0;16,0;0;16,0;16,0;16,0;18,0;15,0;13,0;20,0;16,333333333333332;18,571428571428573;5,028490259085156;13,0;28,0;-2,0;0,67;27,42;0,6575063333333333;8,7;0;12,0;11,0;20,0;12,0;11,0;20,0
2024-04-26;12,0;0,61;53,7739;24,22;29,5539;10,0;13,6743325;7,8091;19,7417;65,21876666666667;0,6148964625000001;1,79019;4;117;4;0,8660254037844387;-0,4999999999999998;0,9039461929224011;-0,42764620926777464;16,0;11,0;12,0;12,0;0;12,0;12,0;12,0;16,0;18,0;15,0;22,0;15,333333333333334;17,142857142857142;5,304984179322031;12,0;28,0;-4,0;0,65;29,19;0,563699175;5,875;0;11,0;20,0;11,0;11,0;20,0;11,0
2024-04-27;11,0;0,48;24,6102;18,97;5,64146;15,0;13,504170416666668;7,64167;20,2667;63,28094583333333;0,6919253333333333;1,7062;4;118;5;0,8660254037844387;-0,4999999999999998;0,8964562582905575;-0,44313223418263453;12,0;20,0;11,0;11,0;0;11,0;11,0;11,0;12,0;16,0;18,0;28,0;13,0;14,714285714285714;2,8115408417381422;11,0;18,0;-1,0;0,61;24,22;0,6148964625000001;7,8091;1;20,0;11,0;9,0;20,0;11,0;9,0
2024-04-28;20,0;0,67;38,4106;26,26;12,1498;8,0;10,756600416666666;7,83334;15,65;66,534725;0,452596725;1,26972;4;119;6;0,8660254037844387;-0,4999999999999998;0,8887010478292915;-0,45848712914008766;11,0;11,0;20,0;20,0;0;20,0;20,0;20,0;11,0;12,0;16,0;18,0;14,333333333333334;15,0;3,265986323710864;11,0;20,0;9,0;0,48;18,97;0,6919253333333333;7,64167;1;11,0;9,0;13,0;11,0;9,0;13,0
2024-04-29;11,0;0,46;28,3559;21,31;7,04969;12,0;13,2791975;8,35001;18,0333;54,059041666666666;0,8219435;1,93216;4;120;0;0,8660254037844387;-0,4999999999999998;0,8806828564301475;-0,47370635037968;20,0;9,0;11,0;11,0;0;11,0;11,0;11,0;20,0;11,0;12,0;13,0;14,0;14,714285714285714;3,545621041711634;11,0;20,0;-9,0;0,67;26,26;0,452596725;7,83334;0;9,0;13,0;16,0;9,0;13,0;16,0
2024-04-30;9,0;0,46;25,4215;17,9;7,52635;12,073327610110676;13,425695833333334;11,2333;16,4083;69,76043333333332;1,093980333333333;2,36533;4;121;1;0,8660254037844387;-0,4999999999999998;0,8724040568049612;-0,48878539428899265;11,0;13,0;9,0;9,0;0;9,0;9,0;9,0;11,0;20,0;11,0;15,0;13,333333333333334;13,857142857142858;4,1403933560540835;9,0;20,0;-2,0;0,46;21,31;0,8219435;8,35001;0;13,0;16,0;21,0;13,0;16,0;21,0
2024-05-01;13,0;0,57;23,6259;15,24;8,38406;10,89355077997632;11,021217083333331;6,49167;14,2917;80,4270875;0,8398982500000001;2,21795;5;122;2;0,49999999999999994;-0,8660254037844387;0,8638670987837349;-0,503719798736334;9,0;16,0;13,0;13,0;0;13,0;13,0;13,0;9,0;11,0;20,0;18,0;11,0;13,142857142857142;3,716116764785979;9,0;20,0;4,0;0,46;17,9;1,093980333333333;11,2333;0;16,0;21,0;21,0;16,0;21,0;21,0
2024-05-02;16,0;0,76;63,2203;25,28;37,9356;8,390620254584604;8,797572083333334;3,35833;14,7917;75,60419166666667;0,4466711166666666;1,28324;5;123;3;0,49999999999999994;-0,8660254037844387;0,8550745085896932;-0,518505144391157;13,0;21,0;16,0;16,0;0;16,0;16,0;16,0;13,0;9,0;11,0;16,0;12,666666666666666;13,142857142857142;3,716116764785979;9,0;20,0;3,0;0,57;15,24;0,8398982500000001;6,49167;0;21,0;21,0;32,0;21,0;21,0;32,0
2024-05-03;21,0;0,6;49,3877;27,14;22,248;9,0;10,7670125;4,4;17,3917;63,75346666666667;0,5227108916666666;1,82802;5;124;4;0,49999999999999994;-0,8660254037844387;0,8460288880917339;-0,533137056031809;16,0;21,0;21,0;21,0;0;21,0;21,0;21,0;16,0;13,0;9,0;12,0;16,666666666666668;14,428571428571429;4,685336802448747;9,0;21,0;5,0;0,76;25,28;0,4466711166666666;3,35833;0;21,0;32,0;19,0;21,0;32,0;19,0
2024-05-04;21,0;0,73;46,4143;27,05;19,3628;11,0;12,0392425;7,1;19,75;57,684358333333336;0,415952375;2,19385;5;125;5;0,49999999999999994;-0,8660254037844387;0,8367329140344921;-0,5476112038402312;21,0;32,0;21,0;21,0;0;21,0;21,0;21,0;21,0;16,0;13,0;11,0;19,333333333333332;15,857142857142858;4,980915960897515;9,0;21,0;0,0;0,6;27,14;0,5227108916666666;4,4;1;32,0;19,0;9,0;32,0;19,0;9,0
2024-05-05;32,0;1,41;79,865;27,85;52,0125;7,0;10,75341625;6,54167;16,875;73,6423625;0,3881115333333333;1,88867;5;126;6;0,49999999999999994;-0,8660254037844387;0,8271893372462497;-0,5619233046832195;21,0;19,0;32,0;32,0;0;32,0;32,0;32,0;21,0;21,0;16,0;20,0;24,666666666666668;17,571428571428573;7,870983480631939;9,0;32,0;11,0;0,73;27,05;0,415952375;7,1;1;19,0;9,0;17,0;19,0;9,0;17,0
2024-05-06;19,0;0,86;64,9332;23,59;41,3433;5,0;10,285103333333334;5,275;16,8417;74,02021666666667;0,68946855;2,27049;5;127;0;0,49999999999999994;-0,8660254037844387;0,8174009818249189;-0,5760691233798758;32,0;9,0;19,0;19,0;0;19,0;19,0;19,0;32,0;21,0;21,0;11,0;24,0;18,714285714285715;7,319250547114;9,0;32,0;-13,0;1,41;27,85;0,3881115333333333;6,54167;0;9,0;17,0;29,0;9,0;17,0;29,0
2024-05-07;9,0;0,64;54,2381;23,17;31,0721;5,0;6,239237916666667;3,59167;9,98334;85,06529583333334;1,2601316666666666;4,80234;5;128;1;0,49999999999999994;-0,8660254037844387;0,8073707443023492;-0,5900444739548627;19,0;17,0;9,0;9,0;0;9,0;9,0;9,0;19,0;32,0;21,0;9,0;20,0;18,714285714285715;7,319250547114;9,0;32,0;-10,0;0,86;23,59;0,68946855;5,275;0;17,0;29,0;30,0;17,0;29,0;30,0
2024-05-08;17,0;0,88;77,4778;29,36;48,1129;5,0;6,918405833333334;0,808333;15,6917;78,93476249999999;0,2965774666666667;0,706365;5;129;2;0,49999999999999994;-0,8660254037844387;0,7971015927871943;-0,6038452208771035;9,0;29,0;17,0;17,0;0;17,0;17,0;17,0;9,0;19,0;32,0;13,0;15,0;19,285714285714285;6,9453650183482285;9,0;32,0;8,0;0,64;23,17;1,2601316666666666;3,59167;0;29,0;30,0;39,0;29,0;30,0;39,0
2024-05-09;29,0;1,22;111,085;32,68;78,4088;5,0;8,777425;1,925;17,5333;77,3569875;0,5489150666666667;1,91187;5;130;3;0,49999999999999994;-0,8660254037844387;0,7865965660866021;-0,6174672802835514;17,0;30,0;29,0;29,0;0;29,0;29,0;29,0;17,0;9,0;19,0;16,0;18,333333333333332;21,142857142857142;7,625146368618594;9,0;32,0;12,0;0,88;29,36;0,2965774666666667;0,808333;0;30,0;39,0;29,0;30,0;39,0;29,0
2024-05-10;30,0;1,29;115,566;29,07;86,4984;4,0;7,984369999999999;4,23333;11,75;82,05904583333334;0,4768691433333333;1,52827;5;131;4;0,49999999999999994;-0,8660254037844387;0,7758587728069828;-0,6309066211876704;29,0;39,0;30,0;30,0;0;30,0;30,0;30,0;29,0;17,0;9,0;21,0;25,333333333333332;22,428571428571427;8,32380407540414;9,0;32,0;1,0;1,22;32,68;0,5489150666666667;1,925;0;39,0;29,0;32,0;39,0;29,0;32,0
2024-05-11;39,0;1,23;101,198;29,71;71,4913;7,0;7,861452499999999;2,39167;15,025;80,09376666666667;0,4112784458333333;1,40355;5;132;5;0,49999999999999994;-0,8660254037844387;0,7648913904341225;-0,6441592666722685;30,0;29,0;39,0;39,0;0;39,0;39,0;39,0;30,0;29,0;17,0;21,0;32,666666666666664;25,0;10,344080432788626;9,0;39,0;9,0;1,29;29,07;0,4768691433333333;4,23333;1;29,0;32,0;40,0;29,0;32,0;40,0
2024-05-12;29,0;0,79;42,4967;23,38;19,1176;12,0;8,414580416666666;4,39167;13,9583;74,940975;0,4807169166666666;1,50273;5;133;6;0,49999999999999994;-0,8660254037844387;0,753697664392914;-0,6572212950663319;39,0;32,0;29,0;29,0;0;29,0;29,0;29,0;39,0;30,0;29,0;32,0;32,666666666666664;24,571428571428573;10,064080399406334;9,0;39,0;-10,0;1,23;29,71;0,4112784458333333;2,39167;1;32,0;40,0;33,0;32,0;40,0;33,0
2024-05-13;32,0;0,85;70,6189;31,2;39,4183;8,0;7,690272916666667;1,49167;15,65;71,23963333333333;0,3399392416666666;1,24984;5;134;0;0,49999999999999994;-0,8660254037844387;0,742280907086982;-0,6700888411055113;29,0;40,0;32,0;32,0;0;32,0;32,0;32,0;29,0;39,0;30,0;19,0;33,333333333333336;26,428571428571427;10,064080399406343;9,0;39,0;3,0;0,79;23,38;0,4807169166666666;4,39167;0;40,0;33,0;31,0;40,0;33,0;31,0
2024-05-14;40,0;1,3;143,701;38,14;105,563;8,0;8,046808333333333;1,13333;16,2818;66,16668333333332;0,4700505875;1,80082;5;135;1;0,49999999999999994;-0,8660254037844387;0,7306444969184916;-0,6827580970759147;32,0;33,0;40,0;40,0;0;40,0;40,0;40,0;32,0;29,0;39,0;9,0;33,666666666666664;30,857142857142858;7,6469726347222915;17,0;40,0;8,0;0,85;31,2;0,3399392416666666;1,49167;0;33,0;31,0;32,0;33,0;31,0;32,0
2024-05-15;33,0;1,27;122,691;30,88;91,807;6,0;6,5416670833333335;2,94167;10,35;74,97918750000001;0,5624805333333334;1,96713;5;136;2;0,49999999999999994;-0,8660254037844387;0,7187918772884232;-0,6952253139408722;40,0;31,0;33,0;33,0;0;33,0;33,0;33,0;40,0;32,0;29,0;17,0;35,0;33,142857142857146;4,598136268409026;29,0;40,0;-7,0;1,3;38,14;0,4700505875;1,13333;0;31,0;32,0;38,0;31,0;32,0;38,0
2024-05-16;31,0;1,05;106,863;31,79;75,0699;7,0;6,709029041666667;0,225;14,8583;70,2215375;0,3631002083333333;1,28003;5;137;3;0,49999999999999994;-0,8660254037844387;0,7067265555776158;-0,7074868024503348;33,0;32,0;31,0;31,0;0;31,0;31,0;31,0;33,0;40,0;32,0;29,0;34,666666666666664;33,42857142857143;4,353433237386594;29,0;40,0;-2,0;1,27;30,88;0,5624805333333334;2,94167;0;32,0;38,0;48,0;32,0;38,0;48,0
2024-05-17;32,0;1,09;113,099;33,8;79,2968;8,0;7,500702083333333;2,26667;15,05;69,49307916666667;0,5063017041666666;1,922;5;138;4;0,49999999999999994;-0,8660254037844387;0,6944521021088763;-0,719538934232584;31,0;38,0;32,0;32,0;0;32,0;32,0;32,0;31,0;33,0;40,0;30,0;32,0;33,714285714285715;4,151878519188228;29,0;40,0;1,0;1,05;31,79;0,3631002083333333;0,225;0;38,0;48,0;34,0;38,0;48,0;34,0
2024-05-18;38,0;1,2;93,335;34,24;59,0988;9,0;7,879165;1,275;16,1333;69,95835416666667;0,4737602083333334;1,39883;5;139;5;0,49999999999999994;-0,8660254037844387;0,6819721490904629;-0,7313781428679254;32,0;48,0;38,0;38,0;0;38,0;38,0;38,0;32,0;31,0;33,0;39,0;33,666666666666664;33,57142857142857;3,952094080237589;29,0;40,0;6,0;1,09;33,8;0,5063017041666666;2,26667;1;48,0;34,0;15,0;48,0;34,0;15,0
2024-05-19;48,0;1,39;96,9376;39,0;57,9396;8,0;9,571179583333333;1,04167;17,4167;62,590275;0,384975625;0,854783;5;140;6;0,49999999999999994;-0,8660254037844387;0,6692903895412567;-0,7430009249440493;38,0;34,0;48,0;48,0;0;48,0;48,0;48,0;38,0;32,0;31,0;29,0;39,333333333333336;36,285714285714285;6,1836959205718465;31,0;48,0;10,0;1,2;34,24;0,4737602083333334;1,275;1;34,0;15,0;15,0;34,0;15,0;15,0
2024-05-20;34,0;1,14;95,92;35,99;59,9313;2,4264196920826056;9,414931666666666;8,13333;10,9667;80,5278625;0,7506873541666667;4,03405;5;141;0;0,49999999999999994;-0,8660254037844387;0,6564105761979381;-0,7544038410927472;48,0;15,0;34,0;34,0;0;34,0;34,0;34,0;48,0;38,0;32,0;32,0;40,0;36,57142857142857;5,99603043290998;31,0;48,0;-14,0;1,39;39,0;0,384975625;1,04167;0;15,0;15,0;12,0;15,0;15,0;12,0
2024-05-21;15,0;0,67;35,7007;19,05;16,6529;7,3387167335215935;10,481224166666667;8,60001;14,8917;93,41668333333332;0,5481498083333333;1,52728;5;142;1;0,49999999999999994;-0,8660254037844387;0,6433365204044917;-0,765583517007675;34,0;15,0;15,0;15,0;0;15,0;15,0;15,0;34,0;48,0;38,0;40,0;32,333333333333336;33,0;9,831920802501818;15,0;48,0;-19,0;1,14;35,99;0,7506873541666667;8,13333;0;15,0;12,0;36,0;15,0;12,0;36,0
2024-05-22;15,0;0,72;49,1127;23,23;25,8792;3,2083851853990213;8,34861375;6,325;10,05;97,51994166666668;0,6738548291666667;1,60535;5;143;2;0,49999999999999994;-0,8660254037844387;0,6300720909843687;-0,7765366444428655;15,0;12,0;15,0;15,0;0;15,0;15,0;15,0;15,0;34,0;48,0;33,0;21,333333333333332;30,428571428571427;11,95626952491378;15,0;48,0;0,0;0,67;19,05;0,5481498083333333;8,60001;0;12,0;36,0;31,0;12,0;36,0;31,0
2024-05-23;12,0;0,83;67,6775;25,66;42,0182;5,405443916892118;7,871181666666666;5,075;13,1583;85,27016666666667;0,6107772125;1,35059;5;144;3;0,49999999999999994;-0,8660254037844387;0,6166212130956382;-0,7872599821916922;15,0;36,0;12,0;12,0;0;12,0;12,0;12,0;15,0;15,0;34,0;31,0;14,0;27,714285714285715;13,816828938101633;12,0;48,0;-3,0;0,72;23,23;0,6738548291666667;6,325;0;36,0;31,0;23,0;36,0;31,0;23,0
2024-05-24;36,0;1,64;182,325;38,16;144,17;0,0;8,382299583333333;3,3;13,3167;85,71184166666667;0,3965383333333334;0,823306;5;145;4;0,49999999999999994;-0,8660254037844387;0,6029878670694714;-0,7977503570459932;12,0;31,0;36,0;36,0;0;36,0;36,0;36,0;12,0;15,0;15,0;32,0;21,0;28,285714285714285;14,103359950903995;12,0;48,0;24,0;0,83;25,66;0,6107772125;5,075;0;31,0;23,0;37,0;31,0;23,0;37,0
2024-05-25;31,0;1,31;112,783;27,95;84,8369;3,0;11,0871525;8,52499;15,825;79,2083375;0,7205960833333332;2,0134;5;146;5;0,49999999999999994;-0,8660254037844387;0,5891760872322963;-0,8080046647350754;36,0;23,0;31,0;31,0;0;31,0;31,0;31,0;36,0;12,0;15,0;38,0;26,333333333333332;27,285714285714285;13,536546651125462;12,0;48,0;-5,0;1,64;38,16;0,3965383333333334;3,3;1;23,0;37,0;34,0;23,0;37,0;34,0
2024-05-26;23,0;0,82;46,6045;18,49;28,1158;7,0;10,03680625;6,44167;15,6083;85,13543750000001;0,4496535916666666;1,32915;5;147;6;0,49999999999999994;-0,8660254037844387;0,5751899607119775;-0,8180198708443174;31,0;37,0;23,0;23,0;0;23,0;23,0;23,0;31,0;36,0;12,0;48,0;30,0;23,714285714285715;9,995236960911045;12,0;36,0;-8,0;1,31;27,95;0,7205960833333332;8,52499;1;37,0;34,0;53,0;37,0;34,0;53,0
2024-05-27;37,0;1,45;157,826;36,91;120,919;1,0;9,128820833333334;3,20833;15,6083;82,31912083333334;0,2616481;0,598175;5;148;0;0,49999999999999994;-0,8660254037844387;0,5610336262283677;-0,8277930117131022;23,0;34,0;37,0;37,0;0;37,0;37,0;37,0;23,0;31,0;36,0;34,0;30,333333333333332;24,142857142857142;10,558228567150405;12,0;37,0;14,0;0,82;18,49;0,4496535916666666;6,44167;0;34,0;53,0;55,0;34,0;53,0;55,0
2024-05-28;34,0;1,48;163,202;38,16;125,04;2,0;11,072254166666667;4,23333;20,7091;73,10765833333333;0,414177425;1,08757;5;149;1;0,49999999999999994;-0,8660254037844387;0,5467112728685939;-0,8373211953118121;37,0;53,0;34,0;34,0;0;34,0;34,0;34,0;37,0;23,0;31,0;15,0;31,333333333333332;26,857142857142858;10,253919111386526;12,0;37,0;-3,0;1,45;36,91;0,2616481;3,20833;0;53,0;55,0;44,0;53,0;55,0;44,0
2024-05-29;53,0;1,9;196,313;53,46;142,858;2,0;11,83437375;8,43333;18,825;75,20138333333334;0,3505897125;0,891215;5;150;2;0,49999999999999994;-0,8660254037844387;0,5322271388474397;-0,8466016020976267;34,0;55,0;53,0;53,0;0;53,0;53,0;53,0;34,0;37,0;23,0;15,0;41,333333333333336;32,285714285714285;12,697956341006082;12,0;53,0;19,0;1,48;38,16;0,414177425;4,23333;0;55,0;44,0;49,0;55,0;44,0;49,0
2024-05-30;55,0;2,12;220,195;55,82;164,374;3,0;12,955210416666668;6,66667;21,975;67,70835;0,3892015833333333;0,670981;5;151;3;0,49999999999999994;-0,8660254037844387;0,5175855102531889;-0,8556314858488706;53,0;44,0;55,0;55,0;0;55,0;55,0;55,0;53,0;34,0;37,0;12,0;47,333333333333336;38,42857142857143;11,60254487683843;23,0;55,0;2,0;1,9;53,46;0,3505897125;8,43333;0;44,0;49,0;64,0;44,0;49,0;64,0
2024-05-31;44,0;1,93;191,681;44,86;146,824;2,0;10,707988333333333;6,46667;16,55;73,98263333333334;0,5338065;1,70378;5;152;4;0,49999999999999994;-0,8660254037844387;0,5027907197793043;-0,8644081744776648;55,0;49,0;44,0;44,0;0;44,0;44,0;44,0;55,0;53,0;34,0;36,0;50,666666666666664;39,57142857142857;11,716898663286138;23,0;55,0;-11,0;2,12;55,82;0,3892015833333333;6,66667;0;49,0;64,0;44,0;49,0;64,0;44,0
2024-06-01;49,0;1,84;135,12;37,55;97,5725;5,0;11,285764166666668;4,025;19,4167;76,70139999999999;0,45223265;1,45702;6;153;5;1,2246467991473532e-16;-1,0;0,4878471454423119;-0,8729290708206411;44,0;64,0;49,0;49,0;0;49,0;49,0;49,0;44,0;55,0;53,0;31,0;49,333333333333336;42,142857142857146;11,495340671022307;23,0;55,0;5,0;1,93;44,86;0,5338065;6,46667;1;64,0;44,0;60,0;64,0;44,0;60,0
2024-06-02;64,0;2,21;146,999;44,72;102,277;3,0;13,124223333333331;9,54166;20,2417;75,29514166666667;0,3928183041666667;0,877633;6;154;6;1,2246467991473532e-16;-1,0;0,47275920928627757;-0,881191653407483;49,0;44,0;64,0;64,0;0;64,0;64,0;64,0;49,0;44,0;55,0;23,0;52,333333333333336;48,0;10,519822558706476;34,0;64,0;15,0;1,84;37,55;0,45223265;4,025;1;44,0;60,0;56,0;44,0;60,0;56,0
2024-06-03;44,0;1,5;135,613;38,83;96,7845;1,0;13,555958333333336;11,0;17,1333;70,5069375;0,6103065041666667;1,34569;6;155;0;1,2246467991473532e-16;-1,0;0,4575313760742512;-0,8891934772070711;64,0;60,0;44,0;44,0;0;44,0;44,0;44,0;64,0;49,0;44,0;37,0;52,333333333333336;49,0;9,5916630466256;34,0;64,0;-20,0;2,21;44,72;0,3928183041666667;9,54166;0;60,0;56,0;63,0;60,0;56,0;63,0
2024-06-04;60,0;1,79;212,544;46,72;165,82;1,0;11,96389625;7,85834;15,8667;80,2257;0,3855041458333333;0,8473;6;156;1;1,2246467991473532e-16;-1,0;0,44216815196707204;-0,8969321743510065;44,0;56,0;60,0;60,0;0;60,0;60,0;60,0;44,0;64,0;49,0;34,0;56,0;52,714285714285715;7,653197277702439;44,0;64,0;16,0;1,5;38,83;0,6103065041666667;11,0;0;56,0;63,0;56,0;56,0;63,0;56,0
2024-06-05;56,0;2,13;246,565;51,35;195,22;1,0;13,030204166666666;10,15;17,1083;69,9198375;0,4192386416666667;0,937591;6;157;2;1,2246467991473532e-16;-1,0;0,42667408318992467;-0,9044054548343001;60,0;63,0;56,0;56,0;0;56,0;56,0;56,0;60,0;44,0;64,0;53,0;53,333333333333336;53,142857142857146;7,755182598937347;44,0;64,0;-4,0;1,79;46,72;0,3855041458333333;7,85834;0;63,0;56,0;28,0;63,0;56,0;28,0
2024-06-06;63,0;2,06;255,765;54,32;201,442;1,0;12,2366655;8,54167;16,0583;71,02917;0,288682756;0,862427;6;158;3;1,2246467991473532e-16;-1,0;0,4110537546870351;-0,9116111071930239;56,0;56,0;63,0;63,0;0;63,0;63,0;63,0;56,0;60,0;44,0;55,0;59,666666666666664;54,285714285714285;8,616153157767034;44,0;64,0;7,0;2,13;51,35;0,4192386416666667;10,15;0;56,0;28,0;9,0;56,0;28,0;9,0
2024-06-07;56,0;2,6;267,089;57,18;209,913;2,0;13,905556666666667;8,125;21,6583;67,9063;0,2765525541666667;0,839301;6;159;4;1,2246467991473532e-16;-1,0;0,3953117887649151;-0,9185469991587165;63,0;28,0;56,0;56,0;0;56,0;56,0;56,0;63,0;56,0;60,0;44,0;58,333333333333336;56,0;7,325753658612228;44,0;64,0;-7,0;2,06;54,32;0,288682756;8,54167;0;28,0;9,0;27,0;28,0;9,0;27,0
2024-06-08;28,0;1,17;85,0001;25,92;59,0763;4,0;12,7881925;8,56667;15,8083;73,55209166666667;0,993447125;2,79261;6;160;5;1,2246467991473532e-16;-1,0;0,37945284372454435;-0,925211078289358;56,0;9,0;28,0;28,0;0;28,0;28,0;28,0;56,0;63,0;56,0;49,0;49,0;53,0;12,87115638420535;28,0;64,0;-28,0;2,6;57,18;0,2765525541666667;8,125;1;9,0;27,0;41,0;9,0;27,0;41,0
2024-06-09;9,0;0,64;30,4012;18,01;12,3927;7,0;9,589616666666666;7,23333;12,05;85,4201375;1,0138584166666669;4,00476;6;161;6;1,2246467991473532e-16;-1,0;0,36348161248290634;-0,9316013725767187;28,0;27,0;9,0;9,0;0;9,0;9,0;9,0;28,0;56,0;63,0;64,0;31,0;45,142857142857146;19,903337839238418;9,0;63,0;-19,0;1,17;25,92;0,993447125;8,56667;1;27,0;41,0;31,0;27,0;41,0;31,0
2024-06-10;27,0;1,43;137,953;30,92;107,03;1,0;10,825695416666669;8,13335;14,575;88,62366250000001;0,3375239708333333;0,80944;6;162;0;1,2246467991473532e-16;-1,0;0,3474028211842774;-0,9377159910299093;9,0;41,0;27,0;27,0;0;27,0;27,0;27,0;9,0;28,0;56,0;44,0;21,333333333333332;42,714285714285715;21,06904748451539;9,0;63,0;18,0;0,64;18,01;1,0138584166666669;7,23333;0;41,0;31,0;5,0;41,0;31,0;5,0
2024-06-11;41,0;1,98;221,788;34,58;187,213;1,0;11,0482675;9,73334;12,8333;87,46844166666666;0,3687058916666666;1,42572;6;163;1;1,2246467991473532e-16;-1,0;0,3312212278016865;-0,9435531242349544;27,0;31,0;41,0;41,0;0;41,0;41,0;41,0;27,0;9,0;28,0;60,0;25,666666666666668;40,0;19,646882704388553;9,0;63,0;14,0;1,43;30,92;0,3375239708333333;8,13335;0;31,0;5,0;11,0;31,0;5,0;11,0
2024-06-12;31,0;1,66;173,477;29,83;143,642;1,0;10,701045;8,875;13,05;84,63755;0,6983500291666668;2,58703;6;164;2;1,2246467991473532e-16;-1,0;0,31494162072895193;-0,9491110448902284;41,0;5,0;31,0;31,0;0;31,0;31,0;31,0;41,0;27,0;9,0;56,0;33,0;36,42857142857143;18,491954492491665;9,0;63,0;-10,0;1,98;34,58;0,3687058916666666;9,73334;0;5,0;11,0;31,0;5,0;11,0;31,0
2024-06-13;5,0;0,51;35,8405;23,69;12,1486;5,0;9,9843725;8,19167;11,4;92,4305875;1,1516729166666666;3,07219;6;165;3;1,2246467991473532e-16;-1,0;0,2985688173637202;-0,9543881083175908;31,0;11,0;5,0;5,0;0;5,0;5,0;5,0;31,0;41,0;27,0;63,0;25,666666666666668;28,142857142857142;17,572977090109816;5,0;56,0;-26,0;1,66;29,83;0,6983500291666668;8,875;0;11,0;31,0;40,0;11,0;31,0;40,0
2024-06-14;11,0;0,85;59,8068;20,52;39,2911;7,0;9,90212;6,10833;15,125;84,77505833333333;0,7341981833333334;1,88085;6;166;4;1,2246467991473532e-16;-1,0;0,2821076626819194;-0,9593827529490743;5,0;31,0;11,0;11,0;0;11,0;11,0;11,0;5,0;31,0;41,0;56,0;15,666666666666666;21,714285714285715;13,42527821827522;5,0;41,0;6,0;0,51;23,69;1,1516729166666666;8,19167;0;31,0;40,0;44,0;31,0;40,0;44,0
2024-06-15;31,0;1,36;94,8853;23,36;71,5303;4,0;9,1482625;4,50833;15,35;81,43755;0,3705668541666667;1,47236;6;167;5;1,2246467991473532e-16;-1,0;0,26556302780405594;-0,9640935007889755;11,0;40,0;31,0;31,0;0;31,0;31,0;31,0;11,0;5,0;31,0;28,0;15,666666666666666;22,142857142857142;13,704361488574493;5,0;41,0;20,0;0,85;20,52;0,7341981833333334;6,10833;1;40,0;44,0;8,0;40,0;44,0;8,0
2024-06-16;40,0;1,46;80,0752;23,73;56,3483;7,0;8,933687083333334;3,25;16,2667;84,01673333333333;0,361853425;1,65343;6;168;6;1,2246467991473532e-16;-1,0;0,24893980855376657;-0,9685189578512204;31,0;44,0;40,0;40,0;0;40,0;40,0;40,0;31,0;11,0;5,0;9,0;27,333333333333332;26,571428571428573;13,758114488755892;5,0;41,0;9,0;1,36;23,36;0,3705668541666667;4,50833;1;44,0;8,0;11,0;44,0;8,0;11,0
2024-06-17;44,0;1,39;108,174;33,09;75,0878;1,0;8,317735416666666;4,08333;12,0583;89,99685833333332;0,584774875;1,85746;6;169;0;1,2246467991473532e-16;-1,0;0,23224292400907015;-0,9726578145718654;40,0;8,0;44,0;44,0;0;44,0;44,0;44,0;40,0;31,0;11,0;27,0;38,333333333333336;29,0;15,264337522473776;5,0;44,0;4,0;1,46;23,73;0,361853425;3,25;0;8,0;11,0;24,0;8,0;11,0;24,0
2024-06-18;8,0;0,59;42,0624;22,27;19,7902;4,0;10,046182916666668;8,51668;11,675;90,99307083333332;1,0548175;3,84596;6;170;1;1,2246467991473532e-16;-1,0;0,21547731504673012;-0,976508846196619;44,0;11,0;8,0;8,0;0;8,0;8,0;8,0;44,0;40,0;31,0;41,0;30,666666666666668;24,285714285714285;16,017847189039756;5,0;44,0;-36,0;1,39;33,09;0,584774875;4,08333;0;11,0;24,0;9,0;11,0;24,0;9,0
2024-06-19;11,0;0,87;68,1829;22,38;45,7996;5,0;10,920483333333332;7,96667;16,3583;83,83680833333334;0,5242101041666667;1,34066;6;171;2;1,2246467991473532e-16;-1,0;0,19864794288017112;-0,9800709131432666;8,0;24,0;11,0;11,0;0;11,0;11,0;11,0;8,0;44,0;40,0;31,0;21,0;21,428571428571427;16,399767710317754;5,0;44,0;3,0;0,59;22,27;1,0548175;8,51668;0;24,0;9,0;5,0;24,0;9,0;5,0
2024-06-20;24,0;1,36;99,0227;22,35;76,6769;2,0;9,335449166666669;7,575;11,4917;89,964975;0,4278724166666667;1,48889;6;172;3;1,2246467991473532e-16;-1,0;0,18175978759137534;-0,9833429613388902;11,0;9,0;24,0;24,0;0;24,0;24,0;24,0;11,0;8,0;44,0;5,0;14,333333333333334;24,142857142857142;14,713129866761546;8,0;44,0;13,0;0,87;22,38;0,5242101041666667;7,96667;0;9,0;5,0;10,0;9,0;5,0;10,0
2024-06-21;9,0;0,6;39,8403;23,71;16,1278;3,0;7,662881666666667;6,71667;9,70833;95,2604625;1,2150641249999998;3,50615;6;173;4;1,2246467991473532e-16;-1,0;0,16481784665719793;-0,9863240225317866;24,0;5,0;9,0;9,0;0;9,0;9,0;9,0;24,0;11,0;8,0;11,0;14,666666666666666;23,857142857142858;15,026959899112127;8,0;44,0;-15,0;1,36;22,35;0,4278724166666667;7,575;0;5,0;10,0;14,0;5,0;10,0;14,0
2024-06-22;5,0;0,47;21,9542;17,21;4,74194;11,0;7,625000416666666;6,275;9,425;92,42745;1,0788723333333332;2,61338;6;174;5;1,2246467991473532e-16;-1,0;0,14782713347053048;-0,9890132145779883;9,0;10,0;5,0;5,0;0;5,0;5,0;5,0;9,0;24,0;11,0;31,0;12,666666666666666;20,142857142857142;16,139274781606208;5,0;44,0;-4,0;0,6;23,71;1,2150641249999998;6,71667;1;10,0;14,0;17,0;10,0;14,0;17,0
2024-06-23;10,0;0,51;23,9708;18,42;5,54865;9,0;7,608338333333333;5,79167;10,05;89,5152043478261;0,485670125;1,06814;6;175;6;1,2246467991473532e-16;-1,0;0,13079267585675922;-0,9914097417023038;5,0;14,0;10,0;10,0;0;10,0;10,0;10,0;5,0;9,0;24,0;40,0;8,0;15,857142857142858;13,801311186847048;5,0;44,0;5,0;0,47;17,21;1,0788723333333332;6,275;1;14,0;17,0;42,0;14,0;17,0;42,0
2024-06-24;14,0;0,53;41,2351;20,45;20,7836;4,0;7,459029166666666;5,61667;9,54167;85,72854583333333;0,6793877916666666;1,71754;6;176;0;1,2246467991473532e-16;-1,0;0,11371951458594969;-0,9935128947338007;10,0;17,0;14,0;14,0;0;14,0;14,0;14,0;10,0;5,0;9,0;44,0;9,666666666666666;11,571428571428571;6,133436852128338;5,0;24,0;4,0;0,51;18,42;0,485670125;5,79167;0;17,0;42,0;31,0;17,0;42,0;31,0
2024-06-25;17,0;0,68;53,8233;22,33;31,4904;6,0;6,977082500000001;3,45;10,8583;80,03127500000001;0,4704072666666667;1,05869;6;177;1;1,2246467991473532e-16;-1,0;0,0966127018812031;-0,9953220513156602;14,0;42,0;17,0;17,0;0;17,0;17,0;17,0;14,0;10,0;5,0;8,0;13,666666666666666;12,857142857142858;6,202917900165132;5,0;24,0;3,0;0,53;20,45;0,6793877916666666;5,61667;0;42,0;31,0;37,0;42,0;31,0;37,0
2024-06-26;42,0;1,84;165,464;37,84;127,622;2,0;6,8402775;1,2;15,0917;80,6146;0,3045871291666667;0,935247;6;178;2;1,2246467991473532e-16;-1,0;0,07947729992362097;-0,9968366760893436;17,0;31,0;42,0;42,0;0;42,0;42,0;42,0;17,0;14,0;10,0;11,0;24,333333333333332;17,285714285714285;12,512850537404645;5,0;42,0;25,0;0,68;22,33;0,4704072666666667;3,45;0;31,0;37,0;72,0;31,0;37,0;72,0
2024-06-27;31,0;1,33;123,027;35,9;87,1259;2,0;10,027784166666668;3,78333;18,6583;69,16320833333333;0,6085241333333333;1,6221;6;179;3;1,2246467991473532e-16;-1,0;0,062318379354325076;-0,998056320853012;42,0;37,0;31,0;31,0;0;31,0;31,0;31,0;42,0;17,0;14,0;24,0;30,0;18,285714285714285;13,387983240133464;5,0;42,0;-11,0;1,84;37,84;0,3045871291666667;1,2;0;37,0;72,0;57,0;37,0;72,0;57,0
2024-06-28;37,0;1,34;115,003;33,07;81,9341;3,0;9,007990833333333;4,75;16,25;81,84029583333334;0,3506202958333333;0,94074;6;180;4;1,2246467991473532e-16;-1,0;0,04514101777397193;-0,9989806246941579;31,0;72,0;37,0;37,0;0;37,0;37,0;37,0;31,0;42,0;17,0;9,0;36,666666666666664;22,285714285714285;14,302846869467226;5,0;42,0;6,0;1,33;35,9;0,6085241333333333;3,78333;0;72,0;57,0;37,0;72,0;57,0;37,0
2024-06-29;72,0;2,5;161,954;40,11;121,845;3,0;8,9229125;4,0;17,1417;84,27434166666667;0,3912799166666666;1,06486;6;181;5;1,2246467991473532e-16;-1,0;0,02795029824021032;-0,999609314096404;37,0;57,0;72,0;72,0;0;72,0;72,0;72,0;37,0;31,0;42,0;5,0;46,666666666666664;31,857142857142858;21,443169630666194;10,0;72,0;35,0;1,34;33,07;0,3506202958333333;4,75;1;57,0;37,0;33,0;57,0;37,0;33,0
2024-06-30;57,0;2,23;130,824;35,78;95,0385;8,0;11,331600833333331;4,41667;21,0167;71,74654166666666;0,4327385291666667;0,799043;6;182;6;1,2246467991473532e-16;-1,0;0,01075130776352193;-0,9999422030204416;72,0;37,0;57,0;57,0;0;57,0;57,0;57,0;72,0;37,0;31,0;10,0;55,333333333333336;38,57142857142857;20,807507802530868;14,0;72,0;-15,0;2,5;40,11;0,3912799166666666;4,0;1;37,0;33,0;34,0;37,0;33,0;34,0
2024-07-01;37,0;1,67;162,873;42,67;120,204;4,0;11,739930833333334;3,96667;22,2583;65,03126666666667;0,4545914041666666;0,719014;7;183;0;-0,4999999999999997;-0,8660254037844388;-0,00645086419810515;-0,9999791929590823;57,0;33,0;37,0;37,0;0;37,0;37,0;37,0;57,0;72,0;37,0;14,0;55,333333333333336;41,857142857142854;17,892536352984155;17,0;72,0;-20,0;2,23;35,78;0,4327385291666667;4,41667;0;33,0;34,0;28,0;33,0;34,0;28,0
2024-07-02;33,0;1,37;146,02;42,19;103,828;5,0;11,4350675;5,00833;20,05;64,83680833333334;0,5658874708333334;1,5672;7;184;1;-0,4999999999999997;-0,8660254037844388;-0,023651127245231586;-0,9997202729664083;37,0;34,0;33,0;33,0;0;33,0;33,0;33,0;37,0;57,0;72,0;17,0;42,333333333333336;44,142857142857146;14,971401308590316;31,0;72,0;-4,0;1,67;42,67;0,4545914041666666;3,96667;0;34,0;28,0;57,0;34,0;28,0;57,0
2024-07-03;34,0;1,25;129,648;41,32;88,3245;4,0;10,986147083333334;6,06667;18,55;69,6388875;0,4740497374999999;1,24488;7;185;2;-0,4999999999999997;-0,8660254037844388;-0,04084439154329611;-0,9991655196610109;33,0;28,0;34,0;34,0;0;34,0;34,0;34,0;33,0;37,0;57,0;42,0;34,666666666666664;43,0;15,459624833740387;31,0;72,0;1,0;1,37;42,19;0,5658874708333334;5,00833;0;28,0;57,0;56,0;28,0;57,0;56,0
2024-07-04;28,0;0,77;68,64;29,82;38,822;3,0;7,196150416666666;3,29167;13,5833;74,73959166666667;0,5517779375;1,41232;7;186;3;-0,4999999999999997;-0,8660254037844388;-0,05802556932878035;-0,9983150972033183;34,0;57,0;28,0;28,0;0;28,0;28,0;28,0;34,0;33,0;37,0;31,0;31,666666666666668;42,57142857142857;15,88350447117124;28,0;72,0;-6,0;1,25;41,32;0,4740497374999999;6,06667;0;57,0;56,0;61,0;57,0;56,0;61,0
2024-07-05;57,0;1,55;172,019;47,85;124,168;3,0;7,522565;0,566667;17,2417;69,5726125;0,31041825;0,804165;7;187;4;-0,4999999999999997;-0,8660254037844388;-0,07518957641475855;-0,9971692572470178;28,0;56,0;57,0;57,0;0;57,0;57,0;57,0;28,0;34,0;33,0;37,0;39,666666666666664;45,42857142857143;16,501082215591712;28,0;72,0;29,0;0,77;29,82;0,5517779375;3,29167;0;56,0;61,0;59,0;56,0;61,0;59,0
2024-07-06;56,0;1,7;142,659;39,17;103,492;7,0;7,057294583333333;1,575;14,8417;71,24275833333333;0,6086300666666666;1,56777;7;188;5;-0,4999999999999997;-0,8660254037844388;-0,09233133369539122;-0,9957283388645872;57,0;61,0;56,0;56,0;0;56,0;56,0;56,0;57,0;28,0;34,0;72,0;47,0;43,142857142857146;12,928374110570118;28,0;57,0;-1,0;1,55;47,85;0,31041825;0,566667;1;61,0;59,0;43,0;61,0;59,0;43,0
2024-07-07;61,0;1,49;92,5699;34,02;58,5466;9,0;6,33228975;0,191667;15,1083;72,934025;0,3140343124999999;0,984211;7;189;6;-0,4999999999999997;-0,8660254037844388;-0,10944576864891556;-0,993992768446958;56,0;59,0;61,0;61,0;0;61,0;61,0;61,0;56,0;57,0;28,0;57,0;58,0;43,714285714285715;13,707835784862777;28,0;61,0;5,0;1,7;39,17;0,6086300666666666;1,575;1;59,0;43,0;28,0;59,0;43,0;28,0
2024-07-08;59,0;1,67;163,071;45,66;117,413;5,0;7,028126374999999;0,65;16,6;71,54545833333333;0,3023615416666667;0,786292;7;190;0;-0,4999999999999997;-0,8660254037844388;-0,12652781683868314;-0,9919630595773397;61,0;43,0;59,0;59,0;0;59,0;59,0;59,0;61,0;56,0;57,0;37,0;58,666666666666664;46,857142857142854;14,415600015591675;28,0;61,0;-2,0;1,49;34,02;0,3140343124999999;0,191667;0;43,0;28,0;56,0;43,0;28,0;56,0
2024-07-09;43,0;1,3;129,43;35,94;93,4879;6,0;5,505430130434783;0,608333;12,2833;79,17031304347826;0,8216038130434783;2,19769;7;191;1;-0,4999999999999997;-0,8660254037844388;-0,1435724234118113;-0,9896398128792412;59,0;28,0;43,0;43,0;0;43,0;43,0;43,0;59,0;61,0;56,0;33,0;54,333333333333336;48,285714285714285;13,262909254939695;28,0;61,0;-16,0;1,67;45,66;0,3023615416666667;0,65;0;28,0;56,0;50,0;28,0;56,0;50,0
2024-07-10;28,0;0,64;47,4699;24,3;23,173;7,0;5,763539166666667;2,46667;10,2583;77,02087083333333;0,5201041083333333;1,21796;7;192;2;-0,4999999999999997;-0,8660254037844388;-0,16057454459499376;-0,9870237158387383;43,0;56,0;28,0;28,0;0;28,0;28,0;28,0;43,0;59,0;61,0;34,0;43,333333333333336;47,42857142857143;14,478226673838568;28,0;61,0;-15,0;1,3;35,94;0,8216038130434783;0,608333;0;56,0;50,0;81,0;56,0;50,0;81,0
2024-07-11;56,0;1,4;105,191;29,82;75,376;4,0;5,4857615;0,325;13,025;78,45139999999999;0,3873361708333333;0,951563;7;193;3;-0,4999999999999997;-0,8660254037844388;-0,17752914918703497;-0,984115542601034;28,0;50,0;56,0;56,0;0;56,0;56,0;56,0;28,0;43,0;59,0;28,0;42,333333333333336;51,42857142857143;11,844227044671076;28,0;61,0;28,0;0,64;24,3;0,5201041083333333;2,46667;0;50,0;81,0;77,0;50,0;81,0;77,0
2024-07-12;50,0;1,42;119,248;35,11;84,1403;5,0;7,673488318181818;0,675;16,4917;69,2673625;0,6527050416666667;1,824;7;194;4;-0,4999999999999997;-0,8660254037844388;-0,19443122004766195;-0,9809161537413774;56,0;81,0;50,0;50,0;0;50,0;50,0;50,0;56,0;28,0;43,0;57,0;44,666666666666664;50,42857142857143;11,588171308956284;28,0;61,0;-6,0;1,4;29,82;0,3873361708333333;0,325;0;81,0;77,0;67,0;81,0;77,0;67,0
2024-07-13;81,0;2,17;142,527;42,25;100,277;6,0;7,770003954545455;0,491667;17,24;74,09375416666667;0,4188857166666667;1,02939;7;195;5;-0,4999999999999997;-0,8660254037844388;-0,2112757555821793;-0,9774264960104055;50,0;77,0;81,0;81,0;0;81,0;81,0;81,0;50,0;56,0;28,0;56,0;62,333333333333336;54,0;16,431676725155096;28,0;81,0;31,0;1,42;35,11;0,6527050416666667;0,675;1;77,0;67,0;62,0;77,0;67,0;62,0
2024-07-14;77,0;1,87;100,787;34,9;65,8907;11,0;7,762500125;0,658333;17,75;65,69445;0,5055700458333333;1,29804;7;196;6;-0,4999999999999997;-0,8660254037844388;-0,2280577712215198;-0,9736476020539838;81,0;67,0;77,0;77,0;0;77,0;77,0;77,0;81,0;50,0;56,0;61,0;69,33333333333333;56,285714285714285;18,54466936628329;28,0;81,0;-4,0;2,17;42,25;0,4188857166666667;0,491667;1;67,0;62,0;43,0;67,0;62,0;43,0
2024-07-15;67,0;1,71;135,717;40,17;95,5507;5,0;8,113886666666668;1,36667;18,475;64,965275;0,47345225;1,16355;7;197;0;-0,4999999999999997;-0,8660254037844388;-0,24477230089725957;-0,9695805901076308;77,0;62,0;67,0;67,0;0;67,0;67,0;67,0;77,0;81,0;50,0;59,0;75,0;57,42857142857143;18,981193700231774;28,0;81,0;-10,0;1,87;34,9;0,5055700458333333;0,658333;0;62,0;43,0;42,0;62,0;43,0;42,0
2024-07-16;62,0;1,79;116,049;38,98;77,069;9,0;11,837854583333334;5,225;20,8917;56,750025;0,7303512375;1,70285;7;198;1;-0,4999999999999997;-0,8660254037844388;-0,2614143985111562;-0,965226663665613;67,0;43,0;62,0;62,0;0;62,0;62,0;62,0;67,0;77,0;81,0;43,0;68,66666666666667;60,142857142857146;17,90184880050647;28,0;81,0;-5,0;1,71;40,17;0,47345225;1,36667;0;43,0;42,0;39,0;43,0;42,0;39,0
2024-07-17;43,0;1,25;90,9471;34,07;56,8804;6,0;11,798615833333336;4,08334;20,3083;56,43408333333334;0,6454850833333333;1,33167;7;199;2;-0,4999999999999997;-0,8660254037844388;-0,2779791393987801;-0,9605871111248129;62,0;42,0;43,0;43,0;0;43,0;43,0;43,0;62,0;67,0;77,0;28,0;57,333333333333336;62,285714285714285;13,852969425533525;43,0;81,0;-19,0;1,79;38,98;0,7303512375;5,225;0;42,0;39,0;53,0;42,0;39,0;53,0
2024-07-18;42,0;1,0;72,8013;27,43;45,3689;2,0;10,657634166666666;8,125;13,9333;68,43750833333333;0,6112433958333333;1,40642;7;200;3;-0,4999999999999997;-0,8660254037844388;-0,2944616217868012;-0,9556633054034704;43,0;39,0;42,0;42,0;0;42,0;42,0;42,0;43,0;62,0;67,0;56,0;49,0;60,285714285714285;15,787276371752657;42,0;81,0;-1,0;1,25;34,07;0,6454850833333333;4,08334;0;39,0;53,0;34,0;39,0;53,0;34,0
2024-07-19;39,0;0,91;55,4517;23,26;32,1929;5,0;10,10417;6,43333;16,825;79,940975;0,4472389166666666;1,49061;7;201;4;-0,4999999999999997;-0,8660254037844388;-0,3108569682435036;-0,9504567035349151;42,0;53,0;39,0;39,0;0;39,0;39,0;39,0;42,0;43,0;62,0;50,0;41,333333333333336;58,714285714285715;17,44242228700187;39,0;81,0;-3,0;1,0;27,43;0,6112433958333333;8,125;0;53,0;34,0;39,0;53,0;34,0;39,0
2024-07-20;53,0;1,43;78,4425;22,33;56,1131;9,0;8,077430416666667;3,50001;13,275;87,71183333333333;0,8529037641666667;2,20871;7;202;5;-0,4999999999999997;-0,8660254037844388;-0,3271603271220951;-0,9449688462364056;39,0;34,0;53,0;53,0;0;53,0;53,0;53,0;39,0;42,0;43,0;81,0;44,666666666666664;54,714285714285715;14,430457208214131;39,0;77,0;14,0;0,91;23,26;0,4472389166666666;6,43333;1;34,0;39,0;29,0;34,0;39,0;29,0
2024-07-21;34,0;0,9;33,4923;14,64;18,8503;11,0;10,267367083333331;6,74167;15,7167;77,19449583333333;0,6963976333333334;1,64136;7;203;6;-0,4999999999999997;-0,8660254037844388;-0,34336687399638804;-0,939201357453208;53,0;39,0;34,0;34,0;0;34,0;34,0;34,0;53,0;39,0;42,0;77,0;42,0;48,57142857142857;12,367391841143554;34,0;67,0;-19,0;1,43;22,33;0,8529037641666667;3,50001;1;39,0;29,0;41,0;39,0;29,0;41,0
2024-07-22;39,0;1,33;94,5051;29,84;64,6641;5,0;10,288201666666668;2,475;20,3667;70,35069583333333;0,3745273916666666;0,808276;7;204;0;-0,4999999999999997;-0,8660254037844388;-0,3594718130884232;-0,9331559438780432;34,0;29,0;39,0;39,0;0;39,0;39,0;39,0;34,0;53,0;39,0;67,0;42,0;44,57142857142857;9,64118151226206;34,0;62,0;5,0;0,9;14,64;0,6963976333333334;6,74167;0;29,0;41,0;36,0;29,0;41,0;36,0
2024-07-23;29,0;0,99;64,0166;20,41;43,6084;4,0;7,822570833333334;3,975;11,1167;86,25001250000001;0,7361954166666668;2,23568;7;205;1;-0,4999999999999997;-0,8660254037844388;-0,3754703786876202;-0,9268343944460494;39,0;41,0;29,0;29,0;0;29,0;29,0;29,0;39,0;34,0;53,0;62,0;34,0;39,857142857142854;7,5372092852411905;29,0;53,0;-10,0;1,33;29,84;0,3745273916666666;2,475;0;41,0;36,0;48,0;41,0;36,0;48,0
2024-07-24;41,0;1,55;138,717;32,87;105,848;4,0;10,000345833333332;3,66667;19,5417;73,31319583333332;0,3963282458333333;1,01889;7;206;2;-0,4999999999999997;-0,8660254037844388;-0,3913578365610259;-0,9202385798054075;29,0;36,0;41,0;41,0;0;41,0;41,0;41,0;29,0;39,0;34,0;43,0;36,333333333333336;39,57142857142857;7,435436388384778;29,0;53,0;12,0;0,99;20,41;0,7361954166666668;3,975;0;36,0;48,0;38,0;36,0;48,0;38,0
2024-07-25;36,0;1,17;110,76;35,2;75,558;4,0;10,535073333333331;4,00833;18,3667;66,51389583333334;0,6884939999999999;2,07987;7;207;3;-0,4999999999999997;-0,8660254037844388;-0,4071294853542516;-0,9133704517637858;41,0;48,0;36,0;36,0;0;36,0;36,0;36,0;41,0;29,0;39,0;42,0;35,333333333333336;38,714285714285715;7,454624643228568;29,0;53,0;-5,0;1,55;32,87;0,3963282458333333;3,66667;0;48,0;38,0;58,0;48,0;38,0;58,0
2024-07-26;48,0;1,2;101,719;33,71;68,0071;3,0;8,700701666666667;3,13333;14,7417;76,83337916666666;0,5277729958333334;1,2054;7;208;4;-0,4999999999999997;-0,8660254037844388;-0,4227806579826773;-0,9062320427107697;36,0;38,0;48,0;48,0;0;48,0;48,0;48,0;36,0;41,0;29,0;39,0;41,666666666666664;40,0;8,246211251235456;29,0;53,0;12,0;1,17;35,2;0,6884939999999999;4,00833;0;38,0;58,0;52,0;38,0;58,0;52,0
2024-07-27;38,0;0,82;50,113;21,9;28,2085;9,0;8,692712916666666;2,825;17,5667;69,65289583333333;0,612941025;1,68845;7;209;5;-0,4999999999999997;-0,8660254037844388;-0,4383067230125192;-0,898825465016444;48,0;58,0;38,0;38,0;0;38,0;38,0;38,0;48,0;36,0;41,0;53,0;40,666666666666664;37,857142857142854;5,928141120356289;29,0;48,0;-10,0;1,2;33,71;0,5277729958333334;3,13333;1;58,0;52,0;50,0;58,0;52,0;50,0
2024-07-28;58,0;1,56;79,887;28,15;51,7328;13,0;10,80733125;2,45;19,0918;59,5522375;0,4749152625;1,01448;7;210;6;-0,4999999999999997;-0,8660254037844388;-0,45370308603134424;-0,8911529104063088;38,0;52,0;58,0;58,0;0;58,0;58,0;58,0;38,0;48,0;36,0;34,0;48,0;41,285714285714285;9,304376850248005;29,0;58,0;20,0;0,82;21,9;0,612941025;2,825;1;52,0;50,0;48,0;52,0;50,0;48,0
2024-07-29;52,0;1,59;151,338;50,49;100,843;5,0;12,560415416666666;3,34167;24,9833;57,48237916666667;0,4483199208333333;1,03096;7;211;0;-0,4999999999999997;-0,8660254037844388;-0,46896519100763184;-0,8832166493127127;58,0;50,0;52,0;52,0;0;52,0;52,0;52,0;58,0;38,0;48,0;39,0;49,333333333333336;43,142857142857146;10,040394604273601;29,0;58,0;-6,0;1,56;28,15;0,4749152625;2,45;0;50,0;48,0;22,0;50,0;48,0;22,0
2024-07-30;50,0;1,47;184,263;52,74;131,523;1,0;12,143758333333333;10,1833;15,95;61,82646666666667;0,4928320416666666;1,13453;7;212;1;-0,4999999999999997;-0,8660254037844388;-0,48408852163897587;-0,8750190302029955;52,0;48,0;50,0;50,0;0;50,0;50,0;50,0;52,0;58,0;38,0;29,0;53,333333333333336;46,142857142857146;8,050436249640564;36,0;58,0;-2,0;1,59;50,49;0,4483199208333333;3,34167;0;48,0;22,0;18,121972687578147;48,0;22,0;
2024-07-31;48,0;1,07;116,76;38,96;77,8011;1,0;10,755562916666667;9,28334;12,6417;75,1841375;0,7241143333333334;1,49095;7;213;2;-0,4999999999999997;-0,8660254037844388;-0,4990686026885319;-0,8665624788845385;50,0;22,0;48,0;48,0;0;48,0;48,0;48,0;50,0;52,0;58,0;41,0;50,0;47,142857142857146;7,733661733585647;36,0;58,0;-2,0;1,47;52,74;0,4928320416666666;10,1833;0;22,0;18,121972687578147;13,0;22,0;;13,0
2024-08-01;22,0;0,84;80,9554;27,72;53,2351;2,0;9,58960125;8,03334;10,7833;83,3091625;0,5784450166666667;1,73881;8;214;3;-0,8660254037844385;-0,5000000000000004;-0,5139010013093103;-0,8578494977869301;48,0;;22,0;22,0;0;22,0;22,0;22,0;48,0;50,0;52,0;36,0;40,0;45,142857142857146;11,824107738409976;22,0;58,0;-26,0;1,07;38,96;0,7241143333333334;9,28334;0;18,121972687578147;13,0;32,0;;13,0;32,0
2024-08-02;18,121972687578147;0,7463726994673345;54,26725384578099;22,445868612305766;31,821444310610087;11,645161042085654;9,002778333333334;7,09167;14,4;83,90290833333334;2,1124965;5,9026;8;215;4;-0,8660254037844385;-0,5000000000000004;-0,5285813283559292;-0,8488826652214553;22,0;13,0;;18,121972687578147;1;;18,121972687578147;18,121972687578147;22,0;48,0;50,0;48,0;29,373990895859382;40,87456752679687;15,45581875632711;18,121972687578147;58,0;-3,878027312421853;0,84;27,72;0,5784450166666667;8,03334;0;13,0;32,0;15,0;13,0;32,0;15,0
2024-08-03;13,0;0,84;67,6241;26,22;41,4061;8,0;9,293413333333334;4,96667;16,0917;80,62511666666667;0,5222948625;1,23832;8;216;5;-0,8660254037844385;-0,5000000000000004;-0,5431052396834317;-0,8396646346181327;;32,0;13,0;13,0;0;13,0;13,0;13,0;18,121972687578147;22,0;48,0;38,0;17,707324229192718;37,303138955368304;18,76493477484323;13,0;58,0;-5,121972687578147;0,7463726994673345;22,445868612305766;2,1124965;7,09167;1;32,0;15,0;6,0;32,0;15,0;6,0
2024-08-04;32,0;1,33;93,3315;27,86;65,4746;5,0;10,4684075;6,93333;16,2417;76,87485833333334;0,4091877333333333;1,14871;8;217;6;-0,8660254037844385;-0,5000000000000004;-0,5574684374327892;-0,8301981337405212;13,0;15,0;32,0;32,0;0;32,0;32,0;32,0;13,0;18,121972687578147;22,0;58,0;21,04065756252605;33,58885324108259;16,411014897178283;13,0;52,0;19,0;0,84;26,22;0,5222948625;4,96667;1;15,0;6,0;17,0;15,0;6,0;17,0
2024-08-05;15,0;0,8;73,0544;29,54;43,5094;2,0;8,315697083333333;6,44167;10,1083;84,784825;0,6646918333333333;2,29499;8;218;0;-0,8660254037844385;-0,5000000000000004;-0,5716666713027052;-0,8204859638785327;32,0;6,0;15,0;15,0;0;15,0;15,0;15,0;32,0;13,0;18,121972687578147;52,0;20,0;28,303138955368304;15,421479452380288;13,0;50,0;-17,0;1,33;27,86;0,4091877333333333;6,93333;0;6,0;17,0;36,0;6,0;17,0;36,0
2024-08-06;6,0;0,45;31,7168;21,64;10,0742;10,0;7,85242625;4,725;11,8333;80,69446666666667;0,83611675;1,52764;8;219;1;-0,8660254037844385;-0,5000000000000004;-0,5856957398073508;-0,8105309990194823;15,0;17,0;6,0;6,0;0;6,0;6,0;6,0;15,0;32,0;13,0;50,0;17,666666666666668;22,01742466965402;14,006171083383817;6,0;48,0;-9,0;0,8;29,54;0,6646918333333333;6,44167;0;17,0;36,0;35,0;17,0;36,0;35,0
2024-08-07;17,0;0,55;54,3599;27,08;27,2814;4,0;6,566319166666666;2,45833;11,0083;80,84656666666667;0,3965156916666666;1,0928;8;220;2;-0,8660254037844385;-0,5000000000000004;-0,5995514915196489;-0,8003361849976323;6,0;36,0;17,0;17,0;0;17,0;17,0;17,0;6,0;15,0;32,0;48,0;12,666666666666666;17,588853241082592;8,060516792105968;6,0;32,0;11,0;0,45;21,64;0,83611675;4,725;0;36,0;35,0;35,0;36,0;35,0;35,0
2024-08-08;36,0;1,26;124,47;37,96;86,5142;5,0;7,119786666666666;0,575;15,4;76,10419166666667;0,3534832958333333;0,69701;8;221;3;-0,8660254037844385;-0,5000000000000004;-0,6132298262997502;-0,7899045386224707;17,0;35,0;36,0;36,0;0;36,0;36,0;36,0;17,0;6,0;15,0;22,0;19,666666666666668;19,588853241082592;10,656325938025597;6,0;36,0;19,0;0,55;27,08;0,3965156916666666;2,45833;0;35,0;35,0;41,0;35,0;35,0;41,0
2024-08-09;35,0;1,26;135,952;43,88;92,0743;5,0;10,087495541666668;0,983333;19,7833;61,98610416666667;0,5127650166666667;1,17255;8;222;4;-0,8660254037844385;-0,5000000000000004;-0,6267266965083301;-0,7792391467859886;36,0;35,0;35,0;35,0;0;35,0;35,0;35,0;36,0;17,0;6,0;18,121972687578147;29,333333333333332;22,0;12,083045973594574;6,0;36,0;-1,0;1,26;37,96;0,3534832958333333;0,575;0;35,0;41,0;36,0;35,0;41,0;36,0
2024-08-10;35,0;1,11;107,186;39,02;68,1656;8,0;11,836808333333332;5,15;20,7417;57,43055833333333;0,6541307583333333;1,632;8;223;5;-0,8660254037844385;-0,5000000000000004;-0,6400381082043503;-0,7683431655492202;35,0;41,0;35,0;35,0;0;35,0;35,0;35,0;35,0;36,0;17,0;13,0;35,333333333333336;25,142857142857142;12,212405870378596;6,0;36,0;0,0;1,26;43,88;0,5127650166666667;0,983333;1;41,0;36,0;32,0;41,0;36,0;32,0
2024-08-11;41,0;1,54;97,2324;31,38;65,8521;14,0;12,420141666666666;4,99167;22,0667;62,57986666666667;0,4687992083333333;1,23255;8;224;6;-0,8660254037844385;-0,5000000000000004;-0,65316012232693;-0,7572198192083127;35,0;36,0;41,0;41,0;0;41,0;41,0;41,0;35,0;35,0;36,0;32,0;37,0;26,428571428571427;13,464238347775744;6,0;41,0;6,0;1,11;39,02;0,6541307583333333;5,15;1;36,0;32,0;38,0;36,0;32,0;38,0
2024-08-12;36,0;1,23;115,851;41,81;74,0428;9,0;14,637873333333332;6,58333;25,3917;64,16319166666666;0,5481166666666667;1,3449;8;225;0;-0,8660254037844385;-0,5000000000000004;-0,666088855860977;-0,7458723993404063;41,0;32,0;36,0;36,0;0;36,0;36,0;36,0;41,0;35,0;35,0;15,0;37,333333333333336;29,428571428571427;12,817398889233155;6,0;41,0;-5,0;1,54;31,38;0,4687992083333333;4,99167;0;32,0;38,0;35,513594490913235;32,0;38,0;
2024-08-13;32,0;1,13;99,97;34,72;65,2515;10,0;14,060477916666663;7,83333;22,325;71,984525;0,8629202291666666;2,18787;8;226;1;-0,8660254037844385;-0,5000000000000004;-0,6788204829862355;-0,734304263829602;36,0;38,0;32,0;32,0;0;32,0;32,0;32,0;36,0;41,0;35,0;6,0;36,333333333333336;33,142857142857146;7,6032574472738546;17,0;41,0;-4,0;1,23;41,81;0,5481166666666667;6,58333;0;38,0;35,513594490913235;30,49223577773279;38,0;;
2024-08-14;38,0;0,95;71,6595;28,86;42,7981;2,0;11,21974125;9,20833;14,3667;91,89062608695652;0,5516927708333333;1,30993;8;227;2;-0,8660254037844385;-0,5000000000000004;-0,6913512362094071;-0,722518835873311;32,0;;38,0;38,0;0;38,0;38,0;38,0;32,0;36,0;41,0;17,0;35,333333333333336;36,142857142857146;2,794552524023437;32,0;41,0;6,0;1,13;34,72;0,8629202291666666;7,83333;0;35,513594490913235;30,49223577773279;30,75807809851354;;;
2024-08-15;35,513594490913235;1,13;66,9403;23,17;43,775;7,0;10,208812083333331;6,45;14,825;90,85645833333332;0,547120575;1,49222;8;228;3;-0,8660254037844385;-0,5000000000000004;-0,7036774074790128;-0,7105196029692745;38,0;;;35,513594490913235;1;;35,513594490913235;35,513594490913235;38,0;32,0;36,0;36,0;35,17119816363775;36,07337064155904;2,8047254043245817;32,0;41,0;-2,486405509086765;0,95;28,86;0,5516927708333333;9,20833;0;30,49223577773279;30,75807809851354;29,060964179473583;;;
2024-08-16;30,49223577773279;1,02;49,968;24,37;25,5962;4,816402374799202;10,28322125;8,27274;12,6091;83,570425;0,6274853333333333;1,49413;8;229;4;-0,8660254037844385;-0,5000000000000004;-0,7157953492826642;-0,6983101158835584;;;;30,49223577773279;1;;30,49223577773279;30,49223577773279;35,513594490913235;38,0;32,0;35,0;34,66861008954867;35,42940432409229;3,518830323412781;30,49223577773279;41,0;-5,021358713180444;1,13;23,17;0,547120575;6,45;0;30,75807809851354;29,060964179473583;27,0;;;27,0
2024-08-17;30,75807809851354;0,7700750442559685;54,02311224708349;22,201246694769523;31,82144768108445;9,969849070213021;11,510352777777776;6,62727;16,0667;70,1314888888889;0,6435703333333334;1,47795;8;230;5;-0,8660254037844385;-0,5000000000000004;-0,7277014757264236;-0,6858939875998223;;;;30,75807809851354;1;;30,75807809851354;30,75807809851354;30,49223577773279;35,513594490913235;38,0;35,0;32,25463612238652;34,82341548102279;3,9446027336216645;30,49223577773279;41,0;0,26584232078074876;1,02;24,37;0,6274853333333333;8,27274;1;29,060964179473583;27,0;22,293332694028116;;27,0;
2024-08-18;29,060964179473583;0,7457923628235283;53,78636888881899;21,964570417639756;31,82144482071331;6,105578060155235;9,452253529411765;7,15;11,675;73,99610588235294;0,668731705882353;1,53917;8;231;6;-0,8660254037844385;-0,5000000000000004;-0,7393922635959241;-0,673274892250183;;27,0;;29,060964179473583;1;;29,060964179473583;29,060964179473583;30,75807809851354;30,49223577773279;35,513594490913235;41,0;30,103759351906636;33,11783893523331;3,3677899173493264;29,060964179473583;38,0;-1,697113919039957;0,7700750442559685;22,201246694769523;0,6435703333333334;6,62727;1;27,0;22,293332694028116;18,0;27,0;;18,0
2024-08-19;27,0;0,7952176023744368;54,18469413020412;22,362859448057375;31,821448906213085;6,0;8,286148095238095;5,63334;11,2333;79,7017380952381;0,5289366442857142;1,13026;8;232;0;-0,8660254037844385;-0,5000000000000004;-0,7508642533989489;-0,6604565640279754;;;27,0;27,0;0;27,0;27,0;27,0;29,060964179473583;30,75807809851354;30,49223577773279;36,0;28,93968075932904;31,83212464951902;3,777162202570617;27,0;38,0;-2,060964179473583;0,7457923628235283;21,964570417639756;0,668731705882353;7,15;0;22,293332694028116;18,0;21,367628240721874;;18,0;
2024-08-20;22,293332694028116;0,7506411886764206;53,948457475376145;22,12678954146808;31,821445871115188;6,073742220936893;7,492507619047619;5,2;11,1222;76,89588095238095;0,7228194476190476;1,77993;8;233;1;-0,8660254037844385;-0,5000000000000004;-0,7621140503891487;-0,6474427960827475;27,0;18,0;;22,293332694028116;1;;22,293332694028116;22,293332694028116;27,0;29,060964179473583;30,75807809851354;32,0;26,118098957833897;30,445457891523038;5,213798723577797;22,293332694028116;38,0;-4,706667305971884;0,7952176023744368;22,362859448057375;0,5289366442857142;5,63334;0;18,0;21,367628240721874;29,73086264266222;18,0;;
2024-08-21;18,0;0,6931295164771931;54,437394066809304;22,615088256369066;31,82144909665111;9,71361203948153;7,577534782608695;1,825;13,0417;72,2318956521739;0,7139547260869565;2,44188;8;234;2;-0,8660254037844385;-0,5000000000000004;-0,7731383255706026;-0,6342374393978054;;;18,0;18,0;0;18,0;18,0;18,0;22,293332694028116;27,0;29,060964179473583;38,0;22,43111089800937;27,58831503438018;5,827773178180939;18,0;35,513594490913235;-4,293332694028116;0,7506411886764206;22,12678954146808;0,7228194476190476;5,2;0;21,367628240721874;29,73086264266222;29,99001611735127;;;
2024-08-22;21,367628240721874;0,6500632270843294;54,01326165303857;22,190453260058348;31,82145418428718;9,54506730813891;8,785350555555556;2,31818;12,65;66,88006666666666;0,7027477;1,67561;8;235;3;-0,8660254037844385;-0,5000000000000004;-0,7839338166829201;-0,620844401650647;18,0;;;21,367628240721874;1;;21,367628240721874;21,367628240721874;18,0;22,293332694028116;27,0;35,513594490913235;20,55365364491666;25,56746271292427;5,017928229237361;18,0;30,75807809851354;3,3676282407218743;0,6931295164771931;22,615088256369066;0,7139547260869565;1,825;0;29,73086264266222;29,99001611735127;30,2483450301313;;;
2024-08-23;29,73086264266222;0,6277573249168427;53,45746761164677;21,63522727674651;31,821452143474954;8,889427373762572;8,863825;5,43;11,8;66,78592;1,2941189;2,25735;8;236;4;-0,8660254037844385;-0,5000000000000004;-0,7944973291665992;-0,6072676460566135;;;;29,73086264266222;1;;29,73086264266222;29,73086264266222;21,367628240721874;18,0;22,293332694028116;30,49223577773279;23,032830294461363;25,458695122199906;4,900260516819448;18,0;30,75807809851354;8,363234401940346;0,6500632270843294;22,190453260058348;0,7027477;2,31818;0;29,99001611735127;30,2483450301313;27,904585498460886;;;
2024-08-24;29,99001611735127;0,791656860457564;54,26782442269092;22,44651072484633;31,821442561829457;15,870025059153939;15,89931800787842;9,702221798235836;23,030564563562255;62,74173342927145;0,9137155388948541;2,300122429818466;8;237;5;-0,8660254037844385;-0,5000000000000004;-0,8048257371083452;-0,593511190196115;;;;29,99001611735127;1;;29,99001611735127;29,99001611735127;29,73086264266222;21,367628240721874;18,0;30,75807809851354;27,029502333578453;25,34897198203387;4,768655552236204;18,0;29,99001611735127;0,25915347468905026;0,6277573249168427;21,63522727674651;1,2941189;5,43;1;30,2483450301313;27,904585498460886;21,419526829446653;;;
2024-08-25;30,2483450301313;0,791656860457564;54,26782442269092;22,44651072484633;31,821442561829457;15,870025059153939;15,89931800787842;9,702221798235836;23,030564563562255;62,74173342927145;0,9137155388948541;2,300122429818466;8;238;6;-0,8660254037844385;-0,5000000000000004;-0,8149159841660791;-0,5795791048257612;;;;30,2483450301313;1;;30,2483450301313;30,2483450301313;29,99001611735127;29,73086264266222;21,367628240721874;29,060964179473583;29,9897412633816;25,51859781784211;4,9407154403755795;18,0;30,2483450301313;0,2583289127800299;0,791656860457564;22,44651072484633;0,9137155388948541;9,702221798235836;1;27,904585498460886;21,419526829446653;19,0;;;19,0
2024-08-26;27,904585498460886;0,3275923633753799;45,962896726415046;14,140967975886932;31,82155192080017;33,588086763683584;33,163816620116265;41,14513801291749;28,422713028476025;46,9836691754122;12,5;12,5;8;239;0;-0,8660254037844385;-0,5000000000000004;-0,8247650844733614;-0,5654755126737576;;;;27,904585498460886;1;;27,904585498460886;27,904585498460886;30,2483450301313;29,99001611735127;29,73086264266222;27,0;29,380982215314486;25,64782431762224;4,997424382380029;18,0;30,2483450301313;-2,3437595316704147;0,791656860457564;22,44651072484633;0,9137155388948541;9,702221798235836;0;21,419526829446653;19,0;16,0;;19,0;16,0
2024-08-27;21,419526829446653;0,3275923633753799;45,962896726415046;14,140967975886932;31,82155192080017;33,588086763683584;33,163816620116265;41,14513801291749;28,422713028476025;46,9836691754122;12,5;12,5;8;240;1;-0,8660254037844385;-0,5000000000000004;-0,8343701235229538;-0,5512045872199277;;19,0;;21,419526829446653;1;;21,419526829446653;21,419526829446653;27,904585498460886;30,2483450301313;29,99001611735127;22,293332694028116;26,524152452679612;25,522994908396317;5,104937343257887;18,0;30,2483450301313;-6,485058669014233;0,3275923633753799;14,140967975886932;12,5;41,14513801291749;0;19,0;16,0;13,0;19,0;16,0;13,0
2024-08-28;19,0;0,827742776701422;46,8884;24,73;22,1604;8,0;13,49935053301796;8,737745412335686;19,299804207730816;71,84229598695381;0,7379725682568068;2,0021111892074996;8;241;2;-0,8660254037844385;-0,5000000000000004;-0,8437282590292712;-0,5367705514607103;;16,0;19,0;19,0;0;19,0;19,0;19,0;21,419526829446653;27,904585498460886;30,2483450301313;18,0;22,774704109302508;25,66585205125346;4,867810334429703;19,0;30,2483450301313;-2,419526829446653;0,3275923633753799;14,140967975886932;12,5;41,14513801291749;0;16,0;13,0;31,0;16,0;13,0;31,0
2024-08-29;16,0;0,6934693957386866;25,4578;20,84;4,61528;6,0;12,78051192746215;8,909272041918335;17,539103426002562;76,61855640850824;0,7616287634313869;2,0426549100734497;8;242;3;-0,8660254037844385;-0,5000000000000004;-0,8528367217694595;-0,522177676659508;19,0;13,0;16,0;16,0;0;16,0;16,0;16,0;19,0;21,419526829446653;27,904585498460886;21,367628240721874;18,806508943148884;24,89904801686462;5,958348676060872;16,0;30,2483450301313;-3,0;0,827742776701422;24,73;0,7379725682568068;8,737745412335686;0;13,0;31,0;29,0;13,0;31,0;29,0
2024-08-30;13,0;0,6025529134594243;34,4334;20,44;13,9893;14,0;11,40625125;7,76667;15,825;71,8229375;0,4756529499999999;1,20193;8;243;4;-0,8660254037844385;-0,5000000000000004;-0,8616928164028522;-0,5074302810827518;16,0;31,0;13,0;13,0;0;13,0;13,0;13,0;16,0;19,0;21,419526829446653;29,73086264266222;16,0;22,508924782198587;6,967347669240682;13,0;30,2483450301313;-3,0;0,6934693957386866;20,84;0,7616287634313869;8,909272041918335;0;31,0;29,0;9,0;31,0;29,0;9,0
2024-08-31;31,0;1,0070846012834709;79,4891;30,33;49,1596;13,14850363319662;12,324999166666666;3,45;21,925;64,55627916666667;0,3571303624999999;1,26602;8;244;5;-0,8660254037844385;-0,5000000000000004;-0,8702939222685674;-0,49253272872205434;13,0;29,0;31,0;31,0;0;31,0;31,0;31,0;13,0;16,0;19,0;29,99001611735127;20,0;22,653208194005547;7,155994085769957;13,0;31,0;18,0;0,6025529134594243;20,44;0,4756529499999999;7,76667;1;29,0;9,0;14,0;29,0;9,0;14,0
2024-09-01;29,0;0,7321637661696072;56,187;26,5;29,6847;19,77064491484812;15,7399175;5,73333;25,8083;53,378462500000005;0,8083058583333335;2,43757;9;245;6;-1,0;-1,8369701987210297e-16;-0,8786374941610001;-0,4774894280028391;31,0;9,0;29,0;29,0;0;29,0;29,0;29,0;31,0;13,0;16,0;30,2483450301313;24,333333333333332;22,474873189701075;6,947692029087664;13,0;31,0;-2,0;1,0070846012834709;30,33;0,3571303624999999;3,45;1;9,0;14,0;21,0;9,0;14,0;21,0
2024-09-02;9,0;0,4829988298645188;26,9786;19,14;7,83723;13,646393205186989;12,4840225;8,35001;16,2417;67,92015416666666;1,2673452083333332;3,23651;9;246;0;-1,0;-1,8369701987210297e-16;-0,886721063082993;-0,46230483047981086;29,0;14,0;9,0;9,0;0;9,0;9,0;9,0;29,0;31,0;13,0;27,904585498460886;23,0;19,774218118492378;8,069058332228092;9,0;31,0;-20,0;0,7321637661696072;26,5;0,8083058583333335;5,73333;0;14,0;21,0;25,0;14,0;21,0;25,0
2024-09-03;14,0;0,5449189362386655;30,6251;21,55;9,07654;12,428579354220442;11,86316375;8,03333;16,95;64,97570416666666;0,8686679166666668;1,81865;9;247;1;-1,0;-1,8369701987210297e-16;-0,8945422369764496;-0,4469834295196741;9,0;21,0;14,0;14,0;0;14,0;14,0;14,0;9,0;29,0;31,0;21,419526829446653;17,333333333333332;18,714285714285715;8,30088922373751;9,0;31,0;5,0;0,4829988298645188;19,14;1,2673452083333332;8,35001;0;21,0;25,0;19,0;21,0;25,0;19,0
2024-09-04;21,0;0,851002233462886;71,7842;31,37;40,4102;14,481083405283407;11,676039166666667;3,30833;21,7833;55,61805;0,4407541625;1,47339;9;248;2;-1,0;-1,8369701987210297e-16;-0,9020987014301837;-0,43152975897147144;14,0;25,0;21,0;21,0;0;21,0;21,0;21,0;14,0;9,0;29,0;19,0;14,666666666666666;19,0;8,34665601703259;9,0;31,0;7,0;0,5449189362386655;21,55;0,8686679166666668;8,03333;0;25,0;19,0;16,0;25,0;19,0;16,0
2024-09-05;25,0;0,69;88,6464;34,66;53,9834;18,0;14,985353333333334;5,975;25,05;49,177708333333335;0,7777479625;2,28974;9;249;3;-1,0;-1,8369701987210297e-16;-0,9093882203647925;-0,4159483918249421;21,0;19,0;25,0;25,0;0;25,0;25,0;25,0;21,0;14,0;9,0;16,0;20,0;20,285714285714285;8,499299691038967;9,0;31,0;4,0;0,851002233462886;31,37;0,4407541625;3,30833;0;19,0;16,0;24,0;19,0;16,0;24,0
2024-09-06;19,0;0,41;50,7946;25,61;25,1879;13,0;13,717361666666667;8,8;20,225;64,62500833333333;0,83173895;2,56125;9;250;4;-1,0;-1,8369701987210297e-16;-0,9164086366943458;-0,4002439388573056;25,0;16,0;19,0;19,0;0;19,0;19,0;19,0;25,0;21,0;14,0;13,0;21,666666666666668;21,142857142857142;7,9252459778560675;9,0;31,0;-6,0;0,69;34,66;0,7777479625;5,975;0;16,0;24,0;23,0;16,0;24,0;23,0
2024-09-07;16,0;0,26;25,415;17,43;7,98431;14,0;11,490965833333334;6,31667;17,5583;78,34375833333333;0,801755125;2,35369;9;251;5;-1,0;-1,8369701987210297e-16;-0,9231578729647039;-0,38442104726885545;19,0;24,0;16,0;16,0;0;16,0;16,0;16,0;19,0;25,0;21,0;31,0;20,0;19,0;6,75771164423774;9,0;29,0;-3,0;0,41;25,61;0,83173895;8,8;1;24,0;23,0;12,0;24,0;23,0;12,0
2024-09-08;24,0;0,39;28,9566;20,46;8,49181;22,0;13,566662916666669;7,4;21,1083;66,5101125;0,5346170416666667;1,07727;9;252;6;-1,0;-1,8369701987210297e-16;-0,9296339319682695;-0,3684843993077793;16,0;23,0;24,0;24,0;0;24,0;24,0;24,0;16,0;19,0;25,0;29,0;19,666666666666668;18,285714285714285;5,707138387268013;9,0;25,0;8,0;0,26;17,43;0,801755125;6,31667;1;23,0;12,0;13,0;23,0;12,0;13,0
2024-09-09;23,0;0,39;54,2275;27,83;26,4016;16,0;16,118405416666665;9,63333;23,8917;57,107641666666666;0,6722250041666666;1,89691;9;253;0;-1,0;-1,8369701987210297e-16;-0,9358348973349941;-0,35243871088460327;24,0;12,0;23,0;23,0;0;23,0;23,0;23,0;24,0;16,0;19,0;9,0;21,0;20,285714285714285;4,15187851918804;14,0;25,0;-1,0;0,39;20,46;0,5346170416666667;7,4;0;12,0;13,0;17,0;12,0;13,0;17,0
2024-09-10;12,0;0,3;38,68;17,97;20,708;16,0;13,560685416666669;8,61667;18,9583;65,3229125;1,1915117750000002;2,6002;9;254;1;-1,0;-1,8369701987210297e-16;-0,9417589340994617;-0,33628873017668287;23,0;13,0;12,0;12,0;0;12,0;12,0;12,0;23,0;24,0;16,0;14,0;19,666666666666668;20,0;4,6904157598234075;12,0;25,0;-11,0;0,39;27,83;0,6722250041666666;9,63333;0;13,0;17,0;16,0;13,0;17,0;16,0
2024-09-11;13,0;0,27;35,033;20,69;14,3472;17,0;13,943397916666669;6,71667;20,95;64,9826625;0,6776992083333333;1,91458;9;255;2;-1,0;-1,8369701987210297e-16;-0,9474042892438845;-0,32003923622313857;12,0;17,0;13,0;13,0;0;13,0;13,0;13,0;12,0;23,0;24,0;21,0;16,0;18,857142857142858;5,336308693862276;12,0;25,0;1,0;0,3;17,97;1,1915117750000002;8,61667;0;17,0;16,0;26,0;17,0;16,0;26,0
2024-09-12;17,0;0,27;36,7333;19,25;17,4865;18,0;12,3864575;8,16667;18,5;66,149325;1,1959093791666666;2,80354;9;256;3;-1,0;-1,8369701987210297e-16;-0,9527692922168511;-0,30369503751065885;13,0;16,0;17,0;17,0;0;17,0;17,0;17,0;13,0;12,0;23,0;25,0;14,0;17,714285714285715;4,6084807950228805;12,0;24,0;4,0;0,27;20,69;0,6776992083333333;6,71667;0;16,0;26,0;19,0;16,0;26,0;19,0
2024-09-13;16,0;0,36;38,5353;24,38;14,1532;18,0;12,779512083333335;6,33333;20,025;64,3611125;0,798010375;1,87629;9;257;4;-1,0;-1,8369701987210297e-16;-0,9578523554276669;-0,28726097055059635;17,0;26,0;16,0;16,0;0;16,0;16,0;16,0;17,0;13,0;12,0;19,0;15,333333333333334;17,285714285714285;4,6084807950228734;12,0;24,0;-1,0;0,27;19,25;1,1959093791666666;8,16667;0;26,0;19,0;20,0;26,0;19,0;20,0
2024-09-14;26,0;0,69;62,7102;27,49;35,2183;21,0;15,050004166666668;6,04167;24,5;56,64584583333333;0,6244806083333333;2,21307;9;258;5;-1,0;-1,8369701987210297e-16;-0,9626519747161487;-0,2707418984477642;16,0;19,0;26,0;26,0;0;26,0;26,0;26,0;16,0;17,0;13,0;16,0;19,666666666666668;18,714285714285715;5,589105048046141;12,0;26,0;10,0;0,36;24,38;0,798010375;6,33333;1;19,0;20,0;15,0;19,0;20,0;15,0
2024-09-15;19,0;0,7;59,9698;25,8;34,1673;18,0;15,910414583333331;7,13333;25,725;45,10765;0,5534103166666667;1,87996;9;259;6;-1,0;-1,8369701987210297e-16;-0,9671667297977312;-0,2541427094613622;26,0;20,0;19,0;19,0;0;19,0;19,0;19,0;26,0;16,0;17,0;24,0;20,333333333333332;18,0;5,099019513592737;12,0;26,0;-7,0;0,69;27,49;0,6244806083333333;6,04167;1;20,0;15,0;31,0;20,0;15,0;31,0
2024-09-16;20,0;0,62;83,2853;37,37;45,9136;12,0;16,795832083333334;8,125;27,575;43,79513333333333;0,5499289541666667;1,88763;9;260;0;-1,0;-1,8369701987210297e-16;-0,97139528468375;-0,23746831555846842;19,0;15,0;20,0;20,0;0;20,0;20,0;20,0;19,0;26,0;16,0;23,0;21,666666666666668;17,571428571428573;4,720774754816601;12,0;26,0;1,0;0,7;25,8;0,5534103166666667;7,13333;0;15,0;31,0;6,0;15,0;31,0;6,0
2024-09-17;15,0;0,3;28,4712;20,35;8,11835;22,0;14,865624583333334;7,65;21,1583;59,06944583333333;0,7904843375;2,41316;9;261;1;-1,0;-1,8369701987210297e-16;-0,9753363880767837;-0,2207236509605022;20,0;31,0;15,0;15,0;0;15,0;15,0;15,0;20,0;19,0;26,0;12,0;18,0;18,0;4,242640687119228;13,0;26,0;-5,0;0,62;37,37;0,5499289541666667;8,125;0;31,0;6,0;22,0;31,0;6,0;22,0
2024-09-18;31,0;0,79;61,8976;26,22;35,6764;15,0;13,51777;9,27499;20,9182;67,190975;0,9586068208333334;2,77125;9;262;2;-1,0;-1,8369701987210297e-16;-0,9789888737409319;-0,20391367068311472;15,0;6,0;31,0;31,0;0;31,0;31,0;31,0;15,0;20,0;19,0;13,0;22,0;20,571428571428573;5,855400437691186;15,0;31,0;16,0;0,3;20,35;0,7904843375;7,65;0;6,0;22,0;10,0;6,0;22,0;10,0
2024-09-19;6,0;0,19;22,2066;12,36;9,84573;17,0;12,278821666666667;6,95;18,9167;68,52082083333333;1,3464601166666668;2,94179;9;263;3;-1,0;-1,8369701987210297e-16;-0,9823516608469237;-0,18704334906991657;31,0;22,0;6,0;6,0;0;6,0;6,0;6,0;31,0;15,0;20,0;17,0;17,333333333333332;19,0;8,041558721209856;6,0;31,0;-25,0;0,79;26,22;0,9586068208333334;9,27499;0;22,0;10,0;10,0;22,0;10,0;10,0
2024-09-20;22,0;0,63;49,6893;24,17;25,5224;7,0;11,567703333333334;6,74167;17,2583;76,38197916666667;0,3522249375;1,55277;9;264;4;-1,0;-1,8369701987210297e-16;-0,9854237542919524;-0,17011767832049052;6,0;10,0;22,0;22,0;0;22,0;22,0;22,0;6,0;31,0;15,0;16,0;19,666666666666668;19,857142857142858;7,988086367179787;6,0;31,0;16,0;0,19;12,36;1,3464601166666668;6,95;0;10,0;10,0;7,0;10,0;10,0;7,0
2024-09-21;10,0;0,17;13,1638;10,28;2,88153;17,0;11,492019999999998;7,775;17,5917;78,717425;1,173264625;2,73995;9;265;5;-1,0;-1,8369701987210297e-16;-0,9882042449941422;-0,15314166701312007;22,0;10,0;10,0;10,0;0;10,0;10,0;10,0;22,0;6,0;31,0;26,0;12,666666666666666;17,571428571428573;8,22308017831804;6,0;31,0;-12,0;0,63;24,17;0,3522249375;6,74167;1;10,0;7,0;11,0;10,0;7,0;11,0
2024-09-22;10,0;0,31;28,4485;22,53;5,91477;8,0;10,5440925;8,64999;12,9583;75,93055;0,5607170416666667;1,65312;9;266;6;-1,0;-1,8369701987210297e-16;-0,9906923101615609;-0,13612033862266704;10,0;7,0;10,0;10,0;0;10,0;10,0;10,0;10,0;22,0;6,0;19,0;14,0;16,285714285714285;8,654753717163834;6,0;31,0;0,0;0,17;10,28;1,173264625;7,775;1;7,0;11,0;13,0;7,0;11,0;13,0
2024-09-23;7,0;0,31;28,3675;20,5;7,86501;10,0;12,067357083333334;8,825;15,7833;79,62499166666667;0,8946048166666666;2,32526;9;267;0;-1,0;-1,8369701987210297e-16;-0,9928872135356962;-0,11905873003404988;10,0;11,0;7,0;7,0;0;7,0;7,0;7,0;10,0;10,0;22,0;20,0;9,0;14,428571428571429;9,107819769427808;6,0;31,0;-3,0;0,31;22,53;0,5607170416666667;8,64999;0;11,0;13,0;20,0;11,0;13,0;20,0
2024-09-24;11,0;0,31;36,6256;18,24;18,3825;14,0;10,348999;5,21667;18,775;66,43108363636364;2,2503094141666664;10,6938;9;268;1;-1,0;-1,8369701987210297e-16;-0,994788305609327;-0,10196189005174576;7,0;13,0;11,0;11,0;0;11,0;11,0;11,0;7,0;10,0;10,0;15,0;9,333333333333334;13,857142857142858;9,191092996819771;6,0;31,0;4,0;0,31;20,5;0,8946048166666666;8,825;0;13,0;20,0;22,0;13,0;20,0;22,0
2024-09-25;13,0;0,33;37,2471;21,03;16,2145;16,0;12,101742083333331;5,10833;19,75;62,7257;0,7420451250000001;1,55344;9;269;2;-1,0;-1,8369701987210297e-16;-0,9963950238187231;-0,08483487790576538;11,0;20,0;13,0;13,0;0;13,0;13,0;13,0;11,0;7,0;10,0;31,0;10,333333333333334;11,285714285714286;5,282495802625929;6,0;22,0;2,0;0,31;18,24;2,2503094141666664;5,21667;0;20,0;22,0;16,0;20,0;22,0;16,0
2024-09-26;20,0;0,63;73,7924;32,19;41,5998;17,0;15,865277916666663;5,50833;27,5;47,82985833333333;0,5102795;2,05456;9;270;3;-1,0;-1,8369701987210297e-16;-0,9977068927101168;-0,06768276175455162;13,0;22,0;20,0;20,0;0;20,0;20,0;20,0;13,0;11,0;7,0;6,0;14,666666666666666;13,285714285714286;5,589105048046076;7,0;22,0;7,0;0,33;21,03;0,7420451250000001;5,10833;0;22,0;16,0;15,0;22,0;16,0;15,0
2024-09-27;22,0;0,58;73,7246;31,03;42,6903;20,0;16,439990833333333;8,175;23,3583;50,6979125;0,6969710833333332;1,77203;9;271;4;-1,0;-1,8369701987210297e-16;-0,9987235240803972;-0,050510617185222886;20,0;16,0;22,0;22,0;0;22,0;22,0;22,0;20,0;13,0;11,0;22,0;18,333333333333332;13,285714285714286;5,589105048046076;7,0;22,0;2,0;0,63;32,19;0,5102795;5,50833;0;16,0;15,0;9,0;16,0;15,0;9,0
2024-09-28;16,0;0,4;35,6907;23,84;11,855;25,0;18,234729166666668;11,9333;25,975;46,128479166666665;0,6429550333333333;2,35622;9;272;5;-1,0;-1,8369701987210297e-16;-0,9994446170919858;-0,033323525711631344;22,0;15,0;16,0;16,0;0;16,0;16,0;16,0;22,0;20,0;13,0;10,0;19,333333333333332;14,142857142857142;5,459809869356516;7,0;22,0;-6,0;0,58;31,03;0,6969710833333332;8,175;1;15,0;9,0;10,0;15,0;9,0;10,0
2024-09-29;15,0;0,46;29,2672;16,15;13,1177;17,0;13,414235833333334;9,5;18,4083;65,21875;1,0359126416666666;2,3713;9;273;6;-1,0;-1,8369701987210297e-16;-0,9998699583618592;-0,016126573270657762;16,0;9,0;15,0;15,0;0;15,0;15,0;15,0;16,0;22,0;20,0;10,0;17,666666666666668;14,857142857142858;5,145501965424711;7,0;22,0;-1,0;0,4;23,84;0,6429550333333333;11,9333;1;9,0;10,0;16,0;9,0;10,0;16,0
2024-09-30;9,0;0,18;18,6705;13,36;5,30656;18,0;12,174307916666663;8,89999;18,3083;71,53124583333333;1,0481094375;2,43958;9;274;0;-1,0;-1,8369701987210297e-16;-0,9999994220246925;0,001075151282798226;15,0;10,0;9,0;9,0;0;9,0;9,0;9,0;15,0;16,0;22,0;7,0;13,333333333333334;15,142857142857142;4,670066788550559;9,0;22,0;-6,0;0,46;16,15;1,0359126416666666;9,5;0;10,0;16,0;18,0;10,0;16,0;18,0
2024-10-01;10,0;0,2;25,7965;16,9;8,89531;15,0;12,702082916666669;7,78333;17,9667;68,37499583333333;0,8829404391666666;1,86437;10;275;1;-0,8660254037844386;0,5000000000000001;-0,999832969770105;0,018276557681691223;9,0;16,0;10,0;10,0;0;10,0;10,0;10,0;9,0;15,0;16,0;11,0;11,333333333333334;15,0;4,830458915396386;9,0;22,0;1,0;0,18;13,36;1,0481094375;8,89999;0;16,0;18,0;18,0;16,0;18,0;18,0
2024-10-02;16,0;0,28;39,3367;23,27;16,0671;16,0;13,509028333333331;6,65;21,775;55,38195833333333;0,5782023916666666;1,89786;10;276;2;-0,8660254037844386;0,5000000000000001;-0,9993706508539969;0,03547255575312556;10,0;18,0;16,0;16,0;0;16,0;16,0;16,0;10,0;9,0;15,0;13,0;11,666666666666666;15,428571428571429;4,7559486560566215;9,0;22,0;6,0;0,2;16,9;0,8829404391666666;7,78333;0;18,0;18,0;15,0;18,0;18,0;15,0
2024-10-03;18,0;0,49;58,9099;32,15;26,7646;21,0;17,260102083333333;8,05833;26,9667;45,4305625;0,6382515916666667;2,18022;10;277;3;-0,8660254037844386;0,5000000000000001;-0,9986126020839734;0,052658056924614005;16,0;18,0;18,0;18,0;0;18,0;18,0;18,0;16,0;10,0;9,0;20,0;14,666666666666666;15,142857142857142;4,488079449258477;9,0;22,0;2,0;0,28;23,27;0,5782023916666666;6,65;0;18,0;15,0;13,0;18,0;15,0;13,0
2024-10-04;18,0;0,58;64,9106;31,37;33,5399;18,0;18,184025;10,2;27,0167;43,68403333333333;0,8481805458333334;2,85919;10;278;4;-0,8660254037844386;0,5000000000000001;-0,9975590477788613;0,06982797572987089;18,0;15,0;18,0;18,0;0;18,0;18,0;18,0;18,0;16,0;10,0;22,0;17,333333333333332;14,571428571428571;3,6449573777636046;9,0;18,0;0,0;0,49;32,15;0,6382515916666667;8,05833;0;15,0;13,0;13,0;15,0;13,0;13,0
2024-10-05;15,0;0,36;35,0124;18,98;16,0281;27,0;18,832636666666662;9,39168;27,95;48,48611666666667;0,8262415458333333;1,98324;10;279;5;-0,8660254037844386;0,5000000000000001;-0,9962102997023297;0,0869772313136861;18,0;13,0;15,0;15,0;0;15,0;15,0;15,0;18,0;18,0;16,0;16,0;17,0;14,428571428571429;3,5989416433696144;9,0;18,0;-3,0;0,58;31,37;0,8481805458333334;10,2;1;13,0;13,0;5,0;13,0;13,0;5,0
2024-10-06;13,0;0,35;22,045;16,48;5,56438;15,0;18,215975;14,5833;21,9917;61,0764;0,9425154166666668;2,60185;10;280;6;-0,8660254037844386;0,5000000000000001;-0,9945667569706337;0,1041007489354256;15,0;13,0;13,0;13,0;0;13,0;13,0;13,0;15,0;18,0;18,0;15,0;15,333333333333334;14,142857142857142;3,625307868699724;9,0;18,0;-2,0;0,36;18,98;0,8262415458333333;9,39168;1;13,0;5,0;13,0;13,0;5,0;13,0
2024-10-07;13,0;0,26;24,6907;14,83;9,8578;17,0;16,777775000000002;11,6333;23,3333;73,0871375;1,1350272083333333;2,27988;10;281;0;-0,8660254037844386;0,5000000000000001;-0,9926289059345095;0,121193461470736;13,0;5,0;13,0;13,0;0;13,0;13,0;13,0;13,0;15,0;18,0;9,0;13,666666666666666;14,714285714285714;2,9277002188454397;10,0;18,0;0,0;0,35;16,48;0,9425154166666668;14,5833;0;5,0;13,0;15,0;5,0;13,0;15,0
2024-10-08;5,0;0,18;22,4667;14,05;8,4175;7,0;11,916316666666669;10,975;13,1917;91,72572083333334;0,7829343333333334;1,43589;10;282;1;-0,8660254037844386;0,5000000000000001;-0,9903973200352558;0,1382503109109819;13,0;13,0;5,0;5,0;0;5,0;5,0;5,0;13,0;13,0;15,0;10,0;10,333333333333334;14,0;4,472135954999465;5,0;18,0;-8,0;0,26;14,83;1,1350272083333333;11,6333;0;13,0;15,0;12,0;13,0;15,0;12,0
2024-10-09;13,0;0,46;48,8071;18,4;30,4049;11,0;14,500235833333331;9,29169;20,489;78,4556125;0,648050925;1,74963;10;283;2;-0,8660254037844386;0,5000000000000001;-0,9878726596350429;0,15526624985999563;5,0;15,0;13,0;13,0;0;13,0;13,0;13,0;5,0;13,0;13,0;16,0;10,333333333333334;13,571428571428571;4,391550328268276;5,0;18,0;8,0;0,18;14,05;0,7829343333333334;10,975;0;15,0;12,0;18,0;15,0;12,0;18,0
2024-10-10;15,0;0,46;47,0851;17,76;29,3216;12,0;14,454158;9,75;19,6667;80,39585500000001;1,11261746;2,92663;10;284;3;-0,8660254037844386;0,5000000000000001;-0,9850556718215013;0,172236243027682;13,0;12,0;15,0;15,0;0;15,0;15,0;15,0;13,0;5,0;13,0;18,0;11,0;13,142857142857142;4,017817460121353;5,0;18,0;2,0;0,46;18,4;0,648050925;9,29169;0;12,0;18,0;15,0;12,0;18,0;15,0
2024-10-11;12,0;0,17;22,9754;15,93;7,0425;10,0;13,680204166666668;11,45;17,375;82,13544583333334;0,8848345833333333;1,80773;10;285;4;-0,8660254037844386;0,5000000000000001;-0,981947190186646;0,18915526872004093;15,0;18,0;12,0;12,0;0;12,0;12,0;12,0;15,0;13,0;5,0;18,0;13,333333333333334;12,285714285714286;3,401680257082861;5,0;15,0;-3,0;0,46;17,76;1,11261746;9,75;0;18,0;15,0;13,0;18,0;15,0;13,0
2024-10-12;18,0;0,36;25,6269;17,51;8,11844;10,0;14,786804166666668;12,3667;17,9333;72,99309166666667;0,6469096625;1,53185;10;286;5;-0,8660254037844386;0,5000000000000001;-0,9785481345802031;0,20601832032517084;12,0;15,0;18,0;18,0;0;18,0;18,0;18,0;12,0;15,0;13,0;15,0;15,0;12,714285714285714;3,9460649476950294;5,0;18,0;6,0;0,17;15,93;0,8848345833333333;11,45;1;15,0;13,0;18,0;15,0;13,0;18,0
2024-10-13;15,0;0,31;19,743;12,78;6,96573;25,0;16,341215416666667;8,27499;24,2223;58,40626666666666;0,7377283083333334;1,74229;10;287;6;-0,8660254037844386;0,5000000000000001;-0,9748595108374125;0,22282040779479959;18,0;13,0;15,0;15,0;0;15,0;15,0;15,0;18,0;12,0;15,0;13,0;15,0;13,0;4,041451884327237;5,0;18,0;-3,0;0,36;17,51;0,6469096625;12,3667;1;13,0;18,0;11,0;13,0;18,0;11,0
2024-10-14;13,0;0,25;85,60200698516606;53,78;31,821496376402415;19,0;16,063832916666666;9,50836;23,9583;55,0035125;0,592575025;1,73648;10;288;0;-0,8660254037844386;0,5000000000000001;-0,9708824104813836;0,23955655912092708;15,0;18,0;13,0;13,0;0;13,0;13,0;13,0;15,0;18,0;12,0;13,0;15,333333333333334;13,0;4,041451884327237;5,0;18,0;-2,0;0,31;12,78;0,7377283083333334;8,27499;0;18,0;11,0;15,0;18,0;11,0;15,0
2024-10-15;18,0;0,52;58,51087932421006;26,69;31,821429993030048;26,0;18,64966833333333;9,58333;30,0417;50,52777916666667;0,6800324083333334;2,02462;10;289;1;-0,8660254037844386;0,5000000000000001;-0,9666180104000972;0,2562218218071163;13,0;11,0;18,0;18,0;0;18,0;18,0;18,0;13,0;15,0;18,0;5,0;15,333333333333334;14,857142857142858;2,4102953780652885;12,0;18,0;5,0;0,25;53,78;0,592575025;9,50836;0;11,0;15,0;16,0;11,0;15,0;16,0
2024-10-16;11,0;0,23;49,46107083236742;17,64;31,821393823001962;22,0;15,0739625;10,25;20,4417;53,232641666666666;1,1146158166666666;3,03872;10;290;2;-0,8660254037844386;0,5000000000000001;-0,9620675724981452;0,27281126433401914;18,0;15,0;11,0;11,0;0;11,0;11,0;11,0;18,0;13,0;15,0;13,0;14,0;14,571428571428571;2,760262237369244;11,0;18,0;-7,0;0,52;26,69;0,6800324083333334;9,58333;0;15,0;16,0;14,0;15,0;16,0;14,0
2024-10-17;15,0;0,3;53,21102197582126;21,39;31,821403494498238;25,0;17,206595416666666;7,38333;28,3667;58,419829166666666;0,6011903166666667;2,50508;10;291;3;-0,8660254037844386;0,5000000000000001;-0,957232443323312;0,28931997761869527;11,0;16,0;15,0;15,0;0;15,0;15,0;15,0;11,0;18,0;13,0;15,0;14,666666666666666;14,571428571428571;2,760262237369244;11,0;18,0;4,0;0,23;17,64;1,1146158166666666;10,25;0;16,0;14,0;4,0;16,0;14,0;4,0
2024-10-18;16,0;0,28;50,620752358405916;18,8;31,821390296425776;30,0;20,553479166666666;11,35;30,4083;54,00000833333333;0,7186388625000001;2,17023;10;292;4;-0,8660254037844386;0,5000000000000001;-0,9521140536681102;0,3057430764672831;15,0;14,0;16,0;16,0;0;16,0;16,0;16,0;15,0;11,0;18,0;12,0;14,0;15,142857142857142;2,5448360411212345;11,0;18,0;1,0;0,3;21,39;0,6011903166666667;7,38333;0;14,0;4,0;6,0;14,0;4,0;6,0
2024-10-19;14,0;0,26;42,61037609924609;10,79;31,82137548879113;18,0;15,705208333333331;11,1583;22,5917;72,5243375;1,221447275;2,85835;10;293;5;-0,8660254037844386;0,5000000000000001;-0,9467139181463862;0,3220757010206104;16,0;4,0;14,0;14,0;0;14,0;14,0;14,0;16,0;15,0;11,0;18,0;15,0;14,571428571428571;2,225394561056533;11,0;18,0;-2,0;0,28;18,8;0,7186388625000001;11,35;1;4,0;6,0;10,0;4,0;6,0;10,0
2024-10-20;4,0;0,12;33,300420896179205;1,48;31,821344150082364;23,0;14,035066666666664;10,2167;19,1667;69,73960833333334;1,3775025416666666;2,69356;10;294;6;-0,8660254037844386;0,5000000000000001;-0,9410336347451197;0,3383130181923076;14,0;6,0;4,0;4,0;0;4,0;4,0;4,0;14,0;16,0;15,0;15,0;11,333333333333334;13,0;4,546060565661824;4,0;18,0;-10,0;0,26;10,79;1,221447275;11,1583;1;6,0;10,0;6,0;6,0;10,0;6,0
2024-10-21;6,0;0,21;44,31085154119007;12,49;31,821381295749724;21,0;17,290975833333334;9,87502;25,1167;57,56947083333333;0,8770740416666666;2,10264;10;295;0;-0,8660254037844386;0,5000000000000001;-0,9350748843515574;0,3544502230989869;4,0;10,0;6,0;6,0;0;6,0;6,0;6,0;4,0;14,0;16,0;13,0;8,0;12,0;5,259911279353043;4,0;18,0;2,0;0,12;1,48;1,3775025416666666;10,2167;0;10,0;6,0;8,0;10,0;6,0;8,0
2024-10-22;10,0;0,23;50,41026631295343;18,59;31,821391076284296;18,0;16,435766666666666;11,4667;24,9417;69,63858333333333;1,1600208208333334;3,27374;10;296;1;-0,8660254037844386;0,5000000000000001;-0,9288394302558068;0,3704825404820963;6,0;6,0;10,0;10,0;0;10,0;10,0;10,0;6,0;4,0;14,0;18,0;6,666666666666667;10,857142857142858;4,561745697594546;4,0;16,0;4,0;0,21;12,49;0,8770740416666666;9,87502;0;6,0;8,0;10,0;6,0;8,0;10,0
2024-10-23;6,0;0,13;44,29054080834794;12,47;31,821370199382724;20,0;14,482641666666666;11,0167;19,5833;72,70144583333332;1,082299325;2,46899;10;297;2;-0,8660254037844386;0,5000000000000001;-0,9223291176290545;0,3864052261209853;10,0;8,0;6,0;6,0;0;6,0;6,0;6,0;10,0;6,0;4,0;11,0;7,333333333333333;10,142857142857142;4,913538149119796;4,0;16,0;-4,0;0,23;18,59;1,1600208208333334;11,4667;0;8,0;10,0;13,0;8,0;10,0;13,0
2024-10-24;8,0;0,19;48,32088663539155;16,5;31,821388093483982;25,0;17,789930833333333;8,91669;27,6583;53,822925;0,8922734166666667;2,63921;10;298;3;-0,8660254037844386;0,5000000000000001;-0,9155458729775467;0,40221356823680365;6,0;10,0;8,0;8,0;0;8,0;8,0;8,0;6,0;10,0;6,0;15,0;8,0;9,142857142857142;4,450789122113304;4,0;16,0;2,0;0,13;12,47;1,082299325;11,0167;0;10,0;13,0;13,0;10,0;13,0;13,0
2024-10-25;10,0;0,2;48,12093330110342;16,3;31,82139152838095;23,0;16,591327500000002;8,94167;25,2083;59,1770875;0,88160675;1,8889;10;299;4;-0,8660254037844386;0,5000000000000001;-0,9084917035725082;0,41790288888678667;8,0;13,0;10,0;10,0;0;10,0;10,0;10,0;8,0;6,0;10,0;16,0;8,0;8,285714285714286;3,352326839389832;4,0;14,0;2,0;0,19;16,5;0,8922734166666667;8,91669;0;13,0;13,0;17,0;13,0;13,0;17,0
2024-10-26;13,0;0,32;52,70097670033983;20,88;31,821403245128135;32,0;20,09583333333333;10,0583;30,9167;47,18402916666667;0,86977285;2,31672;10;300;5;-0,8660254037844386;0,5000000000000001;-0,9011686968561569;0,4334685453485363;10,0;13,0;13,0;13,0;0;13,0;13,0;13,0;10,0;8,0;6,0;14,0;10,333333333333334;8,142857142857142;3,078342163598556;4,0;13,0;3,0;0,2;16,3;0,88160675;8,94167;1;13,0;17,0;14,0;13,0;17,0;14,0
2024-10-27;13,0;0,23;46,230771986018446;14,41;31,8213783487232;31,0;20,16218333333333;11,225;29,2417;50,48610833333333;0,8255494791666668;2,12638;10;301;6;-0,8660254037844386;0,5000000000000001;-0,8935790198239952;0,4489059314938798;13,0;17,0;13,0;13,0;0;13,0;13,0;13,0;13,0;10,0;8,0;4,0;12,0;9,428571428571429;2,935821455580356;6,0;13,0;0,0;0,32;20,88;0,86977285;10,0583;1;17,0;14,0;15,0;17,0;14,0;15,0
2024-10-28;17,0;0,37;56,32059464385633;24,5;31,82141053638025;28,0;22,45;13,5;33,0333;51,43403333333333;0,8897628416666666;2,60363;10;302;0;-0,8660254037844386;0,5000000000000001;-0,8857249183835637;0,4642104791518923;13,0;14,0;17,0;17,0;0;17,0;17,0;17,0;13,0;13,0;10,0;6,0;14,333333333333334;11,0;3,6514837167009095;6,0;17,0;4,0;0,23;14,41;0,8255494791666668;11,225;0;14,0;15,0;12,0;14,0;15,0;12,0
2024-10-29;14,0;0,24;51,33086848717075;19,51;31,821403381577188;17,0;17,917866666666665;13,4083;23,2455;68,14173333333333;1,302337125;2,54514;10;303;1;-0,8660254037844386;0,5000000000000001;-0,8776087166898392;0,4793776594606945;17,0;15,0;14,0;14,0;0;14,0;14,0;14,0;17,0;13,0;13,0;10,0;14,666666666666666;11,571428571428571;3,7796447300920915;6,0;17,0;-3,0;0,37;24,5;0,8897628416666666;13,5;0;15,0;12,0;9,0;15,0;12,0;9,0
2024-10-30;15,0;0,21;49,06087980169656;17,24;31,82139225528476;21,0;18,118016666666666;11,5417;25,3833;68,4305875;1,1491752916666669;2,67678;10;304;2;-0,8660254037844386;0,5000000000000001;-0,8692328164574792;0,49440298420761813;14,0;12,0;15,0;15,0;0;15,0;15,0;15,0;14,0;17,0;13,0;6,0;15,333333333333334;12,857142857142858;3,023715784073621;8,0;17,0;1,0;0,24;19,51;1,302337125;13,4083;0;12,0;9,0;7,0;12,0;9,0;7,0
2024-10-31;12,0;0,19;46,69056877091692;14,87;31,82138294269757;23,0;18,22673333333333;12,05;25,9667;64,6111125;1,2451995833333334;2,72728;10;305;3;-0,8660254037844386;0,5000000000000001;-0,8605996962501181;0,5092820071573356;15,0;9,0;12,0;12,0;0;12,0;12,0;12,0;15,0;14,0;17,0;8,0;13,666666666666666;13,428571428571429;2,2253945610564974;10,0;17,0;-3,0;0,21;17,24;1,1491752916666669;11,5417;0;9,0;7,0;6,0;9,0;7,0;6,0
2024-11-01;9,0;0,11;38,79999361799882;6,98;31,82135076942085;24,0;13,970658333333333;10,7333;20,4818;73,0830125;1,1204294166666666;2,0649;11;306;4;-0,5000000000000004;0,8660254037844384;-0,8517119107469189;0,5240103253675756;12,0;7,0;9,0;9,0;0;9,0;9,0;9,0;12,0;15,0;14,0;10,0;12,0;13,285714285714286;2,4976179127508886;9,0;17,0;-3,0;0,19;14,87;1,2451995833333334;12,05;0;7,0;6,0;9,0;7,0;6,0;9,0
2024-11-02;7,0;0,15;43,150975109963454;11,33;31,821377102213333;22,0;16,96181875;8,175;25,9;56,64236666666667;0,8144377875000001;2,06502;11;307;5;-0,5000000000000004;0,8660254037844384;-0,8425720899866032;0,5385835804920232;9,0;6,0;7,0;7,0;0;7,0;7,0;7,0;9,0;12,0;15,0;13,0;9,333333333333334;12,428571428571429;3,457221565416324;7,0;17,0;-2,0;0,11;6,98;1,1204294166666666;10,7333;1;6,0;9,0;11,0;6,0;9,0;11,0
2024-11-03;6,0;0,11;41,631008458071335;9,81;31,821372680240557;15,0;15,298255416666665;9,05833;21,325;62,253475;0,9400646291666668;2,59879;11;308;6;-0,5000000000000004;0,8660254037844384;-0,8331829385891785;0,5529974600700271;7,0;9,0;6,0;6,0;0;6,0;6,0;6,0;7,0;9,0;12,0;13,0;7,333333333333333;11,428571428571429;4,197504927816788;6,0;17,0;-1,0;0,15;11,33;0,8144377875000001;8,175;1;9,0;11,0;13,0;9,0;11,0;13,0
2024-11-04;9,0;0,15;60,21169754106198;28,39;31,82143216570993;16,0;15,467350416666669;6,40833;24,8583;55,79584583333334;0,7978139083333334;2,31979;11;309;0;-0,5000000000000004;0,8660254037844384;-0,8235472349556007;0,5672476988027229;6,0;11,0;9,0;9,0;0;9,0;9,0;9,0;6,0;7,0;9,0;17,0;7,333333333333333;10,285714285714286;3,4503277967115444;6,0;15,0;3,0;0,11;9,81;0,9400646291666668;9,05833;0;11,0;13,0;13,0;11,0;13,0;13,0
2024-11-05;11,0;0,18;47,01116977662806;15,19;31,821391406227693;22,0;18,6125;9,175;27,5917;46,25345833333333;0,8453466375;2,25722;11;310;1;-0,5000000000000004;0,8660254037844384;-0,8136678304455991;0,5813300798152042;9,0;13,0;11,0;11,0;0;11,0;11,0;11,0;9,0;6,0;7,0;14,0;8,666666666666666;9,857142857142858;3,07834216359859;6,0;15,0;2,0;0,15;28,39;0,7978139083333334;6,40833;0;13,0;13,0;13,0;13,0;13,0;13,0
2024-11-06;13,0;0,21;47,85075309467124;16,03;31,821388317828124;24,0;20,065216666666668;12,5917;27,7917;41,75694583333333;0,9167764083333334;2,18047;11;311;2;-0,5000000000000004;0,8660254037844384;-0,8035476485339116;0,5952404359043674;11,0;13,0;13,0;13,0;0;13,0;13,0;13,0;11,0;9,0;6,0;15,0;11,0;9,571428571428571;2,572750982712075;6,0;13,0;2,0;0,18;15,19;0,8453466375;9,175;0;13,0;13,0;10,0;13,0;13,0;10,0
2024-11-07;13,0;0,29;49,60125552154731;17,78;31,821397088768773;23,0;19,6288125;12,5667;24,9667;50,12846666666667;0,706074;1,6525;11;312;3;-0,5000000000000004;0,8660254037844384;-0,7931896839451843;0,6089746507720486;13,0;13,0;13,0;13,0;0;13,0;13,0;13,0;13,0;11,0;9,0;12,0;12,333333333333334;9,714285714285714;2,7516228977508748;6,0;13,0;0,0;0,21;16,03;0,9167764083333334;12,5917;0;13,0;10,0;5,0;13,0;10,0;5,0
2024-11-08;13,0;0,27;48,46074206612945;16,64;31,821386933965286;28,0;21,646175;12,9083;30,325;45,2152875;0,7835891041666666;2,17673;11;313;4;-0,5000000000000004;0,8660254037844384;-0,7825970017677834;0,6225286602431057;13,0;10,0;13,0;13,0;0;13,0;13,0;13,0;13,0;13,0;11,0;9,0;13,0;10,285714285714286;2,9840847683603666;6,0;13,0;0,0;0,29;17,78;0,706074;12,5667;0;10,0;5,0;6,0;10,0;5,0;6,0
2024-11-09;10,0;0,25;45,52074349262859;13,7;31,821385532159734;23,0;20,99305;13,75;28,15;40,2326375;1,17465625;2,95018;11;314;5;-0,5000000000000004;0,8660254037844384;-0,7717727365467836;0,6358984534680745;13,0;5,0;10,0;10,0;0;10,0;10,0;10,0;13,0;13,0;13,0;7,0;12,0;10,714285714285714;2,627691364060933;6,0;13,0;-3,0;0,27;16,64;0,7835891041666666;12,9083;1;5,0;6,0;10,0;5,0;6,0;10,0
2024-11-10;5,0;0,11;37,07076616879364;5,25;31,82136212944088;20,0;17,533254166666666;12,19;22,5333;58,06945;1,3929472083333334;2,45698;11;315;6;-0,5000000000000004;0,8660254037844384;-0,7607200913564104;0,6490800741100398;10,0;6,0;5,0;5,0;0;5,0;5,0;5,0;10,0;13,0;13,0;6,0;9,333333333333334;10,571428571428571;2,93582145558038;5,0;13,0;-5,0;0,25;13,7;1,17465625;13,75;1;6,0;10,0;16,0;6,0;10,0;16,0
2024-11-11;6,0;0,16;43,92085910772579;12,1;31,821381922560366;21,0;19,347854166666668;11,575;26,8727;42,0868125;0,9621471458333332;1,99962;11;316;0;-0,5000000000000004;0,8660254037844384;-0,7494423368521954;0,6620696215153815;5,0;10,0;6,0;6,0;0;6,0;6,0;6,0;5,0;10,0;13,0;9,0;7,0;10,142857142857142;3,3876526498726065;5,0;13,0;1,0;0,11;5,25;1,3929472083333334;12,19;0;10,0;16,0;15,0;10,0;16,0;15,0
2024-11-12;10,0;0,21;50,07104157261625;18,25;31,82139848447813;25,0;22,087845833333333;12,3;31,1333;36,60765;0,8433424083333333;1,95424;11;317;1;-0,5000000000000004;0,8660254037844384;-0,7379428103031386;0,6748632518680403;6,0;16,0;10,0;10,0;0;10,0;10,0;10,0;6,0;5,0;10,0;11,0;7,0;10,0;3,3665016461204544;5,0;13,0;4,0;0,16;12,1;0,9621471458333332;11,575;0;16,0;15,0;12,0;16,0;15,0;12,0
2024-11-13;16,0;0,24;48,91068926854485;17,09;31,82138964269934;26,0;20,748204166666667;14,3667;27,5917;47,51040833333334;1,2485242416666666;2,92997;11;318;2;-0,5000000000000004;0,8660254037844384;-0,7262249146041543;0,6874571793269664;10,0;15,0;16,0;16,0;0;16,0;16,0;16,0;10,0;6,0;5,0;13,0;10,666666666666666;10,428571428571429;3,9520940802372198;5,0;16,0;6,0;0,21;18,25;0,8433424083333333;12,3;0;15,0;12,0;13,0;15,0;12,0;13,0
2024-11-14;15,0;0,16;44,370591784390015;12,55;31,821374296780842;26,0;18,725383333333333;11,8667;26,6417;60,579875;1,2135836666666666;2,61219;11;319;3;-0,5000000000000004;0,8660254037844384;-0,7142921172691032;0,699847677146407;16,0;12,0;15,0;15,0;0;15,0;15,0;15,0;16,0;10,0;6,0;13,0;13,666666666666666;10,714285714285714;4,231401884099453;5,0;16,0;-1,0;0,24;17,09;1,2485242416666666;14,3667;0;12,0;13,0;12,0;12,0;13,0;12,0
2024-11-15;12,0;0,2;43,951287166416215;12,13;31,821388491976514;19,0;17,70660416666667;10,125;24,3417;66,83332916666667;1,2582642916666666;2,50978;11;320;4;-0,5000000000000004;0,8660254037844384;-0,7021479494046978;0,7120310787787131;15,0;13,0;12,0;12,0;0;12,0;12,0;12,0;15,0;16,0;10,0;13,0;14,333333333333334;10,571428571428571;4,157609203101316;5,0;16,0;-3,0;0,16;12,55;1,2135836666666666;11,8667;0;13,0;12,0;11,0;13,0;12,0;11,0
2024-11-16;13,0;0,18;42,69085075969196;10,87;31,821376421454904;12,0;15,550283333333333;13,025;17,5;69,4479125;0,91918975;1,61873;11;321;5;-0,5000000000000004;0,8660254037844384;-0,6897960046655887;0,7240037789593305;12,0;12,0;13,0;13,0;0;13,0;13,0;13,0;12,0;15,0;16,0;10,0;13,333333333333334;11,0;4,242640687119113;5,0;16,0;1,0;0,2;12,13;1,2582642916666666;10,125;1;12,0;11,0;11,0;12,0;11,0;11,0
2024-11-17;12,0;0,12;38,77986748850736;6,96;31,8213504470249;25,0;17,740624999999998;12,65;25,475;49,40625416666666;0,9455774583333332;2,10832;11;322;6;-0,5000000000000004;0,8660254037844384;-0,6772399381909491;0,7357622347736527;13,0;11,0;12,0;12,0;0;12,0;12,0;12,0;13,0;12,0;15,0;5,0;12,333333333333334;12,0;3,3166247903552026;6,0;16,0;-1,0;0,18;10,87;0,91918975;13,025;1;11,0;11,0;12,0;11,0;11,0;12,0
2024-11-18;11,0;0,15;44,42075007448044;12,6;31,821378740283066;23,0;18,517016666666667;10,925;26,625;44,84028333333333;1,0159627583333333;2,47298;11;323;0;-0,5000000000000004;0,8660254037844384;-0,6644834655228552;0,7473029667054296;12,0;11,0;11,0;11,0;0;11,0;11,0;11,0;12,0;13,0;12,0;6,0;12,0;12,714285714285714;2,138089935299114;10,0;16,0;-1,0;0,12;6,96;0,9455774583333332;12,65;0;11,0;12,0;11,0;11,0;12,0;11,0
2024-11-19;11,0;0,15;42,270881384597715;10,45;31,821377470754175;24,0;17,500695833333335;10,2583;25,1583;51,041675;1,3022205833333331;2,59993;11;324;1;-0,5000000000000004;0,8660254037844384;-0,6515303615068021;0,75862255966641;11,0;12,0;11,0;11,0;0;11,0;11,0;11,0;11,0;12,0;13,0;10,0;11,333333333333334;12,857142857142858;1,951800145896764;11,0;16,0;0,0;0,15;12,6;1,0159627583333333;10,925;0;12,0;11,0;7,0;12,0;11,0;7,0
2024-11-20;12,0;0,15;43,99049645904341;12,17;31,821373810016492;20,0;18,31145;12,45;25,1083;54,84375;0,9534084375;2,18056;11;325;2;-0,5000000000000004;0,8660254037844384;-0,6383844591746642;0,7697176640069211;11,0;11,0;12,0;12,0;0;12,0;12,0;12,0;11,0;11,0;12,0;16,0;11,333333333333334;12,285714285714286;1,3801311186842495;11,0;15,0;1,0;0,15;10,45;1,3022205833333331;10,2583;0;11,0;7,0;6,0;11,0;7,0;6,0
2024-11-21;11,0;0,19;45,49073004281149;13,67;31,821381971864767;23,0;19,5298625;11,9333;27,6417;50,0486125;1,1330733875;2,87964;11;326;3;-0,5000000000000004;0,8660254037844384;-0,6250496486104377;0,7805849965070866;12,0;7,0;11,0;11,0;0;11,0;11,0;11,0;12,0;11,0;11,0;15,0;11,333333333333334;11,714285714285714;0,7559289460175592;11,0;13,0;-1,0;0,15;12,17;0,9534084375;12,45;0;7,0;6,0;4,0;7,0;6,0;4,0
2024-11-22;7,0;0,14;41,15073267309806;9,33;31,821370393634126;23,0;19,255995833333333;11,8;26,6583;48,8125125;1,1234784583333333;2,42252;11;327;4;-0,5000000000000004;0,8660254037844384;-0,6115298757991053;0,7912213413483807;11,0;6,0;7,0;7,0;0;7,0;7,0;7,0;11,0;12,0;11,0;12,0;10,0;11,0;1,914854215512295;7,0;13,0;-4,0;0,19;13,67;1,1330733875;11,9333;0;6,0;4,0;6,0;6,0;4,0;6,0
2024-11-23;6,0;0,13;40,100552779221985;8,28;31,821365634625927;24,0;20,820829166666663;12,675;29,1333;45,46527916666667;1,1719988208333334;2,64798;11;328;5;-0,5000000000000004;0,8660254037844384;-0,5978291414589552;0,801623551065242;7,0;4,0;6,0;6,0;0;6,0;6,0;6,0;7,0;11,0;12,0;13,0;8,0;10,0;2,4494897427828493;6,0;12,0;-1,0;0,14;9,33;1,1234784583333333;11,8;1;4,0;6,0;7,0;4,0;6,0;7,0
2024-11-24;4,0;0,12;37,29048052171747;5,47;31,821357981269916;21,0;20,825004166666663;13,2;28,275;44,802075;1,1120325;2,6118;11;329;6;-0,5000000000000004;0,8660254037844384;-0,5839514998576998;0,8117885474764613;6,0;6,0;4,0;4,0;0;4,0;4,0;4,0;6,0;7,0;11,0;12,0;5,666666666666667;8,857142857142858;3,13201593379121;4,0;12,0;-2,0;0,13;8,28;1,1719988208333334;12,675;1;6,0;7,0;8,0;6,0;7,0;8,0
2024-11-25;6,0;0,11;39,49056483337247;7,67;31,82136895765564;19,0;20,1131875;13,6167;26,725;43,46180833333333;1,3442432708333334;2,65665;11;330;0;-0,5000000000000004;0,8660254037844384;-0,5699010576127624;0,8217133225960589;4,0;7,0;6,0;6,0;0;6,0;6,0;6,0;4,0;6,0;7,0;11,0;5,333333333333333;8,142857142857142;3,132015933791193;4,0;12,0;2,0;0,12;5,47;1,1120325;13,2;0;7,0;8,0;7,0;7,0;8,0;7,0
2024-11-26;7,0;0,2;53,004773464896466;21,183522751746636;31,821414170609728;18,0;18,8128375;11,2833;26,3583;45,81944583333333;1,2348404625;2,74527;11;331;1;-0,5000000000000004;0,8660254037844384;-0,5556819724760489;0,8313949395234058;6,0;8,0;7,0;7,0;0;7,0;7,0;7,0;6,0;4,0;6,0;11,0;5,666666666666667;7,571428571428571;2,8784916685153537;4,0;12,0;1,0;0,11;7,67;1,3442432708333334;13,6167;0;8,0;7,0;7,87282273118883;8,0;7,0;
2024-11-27;8,0;0,14;41,05070400215389;9,23;31,821373937161113;21,0;17,139225;10,6917;24,4333;49,6388875;1,2784997916666667;2,59398;11;332;2;-0,5000000000000004;0,8660254037844384;-0,5412984521036173;0,8408305333122887;7,0;7,0;8,0;8,0;0;8,0;8,0;8,0;7,0;6,0;4,0;12,0;7,0;7,0;2,160246899468808;4,0;11,0;1,0;0,2;21,183522751746636;1,2348404625;11,2833;0;7,0;7,87282273118883;8,0;7,0;;8,0
2024-11-28;7,0;0,12;41,83118032743093;10,01;31,821377915076706;23,0;18,152238636363634;9,48335;25,8909;45,33715454545455;1,132235090909091;2,46027;11;333;3;-0,5000000000000004;0,8660254037844384;-0,5267547528105542;0,8500173118187018;8,0;;7,0;7,0;0;7,0;7,0;7,0;8,0;7,0;6,0;11,0;7,333333333333333;6,428571428571429;1,2724180205598568;4,0;8,0;-1,0;0,14;9,23;1,2784997916666667;10,6917;0;7,87282273118883;8,0;6,0;;8,0;6,0
2024-11-29;7,87282273118883;0,49805789383537724;53,214613782060574;21,39286728273827;31,821437629935502;22,953920780468636;23,65337142857143;16,5;27,8417;26,373014285714284;1,6639357142857143;2,63133;11;334;4;-0,5000000000000004;0,8660254037844384;-0,5120551783114646;0,8589525565270845;7,0;8,0;;7,87282273118883;1;;7,87282273118883;7,87282273118883;7,0;8,0;7,0;7,0;7,62427424372961;6,553260390169833;1,3762742923758962;4,0;8,0;0,8728227311888297;0,12;10,01;1,132235090909091;9,48335;0;8,0;6,0;8,0;8,0;6,0;8,0
2024-11-30;8,0;0,2;43,681034835958776;11,86;31,821389387740073;21,0;18,6496875;11,25;25,9;37,92709583333333;1,4070157666666667;2,98554;11;335;5;-0,5000000000000004;0,8660254037844384;-0,4972040784469378;0,8676336233547726;;6,0;8,0;8,0;0;8,0;8,0;8,0;7,87282273118883;7,0;8,0;6,0;7,62427424372961;6,838974675884119;1,4480052621348332;4,0;8,0;0,1271772688111703;0,49805789383537724;21,39286728273827;1,6639357142857143;16,5;1;6,0;8,0;11,0;6,0;8,0;11,0
2024-12-01;6,0;0,1;36,260514096524204;4,44;31,821355586623262;22,0;16,17496125;9,7;23,7167;53,53125416666666;1,14178575;2,38242;12;336;6;-2,4492935982947064e-16;1,0;-0,4822058478963526;0,8760579434344281;8,0;8,0;6,0;6,0;0;6,0;6,0;6,0;8,0;7,87282273118883;7,0;4,0;7,290940910396277;7,124688961598404;0,8806236577994235;6,0;8,0;-2,0;0,2;11,86;1,4070157666666667;11,25;1;8,0;11,0;17,0;8,0;11,0;17,0
2024-12-02;8,0;0,12;44,93109445873404;13,11;31,8213848104375;21,0;18,6864625;10,8333;25,9417;44,79862083333333;1,1531021375;2,64597;12;337;0;-2,4492935982947064e-16;1,0;-0,46706492487743034;0,8842230238742036;6,0;11,0;8,0;8,0;0;8,0;8,0;8,0;6,0;8,0;7,87282273118883;6,0;7,333333333333333;7,410403247312691;0,7727444319042673;6,0;8,0;2,0;0,1;4,44;1,14178575;9,7;0;11,0;17,0;9,0;11,0;17,0;9,0
2024-12-03;11,0;0,13;20,569;13,66;6,91208;23,0;18,448966666666667;10,5417;26,2;47,44447916666667;1,1697408;2,75883;12;338;1;-2,4492935982947064e-16;1,0;-0,451785789832884;0,8921264484954345;8,0;17,0;11,0;11,0;0;11,0;11,0;11,0;8,0;6,0;8,0;7,0;8,333333333333334;7,981831818741262;1,5282813592408857;6,0;11,0;3,0;0,12;13,11;1,1531021375;10,8333;0;17,0;9,0;7,0;17,0;9,0;7,0
2024-12-04;17,0;0,12;17,7148;12,07;5,64125;24,0;16,941666666666666;10,6833;24,6667;58,06219166666667;1,3476960416666666;2,50742;12;339;2;-2,4492935982947064e-16;1,0;-0,4363729641045924;0,8997658785476209;11,0;9,0;17,0;17,0;0;17,0;17,0;17,0;11,0;8,0;6,0;8,0;12,0;9,267546104455548;3,736519373455483;6,0;17,0;6,0;0,13;13,66;1,1697408;10,5417;0;9,0;7,0;11,0;9,0;7,0;11,0
2024-12-05;9,0;0,11;11,3476;8,45;2,89417;19,0;14,422568750000002;9,35001;21,7167;63,597229166666665;1,2397964166666666;2,1951;12;340;3;-2,4492935982947064e-16;1,0;-0,42083100859565564;0,9071390534005044;17,0;7,0;9,0;9,0;0;9,0;9,0;9,0;17,0;11,0;8,0;7,0;12,333333333333334;9,553260390169834;3,6085049808288203;6,0;17,0;-8,0;0,12;12,07;1,3476960416666666;10,6833;0;7,0;11,0;7,0;7,0;11,0;7,0
2024-12-06;7,0;0,11;19,9232;12,13;7,78898;18,0;17,46424625;9,47501;24,8417;52,35765416666666;0,9482626541666668;2,22305;12;341;4;-2,4492935982947064e-16;1,0;-0,4051645224207563;0,9142437912130223;9,0;11,0;7,0;7,0;0;7,0;7,0;7,0;9,0;17,0;11,0;7,87282273118883;11,0;9,428571428571429;3,6903993847612107;6,0;17,0;-2,0;0,11;8,45;1,2397964166666666;9,35001;0;11,0;7,0;12,0;11,0;7,0;12,0
2024-12-07;11,0;0,12;20,4348;12,56;7,87578;23,0;18,9357;11,65;26,4417;43,25695;1,1759006666666667;3,09477;12;342;5;-2,4492935982947064e-16;1,0;-0,3893781415452015;0,9210779895789526;7,0;7,0;11,0;11,0;0;11,0;11,0;11,0;7,0;9,0;17,0;8,0;9,0;9,857142857142858;3,6709931185155944;6,0;17,0;4,0;0,11;12,13;0,9482626541666668;9,47501;1;7,0;12,0;14,0;7,0;12,0;14,0
2024-12-08;7,0;0,11;10,1188;6,52;3,59917;23,0;17,281634583333332;9,50833;24,6667;37,39929583333333;1,2643735333333332;2,87115;12;343;6;-2,4492935982947064e-16;1,0;-0,37347653741307074;0,9276396261490467;11,0;12,0;7,0;7,0;0;7,0;7,0;7,0;11,0;7,0;9,0;6,0;8,333333333333334;10,0;3,511884584284018;7,0;17,0;-4,0;0,12;12,56;1,1759006666666667;11,65;1;12,0;14,0;14,0;12,0;14,0;14,0
2024-12-09;12,0;0,17;27,863;15,25;12,6096;23,0;20,171152916666667;9,83333;29,8667;41,645825;0,8876261375;2,44873;12;344;0;-2,4492935982947064e-16;1,0;-0,3574644155648614;0,9339267592294762;7,0;14,0;12,0;12,0;0;12,0;12,0;12,0;7,0;11,0;7,0;8,0;10,0;10,571428571428571;3,4572215654162863;7,0;17,0;5,0;0,11;6,52;1,2643735333333332;9,50833;0;14,0;14,0;9,0;14,0;14,0;9,0
2024-12-10;14,0;0,16;29,0506;16,15;12,9047;25,0;21,2017375;13,0333;28,4333;43,2013875;1,1727124208333333;2,82029;12;345;1;-2,4492935982947064e-16;1,0;-0,34134651424503615;0,9399375283564133;12,0;14,0;14,0;14,0;0;14,0;14,0;14,0;12,0;7,0;11,0;11,0;11,0;11,0;3,6968455021362767;7,0;17,0;2,0;0,17;15,25;0,8876261375;9,83333;0;14,0;9,0;14,0;14,0;9,0;14,0
2024-12-11;14,0;0,14;26,0899;15,55;10,5425;28,0;21,666975;12,6909;30,2167;40,1007;1,0884698333333334;2,64435;12;346;2;-2,4492935982947064e-16;1,0;-0,3251276029999093;0,9456701548465688;14,0;9,0;14,0;14,0;0;14,0;14,0;14,0;14,0;12,0;7,0;17,0;13,333333333333334;10,571428571428571;2,992052966172129;7,0;14,0;0,0;0,16;16,15;1,1727124208333333;13,0333;0;9,0;14,0;12,0;9,0;14,0;12,0
2024-12-12;9,0;0,11;16,9186;11,82;5,10264;24,0;19,326391666666662;12,2417;27,6833;43,27778333333333;1,2060345;2,57932;12;347;3;-2,4492935982947064e-16;1,0;-0,30881248126625377;0,9511229423235357;14,0;14,0;9,0;9,0;0;9,0;9,0;9,0;14,0;14,0;12,0;9,0;12,333333333333334;10,571428571428571;2,992052966172129;7,0;14,0;-5,0;0,14;15,55;1,0884698333333334;12,6909;0;14,0;12,0;12,0;14,0;12,0;12,0
2024-12-13;14,0;0,21;30,9325;17,34;13,5969;26,0;21,75695;13,4167;29,7917;43,69446250000001;0,9334921916666666;2,45736;12;348;4;-2,4492935982947064e-16;1,0;-0,29240597695107734;0,9562942772197719;9,0;12,0;14,0;14,0;0;14,0;14,0;14,0;9,0;14,0;14,0;7,0;12,333333333333334;11,571428571428571;2,760262237369171;7,0;14,0;5,0;0,11;11,82;1,2060345;12,2417;0;12,0;12,0;11,0;12,0;12,0;11,0
2024-12-14;12,0;0,15;20,5112;13,02;7,49269;28,0;22,13125;13,85;30,5833;41,8159625;1,1463526708333334;2,84463;12;349;5;-2,4492935982947064e-16;1,0;-0,27591294500296043;0,9611826292540837;14,0;12,0;12,0;12,0;0;12,0;12,0;12,0;14,0;9,0;14,0;11,0;11,666666666666666;11,714285714285714;2,751622897750932;7,0;14,0;-2,0;0,21;17,34;0,9334921916666666;13,4167;1;12,0;11,0;12,0;12,0;11,0;12,0
2024-12-15;12,0;0,13;14,017;9,78;4,23227;23,0;20,2288125;13,1583;27,5583;49,013875000000006;1,2037335416666666;2,84707;12;350;6;-2,4492935982947064e-16;1,0;-0,2593382659754056;0,9657865518844574;12,0;11,0;12,0;12,0;0;12,0;12,0;12,0;12,0;14,0;9,0;7,0;12,666666666666666;12,428571428571429;1,8126539343495947;9,0;14,0;0,0;0,15;13,02;1,1463526708333334;13,85;1;11,0;12,0;12,0;11,0;12,0;12,0
2024-12-16;11,0;0,12;21,7056;12,12;9,58182;22,0;19,43993333333333;11,8083;28,175;55,1736125;1,3379720833333335;2,67425;12;351;0;-2,4492935982947064e-16;1,0;-0,2426868445825954;0,9701046827361175;12,0;12,0;11,0;11,0;0;11,0;11,0;11,0;12,0;12,0;14,0;12,0;11,666666666666666;12,285714285714286;1,8898223650458073;9,0;14,0;-1,0;0,13;9,78;1,2037335416666666;13,1583;0;12,0;12,0;16,0;12,0;12,0;16,0
2024-12-17;12,0;0,13;22,0019;12,45;9,55634;20,0;18,748379166666663;12,1001;26,175;58,30555833333333;1,2810845416666667;2,68234;12;352;1;-2,4492935982947064e-16;1,0;-0,22596360824801906;0,974135744004672;11,0;12,0;12,0;12,0;0;12,0;12,0;12,0;11,0;12,0;12,0;14,0;11,666666666666666;12,0;1,732050807568505;9,0;14,0;1,0;0,12;12,12;1,3379720833333335;11,8083;0;12,0;16,0;21,0;12,0;16,0;21,0
2024-12-18;12,0;0,14;23,6895;13,77;9,92093;23,0;20,80589583333333;12,3583;28,8833;51,63541666666666;1,027976375;2,51198;12;353;2;-2,4492935982947064e-16;1,0;-0,20917350564635637;0,9778785428342386;12,0;16,0;12,0;12,0;0;12,0;12,0;12,0;12,0;11,0;12,0;14,0;11,666666666666666;11,714285714285714;1,496026483085745;9,0;14,0;0,0;0,13;12,45;1,2810845416666667;12,1001;0;16,0;21,0;17,0;16,0;21,0;17,0
2024-12-19;16,0;0,2;34,5239;18,84;15,6883;25,0;23,751058333333333;14,8917;32,4667;40,534733333333335;0,9191562083333332;2,19445;12;354;3;-2,4492935982947064e-16;1,0;-0,19232150523909483;0,9813319716704275;12,0;21,0;16,0;16,0;0;16,0;16,0;16,0;12,0;12,0;11,0;9,0;13,333333333333334;12,714285714285714;1,7043362064923486;11,0;16,0;4,0;0,14;13,77;1,027976375;12,3583;0;21,0;17,0;18,0;21,0;17,0;18,0
2024-12-20;21,0;0,22;23,7624;15,85;7,9163;24,0;22,416666666666668;15,2917;29,6167;37,81597083333333;1,1020152083333332;2,12496;12;355;4;-2,4492935982947064e-16;1,0;-0,17541259380427843;0,9844950085880858;16,0;17,0;21,0;21,0;0;21,0;21,0;21,0;16,0;12,0;12,0;14,0;16,333333333333332;13,714285714285714;3,592319850007915;11,0;21,0;5,0;0,2;18,84;0,9191562083333332;14,8917;0;17,0;18,0;15,0;17,0;18,0;15,0
2024-12-21;17,0;0,22;18,6339;11,58;7,0575;29,0;24,122225;15,2333;32,0667;40,92360833333333;1,0090119583333337;1,96425;12;356;5;-2,4492935982947064e-16;1,0;-0,15845177496083632;0,9873667175937016;21,0;18,0;17,0;17,0;0;17,0;17,0;17,0;21,0;16,0;12,0;12,0;18,0;14,428571428571429;3,690399384761318;11,0;21,0;-4,0;0,22;15,85;1,1020152083333332;15,2917;1;18,0;15,0;12,0;18,0;15,0;12,0
2024-12-22;18,0;0,24;15,7392;11,5;4,23921;33,0;25,622645833333333;17,575;34,1183;39,52431666666666;1,024867175;2,5304;12;357;6;-2,4492935982947064e-16;1,0;-0,14144406768794202;0,9899462489023779;17,0;15,0;18,0;18,0;0;18,0;18,0;18,0;17,0;21,0;16,0;12,0;18,666666666666668;15,285714285714286;3,7289089429431157;11,0;21,0;1,0;0,22;11,58;1,0090119583333337;15,2333;1;15,0;12,0;11,0;15,0;12,0;11,0
2024-12-23;15,0;0,17;26,0135;16,53;9,47879;23,0;23,59305833333333;16,8583;29,8917;45,7395875;1,2550854541666667;2,84235;12;358;0;-2,4492935982947064e-16;1,0;-0,12439450483979998;0,9922328391893008;18,0;12,0;15,0;15,0;0;15,0;15,0;15,0;18,0;17,0;21,0;11,0;16,666666666666668;15,857142857142858;3,236694374850645;12,0;21,0;-3,0;0,24;11,5;1,024867175;17,575;0;12,0;11,0;12,0;12,0;11,0;12,0
2024-12-24;12,0;0,15;21,7705;13,59;8,17557;28,0;23,25625;15,8917;30,3167;44,63194583333333;1,1739985833333333;2,78113;12;359;1;-2,4492935982947064e-16;1,0;-0,10730813165636247;0,9942258118156161;15,0;11,0;12,0;12,0;0;12,0;12,0;12,0;15,0;18,0;17,0;12,0;15,0;15,857142857142858;3,2366943748506447;12,0;21,0;-3,0;0,17;16,53;1,2550854541666667;16,8583;0;11,0;12,0;10,0;11,0;12,0;10,0
2024-12-25;11,0;0,11;10,7959;7,42;3,37694;28,0;21,75509166666667;14,989;28,375;50,4132;1,2802185416666667;2,72296;12;360;2;-2,4492935982947064e-16;1,0;-0,09019000427034513;0,9959245770286599;12,0;12,0;11,0;11,0;0;11,0;11,0;11,0;12,0;15,0;18,0;12,0;12,666666666666666;15,714285714285714;3,450327796711671;11,0;21,0;-1,0;0,15;13,59;1,1739985833333333;15,8917;0;12,0;10,0;10,0;12,0;10,0;10,0
2024-12-26;12,0;0,11;15,3758;9,77;5,60611;19,0;18,5763875;12,35;25,7333;67,722225;1,5285115416666668;2,66098;12;361;3;-2,4492935982947064e-16;1,0;-0,07304518821104743;0,9973286321364752;11,0;10,0;12,0;12,0;0;12,0;12,0;12,0;11,0;12,0;15,0;16,0;11,666666666666666;15,142857142857142;3,716116764785927;11,0;21,0;1,0;0,11;7,42;1,2802185416666667;14,989;0;10,0;10,0;12,0;10,0;10,0;12,0
2024-12-27;10,0;0,11;19,6177;12,01;7,60958;22,0;20,329166666666666;13,4917;27,9917;60,6388875;1,291452125;2,42951;12;362;4;-2,4492935982947064e-16;1,0;-0,05587875690537313;0,9984375616565666;12,0;10,0;10,0;10,0;0;10,0;10,0;10,0;12,0;11,0;12,0;21,0;11,0;13,571428571428571;3,1014589500824576;10,0;18,0;-2,0;0,11;9,77;1,5285115416666668;12,35;0;10,0;12,0;14,0;10,0;12,0;14,0
2024-12-28;10,0;0,12;13,9487;9,16;4,78782;24,0;21,059716666666667;14,2667;28,8167;58,107641666666666;1,2550632083333333;2,67277;12;363;5;-2,4492935982947064e-16;1,0;-0,03869579017652689;0,9992510374388481;10,0;12,0;10,0;10,0;0;10,0;10,0;10,0;10,0;12,0;11,0;17,0;10,666666666666666;12,571428571428571;2,935821455580434;10,0;18,0;0,0;0,11;12,01;1,291452125;13,4917;1;12,0;14,0;11,0;12,0;14,0;11,0
2024-12-29;12,0;0,11;11,5772;7,21;4,36652;27,0;22,360762500000003;14,3;31,1583;54,69096666666667;1,230647625;2,60194;12;364;6;-2,4492935982947064e-16;1,0;-0,021501372740813793;0,999768818762748;10,0;14,0;12,0;12,0;0;12,0;12,0;12,0;10,0;10,0;12,0;18,0;10,666666666666666;11,714285714285714;1,7043362064923;10,0;15,0;2,0;0,12;9,16;1,2550632083333333;14,2667;1;14,0;11,0;11,0;14,0;11,0;11,0
2024-12-30;14,0;0,13;19,7496;11,22;8,5274;22,0;22,30625;14,4583;29,6;51,739275;1,2468428333333332;2,56396;12;365;0;-2,4492935982947064e-16;1,0;-0,004300592702981974;0,9999907524084426;12,0;11,0;14,0;14,0;0;14,0;14,0;14,0;12,0;10,0;10,0;15,0;12,0;11,571428571428571;1,3972762620110561;10,0;14,0;2,0;0,11;7,21;1,230647625;14,3;0;11,0;11,0;9,0;11,0;11,0;9,0
2024-12-31;11,0;0,12;19,8098;9,89;9,92441;19,0;23,017004166666663;15,2667;30,7333;43,5486125;1,1708567083333332;2,41699;12;366;1;-2,4492935982947064e-16;1,0;0,012901459949419653;0,9999167727021953;14,0;11,0;11,0;11,0;0;11,0;11,0;11,0;14,0;12,0;10,0;12,0;12,333333333333334;11,428571428571429;1,3972762620110477;10,0;14,0;-3,0;0,13;11,22;1,2468428333333332;14,4583;0;11,0;9,0;13,0;11,0;9,0;13,0
2025-01-01;11,0;0,14;12,3503;7,85;4,50194;22,0;22,784716666666668;16,075;29,8167;43,326391666666666;1,2467250833333334;2,74632;1;1;2;0,49999999999999994;0,8660254037844387;0,017201575418260506;0,9998520419557735;11,0;9,0;11,0;11,0;0;11,0;11,0;11,0;11,0;14,0;12,0;11,0;12,0;11,428571428571429;1,3972762620110477;10,0;14,0;0,0;0,12;9,89;1,1708567083333332;15,2667;0;9,0;13,0;12,0;9,0;13,0;12,0
2025-01-02;9,0;0,11;22,642;12,41;10,2276;23,0;22,69722916666667;14,0083;31,1667;34,607625;1,0651356416666666;2,67019;1;2;3;0,49999999999999994;0,8660254037844387;0,03439806061360801;0,9994082116062598;11,0;13,0;9,0;9,0;0;9,0;9,0;9,0;11,0;11,0;14,0;12,0;10,333333333333334;11,0;1,632993161855006;9,0;14,0;-2,0;0,14;7,85;1,2467250833333334;16,075;0;13,0;12,0;12,0;13,0;12,0;12,0
2025-01-03;13,0;0,14;27,3168;15,54;11,7809;25,0;22,9815875;15,075;30,6333;42,621525;1,163885625;2,76094;1;3;4;0,49999999999999994;0,8660254037844387;0,051584366869408364;0,9986686402879997;9,0;12,0;13,0;13,0;0;13,0;13,0;13,0;9,0;11,0;11,0;10,0;11,0;11,428571428571429;1,7182493859680457;9,0;14,0;4,0;0,11;12,41;1,0651356416666666;14,0083;0;12,0;12,0;11,0;12,0;12,0;11,0
2025-01-04;12,0;0,11;15,1686;9,89;5,27625;27,0;22,347920833333333;14,925;29,8;53,645829166666665;1,1913710416666667;2,32683;1;4;5;0,49999999999999994;0,8660254037844387;0,06875540848113941;0,9976335468520451;13,0;12,0;12,0;12,0;0;12,0;12,0;12,0;13,0;9,0;11,0;10,0;11,333333333333334;11,714285714285714;1,6035674514741287;9,0;14,0;-1,0;0,14;15,54;1,163885625;15,075;1;12,0;11,0;9,0;12,0;11,0;9,0
2025-01-05;12,0;0,11;12,5714;8,36;4,2068;32,0;25,4026375;18,4801;31,9;47,715275;1,1406917916666666;2,53777;1;5;6;0,49999999999999994;0,8660254037844387;0,08590610426133272;0,9963032375991965;12,0;11,0;12,0;12,0;0;12,0;12,0;12,0;12,0;13,0;9,0;12,0;12,333333333333334;11,714285714285714;1,6035674514741287;9,0;14,0;0,0;0,11;9,89;1,1913710416666667;14,925;1;11,0;9,0;11,0;11,0;9,0;11,0
2025-01-06;11,0;0,12;16,9279;10,52;6,41166;25,0;23,48195;17,9167;29,2417;53,40973333333333;1,350154208333333;2,53215;1;6;0;0,49999999999999994;0,8660254037844387;0,10303137904317879;0,9946781061893646;12,0;9,0;11,0;11,0;0;11,0;11,0;11,0;12,0;12,0;13,0;14,0;11,666666666666666;11,285714285714286;1,2535663410554554;9,0;13,0;-1,0;0,11;8,36;1,1406917916666666;18,4801;0;9,0;11,0;10,0;9,0;11,0;10,0
2025-01-07;9,0;0,11;12,9175;8,22;4,69639;17,0;19,021529166666667;14,3667;25,4;71,34798333333333;1,4871030416666666;2,50594;1;7;1;0,49999999999999994;0,8660254037844387;0,1201261651823505;0,9927586335250793;11,0;11,0;9,0;9,0;0;9,0;9,0;9,0;11,0;12,0;12,0;11,0;10,666666666666666;11,0;1,52752523165147;9,0;13,0;-2,0;0,12;10,52;1,350154208333333;17,9167;0;11,0;10,0;11,0;11,0;10,0;11,0
2025-01-08;11,0;0,13;18,1455;10,18;7,96723;21,0;21,1142375;14,075;29,0083;59,43751666666666;1,1632112916666666;2,75258;1;8;2;0,49999999999999994;0,8660254037844387;0,13718540405660057;0,9905453876091833;9,0;10,0;11,0;11,0;0;11,0;11,0;11,0;9,0;11,0;12,0;11,0;10,333333333333334;11,0;1,52752523165147;9,0;13,0;2,0;0,11;8,22;1,4871030416666666;14,3667;0;10,0;11,0;12,0;10,0;11,0;12,0
2025-01-09;10,0;0,14;24,0899;13,18;10,9059;22,0;23,58570416666667;15,1083;31,2667;47,7083375;1,1078826708333334;2,53936;1;9;3;0,49999999999999994;0,8660254037844387;0,1542040475626894;0,988039023376751;11,0;11,0;10,0;10,0;0;10,0;10,0;10,0;11,0;9,0;11,0;9,0;10,0;11,142857142857142;1,3451854182685659;9,0;13,0;-1,0;0,13;10,18;1,1632112916666666;14,075;0;11,0;12,0;11,0;11,0;12,0;11,0
2025-01-10;11,0;0,14;24,892;13,24;11,6536;23,0;24,38437083333333;16,125;32,1833;44,24652916666667;1,0811035729166667;2,83309;1;10;4;0,49999999999999994;0,8660254037844387;0,17117705961019986;0,985240282501282;10,0;12,0;11,0;11,0;0;11,0;11,0;11,0;10,0;11,0;9,0;13,0;10,666666666666666;10,857142857142858;1,069044967649005;9,0;12,0;1,0;0,14;13,18;1,1078826708333334;15,1083;0;12,0;11,0;10,0;12,0;11,0;10,0
2025-01-11;12,0;0,15;20,8225;13,47;7,35264;26,0;24,86102916666667;16,1417;33,2728;34,947916666666664;1,0169681166666666;2,57768;1;11;5;0,49999999999999994;0,8660254037844387;0,18809941761179758;0,9821499931752291;11,0;11,0;12,0;12,0;0;12,0;12,0;12,0;11,0;10,0;11,0;12,0;11,0;10,857142857142858;1,069044967649005;9,0;12,0;1,0;0,14;13,24;1,0811035729166667;16,125;1;11,0;10,0;10,0;11,0;10,0;10,0
2025-01-12;11,0;0,11;14,6929;10,01;4,67902;19,0;22,07496666666667;16,1917;27,4167;48,33334583333333;1,3396962958333332;2,80042;1;12;6;0,49999999999999994;0,8660254037844387;0,20496611396949532;0,9787690698649216;12,0;10,0;11,0;11,0;0;11,0;11,0;11,0;12,0;11,0;10,0;12,0;11,333333333333334;10,714285714285714;0,9511897312105513;9,0;12,0;-1,0;0,15;13,47;1,0169681166666666;16,1417;1;10,0;10,0;10,0;10,0;10,0;10,0
2025-01-13;10,0;0,11;14,5668;8,6;5,96375;21,0;21,658375000000003;14,6091;29,075;61,6947625;1,3122604583333333;2,39531;1;13;0;0,49999999999999994;0,8660254037844387;0,22177215755648186;0,975098513039961;11,0;10,0;10,0;10,0;0;10,0;10,0;10,0;11,0;12,0;11,0;11,0;11,0;10,571428571428571;0,9759000729477506;9,0;12,0;-1,0;0,11;10,01;1,3396962958333332;16,1917;0;10,0;10,0;6,0;10,0;10,0;6,0
2025-01-14;10,0;0,14;20,8075;11,45;9,35265;23,0;23,33785;16,075;30,4167;45,29513333333333;1,2806778333333333;2,69405;1;14;1;0,49999999999999994;0,8660254037844387;0,23851257519407648;0,9711394088771653;10,0;10,0;10,0;10,0;0;10,0;10,0;10,0;10,0;11,0;12,0;9,0;10,333333333333334;10,714285714285714;0,7559289460174597;10,0;12,0;0,0;0,11;8,6;1,3122604583333333;14,6091;0;10,0;6,0;10,0;10,0;6,0;10,0
2025-01-15;10,0;0,12;23,157;13,89;9,26698;21,0;23,815270833333333;15,2083;31,7333;37,1111125;1,030283208333333;2,32158;1;15;2;0,49999999999999994;0,8660254037844387;0,2551824131233728;0,9668929289391521;10,0;6,0;10,0;10,0;0;10,0;10,0;10,0;10,0;10,0;11,0;11,0;10,0;10,571428571428571;0,7867957924684723;10,0;12,0;0,0;0,14;11,45;1,2806778333333333;16,075;0;6,0;10,0;8,0;6,0;10,0;8,0
2025-01-16;6,0;0,1;15,2959;8,23;7,0656;17,0;24,712845833333333;18,0917;32,6333;44,1354125;1,09919175;2,34309;1;16;3;0,49999999999999994;0,8660254037844387;0,2717767384711357;0,9623603298276545;10,0;10,0;6,0;6,0;0;6,0;6,0;6,0;10,0;10,0;10,0;10,0;8,666666666666666;10,0;1,914854215512252;6,0;12,0;-4,0;0,12;13,89;1,030283208333333;15,2083;0;10,0;8,0;9,0;10,0;8,0;9,0
2025-01-17;10,0;0,12;22,4441;12,03;10,4163;21,0;23,297920833333333;15,5667;31,0167;35,80209166666666;1,1241697041666667;2,66789;1;17;4;0,49999999999999994;0,8660254037844387;0,2882906407095177;0,9575429528116719;6,0;8,0;10,0;10,0;0;10,0;10,0;10,0;6,0;10,0;10,0;11,0;8,666666666666666;9,857142857142858;1,8644544714711666;6,0;12,0;4,0;0,1;8,23;1,09919175;18,0917;0;8,0;9,0;11,0;8,0;9,0;11,0
2025-01-18;8,0;0,1;14,4233;9,09;5,32949;19,0;21,767704166666665;15,325;28,4833;36,48264583333333;1,2394061666666667;2,75048;1;18;5;0,49999999999999994;0,8660254037844387;0,3047192331091634;0,9524422234305676;10,0;9,0;8,0;8,0;0;8,0;8,0;8,0;10,0;6,0;10,0;12,0;8,0;9,285714285714286;1,704336206492181;6,0;11,0;-2,0;0,12;12,03;1,1241697041666667;15,5667;1;9,0;11,0;15,0;9,0;11,0;15,0
2025-01-19;9,0;0,11;15,3758;10,24;5,13388;26,0;23,457291666666663;13,3583;33,0417;30,444441666666663;0,8768960375;2,45831;1;19;6;0,49999999999999994;0,8660254037844387;0,321057654185271;0,9470596510722283;8,0;11,0;9,0;9,0;0;9,0;9,0;9,0;8,0;10,0;6,0;11,0;9,0;9,0;1,527525231651359;6,0;10,0;1,0;0,1;9,09;1,2394061666666667;15,325;1;11,0;15,0;9,0;11,0;15,0;9,0
2025-01-20;11,0;0,12;22,9857;13,26;9,72069;23,0;22,473325;14,7417;30,5583;41,190979166666665;1,1784348416666666;3,05707;1;20;0;0,49999999999999994;0,8660254037844387;0,3373010691361842;0,9413968285264122;9,0;15,0;11,0;11,0;0;11,0;11,0;11,0;9,0;8,0;10,0;10,0;9,333333333333334;9,142857142857142;1,6761634196945234;6,0;11,0;2,0;0,11;10,24;0,8768960375;13,3583;0;15,0;9,0;8,0;15,0;9,0;8,0
2025-01-21;15,0;0,16;24,5563;14,52;10,0332;21,0;21,0545125;13,8583;29,3333;53,2708375;1,303212541666667;2,84824;1;21;1;0,49999999999999994;0,8660254037844387;0,3534446712740877;0,9354554315134164;11,0;9,0;15,0;15,0;0;15,0;15,0;15,0;11,0;9,0;8,0;10,0;11,666666666666666;9,857142857142858;2,794552524022792;6,0;15,0;4,0;0,12;13,26;1,1784348416666666;14,7417;0;9,0;8,0;11,0;9,0;8,0;11,0
2025-01-22;9,0;0,11;18,8584;9,91;8,95102;15,0;20,14324583333333;14,35;27,0818;62,88888333333333;1,4450237083333333;2,84764;1;22;2;0,49999999999999994;0,8660254037844387;0,3694836834473831;0,9292372181882051;15,0;8,0;9,0;9,0;0;9,0;9,0;9,0;15,0;11,0;9,0;10,0;11,666666666666666;9,714285714285714;2,811540841737895;6,0;15,0;-6,0;0,16;14,52;1,303212541666667;13,8583;0;8,0;11,0;14,0;8,0;11,0;14,0
2025-01-23;8,0;0,11;19,914;11,91;8,00542;20,0;21,8566;13,4167;30,1917;49,642375;1,1798129166666669;2,40975;1;23;3;0,49999999999999994;0,8660254037844387;0,38541335945432564;0,9227440286201427;9,0;11,0;8,0;8,0;0;8,0;8,0;8,0;9,0;15,0;11,0;6,0;10,666666666666666;10,0;2,449489742782846;8,0;15,0;-1,0;0,11;9,91;1,4450237083333333;14,35;0;11,0;14,0;16,0;11,0;14,0;16,0
2025-01-24;11,0;0,14;23,5957;13,9;9,69176;26,0;24,422908333333336;15,5083;32,7083;44,26736666666667;0,8909026458333335;2,19694;1;24;4;0,49999999999999994;0,8660254037844387;0,4012289854475009;0,9159777842484877;8,0;14,0;11,0;11,0;0;11,0;11,0;11,0;8,0;9,0;15,0;10,0;9,333333333333334;10,142857142857142;2,478478796127887;8,0;15,0;3,0;0,11;11,91;1,1798129166666669;13,4167;0;14,0;16,0;12,0;14,0;16,0;12,0
2025-01-25;14,0;0,15;19,8457;13,38;6,46722;30,0;24,662983333333333;17,325;32,6365;36,61459583333333;1,04734895;2,76152;1;25;5;0,49999999999999994;0,8660254037844387;0,4169258813287287;0,908940487313808;11,0;16,0;14,0;14,0;0;14,0;14,0;14,0;11,0;8,0;9,0;8,0;11,0;11,0;2,645751311064315;8,0;15,0;3,0;0,14;13,9;0,8909026458333335;15,5083;1;16,0;12,0;11,0;16,0;12,0;11,0
2025-01-26;16,0;0,15;16,9684;11,21;5,75541;31,0;23,404175;15,9917;30,975;38,86459166666666;1,2244336458333334;2,96596;1;26;6;0,49999999999999994;0,8660254037844387;0,4324994021339788;0,901634220265486;14,0;12,0;16,0;16,0;0;16,0;16,0;16,0;14,0;11,0;8,0;9,0;13,666666666666666;12,0;3,0550504633036817;8,0;16,0;2,0;0,15;13,38;1,04734895;17,325;1;12,0;11,0;13,0;12,0;11,0;13,0
2025-01-27;12,0;0,14;24,8225;13,38;11,4429;23,0;23,692391666666666;15,1833;31,95;43,5833375;1,0059235416666663;2,38309;1;27;0;0,49999999999999994;0,8660254037844387;0,44794493940789115;0,8940611451454876;16,0;11,0;12,0;12,0;0;12,0;12,0;12,0;16,0;14,0;11,0;11,0;14,0;12,142857142857142;3,0237157840736075;8,0;16,0;-4,0;0,15;11,21;1,2244336458333334;15,9917;0;11,0;13,0;16,0;11,0;13,0;16,0
2025-01-28;11,0;0,13;23,7543;14,42;9,33412;24,0;24,4826375;16,7833;32,75;40,79864166666667;1,0284474041666667;2,45074;1;28;1;0,49999999999999994;0,8660254037844387;0,4632579225674917;0,88622350294858;12,0;13,0;11,0;11,0;0;11,0;11,0;11,0;12,0;16,0;14,0;15,0;13,0;11,571428571428571;2,76026223736917;8,0;16,0;-1,0;0,14;13,38;1,0059235416666663;15,1833;0;13,0;16,0;12,0;13,0;16,0;12,0
2025-01-29;13,0;0,15;34,2415;18,87;15,3735;23,0;23,13960833333333;16,1;30,6091;36,77084583333333;1,1927053291666667;2,88312;1;29;2;0,49999999999999994;0,8660254037844387;0,4784338202547012;0,8781236129591848;11,0;16,0;13,0;13,0;0;13,0;13,0;13,0;11,0;12,0;16,0;9,0;12,0;12,142857142857142;2,5448360411211577;8,0;16,0;2,0;0,13;14,42;1,0284474041666667;16,7833;0;16,0;12,0;10,0;16,0;12,0;10,0
2025-01-30;16,0;0,7630726857012986;52,280862093789956;20,46;31,82142759276369;21,0;21,9115125;14,8083;29,5182;51,06597083333333;1,1054041208333334;2,983;1;30;3;0,49999999999999994;0,8660254037844387;0,49346814167723735;0,8697638720650646;13,0;12,0;16,0;16,0;0;16,0;16,0;16,0;13,0;11,0;12,0;8,0;13,333333333333334;13,285714285714286;2,1380899352991416;11,0;16,0;3,0;0,15;18,87;1,1927053291666667;16,1;0;12,0;10,0;11,0;12,0;10,0;11,0
2025-01-31;12,0;0,7362039327663297;52,281121433626296;20,46;31,821429371405316;23,66286850325792;23,32079583333333;14,3917;31,5909;45,4236125;1,0230663083333331;2,62475;1;31;4;0,49999999999999994;0,8660254037844387;0,5083564379375122;0,8611467540480452;16,0;10,0;12,0;12,0;0;12,0;12,0;12,0;16,0;13,0;11,0;11,0;13,666666666666666;13,428571428571429;1,9880595947757431;11,0;16,0;-4,0;0,7630726857012986;20,46;1,1054041208333334;14,8083;0;10,0;11,0;9,0;10,0;11,0;9,0
2025-02-01;10,0;0,12;19,4649;12,59;6,87231;22,0;23,53020833333333;15,975;31,8;44,7743125;1,1344091208333331;2,53272;2;32;5;0,8660254037844386;0,5000000000000001;0,5230943033491326;0,8522748088519838;12,0;11,0;10,0;10,0;0;10,0;10,0;10,0;12,0;16,0;13,0;14,0;12,666666666666666;12,857142857142858;2,340126166724632;10,0;16,0;-2,0;0,7362039327663297;20,46;1,0230663083333331;14,3917;1;11,0;9,0;9,0;11,0;9,0;9,0
2025-02-02;11,0;0,13;15,4985;10,64;4,86305;22,0;23,0048625;15,3083;30,4917;45,51735833333333;1,138733195833333;2,47323;2;33;6;0,8660254037844386;0,5000000000000001;0,5376773767406141;0,8431506618282;10,0;9,0;11,0;11,0;0;11,0;11,0;11,0;10,0;12,0;16,0;16,0;11,0;12,142857142857142;1,9518001458967402;10,0;16,0;1,0;0,12;12,59;1,1344091208333331;15,975;1;9,0;9,0;10,0;9,0;9,0;10,0
2025-02-03;9,0;0,12;25,0054;14,21;10,7994;21,0;23,65912916666667;15,375;31,475;38,22916666666666;0,8990827499999999;1,99768;2;34;0;0,8660254037844386;0,5000000000000001;0,5521013427459208;0,8337770129585915;11,0;9,0;9,0;9,0;0;9,0;9,0;9,0;11,0;10,0;12,0;12,0;10,0;11,714285714285714;2,2886885410850235;9,0;16,0;-2,0;0,13;10,64;1,138733195833333;15,3083;0;9,0;10,0;10,0;9,0;10,0;10,0
2025-02-04;9,0;0,13;22,5783;14,83;7,74616;26,74834092065965;24,4020875;17,6417;31,5667;34,465275;1,0416864579166667;2,88195;2;35;1;0,8660254037844386;0,5000000000000001;0,5663619330814524;0,8241566360566663;9,0;10,0;9,0;9,0;0;9,0;9,0;9,0;9,0;11,0;10,0;11,0;9,666666666666666;11,428571428571429;2,507132682111757;9,0;16,0;0,0;0,12;14,21;0,8990827499999999;15,375;0;10,0;10,0;15,0;10,0;10,0;15,0
2025-02-05;10,0;0,13;27,1987;15,08;12,1212;27,39496829468265;24,413191666666663;15,6333;32,775;35,201391666666666;0,7851500333333333;2,18788;2;36;2;0,8660254037844386;0,5000000000000001;0,580454927809098;0,8142923779467267;9,0;10,0;10,0;10,0;0;10,0;10,0;10,0;9,0;9,0;11,0;13,0;9,333333333333334;11,0;2,4494897427828795;9,0;16,0;1,0;0,13;14,83;1,0416864579166667;17,6417;0;10,0;15,0;19,0;10,0;15,0;19,0
2025-02-06;10,0;0,13;53,493165876144985;21,672887700383562;31,82138866765467;26,962667795052838;24,8423625;16,4083;34,4;37,85069166666667;0,9130617;2,85963;2;37;3;0,8660254037844386;0,5000000000000001;0,5943761565849831;0,804187157621448;10,0;15,0;10,0;10,0;0;10,0;10,0;10,0;10,0;9,0;9,0;16,0;9,666666666666666;10,142857142857142;1,0690449676489469;9,0;12,0;0,0;0,13;15,08;0,7851500333333333;15,6333;0;15,0;19,0;19,0;15,0;19,0;19,0
2025-02-07;15,0;0,15;53,069767954857625;21,24900653334989;31,821396801136878;24,074556535091425;23,8784125;16,3417;30,95;41,91319583333333;1,071633608333333;2,63892;2;38;4;0,8660254037844386;0,5000000000000001;0,6081214998935418;0,7938439653781019;10,0;19,0;15,0;15,0;0;15,0;15,0;15,0;10,0;10,0;9,0;12,0;11,666666666666666;10,571428571428571;2,070196678026692;9,0;15,0;5,0;0,13;21,672887700383562;0,9130617;16,4083;0;19,0;19,0;13,0;19,0;19,0;13,0
2025-02-08;19,0;0,19;53,614419848043084;21,79406835476443;31,821390989985876;26,032857341646583;25,60625;16,6667;35,0333;44,9166625;0,6973748375;2,24556;2;39;5;0,8660254037844386;0,5000000000000001;0,6216868902665479;0,7832658619336791;15,0;19,0;19,0;19,0;0;19,0;19,0;19,0;15,0;10,0;10,0;10,0;14,666666666666666;11,857142857142858;3,7606990231678754;9,0;19,0;4,0;0,15;21,24900653334989;1,071633608333333;16,3417;1;19,0;13,0;18,0;19,0;13,0;18,0
2025-02-09;19,0;0,35;53,32685193414815;21,50616270649579;31,82140419358025;22,695094745106545;25,042016666666665;18,7833;30,675;46,79167916666666;1,2025463916666668;3,12688;2;40;6;0,8660254037844386;0,5000000000000001;0,6350683134867438;0,7724559775191742;19,0;13,0;19,0;19,0;0;19,0;19,0;19,0;19,0;15,0;10,0;11,0;17,666666666666668;13,0;4,582575694955715;9,0;19,0;0,0;0,19;21,79406835476443;0,6973748375;16,6667;1;13,0;18,0;16,0;13,0;18,0;16,0
2025-02-10;13,0;0,14;38,68000555933453;6,86;31,821352236917072;22,84659071327008;22,32048333333333;17,0833;28,325;58,39235416666667;1,2941447083333333;2,85534;2;41;0;0,8660254037844386;0,5000000000000001;0,6482618097757122;0,7614175109532997;19,0;18,0;13,0;13,0;0;13,0;13,0;13,0;19,0;19,0;15,0;9,0;17,0;13,571428571428571;4,237025012007824;9,0;19,0;-6,0;0,35;21,50616270649579;1,2025463916666668;18,7833;0;18,0;16,0;20,0;18,0;16,0;20,0
2025-02-11;18,0;0,15;44,900201346728764;13,08;31,821368933973112;23,807306172650556;22,7743;16,2167;30,0333;49,45835833333334;1,0248735583333335;2,61059;2;42;1;0,8660254037844386;0,5000000000000001;0,6612634749656386;0,7501537286959042;13,0;16,0;18,0;18,0;0;18,0;18,0;18,0;13,0;19,0;19,0;9,0;16,666666666666668;14,857142857142858;3,9761191895519135;10,0;19,0;5,0;0,14;6,86;1,2941447083333333;17,0833;0;16,0;20,0;16,0;16,0;20,0;16,0
2025-02-12;16,0;0,13;26,8357;17,17;9,66312;25,742089320234143;22,5857625;14,9583;29,95;31,69792083333333;0,9360010625;2,44595;2;43;2;0,8660254037844386;0,5000000000000001;0,6740694616546161;0,7386679638813748;18,0;20,0;16,0;16,0;0;16,0;16,0;16,0;18,0;13,0;19,0;10,0;15,666666666666666;15,714285714285714;3,3523268393899976;10,0;19,0;-2,0;0,15;13,08;1,0248735583333335;16,2167;0;20,0;16,0;10,0;20,0;16,0;10,0
2025-02-13;20,0;0,19;31,3076;19,19;12,1128;26,03693393149058;23,096966666666663;15,375;31,3273;34,885420833333335;1,0101793083333332;2,62089;2;44;3;0,8660254037844386;0,5000000000000001;0,6866759803451553;0,726963615332308;16,0;16,0;20,0;20,0;0;20,0;20,0;20,0;16,0;18,0;13,0;10,0;18,0;17,142857142857142;2,5448360411213136;13,0;20,0;4,0;0,13;17,17;0,9360010625;14,9583;0;16,0;10,0;11,0;16,0;10,0;11,0
2025-02-14;16,0;0,13;22,0119;14,88;7,12729;25,262225113430162;21,502791666666667;14,3167;29,0417;38,12153333333333;1,0177149833333334;2,6228;2;45;4;0,8660254037844386;0,5000000000000001;0,6990793005655562;0,7150441465537444;20,0;10,0;16,0;16,0;0;16,0;16,0;16,0;20,0;16,0;18,0;15,0;17,333333333333332;17,285714285714285;2,42997158517573;13,0;20,0;-4,0;0,19;19,19;1,0101793083333332;15,375;0;10,0;11,0;13,0;10,0;11,0;13,0
2025-02-15;10,0;0,11;17,2531;11,22;6,03292;24,32394700187848;18,950916666666668;12,3889;26,225;39,56944583333333;1,1921412208333333;2,67594;2;46;5;0,8660254037844386;0,5000000000000001;0,7112757519738152;0,7029130847082615;16,0;11,0;10,0;10,0;0;10,0;10,0;10,0;16,0;20,0;16,0;19,0;15,333333333333334;16,0;3,511884584284153;10,0;20,0;-6,0;0,13;14,88;1,0177149833333334;14,3167;1;11,0;13,0;12,0;11,0;13,0;12,0
2025-02-16;11,0;0,1;13,1424;9,43;3,71667;26,603536250989016;19,912154166666667;10,425;29,2167;46,51737083333333;0,9181699041666668;2,25089;2;47;6;0,8660254037844386;0,5000000000000001;0,7232617254437388;0,6905740195722293;10,0;13,0;11,0;11,0;0;11,0;11,0;11,0;10,0;16,0;20,0;19,0;12,333333333333334;14,857142857142858;3,6709931185157023;10,0;20,0;1,0;0,11;11,22;1,1921412208333333;12,3889;1;13,0;12,0;14,0;13,0;12,0;14,0
2025-02-17;13,0;0,12;21,5185;13,98;7,54285;26,3931893072105;22,17083333333333;13,6083;31,0083;42,66670833333333;0,8546218125;2,26651;2;48;0;0,8660254037844386;0,5000000000000001;0,7350336741329413;0,6780306024735382;11,0;12,0;13,0;13,0;0;13,0;13,0;13,0;11,0;10,0;16,0;13,0;11,333333333333334;14,857142857142858;3,6709931185157023;10,0;20,0;2,0;0,1;9,43;0,9181699041666668;10,425;0;12,0;14,0;12,0;12,0;14,0;12,0
2025-02-18;12,0;0,19;32,4811;18,15;14,3322;26,349040000256018;22,3614625;14,3667;31,2917;36,2708375;0,9334168708333332;2,89578;2;49;1;0,8660254037844386;0,5000000000000001;0,746588114532413;0,6652865452111116;13,0;14,0;12,0;12,0;0;12,0;12,0;12,0;13,0;11,0;10,0;18,0;12,0;14,0;3,5118845842841084;10,0;20,0;-1,0;0,12;13,98;0,8546218125;13,6083;0;14,0;12,0;12,0;14,0;12,0;12,0
2025-02-19;14,0;0,12;19,7323;12,14;7,59125;22,0;19,05593333333333;13,175;26,075;59,61111666666667;1,2118529999999998;2,41856;2;50;2;0,8660254037844386;0,5000000000000001;0,7579216274973472;0,6523456189565257;12,0;12,0;14,0;14,0;0;14,0;14,0;14,0;12,0;13,0;11,0;16,0;13,0;13,714285714285714;3,4016802570828966;10,0;20,0;2,0;0,19;18,15;0,9334168708333332;14,3667;0;12,0;12,0;12,0;12,0;12,0;12,0
2025-02-20;12,0;0,14;25,7153;14,53;11,186;24,0;20,56007083333333;13,0833;29,8;58,71875416666666;1,0758128333333332;2,63019;2;51;3;0,8660254037844386;0,5000000000000001;0,7690308592589181;0,6392116531380588;14,0;12,0;12,0;12,0;0;12,0;12,0;12,0;14,0;12,0;13,0;20,0;12,666666666666666;12,571428571428571;1,9880595947757111;10,0;16,0;-2,0;0,12;12,14;1,2118529999999998;13,175;0;12,0;12,0;8,0;12,0;12,0;8,0
2025-02-21;12,0;0,17;29,9028;17,27;12,6287;26,0;23,096866666666667;14,2;31,95;50,28819583333333;0,8870983708333333;2,50574;2;52;4;0,8660254037844386;0,5000000000000001;0,7799125224167177;0,6258885343075018;12,0;12,0;12,0;12,0;0;12,0;12,0;12,0;12,0;14,0;12,0;16,0;12,666666666666666;12,0;1,2909944487353118;10,0;14,0;0,0;0,14;14,53;1,0758128333333332;13,0833;0;12,0;8,0;9,0;12,0;8,0;9,0
2025-02-22;12,0;0,18;28,9524;17,86;11,0881;28,0;24,621641666666665;15,7333;32,5917;44,17360416666667;0,8742457541666666;2,3556;2;53;5;0,8660254037844386;0,5000000000000001;0,7905633969115482;0,612380204990065;12,0;8,0;12,0;12,0;0;12,0;12,0;12,0;12,0;12,0;14,0;10,0;12,0;12,285714285714286;0,9511897312106945;11,0;14,0;0,0;0,17;17,27;0,8870983708333333;14,2;1;8,0;9,0;9,0;8,0;9,0;
2025-02-23;8,0;0,13;15,9852;10,79;5,19708;27,0;24,863191666666665;16,6333;33,2583;39,51388333333333;0,9037434583333334;2,33257;2;54;6;0,8660254037844386;0,5000000000000001;0,8009803309782905;0,5986906625177214;12,0;9,0;8,0;8,0;0;8,0;8,0;8,0;12,0;12,0;12,0;11,0;10,666666666666666;11,857142857142858;1,864454471471261;8,0;14,0;-4,0;0,18;17,86;0,8742457541666666;15,7333;1;9,0;9,0;10,0;9,0;;10,0
2025-02-24;9,0;0,14;22,0934;14,1;7,99618;20,0;24,6187875;15,7;32,825;43,65972083333333;0,7852030541666667;2,01094;2;55;0;0,8660254037844386;0,5000000000000001;0,8111602420785621;0,5848239578463322;8,0;;9,0;9,0;0;9,0;9,0;9,0;8,0;12,0;12,0;13,0;9,666666666666666;11,285714285714286;2,0586634591632147;8,0;14,0;1,0;0,13;10,79;0,9037434583333334;16,6333;0;9,0;10,0;15,0;;10,0;15,0
2025-02-25;;0,8567887799428575;54,65695287361086;22,836816657664116;31,821424121335998;20,761069492875812;23,127075;16,9083;31,65;50,7812625;0,5596746125;2,21531;2;56;1;0,8660254037844386;0,5000000000000001;0,8211001178128892;0,5707841943569036;9,0;10,0;;;0;;9,0;9,0;9,0;8,0;12,0;12,0;8,666666666666666;10,857142857142858;2,193062655174803;8,0;14,0;0,0;0,14;14,1;0,7852030541666667;15,7;0;10,0;15,0;8,0;10,0;15,0;8,0
2025-02-26;10,0;0,21;40,7875;20,76;20,0272;25,0;23,97395416666667;16,1083;32,5667;34,614583333333336;0,97337515;2,47196;2;57;2;0,8660254037844386;0,5000000000000001;0,8307970168121247;0,5565755266413303;;15,0;10,0;10,0;0;10,0;10,0;10,0;9,0;9,0;8,0;14,0;9,333333333333334;10,285714285714286;1,7043362064922423;8,0;12,0;1,0;0,8567887799428575;22,836816657664116;0,5596746125;16,9083;0;15,0;8,0;7,0;15,0;8,0;7,0
2025-02-27;15,0;0,21;33,4551;19,46;13,9993;23,0;21,77730833333333;14,9333;29,0818;40,65625;1,118838195833333;2,7086;2;58;3;0,8660254037844386;0,5000000000000001;0,8402480696078469;0,5422021592729844;10,0;8,0;15,0;15,0;0;15,0;15,0;15,0;10,0;9,0;9,0;12,0;11,333333333333334;10,714285714285714;2,4299715851755206;8,0;15,0;5,0;0,21;20,76;0,97337515;16,1083;0;8,0;7,0;6,0;8,0;7,0;6,0
2025-02-28;8,0;0,16;17,4668;11,66;5,81097;18,0;20,544791666666665;15,275;27,175;53,451391666666666;1,265876791666667;2,26047;2;59;4;0,8660254037844386;0,5000000000000001;0,8494504794814806;0,527668345562516;15,0;7,0;8,0;8,0;0;8,0;8,0;8,0;15,0;10,0;9,0;12,0;11,0;10,142857142857142;2,544836041121101;8,0;15,0;-7,0;0,21;19,46;1,118838195833333;14,9333;0;7,0;6,0;6,0;7,0;6,0;6,0
2025-03-01;7,0;0,14;15,3394;8,46;6,88292;18,0;20,630804166666667;13,9083;27,95;64,26387916666667;1,229197875;2,65995;3;60;5;1,0;6,123233995736766e-17;0,8584015232918917;0,512978386299228;8,0;6,0;7,0;7,0;0;7,0;7,0;7,0;8,0;15,0;10,0;12,0;10,0;9,428571428571429;2,636736799981994;7,0;15,0;-1,0;0,16;11,66;1,265876791666667;15,275;1;6,0;6,0;9,0;6,0;6,0;9,0
2025-03-02;6,0;0,13;12,1378;7,74;4,39549;14,0;18,8857625;13,3333;24,6417;66,659725;1,228647875;2,72879;3;61;6;1,0;6,123233995736766e-17;0,8670985522812081;0,4981366284784055;7,0;6,0;6,0;6,0;0;6,0;6,0;6,0;7,0;8,0;15,0;8,0;7,0;9,142857142857142;2,9113897843107104;6,0;15,0;-1,0;0,14;8,46;1,229197875;13,9083;1;6,0;9,0;9,0;6,0;9,0;9,0
2025-03-03;6,0;0,18;23,8123;12,33;11,4871;23,640870106668352;20,313575;12,2667;28,5333;55,65279999999999;0,8383275833333333;2,19087;3;62;0;1,0;6,123233995736766e-17;0,8755389928586302;0,4831474640149687;6,0;9,0;6,0;6,0;0;6,0;6,0;6,0;6,0;7,0;8,0;9,0;6,333333333333333;8,714285714285714;3,1471831698774904;6,0;15,0;0,0;0,13;7,74;1,228647875;13,3333;0;9,0;9,0;8,0;9,0;9,0;8,0
2025-03-04;9,0;0,18;27,1651;14,2;12,9616;24,14408648944906;21,631941666666663;13,4583;29,6333;50,8229125;0,8180128708333333;2,06282;3;63;1;1,0;6,123233995736766e-17;0,8837203473619977;0,4680153284438345;6,0;9,0;9,0;9,0;0;9,0;9,0;9,0;6,0;6,0;7,0;9,0;7,0;8,714285714285714;3,1471831698774904;6,0;15,0;3,0;0,18;12,33;0,8383275833333333;12,2667;0;9,0;8,0;6,0;9,0;8,0;6,0
2025-03-05;9,0;0,17;24,9326;14,06;10,872;24,37088979774619;21,72465833333333;14,475;29,1417;47,47222083333333;1,0531615208333334;2,50287;3;64;2;1,0;6,123233995736766e-17;0,8916401947968874;0,45274469960737107;9,0;8,0;9,0;9,0;0;9,0;9,0;9,0;9,0;6,0;6,0;10,0;8,0;8,571428571428571;3,1014589500823346;6,0;15,0;0,0;0,18;14,2;0,8180128708333333;13,4583;0;8,0;6,0;7,0;8,0;6,0;7,0
2025-03-06;8,0;0,18;22,7734;12,47;10,3065;21,16711984123422;19,487154166666667;14,15;26,0917;60,309045833333336;1,2019335291666666;2,40224;3;65;3;1,0;6,123233995736766e-17;0,8992961915530253;0,4373400963303323;9,0;6,0;8,0;8,0;0;8,0;8,0;8,0;9,0;9,0;6,0;15,0;8,666666666666666;7,571428571428571;1,2724180205599338;6,0;9,0;-1,0;0,17;14,06;1,0531615208333334;14,475;0;6,0;7,0;10,0;6,0;7,0;10,0
2025-03-07;6,0;0,17;19,8173;12,69;7,12611;21,580322462704135;20,1257;14,1667;26,9583;62,39237083333333;0,990315725;2,39269;3;66;4;1,0;6,123233995736766e-17;0,9066860720977985;0,4218060770826634;8,0;7,0;6,0;6,0;0;6,0;6,0;6,0;8,0;9,0;9,0;8,0;7,666666666666667;7,285714285714286;1,3801311186839822;6,0;9,0;-2,0;0,18;12,47;1,2019335291666666;14,15;0;7,0;10,0;13,0;7,0;10,0;13,0
2025-03-08;7,0;0,19;19,3769;13,38;5,99514;20,0;21,849316666666667;14,0333;30,05;52,53787916666667;0,7128643208333334;2,03012;3;67;5;1,0;6,123233995736766e-17;0,9138076496466615;0,4061472386305789;6,0;10,0;7,0;7,0;0;7,0;7,0;7,0;6,0;8,0;9,0;7,0;7,0;7,285714285714286;1,3801311186839822;6,0;9,0;1,0;0,17;12,69;0,990315725;14,1667;1;10,0;13,0;11,0;10,0;13,0;11,0
2025-03-09;10,0;0,24;20,7594;14,31;6,45437;29,0;22,476041666666664;14,0417;31,575;42,1423625;0,81643755;2,04934;3;68;6;1,0;6,123233995736766e-17;0,9206588168102428;0,3903682146763026;7,0;13,0;10,0;10,0;0;10,0;10,0;10,0;7,0;6,0;8,0;6,0;7,666666666666667;7,857142857142857;1,573591584938278;6,0;10,0;3,0;0,19;13,38;0,7128643208333334;14,0333;1;13,0;11,0;16,0;13,0;11,0;16,0
2025-03-10;13,0;0,27;36,0251;19,39;16,6331;27,0;21,47500416666667;14,0417;29,1833;45,50694166666667;0,7932387041666668;2,24773;3;69;0;1,0;6,123233995736766e-17;0,9272375462179537;0,374473674486883;10,0;11,0;13,0;13,0;0;13,0;13,0;13,0;10,0;7,0;6,0;6,0;10,0;8,857142857142858;2,267786838054976;6,0;13,0;3,0;0,24;14,31;0,81643755;14,0417;0;11,0;16,0;15,0;11,0;16,0;15,0
2025-03-11;11,0;0,22;30,8649;19,63;11,2368;24,0;22,5743;14,4083;31,3333;45,177083333333336;0,7858103750000001;2,08293;3;70;1;1,0;6,123233995736766e-17;0,9335418911179212;0,35846832151248087;13,0;16,0;11,0;11,0;0;11,0;11,0;11,0;13,0;10,0;7,0;9,0;11,333333333333334;9,142857142857142;2,4102953780651237;6,0;13,0;-2,0;0,27;19,39;0,7932387041666668;14,0417;0;16,0;15,0;14,0;16,0;15,0;14,0
2025-03-12;16,0;0,29;42,7201;22,98;19,7415;28,0;23,176391666666664;14,9583;31,975;44,222225;0,7712993625000001;2,41203;3;71;2;1,0;6,123233995736766e-17;0,9395699859530622;0,342356891994542;11,0;15,0;16,0;16,0;0;16,0;16,0;16,0;11,0;13,0;10,0;9,0;13,333333333333334;10,142857142857142;3,5321651258383886;6,0;16,0;5,0;0,22;19,63;0,7858103750000001;14,4083;0;15,0;14,0;13,0;15,0;14,0;13,0
2025-03-13;15,0;0,25;36,4903;22,47;14,0158;26,0;21,731941666666668;14,4083;29,8167;46,378475;0,9480269041666666;2,87597;3;72;3;1,0;6,123233995736766e-17;0,945320046913132;0,3261441535642696;16,0;14,0;15,0;15,0;0;15,0;15,0;15,0;16,0;11,0;13,0;8,0;14,0;11,142857142857142;3,804758924845183;6,0;16,0;-1,0;0,29;22,98;0,7712993625000001;14,9583;0;14,0;13,0;11,0;14,0;13,0;11,0
2025-03-14;14,0;0,16;20,1526;15,45;4,69771;19,0;17,24792916666667;11,875;23,3417;72,21527083333334;1,2265937916666667;2,34968;3;73;4;1,0;6,123233995736766e-17;0,9507903724625832;0,3098349038318025;15,0;13,0;14,0;14,0;0;14,0;14,0;14,0;15,0;16,0;11,0;6,0;15,0;12,285714285714286;3,1471831698775783;7,0;16,0;-1,0;0,25;22,47;0,9480269041666666;14,4083;0;13,0;11,0;14,0;13,0;11,0;14,0
2025-03-15;13,0;0,18;14,3171;10,99;3,33062;22,0;17,03472916666667;13,1333;22,7083;73,46182083333333;1,006974458333333;1,8556;3;74;5;1,0;6,123233995736766e-17;0,9559793438440766;0,2934339689665273;14,0;11,0;13,0;13,0;0;13,0;13,0;13,0;14,0;15,0;16,0;7,0;14,0;13,142857142857142;2,1157009420495574;10,0;16,0;-1,0;0,16;15,45;1,2265937916666667;11,875;1;11,0;14,0;16,0;11,0;14,0;16,0
2025-03-16;11,0;0,2;17,1388;12,32;4,81684;24,0;19,680904166666668;11,0167;28,6083;59,91666666666666;0,7994102083333333;2,06236;3;75;6;1,0;6,123233995736766e-17;0,9608854255574977;0,27694620226893646;13,0;14,0;11,0;11,0;0;11,0;11,0;11,0;13,0;14,0;15,0;10,0;12,666666666666666;13,285714285714286;1,889822365045853;11,0;16,0;-2,0;0,18;10,99;1,006974458333333;13,1333;1;14,0;16,0;13,0;14,0;16,0;13,0
2025-03-17;14,0;0,29;39,1843;23,55;15,6344;22,0;21,95590833333333;13,3417;31,2667;50,062491666666666;0,5653568375;2,04014;3;76;0;1,0;6,123233995736766e-17;0,9655071658143364;0,2603764827344581;11,0;16,0;14,0;14,0;0;14,0;14,0;14,0;11,0;13,0;14,0;13,0;12,666666666666666;13,428571428571429;1,9023794624224082;11,0;16,0;3,0;0,2;12,32;0,7994102083333333;11,0167;0;16,0;13,0;13,0;16,0;13,0;13,0
2025-03-18;16,0;0,44;59,3399;28,61;30,7349;24,0;23,002770833333333;14,1917;33,8583;40,39236666666667;0,6950271250000001;2,29238;3;77;1;1,0;6,123233995736766e-17;0,969843196967294;0,24372971360968387;14,0;13,0;16,0;16,0;0;16,0;16,0;16,0;14,0;11,0;13,0;11,0;13,666666666666666;14,142857142857142;1,772810520855573;11,0;16,0;2,0;0,29;23,55;0,5653568375;13,3417;0;13,0;13,0;15,0;13,0;13,0;15,0
2025-03-19;13,0;0,2;37,9837;19,98;18,0026;18,0;18,828120833333333;13,7167;24,75;56,01390416666666;1,1214148041666667;2,58029;3;78;2;1,0;6,123233995736766e-17;0,9738922359149924;0,22701082094141847;16,0;13,0;13,0;13,0;0;13,0;13,0;13,0;16,0;14,0;11,0;16,0;14,333333333333334;13,714285714285714;1,6035674514742335;11,0;16,0;-3,0;0,44;28,61;0,6950271250000001;14,1917;0;13,0;15,0;11,0;13,0;15,0;11,0
2025-03-20;13,0;0,26;30,8496;18,96;11,8944;22,0;18,894795833333333;11,925;26,5417;64,95139166666667;0,8912022583333333;2,27626;3;79;3;1,0;6,123233995736766e-17;0,9776530844816641;0,2102247521189836;13,0;15,0;13,0;13,0;0;13,0;13,0;13,0;13,0;16,0;14,0;15,0;14,0;13,428571428571429;1,511857892036562;11,0;16,0;0,0;0,2;19,98;1,1214148041666667;13,7167;0;15,0;11,0;15,0;15,0;11,0;15,0
2025-03-21;15,0;0,37;43,7873;23,74;20,0426;22,0;21,212816666666665;13,7909;29,2667;56,26735833333333;0,6598334874999999;1,85697;3;80;4;1,0;6,123233995736766e-17;0,981124629771712;0,19337647441020586;13,0;11,0;15,0;15,0;0;15,0;15,0;15,0;13,0;13,0;16,0;14,0;13,666666666666666;13,571428571428571;1,6183471874250572;11,0;16,0;2,0;0,26;18,96;0,8912022583333333;11,925;0;11,0;15,0;15,0;11,0;15,0;15,0
2025-03-22;11,0;0,24;29,682;15,53;14,1516;23,0;21,41667083333333;14,7167;28,675;55,55555416666667;0,8613296208333333;2,07683;3;81;5;1,0;6,123233995736766e-17;0,984305844499033;0,17647097349152166;15,0;15,0;11,0;11,0;0;11,0;11,0;11,0;15,0;13,0;13,0;13,0;13,0;13,285714285714286;1,8898223650458525;11,0;16,0;-4,0;0,37;23,74;0,6598334874999999;13,7909;1;15,0;15,0;14,0;15,0;15,0;14,0
2025-03-23;15,0;0,19;17,9107;13,07;4,83938;22,0;18,660416666666663;13,45;25,5917;55,697920833333335;1,058381754166667;2,48721;3;82;6;1,0;6,123233995736766e-17;0,9871957872910085;0,15951325197263655;11,0;15,0;15,0;15,0;0;15,0;15,0;15,0;11,0;15,0;13,0;11,0;13,666666666666666;13,857142857142858;1,676163419694759;11,0;16,0;4,0;0,24;15,53;0,8613296208333333;14,7167;1;15,0;14,0;20,0;15,0;14,0;20,0
2025-03-24;15,0;0,17;26,4485;16,67;9,77409;20,0;16,762149166666667;9,49165;24,2;52,854175;0,8422460833333333;2,2011;3;83;0;1,0;6,123233995736766e-17;0,9897936029670716;0,14250832791617088;15,0;14,0;15,0;15,0;0;15,0;15,0;15,0;15,0;11,0;15,0;14,0;13,666666666666666;14,0;1,7320508075686007;11,0;16,0;0,0;0,19;13,07;1,058381754166667;13,45;0;14,0;20,0;18,0;14,0;20,0;18,0
2025-03-25;14,0;0,18;22,5857;14,87;7,71521;20,0;15,515633333333334;11,3167;21,325;62,13540833333334;0,9848942541666666;2,07763;3;84;1;1,0;6,123233995736766e-17;0,992098522791769;0,12546123335273648;15,0;20,0;14,0;14,0;0;14,0;14,0;14,0;15,0;15,0;11,0;16,0;14,666666666666666;13,714285714285714;1,496026483085856;11,0;15,0;-1,0;0,17;16,67;0,8422460833333333;9,49165;0;20,0;18,0;22,0;20,0;18,0;22,0
2025-03-26;20,0;0,29;40,3826;22,35;18,0345;22,0;17,534716666666665;10,0083;27,425;57,57639583333333;0,6631229875;1,85894;3;85;2;1,0;6,123233995736766e-17;0,9941098647022418;0,10837701279187609;14,0;18,0;20,0;20,0;0;20,0;20,0;20,0;14,0;15,0;15,0;13,0;16,333333333333332;14,714285714285714;2,7516228977510213;11,0;20,0;6,0;0,18;14,87;0,9848942541666666;11,3167;0;18,0;22,0;22,0;18,0;22,0;22,0
2025-03-27;18,0;0,18;19,7559;15,66;4,09681;25,0;16,6572875;13,1;23,0083;59,09722083333333;0,8394925208333334;1,7397;3;86;3;1,0;6,123233995736766e-17;0,9958270335100595;0,09126072172931188;20,0;22,0;18,0;18,0;0;18,0;18,0;18,0;20,0;14,0;15,0;13,0;17,333333333333332;15,428571428571429;2,8784916685155713;11,0;20,0;-2,0;0,29;22,35;0,6631229875;10,0083;0;22,0;22,0;5,0;22,0;22,0;5,0
2025-03-28;22,0;0,35;44,9124;27,11;17,7983;18,0;16,523258333333334;9,51671;23,3333;64,5729875;0,4692065375;1,34118;3;87;4;1,0;6,123233995736766e-17;0,9972495210773451;0,07411742515094437;18,0;22,0;22,0;22,0;0;22,0;22,0;22,0;18,0;20,0;14,0;15,0;20,0;16,428571428571427;3,779644730092197;11,0;22,0;4,0;0,18;15,66;0,8394925208333334;13,1;0;22,0;5,0;13,0;22,0;5,0;13,0
2025-03-29;22,0;0,59;50,2461;22,81;27,4388;20,0;18,188541666666666;11,875;26,3417;62,04861666666667;0,9382549208333332;2,5431;3;88;5;1,0;6,123233995736766e-17;0,998376906467142;0,056952196034039754;22,0;5,0;22,0;22,0;0;22,0;22,0;22,0;22,0;18,0;20,0;11,0;20,666666666666668;18,0;3,41565025531982;14,0;22,0;0,0;0,35;27,11;0,4692065375;9,51671;1;5,0;13,0;13,0;5,0;13,0;
2025-03-30;5,0;0,18;17,1138;10,85;6,26549;8,0;12,8291625;11,0583;15,1833;83,48957916666667;0,5577310666666667;1,48242;3;89;6;1,0;6,123233995736766e-17;0,9992088560679753;0,03977011384605572;22,0;13,0;5,0;5,0;0;5,0;5,0;5,0;22,0;22,0;18,0;15,0;16,333333333333332;16,571428571428573;5,996030432909794;5,0;22,0;-17,0;0,59;22,81;0,9382549208333332;11,875;1;13,0;13,0;13,0;13,0;;
2025-03-31;13,0;0,36;54,1172;22,28;31,8375;10,0;14,034379583333331;8,46667;22,6833;65,03125;0,4199030666666667;1,50227;3;90;0;1,0;6,123233995736766e-17;0,9997451236925734;0,022576263041545485;5,0;;13,0;13,0;0;13,0;13,0;13,0;5,0;22,0;22,0;15,0;13,333333333333334;16,285714285714285;6,129553700835648;5,0;22,0;8,0;0,18;10,85;0,5577310666666667;11,0583;0;13,0;13,0;13,0;;;
2025-04-01;;0,59;91,0249;31,96;59,0623;11,0;15,222575;9,05;23,75;56,87152916666667;0,4813871958333333;1,33538;4;91;1;0,8660254037844387;-0,4999999999999998;0,9999855506507186;0,005375731557583884;13,0;;;;0;;13,0;13,0;13,0;5,0;22,0;14,0;10,333333333333334;16,142857142857142;6,202917900165201;5,0;22,0;0,0;0,36;22,28;0,4199030666666667;8,46667;0;13,0;13,0;13,0;;;
2025-04-02;;0,57;92,2798;36,55;55,7308;13,0;16,3836875;8,49167;25,8667;51,57291666666666;0,5275022583333333;1,89472;4;92;2;0,8660254037844387;-0,4999999999999998;0,9999300657962057;-0,011826390691832589;;;;;0;;13,0;13,0;13,0;13,0;5,0;20,0;13,0;15,142857142857142;6,039552175135978;5,0;22,0;0,0;0,59;31,96;0,4813871958333333;9,05;0;13,0;13,0;16,0;;;16,0
2025-04-03;;0,69;100,785;38,61;62,1754;15,0;18,346179166666666;9,10001;28,7667;42,388891666666666;0,4750400041666667;1,28454;4;93;3;0,8660254037844387;-0,4999999999999998;0,9995786855478958;-0,029025013321975237;;;;;0;;13,0;13,0;13,0;13,0;13,0;18,0;13,0;14,428571428571429;5,940177967511868;5,0;22,0;0,0;0,57;36,55;0,5275022583333333;8,49167;0;13,0;16,0;13,0;;16,0;13,0
2025-04-04;;0,5;79,7365;34,56;45,173;21,0;19,4385375;10,725;28,2833;44,020833333333336;0,7491407083333333;2,10402;4;94;4;0,8660254037844387;-0,4999999999999998;0,9989315138848577;-0,046215046983708354;;16,0;;;0;;13,0;13,0;13,0;13,0;13,0;22,0;13,0;13,142857142857142;4,913538149119847;5,0;22,0;0,0;0,69;38,61;0,4750400041666667;9,10001;0;16,0;13,0;18,0;16,0;13,0;18,0
2025-04-05;16,0;0,21;26,8569;14,73;12,1317;11,0;13,066327916666667;9,45;17,3667;82,25000833333333;1,054447375;2,08413;4;95;5;0,8660254037844387;-0,4999999999999998;0,9979887423155984;-0,06339140486951038;;13,0;16,0;16,0;0;16,0;16,0;16,0;13,0;13,0;13,0;22,0;14,0;12,285714285714286;3,401680257082872;5,0;16,0;3,0;0,5;34,56;0,7491407083333333;10,725;1;13,0;18,0;21,0;13,0;18,0;21,0
2025-04-06;13,0;0,15;13,9476;10,84;3,1075;21,0;15,446533333333331;12,0167;22,1583;69,621525;0,7948037499999999;2,11239;4;96;6;0,8660254037844387;-0,4999999999999998;0,9967506498213929;-0,08054900421874167;16,0;18,0;13,0;13,0;0;13,0;13,0;13,0;16,0;13,0;13,0;5,0;14,0;13,428571428571429;1,1338934190272374;13,0;16,0;-3,0;0,21;14,73;1,054447375;9,45;1;18,0;21,0;27,0;18,0;21,0;27,0
2025-04-07;18,0;0,53;71,9305;33,86;38,0661;15,0;18,047225;9,22501;28,3833;57,24999583333334;0,4226125041666666;1,59154;4;97;0;0,8660254037844387;-0,4999999999999998;0,9952176027737294;-0,09768276782171598;13,0;21,0;18,0;18,0;0;18,0;18,0;18,0;13,0;16,0;13,0;13,0;15,666666666666666;14,142857142857142;2,0354009783962086;13,0;18,0;5,0;0,15;10,84;0,7948037499999999;12,0167;0;21,0;27,0;17,0;21,0;27,0;17,0
2025-04-08;21,0;0,46;70,2506;28,66;41,5924;20,0;17,673958333333335;10,8417;26,3333;56,76736666666667;0,8741279166666667;2,32556;4;98;1;0,8660254037844387;-0,4999999999999998;0,9933900548258936;-0,11478762552212701;18,0;27,0;21,0;21,0;0;21,0;21,0;21,0;18,0;13,0;16,0;13,0;17,333333333333332;15,285714285714286;3,1997023671108082;13,0;21,0;3,0;0,53;33,86;0,4226125041666666;9,22501;0;27,0;17,0;11,0;27,0;17,0;11,0
2025-04-09;27,0;0,24;29,1708;20,05;9,12244;16,0;14,073266666666669;10,775;21,95;81,18055416666667;1,0593049583333334;2,19984;4;99;2;0,8660254037844387;-0,4999999999999998;0,9912685467787256;-0,13185851571739118;21,0;17,0;27,0;27,0;0;27,0;27,0;27,0;21,0;18,0;13,0;13,0;22,0;17,285714285714285;5,2508502712825615;13,0;27,0;6,0;0,46;28,66;0,8741279166666667;10,8417;0;17,0;11,0;21,0;17,0;11,0;21,0
2025-04-10;17,0;0,2;23,8725;17,66;6,21;14,0;14,79375;12,2833;19,0583;74,24305833333334;0,8426130833333333;1,78748;4;100;3;0,8660254037844387;-0,4999999999999998;0,9888537064205885;-0,1488903868564548;27,0;11,0;17,0;17,0;0;17,0;17,0;17,0;27,0;21,0;18,0;13,0;21,666666666666668;17,857142857142858;4,913538149119919;13,0;27,0;-10,0;0,24;20,05;1,0593049583333334;10,775;0;11,0;21,0;21,0;11,0;21,0;21,0
2025-04-11;11,0;0,16;26,1486;17,8;8,34563;6,0;13,252083333333331;9,5;17,05;78,31597083333334;0,701472;1,30289;4;101;4;0,8660254037844387;-0,4999999999999998;0,986146248341595;-0,16587819893463143;17,0;21,0;11,0;11,0;0;11,0;11,0;11,0;17,0;27,0;21,0;13,0;18,333333333333332;17,571428571428573;5,287001130355522;11,0;27,0;-6,0;0,2;17,66;0,8426130833333333;12,2833;0;21,0;21,0;11,0;21,0;21,0;11,0
2025-04-12;21,0;0,52;52,0925;25,09;27,0055;16,0;14,589932500000002;6,8;24,2167;61,6770875;0,3602416333333333;1,5564;4;102;5;0,8660254037844387;-0,4999999999999998;0,9831469737221499;-0,1828169249850199;11,0;21,0;21,0;21,0;0;21,0;21,0;21,0;11,0;17,0;27,0;16,0;16,333333333333332;18,285714285714285;5,376314900074364;11,0;27,0;10,0;0,16;17,8;0,701472;9,5;1;21,0;11,0;14,0;21,0;11,0;14,0
2025-04-13;21,0;0,7;62,1272;23,44;38,6859;22,0;16,392710416666667;8,51668;24,6917;50,166670833333335;0,718184625;1,93614;4;103;6;0,8660254037844387;-0,4999999999999998;0,9798567700958665;-0,1997015525660636;21,0;11,0;21,0;21,0;0;21,0;21,0;21,0;21,0;11,0;17,0;13,0;17,666666666666668;19,428571428571427;4,894116973712504;11,0;27,0;0,0;0,52;25,09;0,3602416333333333;6,8;1;11,0;14,0;14,0;11,0;14,0;14,0
2025-04-14;11,0;0,17;33,2881;21,47;11,8176;12,0;14,58957625;8,20833;22,2333;57,54861666666667;0,6433291208333333;2,40592;4;104;0;0,8660254037844387;-0,4999999999999998;0,9762766110869321;-0,21652708524481437;21,0;14,0;11,0;11,0;0;11,0;11,0;11,0;21,0;21,0;11,0;18,0;17,666666666666668;18,428571428571427;5,855400437691176;11,0;27,0;-10,0;0,7;23,44;0,718184625;8,51668;0;14,0;14,0;17,0;14,0;14,0;17,0
2025-04-15;14,0;0,26;44,8687;25,19;19,679;14,0;15,689239166666669;8,25833;24,175;62,50694583333333;0,5682064541666667;1,77862;4;105;1;0,8660254037844387;-0,4999999999999998;0,9724075561219968;-0,23328854407545518;11,0;14,0;14,0;14,0;0;14,0;14,0;14,0;11,0;21,0;21,0;21,0;15,333333333333334;17,428571428571427;5,9401779675119055;11,0;27,0;3,0;0,17;21,47;0,6433291208333333;8,20833;0;14,0;17,0;25,0;14,0;17,0;25,0
2025-04-16;14,0;0,3;46,7729;26,2;20,5762;15,0;16,21527125;9,44167;24,0;59,06596666666667;0,5244166124999999;1,6574;4;106;2;0,8660254037844387;-0,4999999999999998;0,9682507501166718;-0,2499809690726521;14,0;17,0;14,0;14,0;0;14,0;14,0;14,0;14,0;11,0;21,0;27,0;13,0;15,571428571428571;4,237025012007868;11,0;21,0;0,0;0,26;25,19;0,5682064541666667;8,25833;0;17,0;25,0;20,0;17,0;25,0;20,0
2025-04-17;17,0;0,48;75,6351;34,47;41,1627;5,0;15,8739625;10,6;21,5167;54,80555833333333;0,5193572541666667;1,80663;4;107;3;0,8660254037844387;-0,4999999999999998;0,9638074231367307;-0,26659942067929354;14,0;25,0;17,0;17,0;0;17,0;17,0;17,0;14,0;14,0;11,0;17,0;15,0;15,571428571428571;4,237025012007868;11,0;21,0;3,0;0,3;26,2;0,5244166124999999;9,44167;0;25,0;20,0;21,0;25,0;20,0;21,0
2025-04-18;25,0;0,82;79,2252;30,29;48,939;19,0;16,638201249999998;8,08333;27,4667;53,965275;0,456741525;1,7487;4;108;4;0,8660254037844387;-0,4999999999999998;0,9590788900341131;-0,28313898122818354;17,0;20,0;25,0;25,0;0;25,0;25,0;25,0;17,0;14,0;14,0;11,0;18,666666666666668;17,571428571428573;4,961758520831826;11,0;25,0;8,0;0,48;34,47;0,5193572541666667;10,6;0;20,0;21,0;21,0;20,0;21,0;21,0
2025-04-19;20,0;0,54;53,4855;27,56;25,93;21,0;16,483336666666666;9,60001;25,65;50,56595833333333;0,601143425;1,81147;4;109;5;0,8660254037844387;-0,4999999999999998;0,9540665500578387;-0,2995947563972602;25,0;21,0;20,0;20,0;0;20,0;20,0;20,0;25,0;17,0;14,0;21,0;20,666666666666668;17,428571428571427;4,859943170351605;11,0;25,0;-5,0;0,82;30,29;0,456741525;8,08333;1;21,0;21,0;20,0;21,0;21,0;20,0
2025-04-20;21,0;0,34;28,6313;21,91;6,7259;20,0;15,254509166666669;7,93334;24,9583;61,35415416666667;0,5530921458333333;2,02862;4;110;6;0,8660254037844387;-0,4999999999999998;0,9487718864399473;-0,31596187665790293;20,0;21,0;21,0;21,0;0;21,0;21,0;21,0;20,0;25,0;17,0;21,0;22,0;17,428571428571427;4,859943170351605;11,0;25,0;1,0;0,54;27,56;0,601143425;9,60001;1;21,0;20,0;19,0;21,0;20,0;19,0
2025-04-21;21,0;0,55;67,4031;32,47;34,9317;12,0;16,177075833333333;9,25;23,3833;55,18403333333333;0,55628255;1,4866;4;111;0;0,8660254037844387;-0,4999999999999998;0,9431964659565866;-0,33223549871590435;21,0;20,0;21,0;21,0;0;21,0;21,0;21,0;21,0;20,0;25,0;11,0;20,666666666666668;18,857142857142858;4,059087394500182;14,0;25,0;0,0;0,34;21,91;0,5530921458333333;7,93334;0;20,0;19,0;11,0;20,0;19,0;11,0
2025-04-22;20,0;0,53;73,8289;32,55;41,2819;12,0;17,27847458333333;9,5;26,1417;50,81598333333333;0,4659214166666667;1,33502;4;112;1;0,8660254037844387;-0,4999999999999998;0,9373419384643772;-0,3484108069446808;21,0;19,0;20,0;20,0;0;20,0;20,0;20,0;21,0;21,0;20,0;14,0;20,666666666666668;19,714285714285715;3,450327796711759;14,0;25,0;-1,0;0,55;32,47;0,55628255;9,25;0;19,0;11,0;10,0;19,0;11,0;10,0
2025-04-23;19,0;0,49;62,7931;30,39;32,4042;3,0;16,093058333333335;14,025;19,3833;72,15277083333334;0,4978451541666666;1,48251;4;113;2;0,8660254037844387;-0,4999999999999998;0,9312100364121947;-0,3644830148102912;20,0;11,0;19,0;19,0;0;19,0;19,0;19,0;20,0;21,0;21,0;14,0;20,0;20,428571428571427;2,4397501823713363;17,0;25,0;-1,0;0,53;32,55;0,4659214166666667;9,5;0;11,0;10,0;14,0;11,0;10,0;14,0
2025-04-24;11,0;0,27;33,9674;17,23;16,7382;8,0;15,6576375;12,6583;19,3417;78,67361666666666;0,8826184583333333;1,8288;4;114;3;0,8660254037844387;-0,4999999999999998;0,9248025743285089;-0,38044736628785164;19,0;10,0;11,0;11,0;0;11,0;11,0;11,0;19,0;20,0;21,0;17,0;16,666666666666668;19,571428571428573;4,237025012007936;11,0;25,0;-8,0;0,49;30,39;0,4978451541666666;14,025;0;10,0;14,0;22,0;10,0;14,0;22,0
2025-04-25;10,0;0,35;50,0242;21,97;28,0503;5,0;14,230904166666669;11,1667;17,8333;78,50694583333333;0,7966310833333333;1,83078;4;115;4;0,8660254037844387;-0,4999999999999998;0,9181214482844364;-0,39629913726891813;11,0;14,0;10,0;10,0;0;10,0;10,0;10,0;11,0;19,0;20,0;25,0;13,333333333333334;17,428571428571427;4,790864322059283;10,0;21,0;-1,0;0,27;17,23;0,8826184583333333;12,6583;0;14,0;22,0;18,0;14,0;22,0;18,0
2025-04-26;14,0;0,37;37,5788;18,76;18,8207;8,0;13,591666666666669;10,0;19,9583;77,76737083333333;0,4249661541666666;0,849963;4;116;5;0,8660254037844387;-0,4999999999999998;0,9111686353326631;-0,41203363695942635;10,0;22,0;14,0;14,0;0;14,0;14,0;14,0;10,0;11,0;19,0;20,0;11,666666666666666;16,571428571428573;4,790864322059271;10,0;21,0;4,0;0,35;21,97;0,7966310833333333;11,1667;1;22,0;18,0;24,0;22,0;18,0;24,0
2025-04-27;22,0;0,75;62,1355;22,06;40,079;15,0;15,286115;7,49167;26,35;61,25346666666667;0,3353930583333333;0,987038;4;117;6;0,8660254037844387;-0,4999999999999998;0,9039461929224011;-0,42764620926777464;14,0;18,0;22,0;22,0;0;22,0;22,0;22,0;14,0;10,0;11,0;21,0;15,333333333333334;16,714285714285715;4,956957592256371;10,0;22,0;8,0;0,37;18,76;0,4249661541666666;10,0;1;18,0;24,0;30,0;18,0;24,0;30,0
2025-04-28;18,0;0,54;75,4001;33,5;41,9029;15,0;16,91180041666667;8,22501;27,4333;49,677083333333336;0,616600075;1,99048;4;118;0;0,8660254037844387;-0,4999999999999998;0,8964562582905575;-0,44313223418263453;22,0;24,0;18,0;18,0;0;18,0;18,0;18,0;22,0;14,0;10,0;21,0;18,0;16,285714285714285;4,644505202002471;10,0;22,0;-4,0;0,75;22,06;0,3353930583333333;7,49167;0;24,0;30,0;34,0;24,0;30,0;34,0
2025-04-29;24,0;0,32;51,4066;27,71;23,6964;4,0;11,82812875;6,825;18,6417;77,0729125;0,6722010708333334;1,69397;4;119;1;0,8660254037844387;-0,4999999999999998;0,8887010478292915;-0,45848712914008766;18,0;30,0;24,0;24,0;0;24,0;24,0;24,0;18,0;22,0;14,0;20,0;21,333333333333332;16,857142857142858;5,367450401216888;10,0;24,0;6,0;0,54;33,5;0,616600075;8,22501;0;30,0;34,0;36,0;30,0;34,0;36,0
2025-04-30;30,0;0,26;33,2638;26,17;7,0966;5,0;10,240626666666666;8,84167;11,4583;87,20833750000001;0,6393269583333333;0,999012;4;120;2;0,8660254037844387;-0,4999999999999998;0,8806828564301475;-0,47370635037968;24,0;34,0;30,0;30,0;0;30,0;30,0;30,0;24,0;18,0;22,0;19,0;24,0;18,428571428571427;7,345228447936844;10,0;30,0;6,0;0,32;27,71;0,6722010708333334;6,825;0;34,0;36,0;32,0;34,0;36,0;32,0
2025-05-01;34,0;0,36;35,3817;27,89;7,48972;14,0;13,14270125;9,63333;18,6917;65,253475;0,5171627541666667;1,40029;5;121;3;0,49999999999999994;-0,8660254037844387;0,8724040568049612;-0,48878539428899265;30,0;36,0;34,0;34,0;0;34,0;34,0;34,0;30,0;24,0;18,0;11,0;29,333333333333332;21,714285714285715;8,518886580500341;10,0;34,0;4,0;0,26;26,17;0,6393269583333333;8,84167;0;36,0;32,0;27,0;36,0;32,0;27,0
2025-05-02;36,0;0,84;93,7295;37,81;55,9196;12,0;13,744789166666664;5,93333;23,125;62,864583333333336;0,3874087;1,21505;5;122;4;0,49999999999999994;-0,8660254037844387;0,8638670987837349;-0,503719798736334;34,0;32,0;36,0;36,0;0;36,0;36,0;36,0;34,0;30,0;24,0;10,0;33,333333333333336;25,428571428571427;8,22308017831812;14,0;36,0;2,0;0,36;27,89;0,5171627541666667;9,63333;0;32,0;27,0;30,0;32,0;27,0;30,0
2025-05-03;32,0;0,94;94,2501;36,38;57,8664;16,0;15,08506875;6,95;25,0917;52,6111125;0,6140795083333334;1,78993;5;123;5;0,49999999999999994;-0,8660254037844387;0,8550745085896932;-0,518505144391157;36,0;27,0;32,0;32,0;0;32,0;32,0;32,0;36,0;34,0;30,0;14,0;34,0;28,0;6,73300329224147;18,0;36,0;-4,0;0,84;37,81;0,3874087;5,93333;1;27,0;30,0;43,0;27,0;30,0;43,0
2025-05-04;27,0;0,7;66,624;31,68;34,94;16,0;15,161805;7,09167;25,1;50,503475;0,4323493291666667;1,42244;5;124;6;0,49999999999999994;-0,8660254037844387;0,8460288880917339;-0,533137056031809;32,0;30,0;27,0;27,0;0;27,0;27,0;27,0;32,0;36,0;34,0;22,0;31,666666666666668;28,714285714285715;6,237368187365817;18,0;36,0;-5,0;0,94;36,38;0,6140795083333334;6,95;1;30,0;43,0;41,0;30,0;43,0;41,0
2025-05-05;30,0;0,59;70,5205;34,04;36,4844;13,0;15,52465875;7,81667;24,1167;58,8263875;0,5475148541666667;1,68922;5;125;0;0,49999999999999994;-0,8660254037844387;0,8367329140344921;-0,5476112038402312;27,0;43,0;30,0;30,0;0;30,0;30,0;30,0;27,0;32,0;36,0;18,0;29,666666666666668;30,428571428571427;4,076646614442941;24,0;36,0;3,0;0,7;31,68;0,4323493291666667;7,09167;0;43,0;41,0;15,0;43,0;41,0;15,0
2025-05-06;43,0;0,55;79,3008;39,83;39,4721;3,0;12,474655416666666;8,75833;16,6167;72,916675;0,3105758083333333;0,66444;5;126;1;0,49999999999999994;-0,8660254037844387;0,8271893372462497;-0,5619233046832195;30,0;41,0;43,0;43,0;0;43,0;43,0;43,0;30,0;27,0;32,0;24,0;33,333333333333336;33,142857142857146;5,241773600241844;27,0;43,0;13,0;0,59;34,04;0,5475148541666667;7,81667;0;41,0;15,0;24,0;41,0;15,0;24,0
2025-05-07;41,0;0,64;96,5485;39,58;56,9645;2,0;12,322229166666666;10,625;15,575;77,48264583333334;0,6616553208333333;1,74712;5;127;2;0,49999999999999994;-0,8660254037844387;0,8174009818249189;-0,5760691233798758;43,0;15,0;41,0;41,0;0;41,0;41,0;41,0;43,0;30,0;27,0;30,0;38,0;34,714285714285715;5,765248931147495;27,0;43,0;-2,0;0,55;39,83;0,3105758083333333;8,75833;0;15,0;24,0;36,0;15,0;24,0;36,0
2025-05-08;15,0;0,52;71,9683;28,97;43,002;1,0;10,674316666666668;10,475;11,0083;96,909725;0,5610511666666667;1,58627;5;128;3;0,49999999999999994;-0,8660254037844387;0,8073707443023492;-0,5900444739548627;41,0;24,0;15,0;15,0;0;15,0;15,0;15,0;41,0;43,0;30,0;34,0;33,0;32,0;9,451631252505306;15,0;43,0;-26,0;0,64;39,58;0,6616553208333333;10,625;0;24,0;36,0;28,0;24,0;36,0;28,0
2025-05-09;24,0;1,18;62,10171529276023;30,28;31,821489325433163;4,0;12,500197541699622;7,973852153614098;18,376939813656683;74,95100196932319;0,562187668847675;1,7010317105104278;5;129;4;0,49999999999999994;-0,8660254037844387;0,7971015927871943;-0,6038452208771035;15,0;36,0;24,0;24,0;0;24,0;24,0;24,0;15,0;41,0;43,0;36,0;26,666666666666668;30,285714285714285;9,69044694040287;15,0;43,0;9,0;0,52;28,97;0,5610511666666667;10,475;0;36,0;28,0;35,0;36,0;28,0;35,0
2025-05-10;36,0;1,61;75,28203552742417;43,46;31,82154435687519;7,0;13,794869362484697;7,65312430420324;21,950452115810588;67,1004285223472;0,28174854007505773;1,4100672079227425;5;130;5;0,49999999999999994;-0,8660254037844387;0,7865965660866021;-0,6174672802835514;24,0;28,0;36,0;36,0;0;36,0;36,0;36,0;24,0;15,0;41,0;32,0;25,0;30,857142857142858;9,923517041663805;15,0;43,0;12,0;1,18;30,28;0,562187668847675;7,973852153614098;1;28,0;35,0;55,0;28,0;35,0;55,0
2025-05-11;28,0;0,87;58,321534016897054;26,5;31,821461590343702;8,0;13,510737646595791;8,500191451135532;19,615128414082985;70,58759116268679;0,7215719597652487;1,9609427145712641;5;131;6;0,49999999999999994;-0,8660254037844387;0,7758587728069828;-0,6309066211876704;36,0;35,0;28,0;28,0;0;28,0;28,0;28,0;36,0;24,0;15,0;27,0;29,333333333333332;31,0;9,865765724632572;15,0;43,0;-8,0;1,61;43,46;0,28174854007505773;7,65312430420324;1;35,0;55,0;55,0;35,0;55,0;
2025-05-12;35,0;0,73;65,71175713799678;33,89;31,821476628177177;4,0;12,179128828569231;7,325055725384702;18,325494805595948;71,31598894297892;0,5285581033286986;1,6978236087848515;5;132;0;0,49999999999999994;-0,8660254037844387;0,7648913904341225;-0,6441592666722685;28,0;55,0;35,0;35,0;0;35,0;35,0;35,0;28,0;36,0;24,0;30,0;33,0;31,714285714285715;9,96183192179515;15,0;43,0;7,0;0,87;26,5;0,7215719597652487;8,500191451135532;0;55,0;55,0;55,0;55,0;;
2025-05-13;55,0;1,16;155,573;30,02;125,558;6,0;13,000441578455204;7,040091470467432;20,030899417871293;66,42287884297798;0,8382608190879943;1,841854301697028;5;133;1;0,49999999999999994;-0,8660254037844387;0,753697664392914;-0,6572212950663319;35,0;;55,0;55,0;0;55,0;55,0;55,0;35,0;28,0;36,0;43,0;39,333333333333336;33,42857142857143;12,843378875996098;15,0;55,0;20,0;0,73;33,89;0,5285581033286986;7,325055725384702;0;55,0;55,0;55,0;;;
2025-05-14;;0,8;93,5854;32,41;61,1732;6,0;12,83586451060346;7,383840232544754;19,47507203418839;67,9484819005043;0,6549874058761724;1,8018227076119915;5;134;2;0,49999999999999994;-0,8660254037844387;0,742280907086982;-0,6700888411055113;55,0;;;;0;;55,0;55,0;55,0;35,0;28,0;41,0;48,333333333333336;35,42857142857143;15,10912685384951;15,0;55,0;0,0;1,16;30,02;0,8382608190879943;7,040091470467432;0;55,0;55,0;55,0;;;
2025-05-15;;1,02;128,07;38,47;89,5991;7,0;13,306079990957679;6,859325671693162;21,17133280478238;62,99613187281405;0,593217918975269;1,6752634990996071;5;135;3;0,49999999999999994;-0,8660254037844387;0,7306444969184916;-0,6827580970759147;;;;;0;;55,0;55,0;55,0;55,0;35,0;15,0;55,0;41,142857142857146;13,582201238245348;24,0;55,0;0,0;0,8;32,41;0,6549874058761724;7,383840232544754;0;55,0;55,0;55,0;;;
2025-05-16;;0,9;102,853;26,94;75,9082;6,0;12,85660580428393;7,692170169420926;19,012162442114768;69,99431750191533;0,7985993722515203;1,920399792517038;5;136;4;0,49999999999999994;-0,8660254037844387;0,7187918772884232;-0,6952253139408722;;;;;0;;55,0;55,0;55,0;55,0;55,0;24,0;55,0;45,57142857142857;12,025765988869537;28,0;55,0;0,0;1,02;38,47;0,593217918975269;6,859325671693162;0;55,0;55,0;16,0;;;16,0
2025-05-17;;0,52;47,5379;26,02;21,5193;2,0;11,399402438451776;7,669018897922767;16,07336396647769;77,11227569731173;0,6625185777851268;1,8497066352015659;5;137;5;0,49999999999999994;-0,8660254037844387;0,7067265555776158;-0,7074868024503348;;;;;0;;55,0;55,0;55,0;55,0;55,0;36,0;55,0;48,285714285714285;11,643514442445317;28,0;55,0;0,0;0,9;26,94;0,7985993722515203;7,692170169420926;1;55,0;16,0;24,0;;16,0;24,0
2025-05-18;;0,82;72,5518;28,65;43,9001;1,0;11,290395330505739;7,304470706900382;16,37382332022011;76,90688924802625;0,624252007318064;1,7237377100704752;5;138;6;0,49999999999999994;-0,8660254037844387;0,6944521021088763;-0,719538934232584;;16,0;;;0;;55,0;55,0;55,0;55,0;55,0;28,0;55,0;52,142857142857146;7,559289460184858;35,0;55,0;0,0;0,52;26,02;0,6625185777851268;7,669018897922767;1;16,0;24,0;24,0;16,0;24,0;24,0
2025-05-19;16,0;0,54;57,7856;24,13;33,6524;3,0;11,697043378255032;7,792316878992448;16,453852708515733;76,10143478246378;0,7442843604592864;1,9279966413721268;5;139;0;0,49999999999999994;-0,8660254037844387;0,6819721490904629;-0,7313781428679254;;24,0;16,0;16,0;0;16,0;16,0;16,0;55,0;55,0;55,0;35,0;42,0;49,42857142857143;14,740614447359862;16,0;55,0;-39,0;0,82;28,65;0,624252007318064;7,304470706900382;0;24,0;24,0;41,0;24,0;24,0;41,0
2025-05-20;24,0;1,09;117,366;27,88;89,4865;4,0;12,360027053914852;7,363347749900752;18,41793443083778;71,87599555166378;0,7710038006028078;1,8166862583257626;5;140;1;0,49999999999999994;-0,8660254037844387;0,6692903895412567;-0,7430009249440493;16,0;24,0;24,0;24,0;0;24,0;24,0;24,0;16,0;55,0;55,0;55,0;31,666666666666668;45,0;17,233687939614086;16,0;55,0;8,0;0,54;24,13;0,7442843604592864;7,792316878992448;0;24,0;41,0;47,0;24,0;41,0;47,0
2025-05-21;24,0;0,41;58,2046;27,16;31,0447;10,0;13,811946953144025;8,335109322478106;20,219702480234396;65,92116641584838;0,7745614301600254;2,086278121021498;5;141;2;0,49999999999999994;-0,8660254037844387;0,6564105761979381;-0,7544038410927472;24,0;41,0;24,0;24,0;0;24,0;24,0;24,0;24,0;16,0;55,0;55,0;21,333333333333332;40,57142857142857;18,19209666180292;16,0;55,0;0,0;1,09;27,88;0,7710038006028078;7,363347749900752;0;41,0;47,0;50,0;41,0;47,0;50,0
2025-05-22;41,0;1,03;146,111;50,35;95,7646;4,0;12,436687299091199;5,524403887862505;21,172874836200535;60,624506694794015;0,32088794700118933;1,3179532793170392;5;142;3;0,49999999999999994;-0,8660254037844387;0,6433365204044917;-0,765583517007675;24,0;47,0;41,0;41,0;0;41,0;41,0;41,0;24,0;24,0;16,0;55,0;29,666666666666668;38,57142857142857;17,076857076729535;16,0;55,0;17,0;0,41;27,16;0,7745614301600254;8,335109322478106;0;47,0;50,0;34,0;47,0;50,0;34,0
2025-05-23;47,0;1,16;142,21;43,63;98,5829;2,0;11,864655393853134;5,8644448064104715;19,489415370580694;66,5571372005679;0,43186288451170834;1,3918227824911749;5;143;4;0,49999999999999994;-0,8660254037844387;0,6300720909843687;-0,7765366444428655;41,0;50,0;47,0;47,0;0;47,0;47,0;47,0;41,0;24,0;24,0;55,0;37,333333333333336;37,42857142857143;16,02973427578826;16,0;55,0;6,0;1,03;50,35;0,32088794700118933;5,524403887862505;0;50,0;34,0;12,0;50,0;34,0;12,0
2025-05-24;50,0;0,85;116,346;40,28;76,0656;7,0;13,210222940169288;6,7563454975599;21,114653993590732;62,29117279333192;0,5361685450193929;1,653716927582504;5;144;5;0,49999999999999994;-0,8660254037844387;0,6166212130956382;-0,7872599821916922;47,0;34,0;50,0;50,0;0;50,0;50,0;50,0;47,0;41,0;24,0;55,0;46,0;36,714285714285715;15,20651489454751;16,0;55,0;3,0;1,16;43,63;0,43186288451170834;5,8644448064104715;1;34,0;12,0;7,0;34,0;12,0;7,0
2025-05-25;34,0;0,62;81,6444;23,35;58,2947;7,0;12,969027239561177;8,08630381327897;18,64947952476335;70,42631789077626;0,8675543054556677;2,06847828495082;5;145;6;0,49999999999999994;-0,8660254037844387;0,6029878670694714;-0,7977503570459932;50,0;12,0;34,0;34,0;0;34,0;34,0;34,0;50,0;47,0;41,0;55,0;43,666666666666664;33,714285714285715;12,89333530309731;16,0;50,0;-16,0;0,85;40,28;0,5361685450193929;6,7563454975599;1;12,0;7,0;38,0;12,0;7,0;38,0
2025-05-26;12,0;0,1;44,4384;21,53;22,9035;2,0;11,059363180959329;7,648239286166486;15,073024749784484;77,31242114635614;0,7998979054913328;2,027832389632673;5;146;0;0,49999999999999994;-0,8660254037844387;0,5891760872322963;-0,8080046647350754;34,0;7,0;12,0;12,0;0;12,0;12,0;12,0;34,0;50,0;47,0;16,0;32,0;33,142857142857146;13,861560415150139;12,0;50,0;-22,0;0,62;23,35;0,8675543054556677;8,08630381327897;0;7,0;38,0;34,0;7,0;38,0;34,0
2025-05-27;7,0;0,11;34,3461;15,66;18,6851;9,0;13,229175708721185;9,003772738818864;17,88014259703858;72,0359494098174;0,9998119104291298;2,36375605783698;5;147;1;0,49999999999999994;-0,8660254037844387;0,5751899607119775;-0,8180198708443174;12,0;38,0;7,0;7,0;0;7,0;7,0;7,0;12,0;34,0;50,0;24,0;17,666666666666668;30,714285714285715;16,888993316302056;7,0;50,0;-5,0;0,1;21,53;0,7998979054913328;7,648239286166486;0;38,0;34,0;29,0;38,0;34,0;29,0
2025-05-28;38,0;0,89;164,878;36,73;128,152;3,0;11,89767613486336;5,91382886523504;19,064335436721226;65,50382274114621;0,6915728737595893;1,6496513944500917;5;148;2;0,49999999999999994;-0,8660254037844387;0,5610336262283677;-0,8277930117131022;7,0;34,0;38,0;38,0;0;38,0;38,0;38,0;7,0;12,0;34,0;24,0;19,0;32,714285714285715;16,790019711267824;7,0;50,0;31,0;0,11;15,66;0,9998119104291298;9,003772738818864;0;34,0;29,0;46,0;34,0;29,0;46,0
2025-05-29;34,0;0,81;163,462;42,38;121,079;4,0;12,190588281020963;5,6254962687007755;20,12973290861499;61,765788512622336;0,5745196587179884;1,558438220535268;5;149;3;0,49999999999999994;-0,8660254037844387;0,5467112728685939;-0,8373211953118121;38,0;29,0;34,0;34,0;0;34,0;34,0;34,0;38,0;7,0;12,0;41,0;26,333333333333332;31,714285714285715;16,418630532764563;7,0;50,0;-4,0;0,89;36,73;0,6915728737595893;5,91382886523504;0;29,0;46,0;48,0;29,0;46,0;48,0
2025-05-30;29,0;0,58;117,486;31,36;86,1276;5,0;12,321536262632407;6,847516278668582;18,779935313897163;67,04794233310439;0,7499350305296004;1,8544849087370812;5;150;4;0,49999999999999994;-0,8660254037844387;0,5322271388474397;-0,8466016020976267;34,0;46,0;29,0;29,0;0;29,0;29,0;29,0;34,0;38,0;7,0;47,0;33,666666666666664;29,142857142857142;14,971401308590236;7,0;50,0;-5,0;0,81;42,38;0,5745196587179884;5,6254962687007755;0;46,0;48,0;47,0;46,0;48,0;47,0
2025-05-31;46,0;1,01;131,033;34,44;96,598;6,0;12,95568516594961;6,95138738184275;20,20778271517495;65,585522190577;0,684501484612817;1,7452773652036044;5;151;5;0,49999999999999994;-0,8660254037844387;0,5175855102531889;-0,8556314858488706;29,0;48,0;46,0;46,0;0;46,0;46,0;46,0;29,0;34,0;38,0;50,0;36,333333333333336;28,571428571428573;14,093227012258334;7,0;46,0;17,0;0,58;31,36;0,7499350305296004;6,847516278668582;1;48,0;47,0;70,0;48,0;47,0;70,0
2025-06-01;48,0;0,96;107,775;33,78;73,9996;9,0;13,884467044727417;7,611304212458743;21,432207299893385;63,5755268854422;0,6823849884667124;1,840526654214313;6;152;6;1,2246467991473532e-16;-1,0;0,5027907197793043;-0,8644081744776648;46,0;47,0;48,0;48,0;0;48,0;48,0;48,0;46,0;29,0;34,0;34,0;41,0;30,571428571428573;15,87300793650596;7,0;48,0;2,0;1,01;34,44;0,684501484612817;6,95138738184275;1;47,0;70,0;63,0;47,0;70,0;63,0
2025-06-02;47,0;0,78;138,122;39,25;98,8751;2,0;11,558999210024314;5,885345452894672;18,540214542680065;66,94981422605204;0,5604961345152322;1,5597009955876922;6;153;0;1,2246467991473532e-16;-1,0;0,4878471454423119;-0,8729290708206411;48,0;70,0;47,0;47,0;0;47,0;47,0;47,0;48,0;46,0;29,0;12,0;47,0;35,57142857142857;14,501231474799452;7,0;48,0;-1,0;0,96;33,78;0,6823849884667124;7,611304212458743;0;70,0;63,0;62,0;70,0;63,0;62,0
2025-06-03;70,0;1,4;228,989;53,18;175,809;1,0;11,674091153260886;4,223350225817432;20,9708060067362;59,24375773875465;0,39597197715786636;1,1598548382923142;6;154;1;1,2246467991473532e-16;-1,0;0,47275920928627757;-0,881191653407483;47,0;63,0;70,0;70,0;0;70,0;70,0;70,0;47,0;48,0;46,0;7,0;55,0;44,57142857142857;13,314868166291166;29,0;70,0;23,0;0,78;39,25;0,5604961345152322;5,885345452894672;0;63,0;62,0;46,0;63,0;62,0;46,0
2025-06-04;63,0;0,85;147,878;41,13;106,744;4,0;12,232639202692477;5,9358527968336805;19,916010272408478;63,4663089909061;0,5598418732800804;1,5690147595229287;6;155;2;1,2246467991473532e-16;-1,0;0,4575313760742512;-0,8891934772070711;70,0;62,0;63,0;63,0;0;63,0;63,0;63,0;70,0;47,0;48,0;38,0;60,0;48,142857142857146;14,553677329442317;29,0;70,0;-7,0;1,4;53,18;0,39597197715786636;4,223350225817432;0;62,0;46,0;54,0;62,0;46,0;54,0
2025-06-05;62,0;0,98;162,974;47,66;115,314;4,0;12,355503088531213;5,436890768863423;20,925100360245523;60,395009937522055;0,4326855921439603;1,4031488289468608;6;156;3;1,2246467991473532e-16;-1,0;0,44216815196707204;-0,8969321743510065;63,0;46,0;62,0;62,0;0;62,0;62,0;62,0;63,0;70,0;47,0;34,0;65,0;52,142857142857146;13,84953153754751;29,0;70,0;-1,0;0,85;41,13;0,5598418732800804;5,9358527968336805;0;46,0;54,0;70,0;46,0;54,0;70,0
2025-06-06;46,0;0,76;114,504;29,24;85,2629;7,0;13,067543266135113;7,406200152186269;19,719902824240442;66,49648464866775;0,8004342058285001;1,9293180697954515;6;157;4;1,2246467991473532e-16;-1,0;0,42667408318992467;-0,9044054548343001;62,0;54,0;46,0;46,0;0;46,0;46,0;46,0;62,0;63,0;70,0;29,0;57,0;54,57142857142857;10,097147168996804;46,0;70,0;-16,0;0,98;47,66;0,4326855921439603;5,436890768863423;0;54,0;70,0;43,0;54,0;70,0;43,0
2025-06-07;54,0;0,33;59,1178;33,09;26,032;6,0;12,545040035639538;7,4022044086321355;18,80243059334195;67,8858681409564;0,5941414862376831;1,8430962584255508;6;158;5;1,2246467991473532e-16;-1,0;0,4110537546870351;-0,9116111071930239;46,0;70,0;54,0;54,0;0;54,0;54,0;54,0;46,0;62,0;63,0;46,0;54,0;55,714285714285715;9,39351346611556;46,0;70,0;8,0;0,76;29,24;0,8004342058285001;7,406200152186269;1;70,0;43,0;34,0;70,0;43,0;34,0
2025-06-08;70,0;1,26;128,489;37,01;91,4822;9,0;14,099105126977575;7,385169442341409;22,279451295755155;62,21378617513687;0,6314854146909461;1,7266440601523272;6;159;6;1,2246467991473532e-16;-1,0;0,3953117887649151;-0,9185469991587165;54,0;43,0;70,0;70,0;0;70,0;70,0;70,0;54,0;46,0;62,0;48,0;56,666666666666664;58,857142857142854;10,040394604273422;46,0;70,0;16,0;0,33;33,09;0,5941414862376831;7,4022044086321355;1;43,0;34,0;34,0;43,0;34,0;34,0
2025-06-09;43,0;1,05;146,582;43,69;102,894;4,0;12,402704419466666;5,956024565051116;20,422656623643263;63,38077102690876;0,477367911598054;1,4722005945463006;6;160;0;1,2246467991473532e-16;-1,0;0,37945284372454435;-0,925211078289358;70,0;34,0;43,0;43,0;0;43,0;43,0;43,0;70,0;54,0;46,0;47,0;55,666666666666664;58,285714285714285;10,904346009952222;43,0;70,0;-27,0;1,26;37,01;0,6314854146909461;7,385169442341409;0;34,0;34,0;18,0;34,0;34,0;18,0
2025-06-10;34,0;1,01;196,398;50,35;146,048;3,0;12,03725988805241;4,743114430807255;21,001830197451184;58,44163608652695;0,4403486474616535;1,3301511532360406;6;161;1;1,2246467991473532e-16;-1,0;0,36348161248290634;-0,9316013725767187;43,0;34,0;34,0;34,0;0;34,0;34,0;34,0;43,0;70,0;54,0;70,0;49,0;53,142857142857146;12,785780792591027;34,0;70,0;-9,0;1,05;43,69;0,477367911598054;5,956024565051116;0;34,0;18,0;24,0;34,0;18,0;24,0
2025-06-11;34,0;0,26;59,6131;27,35;32,2646;1,0;10,887557333834689;7,098372035729053;15,526199520353615;75,84779505017596;0,6743200134729539;1,8440752831467213;6;162;2;1,2246467991473532e-16;-1,0;0,3474028211842774;-0,9377159910299093;34,0;18,0;34,0;34,0;0;34,0;34,0;34,0;34,0;43,0;70,0;63,0;37,0;49,0;13,723459233492573;34,0;70,0;0,0;1,01;50,35;0,4403486474616535;4,743114430807255;0;18,0;24,0;31,0;18,0;24,0;31,0
2025-06-12;18,0;0,36;74,6617;25,12;49,5424;4,0;11,86190480121102;7,490208184575408;17,003353222135402;72,61895271425456;0,7943553922576293;1,9789687495009076;6;163;3;1,2246467991473532e-16;-1,0;0,3312212278016865;-0,9435531242349544;34,0;24,0;18,0;18,0;0;18,0;18,0;18,0;34,0;34,0;43,0;62,0;28,666666666666668;42,714285714285715;16,56013572523168;18,0;70,0;-16,0;0,26;27,35;0,6743200134729539;7,098372035729053;0;24,0;31,0;22,0;24,0;31,0;22,0
2025-06-13;24,0;0,68;117,214;24,4;92,8123;5,0;12,344761403644418;7,3718147145783295;18,07540068412468;70,32224389742078;0,9039766572174702;2,0010168387789826;6;164;4;1,2246467991473532e-16;-1,0;0,31494162072895193;-0,9491110448902284;18,0;31,0;24,0;24,0;0;24,0;24,0;24,0;18,0;34,0;34,0;46,0;25,333333333333332;39,57142857142857;17,86856777376726;18,0;70,0;6,0;0,36;25,12;0,7943553922576293;7,490208184575408;0;31,0;22,0;7,0;31,0;22,0;7,0
2025-06-14;31,0;0,57;100,051;26,99;73,0634;4,0;11,995209584225293;7,219010954320018;17,629556943916626;71,11107408064271;0,7962458077504335;1,9168635814619734;6;165;5;1,2246467991473532e-16;-1,0;0,2985688173637202;-0,9543881083175908;24,0;22,0;31,0;31,0;0;31,0;31,0;31,0;24,0;18,0;34,0;54,0;24,333333333333332;36,285714285714285;16,85936224292292;18,0;70,0;7,0;0,68;24,4;0,9039766572174702;7,3718147145783295;1;22,0;7,0;23,0;22,0;7,0;23,0
2025-06-15;22,0;0,44;58,7879;23,04;35,7438;6,0;12,551643527257271;8,12859399634204;17,74720385378579;72,46104495861746;0,8198792376298516;2,0607233886998007;6;166;6;1,2246467991473532e-16;-1,0;0,2821076626819194;-0,9593827529490743;31,0;7,0;22,0;22,0;0;22,0;22,0;22,0;31,0;24,0;18,0;70,0;25,666666666666668;29,428571428571427;8,599557020706408;18,0;43,0;-9,0;0,57;26,99;0,7962458077504335;7,219010954320018;1;7,0;23,0;34,0;7,0;23,0;34,0
2025-06-16;7,0;0,26;49,587;16,36;33,2297;10,0;13,637598127627898;9,009278047424493;18,740777803249994;70,21134528807653;1,0213591777904774;2,361795598976106;6;167;0;1,2246467991473532e-16;-1,0;0,26556302780405594;-0,9640935007889755;22,0;23,0;7,0;7,0;0;7,0;7,0;7,0;22,0;31,0;24,0;43,0;20,0;24,285714285714285;9,81010169356543;7,0;34,0;-15,0;0,44;23,04;0,8198792376298516;8,12859399634204;0;23,0;34,0;42,0;23,0;34,0;42,0
2025-06-17;23,0;0,49;107,293;23,85;83,4406;2,0;11,27642132978874;7,0166948305811925;16,21372917894928;73,95191988757912;0,871288065557368;1,951680597859278;6;168;1;1,2246467991473532e-16;-1,0;0,24893980855376657;-0,9685189578512204;7,0;34,0;23,0;23,0;0;23,0;23,0;23,0;7,0;22,0;31,0;34,0;17,333333333333332;22,714285714285715;8,826367424074416;7,0;34,0;16,0;0,26;16,36;1,0213591777904774;9,009278047424493;0;34,0;42,0;40,0;34,0;42,0;40,0
2025-06-18;34,0;0,86;154,923;32,51;122,416;2,0;11,546422039232098;6,163011852641121;17,962572960544552;68,93013093316105;0,755560008363173;1,7176653636431962;6;169;2;1,2246467991473532e-16;-1,0;0,23224292400907015;-0,9726578145718654;23,0;42,0;34,0;34,0;0;34,0;34,0;34,0;23,0;7,0;22,0;34,0;21,333333333333332;22,714285714285715;8,826367424074416;7,0;34,0;11,0;0,49;23,85;0,871288065557368;7,0166948305811925;0;42,0;40,0;44,0;42,0;40,0;44,0
2025-06-19;42,0;1,18;170,649;42,06;128,593;3,0;12,141431324579758;5,738093208817945;20,03885807389379;64,22495486614827;0,5533727634233672;1,4765608237502224;6;170;3;1,2246467991473532e-16;-1,0;0,21547731504673012;-0,976508846196619;34,0;40,0;42,0;42,0;0;42,0;42,0;42,0;34,0;23,0;7,0;18,0;33,0;26,142857142857142;11,066896153673373;7,0;42,0;8,0;0,86;32,51;0,755560008363173;6,163011852641121;0;40,0;44,0;17,0;40,0;44,0;17,0
2025-06-20;40,0;0,86;128,336;34,74;93,5911;4,0;12,221567263588978;6,598290854298293;19,043797074595382;67,37924395286248;0,659056863183901;1,7034488898494635;6;171;4;1,2246467991473532e-16;-1,0;0,19864794288017112;-0,9800709131432666;42,0;44,0;40,0;40,0;0;40,0;40,0;40,0;42,0;34,0;23,0;24,0;38,666666666666664;28,428571428571427;12,149857925879116;7,0;42,0;-2,0;1,18;42,06;0,5533727634233672;5,738093208817945;0;44,0;17,0;26,0;44,0;17,0;26,0
2025-06-21;44,0;0,76;99,4838;33,55;65,9333;2,0;11,556372621874754;6,722167860924593;17,578652185007886;71,70297045611093;0,5966987050691173;1,668530365301864;6;172;5;1,2246467991473532e-16;-1,0;0,18175978759137534;-0,9833429613388902;40,0;17,0;44,0;44,0;0;44,0;44,0;44,0;40,0;42,0;34,0;31,0;42,0;30,285714285714285;13,524228699070488;7,0;44,0;4,0;0,86;34,74;0,659056863183901;6,598290854298293;1;17,0;26,0;31,0;17,0;26,0;31,0
2025-06-22;17,0;0,13;25,2208;15,51;9,71024;9,0;13,255844370942112;9,146376081829041;17,819329758632396;72,78071602646338;0,9778338798063614;2,3568270348912455;6;173;6;1,2246467991473532e-16;-1,0;0,16481784665719793;-0,9863240225317866;44,0;26,0;17,0;17,0;0;17,0;17,0;17,0;44,0;40,0;42,0;22,0;33,666666666666664;29,571428571428573;14,152233544063433;7,0;44,0;-27,0;0,76;33,55;0,5966987050691173;6,722167860924593;1;26,0;31,0;27,0;26,0;31,0;27,0
2025-06-23;26,0;0,28;70,7787;22,75;48,0274;3,0;11,478004229214012;7,503317988961635;16,105742412659716;74,68095938185186;0,8350990211150089;2,016694274765195;6;174;0;1,2246467991473532e-16;-1,0;0,14782713347053048;-0,9890132145779883;17,0;31,0;26,0;26,0;0;26,0;26,0;26,0;17,0;44,0;40,0;7,0;29,0;32,285714285714285;10,435744434622848;17,0;44,0;9,0;0,13;15,51;0,9778338798063614;9,146376081829041;0;31,0;27,0;36,0;31,0;27,0;36,0
2025-06-24;31,0;0,48;111,571;29,27;82,304;3,0;11,61650955623865;6,73378745443658;17,372801014628305;70,23605374375012;0,7681661482222615;1,858204128938753;6;175;1;1,2246467991473532e-16;-1,0;0,13079267585675922;-0,9914097417023038;26,0;27,0;31,0;31,0;0;31,0;31,0;31,0;26,0;17,0;44,0;23,0;24,666666666666668;33,42857142857143;9,658452996505916;17,0;44,0;5,0;0,28;22,75;0,8350990211150089;7,503317988961635;0;27,0;36,0;47,0;27,0;36,0;47,0
2025-06-25;27,0;0,17;65,5043;24,82;40,6883;4,0;11,73384217576764;7,473437015197055;16,69889143567859;72,51398261320671;0,7957229598532902;2,0129035816735197;6;176;2;1,2246467991473532e-16;-1,0;0,11371951458594969;-0,9935128947338007;31,0;36,0;27,0;27,0;0;27,0;27,0;27,0;31,0;26,0;17,0;34,0;28,0;32,42857142857143;9,947481136065592;17,0;44,0;-4,0;0,48;29,27;0,7681661482222615;6,73378745443658;0;36,0;47,0;44,0;36,0;47,0;44,0
2025-06-26;36,0;0,33;91,3782;27,92;63,4579;4,0;11,83584140268245;7,074178430350788;17,415583509451622;70,2597929702763;0,7743841011250172;1,93076559123865;6;177;3;1,2246467991473532e-16;-1,0;0,0966127018812031;-0,9953220513156602;27,0;47,0;36,0;36,0;0;36,0;36,0;36,0;27,0;31,0;26,0;42,0;31,333333333333332;31,571428571428573;9,216961590045868;17,0;44,0;9,0;0,17;24,82;0,7957229598532902;7,473437015197055;0;47,0;44,0;48,0;47,0;44,0;48,0
2025-06-27;47,0;0,61;120,84;29,4;91,4371;1,0;11,072596709090982;6,468502002684845;16,578350223610897;72,53091470866134;0,7514424793566404;1,7799519165264532;6;178;4;1,2246467991473532e-16;-1,0;0,07947729992362097;-0,9968366760893436;36,0;44,0;47,0;47,0;0;47,0;47,0;47,0;36,0;27,0;31,0;40,0;36,666666666666664;32,57142857142857;10,564991605252104;17,0;47,0;11,0;0,33;27,92;0,7743841011250172;7,074178430350788;0;44,0;48,0;52,0;44,0;48,0;52,0
2025-06-28;44,0;0,38;64,3387;22,96;41,3804;4,0;11,876179132177077;7,775843025280771;16,700387148429076;74,25682425009481;0,8167305248400365;2,018675653571064;6;179;5;1,2246467991473532e-16;-1,0;0,062318379354325076;-0,998056320853012;47,0;48,0;44,0;44,0;0;44,0;44,0;44,0;47,0;36,0;27,0;44,0;42,333333333333336;32,57142857142857;10,564991605252104;17,0;47,0;-3,0;0,61;29,4;0,7514424793566404;6,468502002684845;1;48,0;52,0;54,0;48,0;52,0;54,0
2025-06-29;48,0;0,79;80,068;22,23;57,8422;7,0;13,090286748821594;8,317830532375995;18,69296535789133;71,72109060463487;0,8739803591942837;2,0637271308501006;6;180;6;1,2246467991473532e-16;-1,0;0,04514101777397193;-0,9989806246941579;44,0;52,0;48,0;48,0;0;48,0;48,0;48,0;44,0;47,0;36,0;17,0;46,333333333333336;37,0;9,380831519646842;26,0;48,0;4,0;0,38;22,96;0,8167305248400365;7,775843025280771;1;52,0;54,0;51,0;52,0;54,0;51,0
2025-06-30;52,0;0,91;138,369;34,65;103,717;2,0;11,619674046982249;6,276833630734352;18,145703366836102;69,36408325071832;0,6573004448964963;1,6454441670202602;6;181;0;1,2246467991473532e-16;-1,0;0,02795029824021032;-0,999609314096404;48,0;54,0;52,0;52,0;0;52,0;52,0;52,0;48,0;44,0;47,0;26,0;48,0;40,714285714285715;9,44659172601922;27,0;52,0;4,0;0,79;22,23;0,8739803591942837;8,317830532375995;0;54,0;51,0;40,0;54,0;51,0;40,0
2025-07-01;54,0;1,28;210,482;49,25;161,236;3,0;12,21049766553067;4,854690074100564;21,267501753305037;59,13774988071144;0,47745086907346274;1,319103902636254;7;182;1;-0,4999999999999997;-0,8660254037844388;0,01075130776352193;-0,9999422030204416;52,0;51,0;54,0;54,0;0;54,0;54,0;54,0;52,0;48,0;44,0;31,0;51,333333333333336;44,0;9,504384952922138;27,0;54,0;2,0;0,91;34,65;0,6573004448964963;6,276833630734352;0;51,0;40,0;35,0;51,0;40,0;35,0
2025-07-02;51,0;1,56;221,854;53,65;168,205;2,0;12,118515563646543;4,536006956302035;21,654900570073618;59,020694871844555;0,36395013273104704;1,1444538282948433;7;183;2;-0,4999999999999997;-0,8660254037844388;-0,00645086419810515;-0,9999791929590823;54,0;40,0;51,0;51,0;0;51,0;51,0;51,0;54,0;52,0;48,0;27,0;52,333333333333336;47,42857142857143;6,051367417290651;36,0;54,0;-3,0;1,28;49,25;0,47745086907346274;4,854690074100564;0;40,0;35,0;32,0;40,0;35,0;32,0
2025-07-03;40,0;1,54;203,683;50,87;152,812;3,0;12,421264553053255;5,04767283615522;21,686696648748224;60,05619210852244;0,39693320954243805;1,2293470268784952;7;184;3;-0,4999999999999997;-0,8660254037844388;-0,023651127245231586;-0,9997202729664083;51,0;35,0;40,0;40,0;0;40,0;40,0;40,0;51,0;54,0;52,0;36,0;48,333333333333336;48,0;4,864839839775399;40,0;54,0;-11,0;1,56;53,65;0,36395013273104704;4,536006956302035;0;35,0;32,0;17,0;35,0;32,0;17,0
2025-07-04;35,0;0,57;129,669;43,12;86,5448;4,0;12,065730392056512;5,8144592476956;19,714884509144483;62,63515807517649;0,4920963173312576;1,5577701949752878;7;185;4;-0,4999999999999997;-0,8660254037844388;-0,04084439154329611;-0,9991655196610109;40,0;32,0;35,0;35,0;0;35,0;35,0;35,0;40,0;51,0;54,0;47,0;42,0;46,285714285714285;6,945365018348176;35,0;54,0;-5,0;1,54;50,87;0,39693320954243805;5,04767283615522;0;32,0;17,0;25,0;32,0;17,0;25,0
2025-07-05;32,0;0,11;23,7393;16,82;6,91625;7,0;12,626189388958858;8,823442956458532;16,92445495510052;74,6485912762956;0,9196488027085491;2,269208422204054;7;186;5;-0,4999999999999997;-0,8660254037844388;-0,05802556932878035;-0,9983150972033183;35,0;17,0;32,0;32,0;0;32,0;32,0;32,0;35,0;40,0;51,0;44,0;35,666666666666664;44,57142857142857;8,829064557040024;32,0;54,0;-3,0;0,57;43,12;0,4920963173312576;5,8144592476956;1;17,0;25,0;35,0;17,0;25,0;35,0
2025-07-06;17,0;0,36;48,9882;17,58;31,4058;7,0;12,78085709657301;8,656386284896483;17,463420640871657;73,77382279983402;0,9435713899491056;2,226115918204551;7;187;6;-0,4999999999999997;-0,8660254037844388;-0,07518957641475855;-0,9971692572470178;32,0;25,0;17,0;17,0;0;17,0;17,0;17,0;32,0;35,0;40,0;48,0;28,0;40,142857142857146;13,409307357560397;17,0;54,0;-15,0;0,11;16,82;0,9196488027085491;8,823442956458532;1;25,0;35,0;35,0;25,0;35,0;35,0
2025-07-07;25,0;0,49;104,758;31,98;72,7751;3,0;11,65027480468703;6,65399650525729;17,64822445451595;69,62790946073517;0,6854403507923514;1,786982380982643;7;188;0;-0,4999999999999997;-0,8660254037844388;-0,09233133369539122;-0,9957283388645872;17,0;35,0;25,0;25,0;0;25,0;25,0;25,0;17,0;32,0;35,0;52,0;24,666666666666668;36,285714285714285;13,313079855469018;17,0;54,0;8,0;0,36;17,58;0,9435713899491056;8,656386284896483;0;35,0;35,0;53,0;35,0;35,0;53,0
2025-07-08;35,0;0,57;126,339;36,81;89,5275;3,0;11,713976184875266;6,1378875693939055;18,450960913773994;66,60473811809067;0,6198534953946772;1,6750381083125778;7;189;1;-0,4999999999999997;-0,8660254037844388;-0,10944576864891556;-0,993992768446958;25,0;35,0;35,0;35,0;0;35,0;35,0;35,0;25,0;17,0;32,0;54,0;25,666666666666668;33,57142857142857;10,799029938797624;17,0;51,0;10,0;0,49;31,98;0,6854403507923514;6,65399650525729;0;35,0;53,0;61,0;35,0;53,0;61,0
2025-07-09;35,0;0,1;49,0877;25,52;23,5714;1,0;10,772192938174939;7,2198911764923785;15,066063510283968;76,58311412961393;0,705393691899608;1,907792891576042;7;190;2;-0,4999999999999997;-0,8660254037844388;-0,12652781683868314;-0,9919630595773397;35,0;53,0;35,0;35,0;0;35,0;35,0;35,0;35,0;25,0;17,0;51,0;31,666666666666668;31,285714285714285;7,761320457119079;17,0;40,0;0,0;0,57;36,81;0,6198534953946772;6,1378875693939055;0;53,0;61,0;65,0;53,0;61,0;65,0
2025-07-10;53,0;0,35;92,6166;40,42;52,1964;3,0;11,625242958028705;6,1616078721646925;18,392888347887645;66,39238173747547;0,46805894198255943;1,6030875572797172;7;191;3;-0,4999999999999997;-0,8660254037844388;-0,1435724234118113;-0,9896398128792412;35,0;61,0;53,0;53,0;0;53,0;53,0;53,0;35,0;35,0;25,0;40,0;41,0;33,142857142857146;11,051825964195098;17,0;53,0;18,0;0,1;25,52;0,705393691899608;7,2198911764923785;0;61,0;65,0;65,0;61,0;65,0;65,0
2025-07-11;61,0;1,27;171,082;48,23;122,857;3,0;12,251546396881615;5,415147002662611;20,857200619622546;62,08604619428287;0,40040798519557785;1,3150561320944534;7;192;4;-0,4999999999999997;-0,8660254037844388;-0,16057454459499376;-0,9870237158387383;53,0;65,0;61,0;61,0;0;61,0;61,0;61,0;53,0;35,0;35,0;35,0;49,666666666666664;36,857142857142854;15,323495809035332;17,0;61,0;8,0;0,35;40,42;0,46805894198255943;6,1616078721646925;0;65,0;65,0;57,0;65,0;65,0;57,0
2025-07-12;65,0;1,28;173,157;46,57;126,589;5,0;12,868213502410214;5,741607585114714;21,70295868240213;60,27887855335725;0,46917922990977406;1,4130064553730264;7;193;5;-0,4999999999999997;-0,8660254037844388;-0,17752914918703497;-0,984115542601034;61,0;65,0;65,0;65,0;0;65,0;65,0;65,0;61,0;53,0;35,0;32,0;59,666666666666664;41,57142857142857;18,35626271745914;17,0;65,0;4,0;1,27;48,23;0,40040798519557785;5,415147002662611;1;65,0;57,0;59,0;65,0;57,0;59,0
2025-07-13;65,0;0,76;80,7914;23,57;57,2219;7,0;13,075140067685888;8,197247242109713;18,82033410513047;71,00096548874825;0,8469523803111147;2,0377981952445046;7;194;6;-0,4999999999999997;-0,8660254037844388;-0,19443122004766195;-0,9809161537413774;65,0;57,0;65,0;65,0;0;65,0;65,0;65,0;65,0;61,0;53,0;17,0;63,666666666666664;48,42857142857143;16,521270561079135;25,0;65,0;0,0;1,28;46,57;0,46917922990977406;5,741607585114714;1;57,0;59,0;51,0;57,0;59,0;51,0
2025-07-14;57,0;0,27;62,3319;26,74;35,5933;4,0;11,82463806898635;7,472198066055258;17,00676722146278;72,37808089108705;0,7326807936255442;1,9472688794364066;7;195;0;-0,4999999999999997;-0,8660254037844388;-0,2112757555821793;-0,9774264960104055;65,0;59,0;57,0;57,0;0;57,0;57,0;57,0;65,0;65,0;61,0;25,0;62,333333333333336;53,0;13,012814197295382;35,0;65,0;-8,0;0,76;23,57;0,8469523803111147;8,197247242109713;0;59,0;51,0;51,0;59,0;51,0;51,0
2025-07-15;59,0;0,65;126,19;32,91;93,2808;3,0;11,746391923583316;6,453352136309762;18,083488065622507;68,5425141892585;0,704035964234773;1,753026279849656;7;196;1;-0,4999999999999997;-0,8660254037844388;-0,2280577712215198;-0,9736476020539838;57,0;51,0;59,0;59,0;0;59,0;59,0;59,0;57,0;65,0;65,0;35,0;60,333333333333336;56,42857142857143;10,373960074101232;35,0;65,0;2,0;0,27;26,74;0,7326807936255442;7,472198066055258;0;51,0;51,0;39,0;51,0;51,0;39,0
2025-07-16;51,0;0,91;111,368;29,66;81,7043;6,0;12,871857624973993;7,419662669913169;19,40048233202985;68,37762531548871;0,7555521863998299;1,8608186322785876;7;197;2;-0,4999999999999997;-0,8660254037844388;-0,24477230089725957;-0,9695805901076308;59,0;51,0;51,0;51,0;0;51,0;51,0;51,0;59,0;57,0;65,0;35,0;55,666666666666664;58,714285714285715;5,468524655221067;51,0;65,0;-8,0;0,65;32,91;0,704035964234773;6,453352136309762;0;51,0;39,0;42,0;51,0;39,0;42,0
2025-07-17;51,0;1,6;164,26;47,88;116,384;3,0;12,501622784301412;5,792404424383511;21,12407193211614;64,1078432720811;0,3598382316513218;1,2595719018424303;7;198;3;-0,4999999999999997;-0,8660254037844388;-0,2614143985111562;-0,965226663665613;51,0;39,0;51,0;51,0;0;51,0;51,0;51,0;51,0;59,0;57,0;53,0;53,666666666666664;58,42857142857143;5,855400437691097;51,0;65,0;0,0;0,91;29,66;0,7555521863998299;7,419662669913169;0;39,0;42,0;48,0;39,0;42,0;48,0
2025-07-18;39,0;1,04;174,462;48,02;126,438;4,0;12,384541138906517;5,313955347930799;21,11245992531428;59,75865708000697;0,44818251077176463;1,3926076455294374;7;199;4;-0,4999999999999997;-0,8660254037844388;-0,2779791393987801;-0,9605871111248129;51,0;42,0;39,0;39,0;0;39,0;39,0;39,0;51,0;51,0;59,0;61,0;47,0;55,285714285714285;9,196272536817704;39,0;65,0;-12,0;1,6;47,88;0,3598382316513218;5,792404424383511;0;42,0;48,0;49,0;42,0;48,0;49,0
2025-07-19;42,0;0,79;129,453;41,5;87,95;5,0;12,529912423991343;6,220132064131867;20,270164073659977;63,067120481106826;0,5216774424189026;1,586416567928227;7;200;5;-0,4999999999999997;-0,8660254037844388;-0,2944616217868012;-0,9556633054034704;39,0;48,0;42,0;42,0;0;42,0;42,0;42,0;39,0;51,0;51,0;65,0;44,0;52,0;9,255628917943167;39,0;65,0;3,0;1,04;48,02;0,44818251077176463;5,313955347930799;1;48,0;49,0;51,0;48,0;49,0;51,0
2025-07-20;48,0;1,0;110,136;36,49;73,642;7,0;13,30109872017102;7,196052667466889;20,79038974126199;64,88620212093906;0,5952804621851573;1,711892975099922;7;201;6;-0,4999999999999997;-0,8660254037844388;-0,3108569682435036;-0,9504567035349151;42,0;49,0;48,0;48,0;0;48,0;48,0;48,0;42,0;39,0;51,0;65,0;43,0;49,57142857142857;7,2997064520235;39,0;59,0;6,0;0,79;41,5;0,5216774424189026;6,220132064131867;1;49,0;51,0;45,0;49,0;51,0;45,0
2025-07-21;49,0;0,82;129,864;41,7;88,1604;5,0;12,552638145195912;6,226283707984555;20,32857803271121;63,089561577493306;0,5151752868816121;1,576659502122376;7;202;0;-0,4999999999999997;-0,8660254037844388;-0,3271603271220951;-0,9449688462364056;48,0;51,0;49,0;49,0;0;49,0;49,0;49,0;48,0;42,0;39,0;57,0;46,333333333333336;48,42857142857143;6,52832655579107;39,0;59,0;1,0;1,0;36,49;0,5952804621851573;7,196052667466889;0;51,0;45,0;33,0;51,0;45,0;33,0
2025-07-22;51,0;1,09;181,544;51,94;129,602;4,0;12,440224943443312;5,016700796007941;21,673656235556038;57,922824187096786;0,369352225312818;1,2964925620349108;7;203;1;-0,4999999999999997;-0,8660254037844388;-0,34336687399638804;-0,939201357453208;49,0;45,0;51,0;51,0;0;51,0;51,0;51,0;49,0;48,0;42,0;59,0;49,333333333333336;47,285714285714285;4,855041562276054;39,0;51,0;2,0;0,82;41,7;0,5151752868816121;6,226283707984555;0;45,0;33,0;43,0;45,0;33,0;43,0
2025-07-23;45,0;0,74;142,654;37,46;105,189;5,0;12,444922165215106;6,265850721291226;19,839764857028296;63,62423306043359;0,6558950036126701;1,7007988554156719;7;204;2;-0,4999999999999997;-0,8660254037844388;-0,3594718130884232;-0,9331559438780432;51,0;33,0;45,0;45,0;0;45,0;45,0;45,0;51,0;49,0;48,0;51,0;48,333333333333336;46,42857142857143;4,6136443605585455;39,0;51,0;-6,0;1,09;51,94;0,369352225312818;5,016700796007941;0;33,0;43,0;53,0;33,0;43,0;53,0
2025-07-24;33,0;0,37;70,6746;25,82;44,8526;3,0;11,566097601197656;7,382854424558227;16,55910726218762;73,83425064046197;0,7538615117341675;1,9280328550931267;7;205;3;-0,4999999999999997;-0,8660254037844388;-0,3754703786876202;-0,9268343944460494;45,0;43,0;33,0;33,0;0;33,0;33,0;33,0;45,0;51,0;49,0;51,0;43,0;43,857142857142854;6,335839103296158;33,0;51,0;-12,0;0,74;37,46;0,6558950036126701;6,265850721291226;0;43,0;53,0;54,0;43,0;53,0;54,0
2025-07-25;43,0;0,71;148,539;36,9;111,635;2,0;11,473066544799844;5,840487502787074;18,263200735216632;66,9181582596768;0,6493540352991871;1,6353925989931066;7;206;4;-0,4999999999999997;-0,8660254037844388;-0,3913578365610259;-0,9202385798054075;33,0;53,0;43,0;43,0;0;43,0;43,0;43,0;33,0;45,0;51,0;39,0;40,333333333333336;44,42857142857143;5,996030432909797;33,0;51,0;10,0;0,37;25,82;0,7538615117341675;7,382854424558227;0;53,0;54,0;50,0;53,0;54,0;50,0
2025-07-26;53,0;0,84;129,407;35,02;94,385;2,0;11,583245934540582;6,310935934975063;18,04913718491598;69,49655734805711;0,6319487252803329;1,6422949485957532;7;207;5;-0,4999999999999997;-0,8660254037844388;-0,4071294853542516;-0,9133704517637858;43,0;54,0;53,0;53,0;0;53,0;53,0;53,0;43,0;33,0;45,0;42,0;43,0;46,0;6,6583281184793455;33,0;53,0;10,0;0,71;36,9;0,6493540352991871;5,840487502787074;1;54,0;50,0;44,0;54,0;50,0;44,0
2025-07-27;54,0;0,68;85,156;27,14;58,0135;3,0;11,783633845468561;7,366056274185498;17,150816498562737;73,69793597678473;0,7309754446506992;1,85282798731739;7;208;6;-0,4999999999999997;-0,8660254037844388;-0,4227806579826773;-0,9062320427107697;53,0;50,0;54,0;54,0;0;54,0;54,0;54,0;53,0;43,0;33,0;48,0;50,0;46,857142857142854;7,312741652498724;33,0;54,0;1,0;0,84;35,02;0,6319487252803329;6,310935934975063;1;50,0;44,0;30,0;50,0;44,0;30,0
2025-07-28;50,0;0,95;145,79;41,19;104,605;4,0;12,313507713689535;6,044899288234985;20,019159041195806;64,01115961371941;0,5438386529879438;1,5485469369014835;7;209;0;-0,4999999999999997;-0,8660254037844388;-0,4383067230125192;-0,898825465016444;54,0;44,0;50,0;50,0;0;50,0;50,0;50,0;54,0;53,0;43,0;49,0;52,333333333333336;47,0;7,371114795831945;33,0;54,0;-4,0;0,68;27,14;0,7309754446506992;7,366056274185498;0;44,0;30,0;13,0;44,0;30,0;13,0
2025-07-29;44,0;0,64;140,949;49,97;90,9788;2,0;11,526699705918633;5,053950743908558;19,6548954961294;61,811622009216904;0,32791577281226664;1,3330927769607297;7;210;1;-0,4999999999999997;-0,8660254037844388;-0,45370308603134424;-0,8911529104063088;50,0;30,0;44,0;44,0;0;44,0;44,0;44,0;50,0;54,0;53,0;51,0;49,333333333333336;46,0;7,211102550927933;33,0;54,0;-6,0;0,95;41,19;0,5438386529879438;6,044899288234985;0;30,0;13,0;6,0;30,0;13,0;6,0
2025-07-30;30,0;0,36;94,4443;33,47;60,9753;2,0;11,268449151598723;6,467044005332269;17,10163700752996;70,3276109109843;0,6232999037174836;1,7375924561841667;7;211;2;-0,4999999999999997;-0,8660254037844388;-0,46896519100763184;-0,8832166493127127;44,0;13,0;30,0;30,0;0;30,0;30,0;30,0;44,0;50,0;54,0;45,0;41,333333333333336;43,857142857142854;9,44154950963329;30,0;54,0;-14,0;0,64;49,97;0,32791577281226664;5,053950743908558;0;13,0;6,0;10,0;13,0;6,0;10,0
2025-07-31;13,0;0,15;44,5194;19,86;24,6593;4,0;11,711511363347517;8,037531654109555;15,94922217945599;75,81197548659911;0,8601868699665379;2,117648126491419;7;212;3;-0,4999999999999997;-0,8660254037844388;-0,48408852163897587;-0,8750190302029955;30,0;6,0;13,0;13,0;0;13,0;13,0;13,0;30,0;44,0;50,0;33,0;29,0;41,0;14,78738200854588;13,0;54,0;-17,0;0,36;33,47;0,6232999037174836;6,467044005332269;0;6,0;10,0;35,0;6,0;10,0;35,0
2025-08-01;6,0;0,11;29,6039;19,1;10,5007;7,0;12,634129952145653;8,603887870136335;17,23145685491342;73,3405362188411;0,8810269818095436;2,219750794646912;8;213;4;-0,8660254037844385;-0,5000000000000004;-0,4990686026885319;-0,8665624788845385;13,0;10,0;6,0;6,0;0;6,0;6,0;6,0;13,0;30,0;44,0;43,0;16,333333333333332;35,714285714285715;19,73756389657621;6,0;54,0;-7,0;0,15;19,86;0,8601868699665379;8,037531654109555;0;10,0;35,0;34,0;10,0;35,0;34,0
2025-08-02;10,0;0,17;35,1039;17,7;17,4058;10,0;13,600733782092675;9,035726200394015;18,695754408589213;70,22519862014609;0,9606713097721595;2,335032274490022;8;214;5;-0,8660254037844385;-0,5000000000000004;-0,5139010013093103;-0,8578494977869301;6,0;35,0;10,0;10,0;0;10,0;10,0;10,0;6,0;13,0;30,0;53,0;9,666666666666666;29,571428571428573;20,148259998133373;6,0;54,0;4,0;0,11;19,1;0,8810269818095436;8,603887870136335;1;35,0;34,0;31,0;35,0;34,0;31,0
2025-08-03;35,0;0,74;90,3909;21,27;69,1165;2,0;11,465337546823019;7,598502284072234;16,062495533509583;77,1901458684589;0,8647503418537059;1,955420755815867;8;215;6;-0,8660254037844385;-0,5000000000000004;-0,5285813283559292;-0,8488826652214553;10,0;34,0;35,0;35,0;0;35,0;35,0;35,0;10,0;6,0;13,0;54,0;17,0;26,857142857142858;17,401423039783975;6,0;50,0;25,0;0,17;17,7;0,9606713097721595;9,035726200394015;1;34,0;31,0;24,0;34,0;31,0;24,0
2025-08-04;34,0;1,09;173,456;37,3;136,156;2,0;11,722923909322896;5,808041632634541;18,899524691044277;66,77500285997291;0,6687467649928027;1,5776029458847518;8;216;0;-0,8660254037844385;-0,5000000000000004;-0,5431052396834317;-0,8396646346181327;35,0;31,0;34,0;34,0;0;34,0;34,0;34,0;35,0;10,0;6,0;50,0;26,333333333333332;24,571428571428573;14,695318334503062;6,0;44,0;-1,0;0,74;21,27;0,8647503418537059;7,598502284072234;0;31,0;24,0;29,0;31,0;24,0;29,0
2025-08-05;31,0;0,71;153,04;32,41;120,628;3,0;11,748259029518298;6,189311112892252;18,280853080688793;67,2492333436424;0,7796691512596077;1,7745444738109848;8;217;1;-0,8660254037844385;-0,5000000000000004;-0,5574684374327892;-0,8301981337405212;34,0;24,0;31,0;31,0;0;31,0;31,0;31,0;34,0;35,0;10,0;44,0;33,333333333333336;22,714285714285715;12,486182839633695;6,0;35,0;-3,0;1,09;37,3;0,6687467649928027;5,808041632634541;0;24,0;29,0;43,0;24,0;29,0;43,0
2025-08-06;24,0;0,52;92,5638;27,12;65,4418;5,0;12,280557250490698;7,3839987118379415;18,042855805413073;70,13789135680818;0,7909904015787557;1,946319961930783;8;218;2;-0,8660254037844385;-0,5000000000000004;-0,5716666713027052;-0,8204859638785327;31,0;29,0;24,0;24,0;0;24,0;24,0;24,0;31,0;34,0;35,0;30,0;29,666666666666668;21,857142857142858;12,102734834581463;6,0;35,0;-7,0;0,71;32,41;0,7796691512596077;6,189311112892252;0;29,0;43,0;21,0;29,0;43,0;21,0
2025-08-07;29,0;0,3;66,9377;24,67;42,2682;6,0;12,45046405865059;7,809712640825856;17,84521252665923;70,65794845749984;0,8158596302593898;2,053356696491682;8;219;3;-0,8660254037844385;-0,5000000000000004;-0,5856957398073508;-0,8105309990194823;24,0;43,0;29,0;29,0;0;29,0;29,0;29,0;24,0;31,0;34,0;13,0;28,0;24,142857142857142;11,653734328940434;6,0;35,0;5,0;0,52;27,12;0,7909904015787557;7,3839987118379415;0;43,0;21,0;38,0;43,0;21,0;38,0
2025-08-08;43,0;0,77;125,604;36,79;88,8123;7,0;13,112841915791337;6,7935442669435755;20,687903359094882;62,75292343677365;0,6500376534015226;1,7574375673773133;8;220;4;-0,8660254037844385;-0,5000000000000004;-0,5995514915196489;-0,8003361849976323;29,0;21,0;43,0;43,0;0;43,0;43,0;43,0;29,0;24,0;31,0;6,0;32,0;29,428571428571427;10,373960074101316;10,0;43,0;14,0;0,3;24,67;0,8158596302593898;7,809712640825856;0;21,0;38,0;40,0;21,0;38,0;40,0
2025-08-09;21,0;0,11;25,4598;20,5;4,95633;3,0;11,399259992064685;8,085521284012406;15,336173718021307;77,82094901393124;0,7867520193248931;2,0655140730949997;8;221;5;-0,8660254037844385;-0,5000000000000004;-0,6132298262997502;-0,7899045386224707;43,0;38,0;21,0;21,0;0;21,0;21,0;21,0;43,0;29,0;24,0;10,0;31,0;31,0;7,325753658612;21,0;43,0;-22,0;0,77;36,79;0,6500376534015226;6,7935442669435755;1;38,0;40,0;31,0;38,0;40,0;31,0
2025-08-10;38,0;0,39;55,6206;25,94;29,6777;9,0;13,47825076976453;8,306987237357106;19,529626838982384;67,69275613505481;0,7858406390042163;2,087123610190599;8;222;6;-0,8660254037844385;-0,5000000000000004;-0,6267266965083301;-0,7792391467859886;21,0;40,0;38,0;38,0;0;38,0;38,0;38,0;21,0;43,0;29,0;35,0;34,0;31,428571428571427;7,678045386189207;21,0;43,0;17,0;0,11;20,5;0,7867520193248931;8,085521284012406;1;40,0;31,0;42,0;40,0;31,0;42,0
2025-08-11;40,0;1,6049181842935265;143,988;42,72;101,265;2,0;12,170374426415597;6,250221206466854;19,862574917310432;68,77226643730438;0,4152940232125307;1,3347109442111822;8;223;0;-0,8660254037844385;-0,5000000000000004;-0,6400381082043503;-0,7683431655492202;38,0;31,0;40,0;40,0;0;40,0;40,0;40,0;38,0;21,0;43,0;34,0;33,0;32,285714285714285;8,320943169983531;21,0;43,0;2,0;0,39;25,94;0,7858406390042163;8,306987237357106;0;31,0;42,0;30,0;31,0;42,0;30,0
2025-08-12;31,0;1,4387310681668402;122,726;39,74;82,9847;3,0;12,373393938822623;6,6999178432653;19,6964013313419;69,44757550968649;0,4589849340685314;1,4482177820505813;8;224;1;-0,8660254037844385;-0,5000000000000004;-0,65316012232693;-0,7572198192083127;40,0;42,0;31,0;31,0;0;31,0;31,0;31,0;40,0;38,0;21,0;31,0;36,333333333333336;32,285714285714285;8,320943169983531;21,0;43,0;-9,0;1,6049181842935265;42,72;0,4152940232125307;6,250221206466854;0;42,0;30,0;10,0;42,0;30,0;10,0
2025-08-13;42,0;0,92;159,49;48,42;111,07;6,0;12,946811108719556;5,625619647967779;21,938027362999556;57,665967061586755;0,43662291866849573;1,4521560048844147;8;225;2;-0,8660254037844385;-0,5000000000000004;-0,666088855860977;-0,7458723993404063;31,0;30,0;42,0;42,0;0;42,0;42,0;42,0;31,0;40,0;38,0;24,0;37,666666666666664;34,857142857142854;8,112306935115559;21,0;43,0;11,0;1,4387310681668402;39,74;0,4589849340685314;6,6999178432653;0;30,0;10,0;15,0;30,0;10,0;15,0
2025-08-14;30,0;0,43;101,304;29,21;72,0918;9,0;13,467241106433734;7,548922520474008;20,27946645861923;63,5510875997641;0,8232777500936884;2,0374772197228297;8;226;3;-0,8660254037844385;-0,5000000000000004;-0,6788204829862355;-0,734304263829602;42,0;10,0;30,0;30,0;0;30,0;30,0;30,0;42,0;31,0;40,0;29,0;34,333333333333336;35,0;8,00000000000001;21,0;43,0;-12,0;0,92;48,42;0,43662291866849573;5,625619647967779;0;10,0;15,0;17,0;10,0;15,0;17,0
2025-08-15;10,0;0,14;15,1068;11,25;3,85649;10,0;13,559822426411145;9,674541439495174;17,769651672576742;74,0187717720687;1,0638589193459445;2,4775941819513343;8;227;4;-0,8660254037844385;-0,5000000000000004;-0,6913512362094071;-0,722518835873311;30,0;15,0;10,0;10,0;0;10,0;10,0;10,0;30,0;42,0;31,0;43,0;27,333333333333332;30,285714285714285;11,47045895208335;10,0;42,0;-20,0;0,43;29,21;0,8232777500936884;7,548922520474008;0;15,0;17,0;23,0;15,0;17,0;23,0
2025-08-16;15,0;0,21;40,4332;18,03;22,4009;9,0;13,310727664032408;8,85639908582352;18,306877645498286;71,1113994150019;0,9501777275738268;2,2945644943424313;8;228;5;-0,8660254037844385;-0,5000000000000004;-0,7036774074790128;-0,7105196029692745;10,0;17,0;15,0;15,0;0;15,0;15,0;15,0;10,0;30,0;42,0;21,0;18,333333333333332;29,428571428571427;12,461368876881657;10,0;42,0;5,0;0,14;11,25;1,0638589193459445;9,674541439495174;1;17,0;23,0;14,0;17,0;23,0;14,0
2025-08-17;17,0;0,37;43,9135;14,68;29,2332;9,0;13,40085206251854;9,155542142810265;18,115628255390213;72,93621796626103;1,0232285998098514;2,348107097898215;8;229;6;-0,8660254037844385;-0,5000000000000004;-0,7157953492826642;-0,6983101158835584;15,0;23,0;17,0;17,0;0;17,0;17,0;17,0;15,0;10,0;30,0;38,0;14,0;26,428571428571427;12,58116506074517;10,0;42,0;2,0;0,21;18,03;0,9501777275738268;8,85639908582352;1;23,0;14,0;14,0;23,0;14,0;14,0
2025-08-18;23,0;0,4;75,1761;18,95;56,2284;7,0;12,785337080610928;8,270004053724852;17,854465143155185;71,67743239121224;0,975451767966745;2,206691429415214;8;230;0;-0,8660254037844385;-0,5000000000000004;-0,7277014757264236;-0,6858939875998223;17,0;14,0;23,0;23,0;0;23,0;23,0;23,0;17,0;15,0;10,0;40,0;18,333333333333332;24,0;11,075498483890806;10,0;42,0;6,0;0,37;14,68;1,0232285998098514;9,155542142810265;0;14,0;14,0;4,0;14,0;14,0;4,0
2025-08-19;14,0;0,15;35,0185;19,29;15,7288;12,0;14,222020653464204;9,16009395529951;19,87216720919132;67,1113161869946;0,9500065994783076;2,359852825377639;8;231;1;-0,8660254037844385;-0,5000000000000004;-0,7393922635959241;-0,673274892250183;23,0;14,0;14,0;14,0;0;14,0;14,0;14,0;23,0;17,0;15,0;31,0;18,0;21,571428571428573;11,148350294358146;10,0;42,0;-9,0;0,4;18,95;0,975451767966745;8,270004053724852;0;14,0;4,0;4,0;14,0;4,0;4,0
2025-08-20;14,0;0,24;52,0303;26,77;25,259;9,0;13,379218920616191;8,179076468401705;19,438987919013034;66,93943731447449;0,771141413748698;2,091424349624102;8;232;2;-0,8660254037844385;-0,5000000000000004;-0,7508642533989489;-0,6604565640279754;14,0;4,0;14,0;14,0;0;14,0;14,0;14,0;14,0;23,0;17,0;42,0;17,0;17,571428571428573;6,7541874136752345;10,0;30,0;0,0;0,15;19,29;0,9500065994783076;9,16009395529951;0;4,0;4,0;19,0;4,0;4,0;19,0
2025-08-21;4,0;0,1;15,2653;13,48;1,7867;18,0;16,0477541496692;10,46434242015966;22,044428573708974;63,37689384393101;1,1164305046978782;2,668072751160962;8;233;3;-0,8660254037844385;-0,5000000000000004;-0,7621140503891487;-0,6474427960827475;14,0;4,0;4,0;4,0;0;4,0;4,0;4,0;14,0;14,0;23,0;30,0;10,666666666666666;13,857142857142858;5,871642911161413;4,0;23,0;-10,0;0,24;26,77;0,771141413748698;8,179076468401705;0;4,0;19,0;24,0;4,0;19,0;24,0
2025-08-22;4,0;0,11;20,5885;16,05;4,5366;16,0;15,439313924484326;9,998558585386412;21,376821519077573;64,41911866521639;1,0432855037245357;2,550488950655163;8;234;4;-0,8660254037844385;-0,5000000000000004;-0,7731383255706026;-0,6342374393978054;4,0;19,0;4,0;4,0;0;4,0;4,0;4,0;4,0;14,0;14,0;10,0;7,333333333333333;13,0;6,879922480183551;4,0;23,0;0,0;0,1;13,48;1,1164305046978782;10,46434242015966;0;19,0;24,0;26,0;19,0;24,0;26,0
2025-08-23;19,0;0,39;60,3591;22,76;37,5957;10,0;13,761393298677945;8,568385074171804;19,700510507633574;67,47772404189192;0,8857812395300677;2,195401665046267;8;235;5;-0,8660254037844385;-0,5000000000000004;-0,7839338166829201;-0,620844401650647;4,0;24,0;19,0;19,0;0;19,0;19,0;19,0;4,0;4,0;14,0;15,0;9,0;13,571428571428571;7,230886134196548;4,0;23,0;15,0;0,11;16,05;1,0432855037245357;9,998558585386412;1;24,0;26,0;31,0;24,0;26,0;31,0
2025-08-24;24,0;0,45;65,6681;23,72;41,9449;13,0;14,743022371159128;8,850417903600906;21,436309212317916;63,419138472126505;0,9090903073865573;2,2545800844672446;8;236;6;-0,8660254037844385;-0,5000000000000004;-0,7944973291665992;-0,6072676460566135;19,0;26,0;24,0;24,0;0;24,0;24,0;24,0;19,0;4,0;4,0;17,0;15,666666666666666;14,571428571428571;8,202786982831862;4,0;24,0;5,0;0,39;22,76;0,8857812395300677;8,568385074171804;1;26,0;31,0;32,0;26,0;31,0;32,0
2025-08-25;26,0;0,54;98,4703;34,65;63,8252;7,0;12,968768431841722;7,09232776901689;19,999008807326756;64,39589844064378;0,6521217074533148;1,8284052590438025;8;237;0;-0,8660254037844385;-0,5000000000000004;-0,8048257371083452;-0,593511190196115;24,0;31,0;26,0;26,0;0;26,0;26,0;26,0;24,0;19,0;4,0;23,0;23,0;15,0;8,774964387392208;4,0;26,0;2,0;0,45;23,72;0,9090903073865573;8,850417903600906;0;31,0;32,0;26,0;31,0;32,0;26,0
2025-08-26;31,0;0,55;110,993;40,55;70,4423;10,0;13,936144834993113;6,925228298279931;22,304914763587938;57,64659294336975;0,5820783037184447;1,7849470498661872;8;238;1;-0,8660254037844385;-0,5000000000000004;-0,8149159841660791;-0,5795791048257612;26,0;32,0;31,0;31,0;0;31,0;31,0;31,0;26,0;24,0;19,0;14,0;27,0;17,428571428571427;10,612212192519001;4,0;31,0;5,0;0,54;34,65;0,6521217074533148;7,09232776901689;0;32,0;26,0;14,0;32,0;26,0;14,0
2025-08-27;32,0;0,43;84,6576;32,81;51,8484;9,0;13,517468067396498;7,534981475860606;20,58040185238063;63,18046198106078;0,6952622597498733;1,9397791325447091;8;239;2;-0,8660254037844385;-0,5000000000000004;-0,8247650844733614;-0,5654755126737576;31,0;26,0;32,0;32,0;0;32,0;32,0;32,0;31,0;26,0;24,0;14,0;29,666666666666668;20,0;11,761519176251616;4,0;32,0;1,0;0,55;40,55;0,5820783037184447;6,925228298279931;0;26,0;14,0;18,0;26,0;14,0;18,0
2025-08-28;26,0;0,14;34,9031;20,75;14,1514;6,0;12,348561235646699;8,336182827109958;16,987001009797712;73,64902356547026;0,8404051828965996;2,1499970568217837;8;240;3;-0,8660254037844385;-0,5000000000000004;-0,8343701235229538;-0,5512045872199277;32,0;14,0;26,0;26,0;0;26,0;26,0;26,0;32,0;31,0;26,0;4,0;29,666666666666668;23,142857142857142;9,494359227607625;4,0;32,0;-6,0;0,43;32,81;0,6952622597498733;7,534981475860606;0;14,0;18,0;25,0;14,0;18,0;25,0
2025-08-29;14,0;0,1;14,7827;13,05;1,72917;16,0;15,418047757768178;10,253919337828119;20,975091128636915;65,97212945160703;1,0999460781849921;2,6187356812122755;8;241;4;-0,8660254037844385;-0,5000000000000004;-0,8437282590292712;-0,5367705514607103;26,0;18,0;14,0;14,0;0;14,0;14,0;14,0;26,0;32,0;31,0;4,0;24,0;24,571428571428573;6,373307431706745;14,0;32,0;-12,0;0,14;20,75;0,8404051828965996;8,336182827109958;0;18,0;25,0;29,0;18,0;25,0;29,0
2025-08-30;18,0;0,16;25,2653;19,42;5,84485;9,0;13,305788950743521;8,92238646255312;18,306893596510378;71,32299943012296;0,8828376761088909;2,2590842186640616;8;242;5;-0,8660254037844385;-0,5000000000000004;-0,8528367217694595;-0,522177676659508;14,0;25,0;18,0;18,0;0;18,0;18,0;18,0;14,0;26,0;32,0;19,0;19,333333333333332;24,428571428571427;6,528326555791187;14,0;32,0;4,0;0,1;13,05;1,0999460781849921;10,253919337828119;1;25,0;29,0;16,0;25,0;29,0;16,0
2025-08-31;25,0;0,25;31,1322;19,08;12,0503;9,0;13,360920495212984;8,941418174761207;18,405987604599908;71,46806734918728;0,8975341318347722;2,2555767614349636;8;243;6;-0,8660254037844385;-0,5000000000000004;-0,8616928164028522;-0,5074302810827518;18,0;29,0;25,0;25,0;0;25,0;25,0;25,0;18,0;14,0;26,0;24,0;19,0;24,571428571428573;6,528326555791186;14,0;32,0;7,0;0,16;19,42;0,8828376761088909;8,92238646255312;1;29,0;16,0;20,0;29,0;16,0;20,0
2025-09-01;29,0;0,43;69,3278;23,07;46,2599;11,0;14,095449789053667;8,590235451455747;20,352754101273007;65,74357715896927;0,9107079019461387;2,217461089552714;9;244;0;-1,0;-1,8369701987210297e-16;-0,8702939222685674;-0,49253272872205434;25,0;16,0;29,0;29,0;0;29,0;29,0;29,0;25,0;18,0;14,0;26,0;24,0;25,0;6,733003292241443;14,0;32,0;4,0;0,25;19,08;0,8975341318347722;8,941418174761207;0;16,0;20,0;32,0;16,0;20,0;32,0
2025-09-02;16,0;0,13;25,7433;17,82;7,92808;8,0;12,961145847566645;8,875513039875342;17,586417347639184;73,00318257439753;0,9121962128140255;2,2732735598417424;9;245;1;-1,0;-1,8369701987210297e-16;-0,8786374941610001;-0,4774894280028391;29,0;20,0;16,0;16,0;0;16,0;16,0;16,0;29,0;25,0;18,0;31,0;23,333333333333332;22,857142857142858;6,890296835129194;14,0;32,0;-13,0;0,43;23,07;0,9107079019461387;8,590235451455747;0;20,0;32,0;30,0;20,0;32,0;30,0
2025-09-03;20,0;0,19;38,8047;21,14;17,6637;10,0;13,633573339538298;8,785070178156309;19,14293159560149;68,67590599069607;0,8870998425771093;2,252865491354993;9;246;2;-1,0;-1,8369701987210297e-16;-0,886721063082993;-0,46230483047981086;16,0;32,0;20,0;20,0;0;20,0;20,0;20,0;16,0;29,0;25,0;32,0;21,666666666666668;21,142857142857142;5,610364558225384;14,0;29,0;4,0;0,13;17,82;0,9121962128140255;8,875513039875342;0;32,0;30,0;25,0;32,0;30,0;25,0
2025-09-04;32,0;0,39;86,8022;30,1;56,7;11,0;14,089682291300042;7,886446814112471;21,250495309335157;61,57723908487234;0,793712295562438;2,071481038124221;9;247;3;-1,0;-1,8369701987210297e-16;-0,8945422369764496;-0,4469834295196741;20,0;30,0;32,0;32,0;0;32,0;32,0;32,0;20,0;16,0;29,0;26,0;22,666666666666668;22,0;6,8068592855541175;14,0;32,0;12,0;0,19;21,14;0,8870998425771093;8,785070178156309;0;30,0;25,0;17,0;30,0;25,0;17,0
2025-09-05;30,0;0,32;65,7988;28,17;37,6317;13,0;14,68116667328494;8,464149984221331;21,816403154168416;61,04076144842456;0,8168333481360782;2,172702198122524;9;248;4;-1,0;-1,8369701987210297e-16;-0,9020987014301837;-0,43152975897147144;32,0;25,0;30,0;30,0;0;30,0;30,0;30,0;32,0;20,0;16,0;14,0;27,333333333333332;24,285714285714285;6,343350474165533;16,0;32,0;-2,0;0,39;30,1;0,793712295562438;7,886446814112471;0;25,0;17,0;14,0;25,0;17,0;14,0
2025-09-06;25,0;0,13;23,969;18,08;5,88501;8,0;12,961831003208847;8,876995649680868;17,601063433338563;73,01564124612491;0,9012135992213096;2,2655040903252353;9;249;5;-1,0;-1,8369701987210297e-16;-0,9093882203647925;-0,4159483918249421;30,0;17,0;25,0;25,0;0;25,0;25,0;25,0;30,0;32,0;20,0;18,0;29,0;25,285714285714285;5,707138387268119;16,0;32,0;-5,0;0,32;28,17;0,8168333481360782;8,464149984221331;1;17,0;14,0;16,0;17,0;14,0;16,0
2025-09-07;17,0;0,11;11,572;10,11;1,45809;16,0;15,408841675794294;10,489259913853484;20,620890575835976;67,41760291087394;1,1600636692893418;2,684028586277041;9;250;6;-1,0;-1,8369701987210297e-16;-0,9164086366943458;-0,4002439388573056;25,0;14,0;17,0;17,0;0;17,0;17,0;17,0;25,0;30,0;32,0;25,0;24,0;24,142857142857142;6,517376042257446;16,0;32,0;-8,0;0,13;18,08;0,9012135992213096;8,876995649680868;1;14,0;16,0;12,0;14,0;16,0;12,0
2025-09-08;14,0;0,19;35,4736;17,43;18,0414;16,0;15,487141542084666;9,785808654330088;21,72991622003495;63,23308049979399;1,0417287422723427;2,5149791647251316;9;251;0;-1,0;-1,8369701987210297e-16;-0,9231578729647039;-0,38442104726885545;17,0;16,0;14,0;14,0;0;14,0;14,0;14,0;17,0;25,0;30,0;29,0;18,666666666666668;22,0;7,094598884597657;14,0;32,0;-3,0;0,11;10,11;1,1600636692893418;10,489259913853484;0;16,0;12,0;22,0;16,0;12,0;22,0
2025-09-09;16,0;0,29;54,807;23,1;31,7116;15,0;15,264343715070696;9,143724341470227;22,130620285077825;61,29643497893889;0,93613732609872;2,348588660135607;9;252;1;-1,0;-1,8369701987210297e-16;-0,9296339319682695;-0,3684843993077793;14,0;12,0;16,0;16,0;0;16,0;16,0;16,0;14,0;17,0;25,0;16,0;15,666666666666666;22,0;7,094598884597657;14,0;32,0;2,0;0,19;17,43;1,0417287422723427;9,785808654330088;0;12,0;22,0;26,0;12,0;22,0;26,0
2025-09-10;12,0;0,19;47,6322;23,01;24,6253;10,0;13,636210159115558;8,55593207830748;19,424811275339913;67,33931601660748;0,8659525927973761;2,2154885264125808;9;253;2;-1,0;-1,8369701987210297e-16;-0,9358348973349941;-0,35243871088460327;16,0;22,0;12,0;12,0;0;12,0;12,0;12,0;16,0;14,0;17,0;20,0;14,0;20,857142857142858;8,050436249640441;12,0;32,0;-4,0;0,29;23,1;0,93613732609872;9,143724341470227;0;22,0;26,0;10,0;22,0;26,0;10,0
2025-09-11;22,0;0,3;72,2445;25,99;46,2519;15,0;15,264830813177845;8,741990750054422;22,599615590260463;59,02856933099896;0,9119613893661047;2,2915180127078245;9;254;3;-1,0;-1,8369701987210297e-16;-0,9417589340994617;-0,33628873017668287;12,0;26,0;22,0;22,0;0;22,0;22,0;22,0;12,0;16,0;14,0;32,0;16,666666666666668;19,428571428571427;6,477065767180544;12,0;30,0;10,0;0,19;23,01;0,8659525927973761;8,55593207830748;0;26,0;10,0;13,0;26,0;10,0;13,0
2025-09-12;26,0;0,45;65,6658;24,84;40,8272;20,0;16,941353398557506;9,626130038325995;25,117905630658754;54,605098053918155;0,9711313241423967;2,4346851687951427;9;255;4;-1,0;-1,8369701987210297e-16;-0,9474042892438845;-0,32003923622313857;22,0;10,0;26,0;26,0;0;26,0;26,0;26,0;22,0;12,0;16,0;30,0;20,0;18,857142857142858;5,490251100164573;12,0;26,0;4,0;0,3;25,99;0,9119613893661047;8,741990750054422;0;10,0;13,0;21,0;10,0;13,0;21,0
2025-09-13;10,0;0,11;19,1149;13,33;5,78376;19,0;16,360238160326283;10,552043542204958;22,57152623274838;62,03553679975208;1,141551864202989;2,7021882475312005;9;256;5;-1,0;-1,8369701987210297e-16;-0,9527692922168511;-0,30369503751065885;26,0;13,0;10,0;10,0;0;10,0;10,0;10,0;26,0;22,0;12,0;25,0;19,333333333333332;16,714285714285715;5,618845839799295;10,0;26,0;-16,0;0,45;24,84;0,9711313241423967;9,626130038325995;1;13,0;21,0;25,0;13,0;21,0;25,0
2025-09-14;13,0;0,12;17,2294;12,75;4,47615;16,0;15,427349219247748;10,2580980684717;20,97936412465343;66,02043767799353;1,1114879050062754;2,624151705007373;9;257;6;-1,0;-1,8369701987210297e-16;-0,9578523554276669;-0,28726097055059635;10,0;21,0;13,0;13,0;0;13,0;13,0;13,0;10,0;26,0;22,0;17,0;16,333333333333332;16,142857142857142;5,785861256216897;10,0;26,0;3,0;0,11;13,33;1,141551864202989;10,552043542204958;1;21,0;25,0;22,0;21,0;25,0;22,0
2025-09-15;21,0;0,25;56,8093;26,05;30,7547;14,0;14,93656133421621;8,773044185964615;21,93462302171558;60,9917754573696;0,8625890565159161;2,2576725036456557;9;258;0;-1,0;-1,8369701987210297e-16;-0,9626519747161487;-0,2707418984477642;13,0;25,0;21,0;21,0;0;21,0;21,0;21,0;13,0;10,0;26,0;14,0;14,666666666666666;17,142857142857142;5,956189257922529;10,0;26,0;8,0;0,12;12,75;1,1114879050062754;10,2580980684717;0;25,0;22,0;23,0;25,0;22,0;23,0
2025-09-16;25,0;0,31;59,6727;27,48;32,1921;21,0;17,177086353392546;9,540976034327718;25,737365079036167;52,12523844180234;0,9190623836035544;2,4219649099353484;9;259;1;-1,0;-1,8369701987210297e-16;-0,9671667297977312;-0,2541427094613622;21,0;22,0;25,0;25,0;0;25,0;25,0;25,0;21,0;13,0;10,0;16,0;19,666666666666668;18,428571428571427;6,604471789556588;10,0;26,0;4,0;0,25;26,05;0,8625890565159161;8,773044185964615;0;22,0;23,0;14,0;22,0;23,0;14,0
2025-09-17;22,0;0,14;21,1125;16,45;4,65896;17,0;15,775505481691063;10,110632270067061;21,966071626680193;63,15911687668132;1,04494778443837;2,565548967678711;9;260;2;-1,0;-1,8369701987210297e-16;-0,97139528468375;-0,23746831555846842;25,0;23,0;22,0;22,0;0;22,0;22,0;22,0;25,0;21,0;13,0;12,0;22,666666666666668;19,857142857142858;6,039552175136133;10,0;26,0;-3,0;0,31;27,48;0,9190623836035544;9,540976034327718;0;23,0;14,0;7,0;23,0;14,0;7,0
2025-09-18;23,0;0,12;18,4401;12,64;5,80012;19,0;16,364132708363137;10,613166055836464;22,497647206607414;62,402618438323096;1,1551786707902942;2,7162530669005642;9;261;3;-1,0;-1,8369701987210297e-16;-0,9753363880767837;-0,2207236509605022;22,0;14,0;23,0;23,0;0;23,0;23,0;23,0;22,0;25,0;21,0;22,0;23,333333333333332;20,0;6,1101009266078785;10,0;26,0;1,0;0,14;16,45;1,04494778443837;10,110632270067061;0;14,0;7,0;5,0;14,0;7,0;5,0
2025-09-19;14,0;0,15;19,1507;11,85;7,29633;21,0;17,003079854829306;10,917426861977626;23,456009214021606;60,41919126828412;1,1979548106806246;2,789001989070362;9;262;4;-1,0;-1,8369701987210297e-16;-0,9789888737409319;-0,20391367068311472;23,0;7,0;14,0;14,0;0;14,0;14,0;14,0;23,0;22,0;25,0;26,0;19,666666666666668;18,285714285714285;5,822779568622111;10,0;25,0;-9,0;0,12;12,64;1,1551786707902942;10,613166055836464;0;7,0;5,0;11,0;7,0;5,0;11,0
2025-09-20;7,0;0,1;10,9482;8,01;2,93739;17,0;15,701317946208869;10,7444953026433;20,86952265734977;67,07152102869499;1,2216648765349456;2,7645745409107305;9;263;5;-1,0;-1,8369701987210297e-16;-0,9823516608469237;-0,18704334906991657;14,0;5,0;7,0;7,0;0;7,0;7,0;7,0;14,0;23,0;22,0;10,0;14,666666666666666;17,857142857142858;6,593647736738116;7,0;25,0;-7,0;0,15;11,85;1,1979548106806246;10,917426861977626;1;5,0;11,0;20,0;5,0;11,0;20,0
2025-09-21;5,0;0,1;8,46902;6,8;1,66743;22,0;17,259027802105436;11,455477905513403;23,246400245969966;61,75355926387749;1,306885733316017;2,9387401031846383;9;264;6;-1,0;-1,8369701987210297e-16;-0,9854237542919524;-0,17011767832049052;7,0;11,0;5,0;5,0;0;5,0;5,0;5,0;7,0;14,0;23,0;13,0;8,666666666666666;16,714285714285715;8,097618697582012;5,0;25,0;-2,0;0,1;8,01;1,2216648765349456;10,7444953026433;1;11,0;20,0;21,0;11,0;20,0;21,0
2025-09-22;11,0;0,18;43,903;21,19;22,7102;11,0;13,93128532729567;8,828265439948577;19,680839079230886;67,08474109019295;0,9126436246230463;2,286772366476985;9;265;0;-1,0;-1,8369701987210297e-16;-0,9882042449941422;-0,15314166701312007;5,0;20,0;11,0;11,0;0;11,0;11,0;11,0;5,0;7,0;14,0;21,0;7,666666666666667;15,285714285714286;8,097618697582016;5,0;25,0;6,0;0,1;6,8;1,306885733316017;11,455477905513403;0;20,0;21,0;17,0;20,0;21,0;17,0
2025-09-23;20,0;0,24;69,3278;25,79;43,5366;16,0;15,536458805861047;8,864480938643064;22,99828270195495;57,845474468518276;0,9274449529046113;2,3342081969577455;9;266;1;-1,0;-1,8369701987210297e-16;-0,9906923101615609;-0,13612033862266704;11,0;21,0;20,0;20,0;0;20,0;20,0;20,0;11,0;5,0;7,0;25,0;12,0;14,571428571428571;7,276838664721259;5,0;23,0;9,0;0,18;21,19;0,9126436246230463;8,828265439948577;0;21,0;17,0;11,0;21,0;17,0;11,0
2025-09-24;21,0;0,28;63,0373;26,51;36,5273;22,0;17,456217332856312;9,656004882334082;26,12344878295913;50,97368761091741;0,966142808067023;2,482294682962949;9;267;2;-1,0;-1,8369701987210297e-16;-0,9928872135356962;-0,11905873003404988;20,0;17,0;21,0;21,0;0;21,0;21,0;21,0;20,0;11,0;5,0;22,0;17,333333333333332;14,428571428571429;7,114706432387;5,0;23,0;1,0;0,24;25,79;0,9274449529046113;8,864480938643064;0;17,0;11,0;16,0;17,0;11,0;16,0
2025-09-25;17,0;0,16;44,2677;21,6;22,6721;18,0;16,11037857414863;9,62942583543786;23,261728394063788;58,44712893387786;0,9943533348169427;2,4875741294495652;9;268;3;-1,0;-1,8369701987210297e-16;-0,994788305609327;-0,10196189005174576;21,0;11,0;17,0;17,0;0;17,0;17,0;17,0;21,0;20,0;11,0;23,0;19,333333333333332;13,571428571428571;6,214422549123046;5,0;21,0;-4,0;0,28;26,51;0,966142808067023;9,656004882334082;0;11,0;16,0;21,0;11,0;16,0;21,0
2025-09-26;11,0;0,19;26,4991;14,79;11,7102;13,0;14,54441128175749;9,707800425344216;19,838556224546316;68,47249859234876;1,0430139117230892;2,482203416596729;9;269;4;-1,0;-1,8369701987210297e-16;-0,9963950238187231;-0,08483487790576538;17,0;16,0;11,0;11,0;0;11,0;11,0;11,0;17,0;21,0;20,0;14,0;16,333333333333332;13,142857142857142;6,283008075451745;5,0;21,0;-6,0;0,16;21,6;0,9943533348169427;9,62942583543786;0;16,0;21,0;10,0;16,0;21,0;10,0
2025-09-27;16,0;0,35;52,3162;18,21;34,1061;15,0;15,275327963785369;9,53184883125448;21,607329522019786;63,70333029592511;1,039306216115023;2,45153661727406;9;270;5;-1,0;-1,8369701987210297e-16;-0,9977068927101168;-0,06768276175455162;11,0;21,0;16,0;16,0;0;16,0;16,0;16,0;11,0;17,0;21,0;7,0;14,666666666666666;14,428571428571429;5,711308748356101;5,0;21,0;5,0;0,19;14,79;1,0430139117230892;9,707800425344216;1;21,0;10,0;15,0;21,0;10,0;15,0
2025-09-28;21,0;0,6611759029570865;43,0292;16,3;26,7253;20,0;17,066993351959933;10,62637480984833;24,190753263961607;60,46243450128133;1,0940825446456057;2,58195246290618;9;271;6;-1,0;-1,8369701987210297e-16;-0,9987235240803972;-0,050510617185222886;16,0;10,0;21,0;21,0;0;21,0;21,0;21,0;16,0;11,0;17,0;5,0;16,0;16,714285714285715;4,34796066044337;11,0;21,0;5,0;0,35;18,21;1,039306216115023;9,53184883125448;1;10,0;15,0;20,0;10,0;15,0;20,0
2025-09-29;10,0;0,11;20,3834;13,33;7,05069;13,0;14,482000135152106;9,811376722749516;19,53736688689474;69,11789612138494;1,0690645994545718;2,5261486692884283;9;272;0;-1,0;-1,8369701987210297e-16;-0,9994446170919858;-0,033323525711631344;21,0;15,0;10,0;10,0;0;10,0;10,0;10,0;21,0;16,0;11,0;11,0;15,666666666666666;16,571428571428573;4,577377082170771;10,0;21,0;-11,0;0,6611759029570865;16,3;1,0940825446456057;10,62637480984833;0;15,0;20,0;21,0;15,0;20,0;21,0
2025-09-30;15,0;0,14;30,675;19,66;11,0111;16,0;15,47215720779087;9,664156101935472;21,9004525708686;62,426267361844786;0,9813298540324543;2,467413884780014;9;273;1;-1,0;-1,8369701987210297e-16;-0,9998699583618592;-0,016126573270657762;10,0;20,0;15,0;15,0;0;15,0;15,0;15,0;10,0;21,0;16,0;20,0;15,333333333333334;15,857142857142858;4,336994790119661;10,0;21,0;5,0;0,11;13,33;1,0690645994545718;9,811376722749516;0;20,0;21,0;18,0;20,0;21,0;18,0
2025-10-01;20,0;0,27;50,2503;24,79;25,4648;20,0;16,83114184960465;9,681492863650385;24,808599266125388;54,85179700891959;0,9494341629082191;2,4561675758590535;10;274;2;-0,8660254037844386;0,5000000000000001;-0,9999994220246925;0,001075151282798226;15,0;21,0;20,0;20,0;0;20,0;20,0;20,0;15,0;10,0;21,0;21,0;15,0;15,714285714285714;4,151878519188214;10,0;21,0;5,0;0,14;19,66;0,9813298540324543;9,664156101935472;0;21,0;18,0;6,0;21,0;18,0;6,0
2025-10-02;21,0;0,25;46,3788;27,36;19,0189;25,0;18,401451069445926;10,15241121827753;27,59238732827697;48,00642984725036;0,9436144696132397;2,543325541426071;10;275;3;-0,8660254037844386;0,5000000000000001;-0,999832969770105;0,018276557681691223;20,0;18,0;21,0;21,0;0;21,0;21,0;21,0;20,0;15,0;10,0;17,0;18,666666666666668;16,285714285714285;4,608480795023072;10,0;21,0;1,0;0,27;24,79;0,9494341629082191;9,681492863650385;0;18,0;6,0;5,0;18,0;6,0;5,0
2025-10-03;18,0;0,17;35,1669;18,31;16,8607;18,0;16,106851831597965;9,962091775218443;22,82470784982636;60,41999507870837;1,047463738323568;2,5566558402623767;10;276;4;-0,8660254037844386;0,5000000000000001;-0,9993706508539969;0,03547255575312556;21,0;6,0;18,0;18,0;0;18,0;18,0;18,0;21,0;20,0;15,0;11,0;19,666666666666668;17,285714285714285;3,988077469754458;10,0;21,0;-3,0;0,25;27,36;0,9436144696132397;10,15241121827753;0;6,0;5,0;10,0;6,0;5,0;10,0
2025-10-04;6,0;0,1;7,34172;5,72;1,61847;25,0;18,190131836180274;11,899268758657643;24,633523413812068;58,682955104902376;1,3672729966247705;3,0518474411503616;10;277;5;-0,8660254037844386;0,5000000000000001;-0,9986126020839734;0,052658056924614005;18,0;5,0;6,0;6,0;0;6,0;6,0;6,0;18,0;21,0;20,0;16,0;15,0;15,857142857142858;5,871642911161386;6,0;21,0;-12,0;0,17;18,31;1,047463738323568;9,962091775218443;1;5,0;10,0;15,0;5,0;10,0;15,0
2025-10-05;5,0;0,11;9,20166;7,33;1,87094;24,0;17,89477965128662;11,662323989503813;24,338601980404107;59,145661855927756;1,3205994872629607;2,984003042837117;10;278;6;-0,8660254037844386;0,5000000000000001;-0,9975590477788613;0,06982797572987089;6,0;10,0;5,0;5,0;0;5,0;5,0;5,0;6,0;18,0;21,0;21,0;9,666666666666666;13,571428571428571;6,6044717895566025;5,0;21,0;-1,0;0,1;5,72;1,3672729966247705;11,899268758657643;1;10,0;15,0;16,0;10,0;15,0;16,0
2025-10-06;10,0;0,18;36,41;19,74;16,6651;13,0;14,555867748923363;9,256005076551677;20,472233597393;65,77498235087091;0,9526355976251769;2,3742801783614675;10;279;0;-0,8660254037844386;0,5000000000000001;-0,9962102997023297;0,0869772313136861;5,0;15,0;10,0;10,0;0;10,0;10,0;10,0;5,0;6,0;18,0;10,0;7,0;13,571428571428571;6,6044717895566025;5,0;21,0;5,0;0,11;7,33;1,3205994872629607;11,662323989503813;0;15,0;16,0;18,0;15,0;16,0;18,0
2025-10-07;15,0;0,19;42,4435;22,35;20,0977;16,0;15,515053370181244;9,388275185319097;22,354068121116907;60,78115550064862;0,9438464763795331;2,4041381532403623;10;280;1;-0,8660254037844386;0,5000000000000001;-0,9945667569706337;0,1041007489354256;10,0;16,0;15,0;15,0;0;15,0;15,0;15,0;10,0;5,0;6,0;15,0;10,0;13,571428571428571;6,6044717895566025;5,0;21,0;5,0;0,18;19,74;0,9526355976251769;9,256005076551677;0;16,0;18,0;17,0;16,0;18,0;17,0
2025-10-08;16,0;0,2;42,5871;23,83;18,7541;19,0;16,46766512038669;9,658694682563015;24,056980743454456;56,63411461470491;0,9460045755370875;2,4557314398195302;10;281;2;-0,8660254037844386;0,5000000000000001;-0,9926289059345095;0,121193461470736;15,0;18,0;16,0;16,0;0;16,0;16,0;16,0;15,0;10,0;5,0;20,0;13,666666666666666;13,0;6,110100926607902;5,0;21,0;1,0;0,19;22,35;0,9438464763795331;9,388275185319097;0;18,0;17,0;8,0;18,0;17,0;8,0
2025-10-09;18,0;0,27;45,9794;24,34;21,6438;20,0;16,83388800902351;9,764534790919601;24,725743762915204;55,31374065571195;0,9489860945428593;2,4635565113965967;10;282;3;-0,8660254037844386;0,5000000000000001;-0,9903973200352558;0,1382503109109819;16,0;17,0;18,0;18,0;0;18,0;18,0;18,0;16,0;15,0;10,0;21,0;16,333333333333332;12,571428571428571;5,533448076836814;5,0;18,0;2,0;0,2;23,83;0,9460045755370875;9,658694682563015;0;17,0;8,0;12,0;17,0;8,0;12,0
2025-10-10;17,0;0,22;44,4876;18,28;26,2073;15,0;15,190833883680266;9,521574345164453;21,419053910301873;63,62269583525662;1,0296254936198128;2,466981015265387;10;283;4;-0,8660254037844386;0,5000000000000001;-0,9878726596350429;0,15526624985999563;18,0;8,0;17,0;17,0;0;17,0;17,0;17,0;18,0;16,0;15,0;18,0;17,0;12,428571428571429;5,3807416730765265;5,0;18,0;-1,0;0,27;24,34;0,9489860945428593;9,764534790919601;0;8,0;12,0;14,0;8,0;12,0;14,0
2025-10-11;8,0;0,11;11,3163;8,86;2,45806;22,0;17,27846961114858;11,298432387770115;23,518255678895944;60,774886188157794;1,2647943100834018;2,890523864075018;10;284;5;-0,8660254037844386;0,5000000000000001;-0,9850556718215013;0,172236243027682;17,0;12,0;8,0;8,0;0;8,0;8,0;8,0;17,0;18,0;16,0;6,0;14,333333333333334;12,714285714285714;5,023753102820306;5,0;18,0;-9,0;0,22;18,28;1,0296254936198128;9,521574345164453;1;12,0;14,0;15,0;12,0;14,0;15,0
2025-10-12;12,0;0,13;21,1901;14,41;6,78246;22,0;17,31912799155034;10,837016042076401;24,256082918366083;57,965545899641135;1,157515990815206;2,763267024801297;10;285;6;-0,8660254037844386;0,5000000000000001;-0,981947190186646;0,18915526872004093;8,0;14,0;12,0;12,0;0;12,0;12,0;12,0;8,0;17,0;18,0;5,0;12,333333333333334;13,714285714285714;3,77334006393495;8,0;18,0;4,0;0,11;8,86;1,2647943100834018;11,298432387770115;1;14,0;15,0;16,0;14,0;15,0;16,0
2025-10-13;14,0;0,13;30,4852;18,23;12,2507;21,0;17,017788378792908;10,351797989170072;24,25733369745586;57,004201164877415;1,0786235082745521;2,650302784028197;10;286;0;-0,8660254037844386;0,5000000000000001;-0,9785481345802031;0,20601832032517084;12,0;15,0;14,0;14,0;0;14,0;14,0;14,0;12,0;8,0;17,0;10,0;11,333333333333334;14,285714285714286;3,401680257083243;8,0;18,0;2,0;0,13;14,41;1,157515990815206;10,837016042076401;0;15,0;16,0;15,0;15,0;16,0;15,0
2025-10-14;15,0;0,12;48,04101974579259;16,22;31,821389621895168;21,0;16,990945570978198;10,2632097539922;24,158991598236497;56,591510035226015;1,1730309574218345;2,713855517444028;10;287;1;-0,8660254037844386;0,5000000000000001;-0,9748595108374125;0,22282040779479959;14,0;16,0;15,0;15,0;0;15,0;15,0;15,0;14,0;12,0;8,0;15,0;13,666666666666666;14,285714285714286;3,401680257083243;8,0;18,0;1,0;0,13;18,23;1,0786235082745521;10,351797989170072;0;16,0;15,0;16,0;16,0;15,0;16,0
2025-10-15;16,0;0,13;47,5310373669559;15,71;31,82138985268874;19,0;16,37151482803018;10,070073585404634;23,09413591485688;59,26070973185576;1,1575914536706726;2,6648266164673613;10;288;2;-0,8660254037844386;0,5000000000000001;-0,9708824104813836;0,23955655912092708;15,0;15,0;16,0;16,0;0;16,0;16,0;16,0;15,0;14,0;12,0;16,0;15,0;14,285714285714286;3,401680257083243;8,0;18,0;1,0;0,12;16,22;1,1730309574218345;10,2632097539922;0;15,0;16,0;18,0;15,0;16,0;18,0
2025-10-16;15,0;0,12;32,9084;22,07;10,8412;19,0;16,412121091950137;9,831966191774441;23,698682632969174;57,63238735350093;0,9701763811876333;2,504357870219287;10;289;3;-0,8660254037844386;0,5000000000000001;-0,9666180104000972;0,2562218218071163;16,0;16,0;15,0;15,0;0;15,0;15,0;15,0;16,0;15,0;14,0;18,0;15,333333333333334;13,857142857142858;3,023715784074043;8,0;17,0;-1,0;0,13;15,71;1,1575914536706726;10,070073585404634;0;16,0;18,0;16,0;16,0;18,0;16,0
2025-10-17;16,0;0,19;41,1617;25,36;15,8019;22,0;17,412415065972358;9,935298480601192;25,736377391351365;52,480548277911346;0,9450984237463728;2,5088188012420702;10;290;4;-0,8660254037844386;0,5000000000000001;-0,9620675724981452;0,27281126433401914;15,0;18,0;16,0;16,0;0;16,0;16,0;16,0;15,0;16,0;15,0;17,0;15,666666666666666;13,714285714285714;2,8702082220801697;8,0;16,0;1,0;0,12;22,07;0,9701763811876333;9,831966191774441;0;18,0;16,0;15,0;18,0;16,0;15,0
2025-10-18;18,0;0,22;44,2087;24,6;19,6087;29,0;19,61321467238676;10,813068624196115;29,25187717565458;44,36034203832375;1,056447058189063;2,730228698417963;10;291;5;-0,8660254037844386;0,5000000000000001;-0,957232443323312;0,28931997761869527;16,0;16,0;18,0;18,0;0;18,0;18,0;18,0;16,0;15,0;16,0;8,0;16,333333333333332;15,142857142857142;1,8644544714719578;12,0;18,0;2,0;0,19;25,36;0,9450984237463728;9,935298480601192;1;16,0;15,0;15,0;16,0;15,0;15,0
2025-10-19;16,0;0,11;19,2706;15,08;4,18998;20,0;16,685327523081632;10,559990571887436;23,2834768434752;60,121632753507974;1,1132875994487423;2,6904338755960926;10;292;6;-0,8660254037844386;0,5000000000000001;-0,9521140536681102;0,3057430764672831;18,0;15,0;16,0;16,0;0;16,0;16,0;16,0;18,0;16,0;15,0;12,0;16,666666666666668;15,714285714285714;1,2535663410565252;14,0;18,0;-2,0;0,22;24,6;1,056447058189063;10,813068624196115;1;15,0;15,0;15,0;15,0;15,0;15,0
2025-10-20;15,0;0,11;26,936;16,87;10,066;19,0;16,374940823580673;10,22830244936731;23,039479321944537;60,088394176912644;1,078297175685277;2,6244641801741615;10;293;0;-0,8660254037844386;0,5000000000000001;-0,9467139181463862;0,3220757010206104;16,0;15,0;15,0;15,0;0;15,0;15,0;15,0;16,0;18,0;16,0;14,0;16,333333333333332;15,857142857142858;1,0690449676502898;15,0;18,0;-1,0;0,11;15,08;1,1132875994487423;10,559990571887436;0;15,0;15,0;12,0;15,0;15,0;12,0
2025-10-21;15,0;0,15;38,9375;23,31;15,6292;15,0;15,183624362312905;9,217725280667363;21,88953365718915;61,64236649117673;0,9031842720169768;2,356296006045636;10;294;1;-0,8660254037844386;0,5000000000000001;-0,9410336347451197;0,3383130181923076;15,0;15,0;15,0;15,0;0;15,0;15,0;15,0;15,0;16,0;18,0;15,0;15,333333333333334;15,857142857142858;1,0690449676502898;15,0;18,0;0,0;0,11;16,87;1,078297175685277;10,22830244936731;0;15,0;12,0;11,0;15,0;12,0;11,0
2025-10-22;15,0;0,11;28,1803;16,88;11,2981;27,0;18,873422308660263;11,175414983710395;27,1057033172355;50,449934496252204;1,182195591342478;2,86104736957819;10;295;2;-0,8660254037844386;0,5000000000000001;-0,9350748843515574;0,3544502230989869;15,0;12,0;15,0;15,0;0;15,0;15,0;15,0;15,0;15,0;16,0;16,0;15,0;15,714285714285714;1,112697280528946;15,0;18,0;0,0;0,15;23,31;0,9031842720169768;9,217725280667363;0;12,0;11,0;9,0;12,0;11,0;9,0
2025-10-23;12,0;0,11;30,9699;20,02;10,9477;13,0;14,514983706300972;9,252263937074833;20,391237012734702;65,71292269003563;0,938610182954201;2,3760219424162816;10;296;3;-0,8660254037844386;0,5000000000000001;-0,9288394302558068;0,3704825404820963;15,0;11,0;12,0;12,0;0;12,0;12,0;12,0;15,0;15,0;15,0;15,0;14,0;15,285714285714286;1,7994708216852349;12,0;18,0;-3,0;0,11;16,88;1,182195591342478;11,175414983710395;0;11,0;9,0;12,0;11,0;9,0;12,0
2025-10-24;11,0;0,11;23,5442;13,98;9,56833;16,0;15,422945646628683;10,095261928257452;21,159160582562805;65,06364977754828;1,099971709831403;2,6018726422890377;10;297;4;-0,8660254037844386;0,5000000000000001;-0,9223291176290545;0,3864052261209853;12,0;9,0;11,0;11,0;0;11,0;11,0;11,0;12,0;15,0;15,0;16,0;12,666666666666666;14,571428571428571;2,3704530408866895;11,0;18,0;-1,0;0,11;20,02;0,938610182954201;9,252263937074833;0;9,0;12,0;10,0;9,0;12,0;10,0
2025-10-25;9,0;0,1;13,9192;10,52;3,40146;24,0;17,904735006692164;11,393276404914397;24,733504734927195;57,49971184249355;1,258559388779853;2,9140252853927744;10;298;5;-0,8660254037844386;0,5000000000000001;-0,9155458729775467;0,40221356823680365;11,0;12,0;9,0;9,0;0;9,0;9,0;9,0;11,0;12,0;15,0;18,0;10,666666666666666;13,285714285714286;2,627691364061485;9,0;16,0;-2,0;0,11;13,98;1,099971709831403;10,095261928257452;1;12,0;10,0;14,0;12,0;10,0;14,0
2025-10-26;12,0;0,12;18,7075;13,97;4,73594;22,0;17,31046874102594;10,886392699603173;24,17506952681994;58,26373336306211;1,1623004390716614;2,773435514580758;10;299;6;-0,8660254037844386;0,5000000000000001;-0,9084917035725082;0,41790288888678667;9,0;10,0;12,0;12,0;0;12,0;12,0;12,0;9,0;11,0;12,0;16,0;10,666666666666666;12,714285714285714;2,3603873774086326;9,0;15,0;3,0;0,1;10,52;1,258559388779853;11,393276404914397;1;10,0;14,0;16,0;10,0;14,0;16,0
2025-10-27;10,0;0,11;23,4262;14,25;9,17993;15,0;15,112232365290632;9,958834715527226;20,6824751334288;66,15617274417335;1,080660408114038;2,5658932499779286;10;300;0;-0,8660254037844386;0,5000000000000001;-0,9011686968561569;0,4334685453485363;12,0;14,0;10,0;10,0;0;10,0;10,0;10,0;12,0;9,0;11,0;15,0;10,333333333333334;12,0;2,3094010767588204;9,0;15,0;-2,0;0,12;13,97;1,1623004390716614;10,886392699603173;0;14,0;16,0;12,0;14,0;16,0;12,0
2025-10-28;14,0;0,12;28,8496;16,96;11,8891;22,0;17,31796718929032;10,567823297129593;24,595587116600623;56,387680068358165;1,1180386600217576;2,710480229851031;10;301;1;-0,8660254037844386;0,5000000000000001;-0,8935790198239952;0,4489059314938798;10,0;16,0;14,0;14,0;0;14,0;14,0;14,0;10,0;12,0;9,0;15,0;12,0;11,857142857142858;2,1157009420501636;9,0;15,0;4,0;0,11;14,25;1,080660408114038;9,958834715527226;0;16,0;12,0;12,0;16,0;12,0;12,0
2025-10-29;16,0;0,12;24,4946;14,45;10,0433;22,0;17,305875933238674;10,782163086058963;24,272288738614524;57,69037243399847;1,1659735794661257;2,7664955340804527;10;302;2;-0,8660254037844386;0,5000000000000001;-0,8857249183835637;0,4642104791518923;14,0;12,0;16,0;16,0;0;16,0;16,0;16,0;14,0;10,0;12,0;15,0;13,333333333333334;12,0;2,380476142847925;9,0;16,0;2,0;0,12;16,96;1,1180386600217576;10,567823297129593;0;12,0;12,0;9,0;12,0;12,0;9,0
2025-10-30;12,0;0,11;44,290884217387635;12,47;31,82137742913474;24,0;17,910214920840332;10,910619440665974;25,217853222695698;54,7112812706485;1,2908645310497657;2,8903647598066766;10;303;3;-0,8660254037844386;0,5000000000000001;-0,8776087166898392;0,4793776594606945;16,0;12,0;12,0;12,0;0;12,0;12,0;12,0;16,0;14,0;10,0;12,0;14,0;12,0;2,380476142847925;9,0;16,0;-4,0;0,12;14,45;1,1659735794661257;10,782163086058963;0;12,0;9,0;12,0;12,0;9,0;12,0
2025-10-31;12,0;0,1;34,04070683309116;2,22;31,821352223518808;19,0;16,30885832767926;11,102277756348192;21,436868480966133;65,41037204237199;1,444699879564279;2,9804420124242004;10;304;4;-0,8660254037844386;0,5000000000000001;-0,8692328164574792;0,49440298420761813;12,0;9,0;12,0;12,0;0;12,0;12,0;12,0;12,0;16,0;14,0;11,0;13,333333333333334;12,142857142857142;2,340126166725191;9,0;16,0;0,0;0,11;12,47;1,2908645310497657;10,910619440665974;0;9,0;12,0;11,0;9,0;12,0;11,0
2025-11-01;9,0;0,11;32,16061873565426;0,34;31,821346034379868;22,0;17,248497592147277;11,619487864741677;22,742580473226315;62,74647263472639;1,5212399446488742;3,1103900752783704;11;305;5;-0,5000000000000004;0,8660254037844384;-0,8605996962501181;0,5092820071573356;12,0;12,0;9,0;9,0;0;9,0;9,0;9,0;12,0;12,0;16,0;9,0;11,0;12,142857142857142;2,340126166725191;9,0;16,0;-3,0;0,1;2,22;1,444699879564279;11,102277756348192;1;12,0;11,0;10,0;12,0;11,0;10,0
2025-11-02;12,0;0,12;52,82972287003246;21,008644844314755;31,821400250166107;25,0;18,25587997059202;10,37056975021;26,76424088351923;49,5855717649466;1,1226057159333067;2,721679939188259;11;306;6;-0,5000000000000004;0,8660254037844384;-0,8517119107469189;0,5240103253675756;9,0;11,0;12,0;12,0;0;12,0;12,0;12,0;9,0;12,0;12,0;12,0;11,0;12,142857142857142;2,340126166725191;9,0;16,0;3,0;0,11;0,34;1,5212399446488742;11,619487864741677;1;11,0;10,0;11,0;11,0;10,0;11,0
2025-11-03;11,0;0,11;53,040915100715786;21,219731523345228;31,821404168392686;18,0;16,060678534987677;9,501645677073947;23,22904577025053;57,803091485524305;1,0307478692442176;2,5121481789972675;11;307;0;-0,5000000000000004;0,8660254037844384;-0,8425720899866032;0,5385835804920232;12,0;10,0;11,0;11,0;0;11,0;11,0;11,0;12,0;9,0;12,0;10,0;10,666666666666666;12,285714285714286;2,2146697055686113;9,0;16,0;-1,0;0,12;21,008644844314755;1,1226057159333067;10,37056975021;0;10,0;11,0;10,0;10,0;11,0;10,0
2025-11-04;10,0;0,1;52,82953472507414;21,00844424723226;31,821399805470183;24,0;17,92849050214732;10,23370885380873;26,23548864829005;50,69297436976777;1,1118745642859746;2,6957395649672247;11;308;1;-0,5000000000000004;0,8660254037844384;-0,8331829385891785;0,5529974600700271;11,0;11,0;10,0;10,0;0;10,0;10,0;10,0;11,0;12,0;9,0;14,0;11,0;11,714285714285714;2,2146697055686175;9,0;16,0;-1,0;0,11;21,219731523345228;1,0307478692442176;9,501645677073947;0;11,0;10,0;9,0;11,0;10,0;9,0
2025-11-05;11,0;0,13;43,6508997002592;11,83;31,821377808741364;22,0;17,297769487624727;10,735799825076947;24,148145104636153;57,48443193572067;1,2772213328003283;2,8425521256437842;11;309;2;-0,5000000000000004;0,8660254037844384;-0,8235472349556007;0,5672476988027229;10,0;10,0;11,0;11,0;0;11,0;11,0;11,0;10,0;11,0;12,0;16,0;10,666666666666666;11,0;1,1547005383799087;9,0;12,0;1,0;0,1;21,00844424723226;1,1118745642859746;10,23370885380873;0;10,0;9,0;13,0;10,0;9,0;13,0
2025-11-06;10,0;0,1;10,4115;8,59;1,82542;18,0;16,020804513634186;10,83772148748916;21,441851399800704;65,67639869447663;1,2193406023109739;2,7800903726112147;11;310;3;-0,5000000000000004;0,8660254037844384;-0,8136678304455991;0,5813300798152042;11,0;9,0;10,0;10,0;0;10,0;10,0;10,0;11,0;10,0;11,0;12,0;10,333333333333334;10,714285714285714;1,112697280529062;9,0;12,0;-1,0;0,13;11,83;1,2772213328003283;10,735799825076947;0;9,0;13,0;11,0;9,0;13,0;11,0
2025-11-07;9,0;0,13;19,8791;13,51;6,37112;19,0;16,376516672518818;10,548832271019243;22,62058593633141;61,99879068977615;1,1374867380200924;2,6950631863376024;11;311;4;-0,5000000000000004;0,8660254037844384;-0,8035476485339116;0,5952404359043674;10,0;13,0;9,0;9,0;0;9,0;9,0;9,0;10,0;11,0;10,0;12,0;10,0;10,285714285714286;1,1126972805290722;9,0;12,0;-1,0;0,1;8,59;1,2193406023109739;10,83772148748916;0;13,0;11,0;11,0;13,0;11,0;11,0
2025-11-08;13,0;0,13;18,3189;11,52;6,79901;19,0;16,363743941360955;10,693902642053642;22,377345860884596;62,90800238396207;1,180358555987246;2,7408739243713707;11;312;5;-0,5000000000000004;0,8660254037844384;-0,7931896839451843;0,6089746507720486;9,0;11,0;13,0;13,0;0;13,0;13,0;13,0;9,0;10,0;11,0;9,0;10,666666666666666;10,857142857142858;1,3451854182696656;9,0;13,0;4,0;0,13;13,51;1,1374867380200924;10,548832271019243;1;11,0;11,0;9,0;11,0;11,0;9,0
2025-11-09;11,0;0,1;5,35597;4,35;1,00559;24,0;17,8717271930701;11,892430134464833;23,95384556149449;60,56189840931729;1,3819226836838283;3,0533289406977344;11;313;6;-0,5000000000000004;0,8660254037844384;-0,7825970017677834;0,6225286602431057;13,0;11,0;11,0;11,0;0;11,0;11,0;11,0;13,0;9,0;10,0;12,0;11,0;10,714285714285714;1,2535663410566291;9,0;13,0;-2,0;0,13;11,52;1,180358555987246;10,693902642053642;1;11,0;9,0;13,0;11,0;9,0;13,0
2025-11-10;11,0;0,12;16,7159;10,04;6,68014;21,0;16,97507041602133;11,043497622681949;23,198563842007598;61,180277385429214;1,237439937348185;2,835538638480989;11;314;0;-0,5000000000000004;0,8660254037844384;-0,7717727365467836;0,6358984534680745;11,0;9,0;11,0;11,0;0;11,0;11,0;11,0;11,0;13,0;9,0;11,0;11,666666666666666;10,714285714285714;1,2535663410566291;9,0;13,0;0,0;0,1;4,35;1,3819226836838283;11,892430134464833;0;9,0;13,0;15,0;9,0;13,0;15,0
2025-11-11;9,0;0,11;14,674;10,58;4,0982;18,0;16,0364835301618;10,665385994020731;21,714638152778416;64,63409886459993;1,1824812552702455;2,7345108982060156;11;315;1;-0,5000000000000004;0,8660254037844384;-0,7607200913564104;0,6490800741100398;11,0;13,0;9,0;9,0;0;9,0;9,0;9,0;11,0;11,0;13,0;10,0;10,333333333333334;10,571428571428571;1,3972762620120949;9,0;13,0;-2,0;0,12;10,04;1,237439937348185;11,043497622681949;0;13,0;15,0;17,0;13,0;15,0;17,0
2025-11-12;13,0;0,14;24,5712;17,05;7,52621;21,0;17,0290238296541;10,515401305473477;24,091862052577223;57,911127642483365;1,0904769678526591;2,672227502143488;11;316;2;-0,5000000000000004;0,8660254037844384;-0,7494423368521954;0,6620696215153815;9,0;15,0;13,0;13,0;0;13,0;13,0;13,0;9,0;11,0;11,0;11,0;11,0;10,857142857142858;1,6761634196955069;9,0;13,0;4,0;0,11;10,58;1,1824812552702455;10,665385994020731;0;15,0;17,0;14,0;15,0;17,0;14,0
2025-11-13;15,0;0,15;27,6523;19,95;7,70448;25,0;18,30207802028929;10,781212313644291;26,489482010436728;51,80114775080531;1,079476602451841;2,722105196387057;11;317;3;-0,5000000000000004;0,8660254037844384;-0,7379428103031386;0,6748632518680403;13,0;17,0;15,0;15,0;0;15,0;15,0;15,0;13,0;9,0;11,0;10,0;12,333333333333334;11,571428571428571;2,225394561057082;9,0;15,0;2,0;0,14;17,05;1,0904769678526591;10,515401305473477;0;17,0;14,0;11,0;17,0;14,0;11,0
2025-11-14;17,0;0,12;21,6685;14,74;6,9249;24,0;17,9362142923167;11,039857736509001;25,299310726295648;55,36986008915443;1,1769842139213744;2,8164022312832615;11;318;4;-0,5000000000000004;0,8660254037844384;-0,7262249146041543;0,6874571793269664;15,0;14,0;17,0;17,0;0;17,0;17,0;17,0;15,0;13,0;9,0;9,0;15,0;12,714285714285714;2,690370836538464;9,0;17,0;2,0;0,15;19,95;1,079476602451841;10,781212313644291;0;14,0;11,0;13,0;14,0;11,0;13,0
2025-11-15;14,0;0,1;9,77264;7,66;2,10778;22,0;17,261958233076484;11,382546881815065;23,35464101571608;61,3202619749998;1,289872831728715;2,9192944270935874;11;319;5;-0,5000000000000004;0,8660254037844384;-0,7142921172691032;0,699847677146407;17,0;11,0;14,0;14,0;0;14,0;14,0;14,0;17,0;15,0;13,0;13,0;15,333333333333334;12,857142857142858;2,73426232761085;9,0;17,0;-3,0;0,12;14,74;1,1769842139213744;11,039857736509001;1;11,0;13,0;16,0;11,0;13,0;16,0
2025-11-16;11,0;0,1;9,17744;7,76;1,41778;20,0;16,640403737828755;11,145394319566444;22,349534693108982;63,705992363647624;1,2608746381082714;2,8576527259031574;11;320;6;-0,5000000000000004;0,8660254037844384;-0,7021479494046978;0,7120310787787131;14,0;13,0;11,0;11,0;0;11,0;11,0;11,0;14,0;17,0;15,0;11,0;14,0;12,857142857142858;2,73426232761085;9,0;17,0;-3,0;0,1;7,66;1,289872831728715;11,382546881815065;1;13,0;16,0;12,0;13,0;16,0;12,0
2025-11-17;13,0;0,13;22,4474;16,13;6,32173;22,0;17,330428682032288;10,712965131557047;24,46577632959886;57,18560034470123;1,120233655910106;2,723612309706628;11;321;0;-0,5000000000000004;0,8660254037844384;-0,6897960046655887;0,7240037789593305;11,0;16,0;13,0;13,0;0;13,0;13,0;13,0;11,0;14,0;17,0;11,0;12,666666666666666;13,142857142857142;2,609506430251749;9,0;17,0;2,0;0,1;7,76;1,2608746381082714;11,145394319566444;0;16,0;12,0;13,0;16,0;12,0;13,0
2025-11-18;16,0;0,12;20,7911;15,92;4,87038;22,0;17,321776656589442;10,73659723925847;24,41703453948688;57,33669780783413;1,1216985506190387;2,7289356616641425;11;322;1;-0,5000000000000004;0,8660254037844384;-0,6772399381909491;0,7357622347736527;13,0;12,0;16,0;16,0;0;16,0;16,0;16,0;13,0;11,0;14,0;9,0;13,333333333333334;14,142857142857142;2,0354009783967664;11,0;17,0;3,0;0,13;16,13;1,120233655910106;10,712965131557047;0;12,0;13,0;16,0;12,0;13,0;16,0
2025-11-19;12,0;0,11;17,3276;12,41;4,91406;26,0;18,54363484139648;11,476138371387384;26,000760200843686;54,16670242233454;1,2469180241532563;2,928957751928694;11;323;2;-0,5000000000000004;0,8660254037844384;-0,6644834655228552;0,7473029667054296;16,0;13,0;12,0;12,0;0;12,0;12,0;12,0;16,0;13,0;11,0;13,0;13,666666666666666;14,0;2,160246899469606;11,0;17,0;-4,0;0,12;15,92;1,1216985506190387;10,73659723925847;0;13,0;16,0;17,0;13,0;16,0;17,0
2025-11-20;13,0;0,11;21,959;17,55;4,40955;10,0;13,573285427959267;9,16364824489575;18,51920682081852;70,8859158956769;0,9357730514791763;2,3391815461303977;11;324;3;-0,5000000000000004;0,8660254037844384;-0,6515303615068021;0,75862255966641;12,0;16,0;13,0;13,0;0;13,0;13,0;13,0;12,0;16,0;13,0;15,0;13,666666666666666;13,714285714285714;2,1380899352997207;11,0;17,0;1,0;0,11;12,41;1,2469180241532563;11,476138371387384;0;16,0;17,0;16,0;16,0;17,0;16,0
2025-11-21;16,0;0,18;34,8444;18,41;16,4355;28,0;19,240607796858388;11,17258911746812;27,915086322491213;48,50276358478476;1,1694640315640288;2,847114828159088;11;325;4;-0,5000000000000004;0,8660254037844384;-0,6383844591746642;0,7697176640069211;13,0;17,0;16,0;16,0;0;16,0;16,0;16,0;13,0;12,0;16,0;17,0;13,666666666666666;13,571428571428571;1,9023794624230514;11,0;16,0;3,0;0,11;17,55;0,9357730514791763;9,16364824489575;0;17,0;16,0;16,0;17,0;16,0;16,0
2025-11-22;17,0;0,11;21,8918;16,2;5,6893;30,0;19,815180328627946;11,66051772103697;28,50297301772537;47,55466421343164;1,2198073790334953;2,9608119724903896;11;326;5;-0,5000000000000004;0,8660254037844384;-0,6250496486104377;0,7805849965070866;16,0;16,0;17,0;17,0;0;17,0;17,0;17,0;16,0;13,0;12,0;14,0;15,333333333333334;14,0;2,3094010767588014;11,0;17,0;1,0;0,18;18,41;1,1694640315640288;11,17258911746812;1;16,0;16,0;19,0;16,0;16,0;19,0
2025-11-23;16,0;0,11;14,3166;11,32;2,99893;23,0;17,60464349846;11,225050306772728;24,3331077701152;58,386987192694846;1,2271444311082307;2,8641458787397087;11;327;6;-0,5000000000000004;0,8660254037844384;-0,6115298757991053;0,7912213413483807;17,0;16,0;16,0;16,0;0;16,0;16,0;16,0;17,0;16,0;13,0;11,0;16,333333333333332;14,714285714285714;1,976047040119047;12,0;17,0;-1,0;0,11;16,2;1,2198073790334953;11,66051772103697;1;16,0;19,0;15,0;16,0;19,0;15,0
2025-11-24;16,0;0,11;15,5111;10,88;4,63139;22,0;17,2863516980309;11,115986768512519;23,782657303101807;59,681771250788096;1,2279450672947907;2,8459032308735623;11;328;0;-0,5000000000000004;0,8660254037844384;-0,5978291414589552;0,801623551065242;16,0;19,0;16,0;16,0;0;16,0;16,0;16,0;16,0;17,0;16,0;13,0;16,333333333333332;15,142857142857142;1,864454471471963;12,0;17,0;0,0;0,11;11,32;1,2271444311082307;11,225050306772728;0;19,0;15,0;13,0;19,0;15,0;13,0
2025-11-25;19,0;0,11;14,0597;10,4;3,65507;19,0;16,3450184911986;10,800513692132801;22,193478826055802;63,554851703968545;1,1975092045638918;2,767519165392484;11;329;1;-0,5000000000000004;0,8660254037844384;-0,5839514998576998;0,8117885474764613;16,0;15,0;19,0;19,0;0;19,0;19,0;19,0;16,0;16,0;17,0;16,0;17,0;15,571428571428571;2,370453040886682;12,0;19,0;3,0;0,11;10,88;1,2279450672947907;11,115986768512519;0;15,0;13,0;9,0;15,0;13,0;9,0
2025-11-26;15,0;0,1;12,3502;10,28;2,06736;18,0;16,027297954710235;10,702184911626164;21,6499987092015;64,86576047928241;1,1842843860047396;2,741393036011816;11;330;2;-0,5000000000000004;0,8660254037844384;-0,5699010576127624;0,8217133225960589;19,0;13,0;15,0;15,0;0;15,0;15,0;15,0;19,0;16,0;16,0;12,0;16,666666666666668;16,0;1,8257418583509035;13,0;19,0;-4,0;0,11;10,4;1,1975092045638918;10,800513692132801;0;13,0;9,0;8,0;13,0;9,0;8,0
2025-11-27;13,0;0,13;21,2182;14,69;6,52536;22,0;17,318914817710326;10,816117062952275;24,28711253824521;57,85123271326049;1,1508327228556148;2,756506302733315;11;331;3;-0,5000000000000004;0,8660254037844384;-0,5556819724760489;0,8313949395234058;15,0;9,0;13,0;13,0;0;13,0;13,0;13,0;15,0;19,0;16,0;13,0;15,666666666666666;16,0;1,8257418583509035;13,0;19,0;-2,0;0,1;10,28;1,1842843860047396;10,702184911626164;0;9,0;8,0;13,0;9,0;8,0;13,0
2025-11-28;9,0;0,1;10,5666;8,46;2,10417;20,0;16,642283602594766;11,081782138321591;22,43994278608004;63,33186016783705;1,2478739227637519;2,8420710649126906;11;332;4;-0,5000000000000004;0,8660254037844384;-0,5412984521036173;0,8408305333122887;13,0;8,0;9,0;9,0;0;9,0;9,0;9,0;13,0;15,0;19,0;16,0;12,333333333333334;15,0;3,2145502536645245;9,0;19,0;-4,0;0,13;14,69;1,1508327228556148;10,816117062952275;0;8,0;13,0;10,0;8,0;13,0;10,0
2025-11-29;8,0;0,1;9,18352;6,74;2,44507;18,0;16,0083706324239;10,969424950428438;21,217112534148104;66,50720595666559;1,2597558663268027;2,8228290635120126;11;333;5;-0,5000000000000004;0,8660254037844384;-0,5267547528105542;0,8500173118187018;9,0;13,0;8,0;8,0;0;8,0;8,0;8,0;9,0;13,0;15,0;17,0;10,0;13,714285714285714;3,98807746975448;8,0;19,0;-1,0;0,1;8,46;1,2478739227637519;11,081782138321591;1;13,0;10,0;11,0;13,0;10,0;11,0
2025-11-30;13,0;0,11;8,08398;6,42;1,66106;18,0;16,01314869669124;11,00949777378999;21,18135584522193;66,7532097326378;1,2633896586891011;2,8276471654781488;11;334;6;-0,5000000000000004;0,8660254037844384;-0,5120551783114646;0,8589525565270845;8,0;10,0;13,0;13,0;0;13,0;13,0;13,0;8,0;9,0;13,0;16,0;10,0;13,285714285714286;3,8606685826114773;8,0;19,0;5,0;0,1;6,74;1,2597558663268027;10,969424950428438;1;10,0;11,0;13,0;10,0;11,0;13,0
2025-12-01;10,0;0,11;13,4798;9,18;4,29496;20,0;16,64969418727059;11,005758002973073;22,55448042786128;62,89324393885077;1,2374170804753093;2,82541304479611;12;335;0;-2,4492935982947064e-16;1,0;-0,4972040784469378;0,8676336233547726;13,0;11,0;10,0;10,0;0;10,0;10,0;10,0;13,0;8,0;9,0;16,0;10,333333333333334;12,428571428571429;3,8234863173612985;8,0;19,0;-3,0;0,11;6,42;1,2633896586891011;11,00949777378999;0;11,0;13,0;12,0;11,0;13,0;12,0
2025-12-02;11,0;0,11;13,9115;10,16;3,75549;24,0;17,9102803324431;11,425260306551051;24,702961166724894;57,689244346582825;1,2661421096833578;2,9208118492914505;12;336;1;-2,4492935982947064e-16;1,0;-0,4822058478963526;0,8760579434344281;10,0;13,0;11,0;11,0;0;11,0;11,0;11,0;10,0;13,0;8,0;19,0;11,333333333333334;11,285714285714286;2,4976179127514153;8,0;15,0;1,0;0,11;9,18;1,2374170804753093;11,005758002973073;0;13,0;12,0;15,0;13,0;12,0;15,0
2025-12-03;13,0;0,12;18,4729;13,07;5,39986;26,0;18,55431089345901;11,428066054539103;26,096675091503876;53,86752585279501;1,2333790444732136;2,9124637821652537;12;337;2;-2,4492935982947064e-16;1,0;-0,46706492487743034;0,8842230238742036;11,0;12,0;13,0;13,0;0;13,0;13,0;13,0;11,0;10,0;13,0;15,0;11,333333333333334;11,0;2,0816659994664963;8,0;13,0;2,0;0,11;10,16;1,2661421096833578;11,425260306551051;0;12,0;15,0;17,0;12,0;15,0;17,0
2025-12-04;12,0;0,11;38,870839595133;7,05;31,82136620950833;18,0;16,018108085238715;10,61149314854023;21,52232403291203;64,39948315577303;1,3293508082959224;2,838076717572544;12;338;3;-2,4492935982947064e-16;1,0;-0,451785789832884;0,8921264484954345;13,0;15,0;12,0;12,0;0;12,0;12,0;12,0;13,0;11,0;10,0;13,0;12,0;10,857142857142858;1,9518001458974557;8,0;13,0;-1,0;0,12;13,07;1,2333790444732136;11,428066054539103;0;15,0;17,0;12,0;15,0;17,0;12,0
2025-12-05;15,0;0,12;36,94073579176552;5,12;31,821359336450012;22,0;17,270234328707105;11,253227666659415;23,32913001716591;60,56468587191579;1,4195663689418072;2,9986677827034565;12;339;4;-2,4492935982947064e-16;1,0;-0,4363729641045924;0,8997658785476209;12,0;17,0;15,0;15,0;0;15,0;15,0;15,0;12,0;13,0;11,0;9,0;13,333333333333334;11,714285714285714;2,288688541085641;8,0;15,0;3,0;0,11;7,05;1,3293508082959224;10,61149314854023;0;17,0;12,0;12,0;17,0;12,0;12,0
2025-12-06;17,0;0,16;37,730889469200974;5,91;31,821368390805603;13,0;14,488376509601082;10,138414515780077;18,903460033112502;71,11821738334622;1,285549096713868;2,7079643302673917;12;340;5;-2,4492935982947064e-16;1,0;-0,42083100859565564;0,9071390534005044;15,0;12,0;17,0;17,0;0;17,0;17,0;17,0;15,0;12,0;13,0;8,0;14,666666666666666;13,0;2,3804761428479155;10,0;17,0;2,0;0,12;5,12;1,4195663689418072;11,253227666659415;1;12,0;12,0;17,0;12,0;12,0;17,0
2025-12-07;12,0;0,1;33,8707027061974;2,05;31,82135176811074;19,0;16,308347585813557;11,115593041008848;21,41639224138054;65,4895116379551;1,4482823398097993;2,984352308777782;12;341;6;-2,4492935982947064e-16;1,0;-0,4051645224207563;0,9142437912130223;17,0;12,0;12,0;12,0;0;12,0;12,0;12,0;17,0;15,0;12,0;13,0;14,666666666666666;12,857142857142858;2,410295378065775;10,0;17,0;-5,0;0,16;5,91;1,285549096713868;10,138414515780077;1;12,0;17,0;13,0;12,0;17,0;13,0
2025-12-08;12,0;0,11;34,19058106279154;2,37;31,821348172633225;28,0;19,130419634073768;12,184136598041343;26,02978935597941;54,63640739093536;1,5541921393574636;3,2406540271515367;12;342;0;-2,4492935982947064e-16;1,0;-0,3893781415452015;0,9210779895789526;12,0;17,0;12,0;12,0;0;12,0;12,0;12,0;12,0;17,0;15,0;10,0;13,666666666666666;13,142857142857142;2,1157009420501502;11,0;17,0;0,0;0,1;2,05;1,4482823398097993;11,115593041008848;0;17,0;13,0;12,0;17,0;13,0;12,0
2025-12-09;17,0;0,12;34,73072561856105;2,91;31,821355066072304;19,0;16,32568309286429;11,0645019186535;21,54158965634939;65,17602329805719;1,4282728597839505;2,9610228899582154;12;343;1;-2,4492935982947064e-16;1,0;-0,37347653741307074;0,9276396261490467;12,0;13,0;17,0;17,0;0;17,0;17,0;17,0;12,0;12,0;17,0;11,0;13,666666666666666;14,0;2,3094010767588005;12,0;17,0;5,0;0,11;2,37;1,5541921393574636;12,184136598041343;0;13,0;12,0;13,0;13,0;12,0;13,0
2025-12-10;13,0;0,1;33,770729262889354;1,95;31,821352600175242;17,0;15,682772755029625;10,882209262334653;20,39011456376305;67,92441279694665;1,425146007799591;2,927666652875565;12;344;2;-2,4492935982947064e-16;1,0;-0,3574644155648614;0,9339267592294762;17,0;12,0;13,0;13,0;0;13,0;13,0;13,0;17,0;12,0;12,0;13,0;14,0;14,0;2,3094010767588005;12,0;17,0;-4,0;0,12;2,91;1,4282728597839505;11,0645019186535;0;12,0;13,0;9,0;12,0;13,0;9,0
2025-12-11;12,0;0,1;37,41089008765971;5,59;31,821365101145282;12,0;14,130522653702847;9,994064772532145;18,292964910825138;72,20076553667123;1,2853300580383864;2,696475731852811;12;345;3;-2,4492935982947064e-16;1,0;-0,34134651424503615;0,9399375283564133;13,0;13,0;12,0;12,0;0;12,0;12,0;12,0;13,0;17,0;12,0;12,0;14,0;14,0;2,3094010767588005;12,0;17,0;-1,0;0,1;1,95;1,425146007799591;10,882209262334653;0;13,0;9,0;8,0;13,0;9,0;8,0
2025-12-12;13,0;0,11;42,72097653355433;10,9;31,821378173089578;15,0;15,091763294726672;9,94811666498448;20,46470138908823;66,1897267628934;1,210353128033122;2,661041260693811;12;346;4;-2,4492935982947064e-16;1,0;-0,3251276029999093;0,9456701548465688;12,0;9,0;13,0;13,0;0;13,0;13,0;13,0;12,0;13,0;17,0;15,0;12,666666666666666;13,714285714285714;2,2886885410856204;12,0;17,0;1,0;0,1;5,59;1,2853300580383864;9,994064772532145;0;9,0;8,0;10,0;9,0;8,0;10,0
2025-12-13;9,0;0,1;12,6137;8,47;4,14184;14,0;14,763916322716481;10,33168129087391;19,413218966214558;70,35878611713835;1,1772287287829464;2,6664535910768716;12;347;5;-2,4492935982947064e-16;1,0;-0,30881248126625377;0,9511229423235357;13,0;8,0;9,0;9,0;0;9,0;9,0;9,0;13,0;12,0;13,0;17,0;11,333333333333334;12,571428571428571;2,3704530408867135;9,0;17,0;-4,0;0,11;10,9;1,210353128033122;9,94811666498448;1;8,0;10,0;32,0;8,0;10,0;32,0
2025-12-14;8,0;0,1;7,60676;6,17;1,43455;12,0;14,129153815918567;10,300072383228944;18,095615377515514;74,00727471149384;1,193287509053133;2,658035793906045;12;348;6;-2,4492935982947064e-16;1,0;-0,29240597695107734;0,9562942772197719;9,0;10,0;8,0;8,0;0;8,0;8,0;8,0;9,0;13,0;12,0;12,0;10,0;12,0;2,9439202887762;8,0;17,0;-1,0;0,1;8,47;1,1772287287829464;10,33168129087391;1;10,0;32,0;31,0;10,0;32,0;31,0
2025-12-15;10,0;0,12;19,3729;11,81;7,56173;21,0;16,981688270875814;10,894435949301807;23,42159416348916;60,289931873544944;1,202394989678873;2,795537805472447;12;349;0;-2,4492935982947064e-16;1,0;-0,27591294500296043;0,9611826292540837;8,0;32,0;10,0;10,0;0;10,0;10,0;10,0;8,0;9,0;13,0;12,0;9,0;11,714285714285714;3,039423504235093;8,0;17,0;2,0;0,1;6,17;1,193287509053133;10,300072383228944;0;32,0;31,0;16,0;32,0;31,0;16,0
2025-12-16;32,0;0,19;24,5003;16,88;7,62458;31,0;20,190830662801407;11,77339657069408;29,196514565552338;46,260223141702035;1,215784828090617;2,962227730147789;12;350;1;-2,4492935982947064e-16;1,0;-0,2593382659754056;0,9657865518844574;10,0;31,0;32,0;32,0;0;32,0;32,0;32,0;10,0;8,0;9,0;17,0;16,666666666666668;13,857142857142858;8,234653836654289;8,0;32,0;22,0;0,12;11,81;1,202394989678873;10,894435949301807;0;31,0;16,0;14,0;31,0;16,0;14,0
2025-12-17;31,0;0,17;22,3475;15,35;6,99307;21,0;17,038236952624352;10,67092933955322;23,90751816900319;58,8779927130056;1,121741818746523;2,7051209641440956;12;351;2;-2,4492935982947064e-16;1,0;-0,2426868445825954;0,9701046827361175;32,0;16,0;31,0;31,0;0;31,0;31,0;31,0;32,0;10,0;8,0;13,0;24,333333333333332;16,428571428571427;10,438025721005971;8,0;32,0;-1,0;0,19;16,88;1,215784828090617;11,77339657069408;0;16,0;14,0;10,0;16,0;14,0;10,0
2025-12-18;16,0;0,13;20,8776;13,74;7,14253;24,0;17,941136163948023;11,126069210760386;25,19101033089319;55,86874355606041;1,197835866728117;2,837937433974447;12;352;3;-2,4492935982947064e-16;1,0;-0,22596360824801906;0,974135744004672;31,0;14,0;16,0;16,0;0;16,0;16,0;16,0;31,0;32,0;10,0;12,0;26,333333333333332;17,0;10,263202878893829;8,0;32,0;-15,0;0,17;15,35;1,121741818746523;10,67092933955322;0;14,0;10,0;8,0;14,0;10,0;8,0
2025-12-19;14,0;0,11;17,8209;11,11;6,70656;17,0;15,719649122804539;10,46639644742992;21,288773039117455;65,40917797336263;1,1652622030482431;2,6946149497489413;12;353;4;-2,4492935982947064e-16;1,0;-0,20917350564635637;0,9778785428342386;16,0;10,0;14,0;14,0;0;14,0;14,0;14,0;16,0;31,0;32,0;13,0;20,333333333333332;17,142857142857142;10,205040771249195;8,0;32,0;-2,0;0,13;13,74;1,197835866728117;11,126069210760386;0;10,0;8,0;11,0;10,0;8,0;11,0
2025-12-20;10,0;0,1;7,36371;6,16;1,20306;17,0;15,693243962157526;10,90766326182615;20,628812076954304;68,05604016090163;1,2560459518544373;2,80559895130061;12;354;5;-2,4492935982947064e-16;1,0;-0,19232150523909483;0,9813319716704275;14,0;8,0;10,0;10,0;0;10,0;10,0;10,0;14,0;16,0;31,0;9,0;13,333333333333334;17,285714285714285;10,078265156832785;8,0;32,0;-4,0;0,11;11,11;1,1652622030482431;10,46639644742992;1;8,0;11,0;16,0;8,0;11,0;16,0
2025-12-21;8,0;0,1;6,76711;5,41;1,36184;20,0;16,628886209006964;11,327527957007723;22,060461062902174;64,81552511395782;1,3102191454497265;2,9115246509146604;12;355;6;-2,4492935982947064e-16;1,0;-0,17541259380427843;0,9844950085880858;10,0;11,0;8,0;8,0;0;8,0;8,0;8,0;10,0;14,0;16,0;8,0;10,666666666666666;17,285714285714285;10,078265156832785;8,0;32,0;-2,0;0,1;6,16;1,2560459518544373;10,90766326182615;1;11,0;16,0;18,0;11,0;16,0;18,0
2025-12-22;11,0;0,1;12,2341;8,64;3,59476;18,0;16,017245284437976;10,809517075643098;21,45958432992395;65,53750292959317;1,2227905718007066;2,7801935599225804;12;356;0;-2,4492935982947064e-16;1,0;-0,15845177496083632;0,9873667175937016;8,0;16,0;11,0;11,0;0;11,0;11,0;11,0;8,0;10,0;14,0;10,0;9,666666666666666;17,428571428571427;9,96422170998395;8,0;32,0;3,0;0,1;5,41;1,3102191454497265;11,327527957007723;0;16,0;18,0;13,0;16,0;18,0;13,0
2025-12-23;16,0;0,11;19,2676;11,97;7,29272;22,0;17,286686781669193;10,996116430551035;23,93452066576565;58,99509003584735;1,2118053896278473;2,8228259357617573;12;357;1;-2,4492935982947064e-16;1,0;-0,14144406768794202;0,9899462489023779;11,0;18,0;16,0;16,0;0;16,0;16,0;16,0;11,0;8,0;10,0;32,0;11,666666666666666;15,142857142857142;7,625146368618665;8,0;31,0;5,0;0,1;8,64;1,2227905718007066;10,809517075643098;0;18,0;13,0;13,0;18,0;13,0;13,0
2025-12-24;18,0;0,11;15,6438;9,76;5,88346;26,0;18,52846679133722;11,667370636007577;25,681579207122642;55,3505435816205;1,3051919849021314;2,9904394894877258;12;358;2;-2,4492935982947064e-16;1,0;-0,12439450483979998;0,9922328391893008;16,0;13,0;18,0;18,0;0;18,0;18,0;18,0;16,0;11,0;8,0;31,0;15,0;13,285714285714286;3,683941988065222;8,0;18,0;2,0;0,11;11,97;1,2118053896278473;10,996116430551035;0;13,0;13,0;14,0;13,0;13,0;14,0
2025-12-25;13,0;0,1;8,74597;7,35;1,39122;29,0;19,449676027341546;12,259597224320883;26,86109490725802;53,153861905100335;1,3828836090301169;3,132295856662275;12;359;3;-2,4492935982947064e-16;1,0;-0,10730813165636247;0,9942258118156161;18,0;13,0;13,0;13,0;0;13,0;13,0;13,0;18,0;16,0;11,0;16,0;15,666666666666666;12,857142857142858;3,484660262186047;8,0;18,0;-5,0;0,11;9,76;1,3051919849021314;11,667370636007577;0;13,0;14,0;14,0;13,0;14,0;14,0
2025-12-26;13,0;0,1;9,27344;7,13;2,13879;23,0;17,571607368484635;11,54324113009165;23,796616256291095;60,37356953985691;1,313716127010832;2,9609465404348714;12;360;4;-2,4492935982947064e-16;1,0;-0,09019000427034513;0,9959245770286599;13,0;14,0;13,0;13,0;0;13,0;13,0;13,0;13,0;18,0;16,0;14,0;14,666666666666666;12,714285714285714;3,450327796711973;8,0;18,0;0,0;0,1;7,35;1,3828836090301169;12,259597224320883;0;14,0;14,0;19,0;14,0;14,0;19,0
2025-12-27;14,0;0,11;12,513;9,32;3,19399;27,0;18,84291479927249;11,856582107647002;26,115616259860534;54,53936106692665;1,3201241254114569;3,027996193275186;12;361;5;-2,4492935982947064e-16;1,0;-0,07304518821104743;0,9973286321364752;13,0;14,0;14,0;14,0;0;14,0;14,0;14,0;13,0;13,0;18,0;10,0;13,333333333333334;13,285714285714286;3,251373336211937;8,0;18,0;1,0;0,1;7,13;1,313716127010832;11,54324113009165;1;14,0;19,0;18,0;14,0;19,0;18,0
2025-12-28;14,0;0,1;10,2017;7,83;2,36743;25,0;18,200714525441633;11,728412881254593;24,89901758248875;57,64061914154979;1,3248536715772867;3,0040971299793022;12;362;6;-2,4492935982947064e-16;1,0;-0,05587875690537313;0,9984375616565666;14,0;19,0;14,0;14,0;0;14,0;14,0;14,0;14,0;13,0;13,0;8,0;13,666666666666666;14,142857142857142;2,2677868380556583;11,0;18,0;0,0;0,11;9,32;1,3201241254114569;11,856582107647002;1;19,0;18,0;20,0;19,0;18,0;20,0
2025-12-29;19,0;0,12;20,2387;12,04;8,19389;27,0;18,856398539108273;11,59045865970584;26,495995483842886;52,97569622736557;1,2748361636502952;2,967600903469282;12;363;0;-2,4492935982947064e-16;1,0;-0,03869579017652689;0,9992510374388481;14,0;18,0;19,0;19,0;0;19,0;19,0;19,0;14,0;14,0;13,0;11,0;15,666666666666666;15,285714285714286;2,42997158517609;13,0;19,0;5,0;0,1;7,83;1,3248536715772867;11,728412881254593;0;18,0;20,0;25,0;18,0;20,0;25,0
2025-12-30;18,0;0,12;23,8116;13,74;10,0746;26,0;18,55410813131205;11,320619577026656;26,21472705181528;53,245334246026424;1,2315697811792163;2,9008688490541874;12;364;1;-2,4492935982947064e-16;1,0;-0,021501372740813793;0,999768818762748;19,0;20,0;18,0;18,0;0;18,0;18,0;18,0;19,0;14,0;14,0;16,0;17,0;15,571428571428571;2,636736799982553;13,0;19,0;-1,0;0,12;12,04;1,2748361636502952;11,59045865970584;0;20,0;25,0;15,0;20,0;25,0;15,0
2025-12-31;20,0;0,11;24,954;14,51;10,4449;26,0;18,54973540957335;11,24794691862173;26,300934041579378;52,81540761701104;1,2172397309174314;2,8852388993408487;12;365;2;-2,4492935982947064e-16;1,0;-0,004300592702981974;0,9999907524084426;18,0;25,0;20,0;20,0;0;20,0;20,0;20,0;18,0;19,0;14,0;18,0;19,0;15,857142857142858;3,0237157840740276;13,0;20,0;2,0;0,12;13,74;1,2315697811792163;11,320619577026656;0;25,0;15,0;11,0;25,0;15,0;11,0
2026-01-01;25,0;0,13;11,969;9,47;2,49745;25,0;18,233171495484072;11,627724022792437;25,135714828503346;56,989876629802644;1,287972619346331;2,9614235219532463;1;1;3;0,49999999999999994;0,8660254037844387;0,017201575418260506;0,9998520419557735;20,0;15,0;25,0;25,0;0;25,0;25,0;25,0;20,0;18,0;19,0;13,0;21,0;17,571428571428573;4,276179870598931;13,0;25,0;5,0;0,11;14,51;1,2172397309174314;11,24794691862173;0;15,0;11,0;11,0;15,0;11,0;11,0
2026-01-02;15,0;0,11;14,2075;9,58;4,62477;17,0;15,714497773814493;10,610424196303992;21,085561818405846;66,26557521789658;1,1920567440054242;2,7280953585962364;1;2;4;0,49999999999999994;0,8660254037844387;0,03439806061360801;0,9994082116062598;25,0;11,0;15,0;15,0;0;15,0;15,0;15,0;25,0;20,0;18,0;13,0;20,0;17,857142857142858;3,9761191895521697;14,0;25,0;-10,0;0,13;9,47;1,287972619346331;11,627724022792437;0;11,0;11,0;11,0;11,0;11,0;11,0
2026-01-03;11,0;0,1;10,9389;7,49;3,45022;19,0;16,32378519388564;11,019929085252054;21,823914008080084;64,89415549751465;1,2592175491930142;2,835914980233444;1;3;5;0,49999999999999994;0,8660254037844387;0,051584366869408364;0,9986686402879997;15,0;11,0;11,0;11,0;0;11,0;11,0;11,0;15,0;25,0;20,0;14,0;17,0;17,428571428571427;4,577377082170767;11,0;25,0;-4,0;0,11;9,58;1,1920567440054242;10,610424196303992;1;11,0;11,0;11,0;11,0;11,0;11,0
2026-01-04;11,0;0,1;5,66695;4,63;1,04083;19,0;16,31188893552209;11,269975211255774;21,454485097707884;66,39807318101307;1,313132642510218;2,899613121101965;1;4;6;0,49999999999999994;0,8660254037844387;0,06875540848113941;0,9976335468520451;11,0;11,0;11,0;11,0;0;11,0;11,0;11,0;11,0;15,0;25,0;14,0;12,333333333333334;17,0;5,066228051190342;11,0;25,0;0,0;0,1;7,49;1,2592175491930142;11,019929085252054;1;11,0;11,0;14,0;11,0;11,0;14,0
2026-01-05;11,0;0,1;11,079;9,13;1,95167;15,0;15,085288970707023;10,432479263051116;19,987663523059787;68,99658378087022;1,1704246958843552;2,6793123046415306;1;5;0;0,49999999999999994;0,8660254037844387;0,08590610426133272;0,9963032375991965;11,0;11,0;11,0;11,0;0;11,0;11,0;11,0;11,0;11,0;15,0;19,0;11,0;15,857142857142858;5,429197958832569;11,0;25,0;0,0;0,1;4,63;1,313132642510218;11,269975211255774;0;11,0;14,0;14,0;11,0;14,0;14,0
2026-01-06;11,0;0,33680427493632603;9,56625;7,5;2,06687;27,0;19,0059352334511;12,197059599669343;26,133247957828615;56,44017859571477;1,3343702728363287;3,0290722204208795;1;6;1;0,49999999999999994;0,8660254037844387;0,10303137904317879;0,9946781061893646;11,0;14,0;11,0;11,0;0;11,0;11,0;11,0;11,0;11,0;11,0;18,0;11,0;14,857142857142858;5,610364558225407;11,0;25,0;0,0;0,1;9,13;1,1704246958843552;10,432479263051116;0;14,0;14,0;17,0;14,0;14,0;17,0
2026-01-07;14,0;0,14;21,0315;12,16;8,87648;23,0;17,62443634679513;11,11182939101173;24,51203956161215;57,736788907767504;1,22196289444569;2,8441511141199047;1;7;2;0,49999999999999994;0,8660254037844387;0,1201261651823505;0,9927586335250793;11,0;14,0;14,0;14,0;0;14,0;14,0;14,0;11,0;11,0;11,0;20,0;12,0;14,0;5,131601439447013;11,0;25,0;3,0;0,33680427493632603;7,5;1,3343702728363287;12,197059599669343;0;14,0;17,0;22,0;14,0;17,0;22,0
2026-01-08;14,0;0,11;15,6797;12,44;3,23993;20,0;16,67192660405166;10,773694455886906;22,951062556491845;61,426692966721134;1,1663174486946164;2,7501556042431634;1;8;3;0,49999999999999994;0,8660254037844387;0,13718540405660057;0,9905453876091833;14,0;17,0;14,0;14,0;0;14,0;14,0;14,0;14,0;11,0;11,0;25,0;13,0;12,428571428571429;1,8126539343503074;11,0;15,0;0,0;0,14;12,16;1,22196289444569;11,11182939101173;0;17,0;22,0;17,0;17,0;22,0;17,0
2026-01-09;17,0;0,11;17,9088;13,41;4,49389;29,0;19,487269157230863;11,766389563836983;27,642108371266133;50,1410187899766;1,2626475893548554;2,9941887987308964;1;9;4;0,49999999999999994;0,8660254037844387;0,1542040475626894;0,988039023376751;14,0;22,0;17,0;17,0;0;17,0;17,0;17,0;14,0;14,0;11,0;15,0;15,0;12,714285714285714;2,3603873774086166;11,0;17,0;3,0;0,11;12,44;1,1663174486946164;10,773694455886906;0;22,0;17,0;18,0;22,0;17,0;18,0
2026-01-10;22,0;0,11;12,7727;9,62;3,15483;30,0;19,783063231549026;12,196665203333916;27,674089015086103;50,817991210342754;1,3516134333140617;3,1096130352008453;1;10;5;0,49999999999999994;0,8660254037844387;0,17117705961019986;0,985240282501282;17,0;17,0;22,0;22,0;0;22,0;22,0;22,0;17,0;14,0;14,0;11,0;17,666666666666668;14,285714285714286;4,07080195679302;11,0;22,0;5,0;0,11;13,41;1,2626475893548554;11,766389563836983;1;17,0;18,0;14,0;17,0;18,0;14,0
2026-01-11;17,0;0,1;11,2213;8,87;2,35081;25,0;18,208262451395633;11,651479864598114;25,028525829038852;57,15153483193393;1,3030563196325184;2,9803973464490814;1;11;6;0,49999999999999994;0,8660254037844387;0,18809941761179758;0,9821499931752291;22,0;18,0;17,0;17,0;0;17,0;17,0;17,0;22,0;17,0;14,0;11,0;18,666666666666668;15,142857142857142;3,891382420536233;11,0;22,0;-5,0;0,11;9,62;1,3516134333140617;12,196665203333916;1;18,0;14,0;13,0;18,0;14,0;13,0
2026-01-12;18,0;0,13;20,5338;12,99;7,54877;19,0;16,37312605578566;10,575016281013042;22,565761248470505;62,16616164532605;1,151539959434674;2,707948829322201;1;12;0;0,49999999999999994;0,8660254037844387;0,20496611396949532;0,9787690698649216;17,0;14,0;18,0;18,0;0;18,0;18,0;18,0;17,0;22,0;17,0;11,0;19,0;16,142857142857142;3,532165125838788;11,0;22,0;1,0;0,1;8,87;1,3030563196325184;11,651479864598114;0;14,0;13,0;14,0;14,0;13,0;14,0
2026-01-13;14,0;0,11;17,3336;11,66;5,67272;23,0;17,601493949776405;11,163227321587156;24,39311286967071;58,05235370947018;1,2268459434918033;2,8583016962407783;1;13;1;0,49999999999999994;0,8660254037844387;0,22177215755648186;0,975098513039961;18,0;13,0;14,0;14,0;0;14,0;14,0;14,0;18,0;17,0;22,0;11,0;16,333333333333332;16,571428571428573;2,935821455580852;14,0;22,0;-4,0;0,13;12,99;1,151539959434674;10,575016281013042;0;13,0;14,0;19,0;13,0;14,0;19,0
2026-01-14;13,0;0,11;16,4355;9,59;6,8441;22,0;17,275168143719867;11,185052673312095;23,638643181142367;60,14456730904728;1,260739322989019;2,8770582287243704;1;14;2;0,49999999999999994;0,8660254037844387;0,23851257519407648;0,9711394088771653;14,0;14,0;13,0;13,0;0;13,0;13,0;13,0;14,0;18,0;17,0;14,0;15,0;16,428571428571427;3,1014589500828276;13,0;22,0;-1,0;0,11;11,66;1,2268459434918033;11,163227321587156;0;14,0;19,0;19,0;14,0;19,0;19,0
2026-01-15;14,0;0,1;12,8348;8,53;4,30295;26,0;18,515646213275176;11,77229394405755;25,507153651018882;55,98987059558452;1,3278448515952093;3,0191151450695632;1;15;3;0,49999999999999994;0,8660254037844387;0,2551824131233728;0,9668929289391521;13,0;19,0;14,0;14,0;0;14,0;14,0;14,0;13,0;14,0;18,0;14,0;13,666666666666666;16,428571428571427;3,1014589500828276;13,0;22,0;1,0;0,11;9,59;1,260739322989019;11,185052673312095;0;19,0;19,0;24,0;19,0;19,0;24,0
2026-01-16;19,0;0,12;16,6577;12,73;3,92551;36,0;21,681131817950593;12,679298739777652;31,115603102001295;42,182213260050375;1,3629404946265538;3,214075642273239;1;16;4;0,49999999999999994;0,8660254037844387;0,2717767384711357;0,9623603298276545;14,0;19,0;19,0;19,0;0;19,0;19,0;19,0;14,0;13,0;14,0;17,0;15,333333333333334;16,714285714285715;3,2513733362119184;13,0;22,0;5,0;0,1;8,53;1,3278448515952093;11,77229394405755;0;19,0;24,0;28,0;19,0;24,0;28,0
2026-01-17;19,0;0,1;19,2159;12,97;6,24912;36,0;21,666753632146524;12,61803073758493;31,141972931063655;41,82956326420249;1,3659442580507855;3,214061946593912;1;17;5;0,49999999999999994;0,8660254037844387;0,2882906407095177;0,9575429528116719;19,0;24,0;19,0;19,0;0;19,0;19,0;19,0;19,0;14,0;13,0;22,0;17,333333333333332;16,285714285714285;2,563479777846868;13,0;19,0;0,0;0,12;12,73;1,3629404946265538;12,679298739777652;1;24,0;28,0;33,0;24,0;28,0;33,0
2026-01-18;24,0;0,13;12,1913;9,05;3,14563;37,0;21,98392899350935;13,101900108469854;31,17579010628649;42,81430166471375;1,4500873857218703;3,325618159951016;1;18;6;0,49999999999999994;0,8660254037844387;0,3047192331091634;0,9524422234305676;19,0;28,0;24,0;24,0;0;24,0;24,0;24,0;19,0;19,0;14,0;17,0;20,666666666666668;17,285714285714285;3,903600291794291;13,0;24,0;5,0;0,1;12,97;1,3659442580507855;12,61803073758493;1;28,0;33,0;21,0;28,0;33,0;21,0
2026-01-19;28,0;0,11;15,3786;10,86;4,51642;36,0;21,662242836728417;12,806064967939625;30,8781629221753;42,980567707559686;1,4047060337350405;3,259096025713647;1;19;0;0,49999999999999994;0,8660254037844387;0,321057654185271;0,9470596510722283;24,0;33,0;28,0;28,0;0;28,0;28,0;28,0;24,0;19,0;19,0;18,0;23,666666666666668;18,714285714285715;5,648430038936758;13,0;28,0;4,0;0,13;9,05;1,4500873857218703;13,101900108469854;0;33,0;21,0;22,0;33,0;21,0;22,0
2026-01-20;33,0;0,11;16,91;12,72;4,18833;34,0;21,048279068752603;12,427647430112673;30,091379231298383;44,5145737769182;1,33954501714942;3,1573087724100235;1;20;1;0,49999999999999994;0,8660254037844387;0,3373010691361842;0,9413968285264122;28,0;21,0;33,0;33,0;0;33,0;33,0;33,0;28,0;24,0;19,0;14,0;28,333333333333332;21,428571428571427;7,3225028247893995;13,0;33,0;5,0;0,11;10,86;1,4047060337350405;12,806064967939625;0;21,0;22,0;28,0;21,0;22,0;28,0
2026-01-21;21,0;0,11;43,610795249121004;11,79;31,821372857623242;29,0;19,471357939358374;11,566921326965597;27,671530341359407;49,05696851371234;1,3683035259478293;3,053470520790629;1;21;2;0,49999999999999994;0,8660254037844387;0,3534446712740877;0,9354554315134164;33,0;22,0;21,0;21,0;0;21,0;21,0;21,0;33,0;28,0;24,0;13,0;27,333333333333332;22,571428571428573;6,3471028261495315;14,0;33,0;-12,0;0,11;12,72;1,33954501714942;12,427647430112673;0;22,0;28,0;22,0;22,0;28,0;22,0
2026-01-22;22,0;0,11;42,98063503395523;11,16;31,821365670176178;39,0;22,595837162053076;12,822347700727944;32,66681196043673;37,40850826586562;1,507798009983789;3,3628907701813957;1;22;3;0,49999999999999994;0,8660254037844387;0,3694836834473831;0,9292372181882051;21,0;28,0;22,0;22,0;0;22,0;22,0;22,0;21,0;33,0;28,0;14,0;25,333333333333332;23,714285714285715;5,154748157905448;19,0;33,0;1,0;0,11;11,79;1,3683035259478293;11,566921326965597;0;28,0;22,0;12,0;28,0;22,0;12,0
2026-01-23;28,0;0,11;43,52072060360338;11,7;31,821369866645657;34,0;21,034273532586823;12,177011342972405;30,19627205623196;43,12799480739959;1,4333092764643884;3,2030052532533335;1;23;4;0,49999999999999994;0,8660254037844387;0,38541335945432564;0,9227440286201427;22,0;22,0;28,0;28,0;0;28,0;28,0;28,0;22,0;21,0;33,0;19,0;23,666666666666668;25,0;4,898979485566458;19,0;33,0;6,0;0,11;11,16;1,507798009983789;12,822347700727944;0;22,0;12,0;10,0;22,0;12,0;10,0
2026-01-24;22,0;0,1;39,830615516025844;8,01;31,821358934569243;35,0;21,328448749891585;12,57850521835021;30,24812775797778;43,60818287655894;1,5246347907922126;3,3191485607927507;1;24;5;0,49999999999999994;0,8660254037844387;0,4012289854475009;0,9159777842484877;28,0;12,0;22,0;22,0;0;22,0;22,0;22,0;28,0;22,0;21,0;19,0;24,0;25,428571428571427;4,3915503282685115;21,0;33,0;-6,0;0,11;11,7;1,4333092764643884;12,177011342972405;1;12,0;10,0;10,0;12,0;10,0;10,0
2026-01-25;12,0;0,1;38,93081104983899;7,11;31,821364773222687;20,0;16,636186864424538;10,839875658876538;22,532977905623863;61,93977062392211;1,3542732950499252;2,8974564030145684;1;25;6;0,49999999999999994;0,8660254037844387;0,4169258813287287;0,908940487313808;22,0;10,0;12,0;12,0;0;12,0;12,0;12,0;22,0;28,0;22,0;24,0;20,666666666666668;23,714285714285715;6,750661343263311;12,0;33,0;-10,0;0,1;8,01;1,5246347907922126;12,57850521835021;1;10,0;10,0;14,0;10,0;10,0;14,0
2026-01-26;10,0;0,1;39,390764248174875;7,57;31,821363805600054;24,0;17,88811766061061;11,286278663214583;24,616849862578057;56,94893127740005;1,3950669022242572;3,0048472615723534;1;26;0;0,49999999999999994;0,8660254037844387;0,4324994021339788;0,901634220265486;12,0;10,0;10,0;10,0;0;10,0;10,0;10,0;12,0;22,0;28,0;28,0;14,666666666666666;21,142857142857142;8,13282590142309;10,0;33,0;-2,0;0,1;7,11;1,3542732950499252;10,839875658876538;0;10,0;14,0;17,0;10,0;14,0;17,0
2026-01-27;10,0;0,1;40,61076488043025;8,79;31,8213659738712;26,0;18,51705737898043;11,431938213536332;25,778029824524236;53,99263984162573;1,3946011432051695;3,035770965027457;1;27;1;0,49999999999999994;0,8660254037844387;0,44794493940789115;0,8940611451454876;10,0;14,0;10,0;10,0;0;10,0;10,0;10,0;10,0;12,0;22,0;33,0;10,666666666666666;17,857142857142858;7,128079952520528;10,0;28,0;0,0;0,1;7,57;1,3950669022242572;11,286278663214583;0;14,0;17,0;10,0;14,0;17,0;10,0
2026-01-28;14,0;0,11;23,4151;13,05;10,3635;31,0;20,103629963314784;11,961843091377643;28,654868238588115;47,537601919368065;1,3107487438144063;3,0659781322624977;1;28;2;0,49999999999999994;0,8660254037844387;0,4632579225674917;0,88622350294858;10,0;17,0;14,0;14,0;0;14,0;14,0;14,0;10,0;10,0;12,0;21,0;11,333333333333334;16,857142857142858;7,104659772022285;10,0;28,0;4,0;0,1;8,79;1,3946011432051695;11,431938213536332;0;17,0;10,0;11,0;17,0;10,0;11,0
2026-01-29;17,0;0,14;27,8433;14,37;13,4698;24,0;17,939712821818425;11,000746085560847;25,32198803443827;55,2026058917462;1,1998329266245953;2,8263039700952994;1;29;3;0,49999999999999994;0,8660254037844387;0,4784338202547012;0,8781236129591848;14,0;10,0;17,0;17,0;0;17,0;17,0;17,0;14,0;10,0;10,0;22,0;13,666666666666666;16,142857142857142;6,743603671346039;10,0;28,0;3,0;0,11;13,05;1,3107487438144063;11,961843091377643;0;10,0;11,0;15,0;10,0;11,0;15,0
2026-01-30;10,0;0,1;13,1974;9,13;4,06715;23,0;17,58217308749679;11,368671802316845;24,05872181526005;59,3051181928097;1,2768035891958882;2,916774603644544;1;30;4;0,49999999999999994;0,8660254037844387;0,49346814167723735;0,8697638720650646;17,0;11,0;10,0;10,0;0;10,0;10,0;10,0;17,0;14,0;10,0;28,0;13,666666666666666;13,571428571428571;4,5408201482825765;10,0;22,0;-7,0;0,14;14,37;1,1998329266245953;11,000746085560847;0;11,0;15,0;11,0;11,0;15,0;11,0
2026-01-31;11,0;0,1;12,003;8,89;3,11743;18,0;16,02092002509692;10,7986421240817;21,488274565938415;65,45052832697817;1,2163980845714617;2,7742228635470214;1;31;5;0,49999999999999994;0,8660254037844387;0,5083564379375122;0,8611467540480452;10,0;15,0;11,0;11,0;0;11,0;11,0;11,0;10,0;17,0;14,0;22,0;12,666666666666666;12,0;2,645751311064862;10,0;17,0;1,0;0,1;9,13;1,2768035891958882;11,368671802316845;1;15,0;11,0;10,0;15,0;11,0;10,0
2026-02-01;15,0;0,1;11,1674;8,92;2,24769;29,0;19,45955526605766;12,131828939855444;27,062675932260863;52,357930412186064;1,352245022591835;3,0971687856770975;2;32;6;0,8660254037844386;0,5000000000000001;0,5230943033491326;0,8522748088519838;11,0;11,0;15,0;15,0;0;15,0;15,0;15,0;11,0;10,0;17,0;12,0;12,0;12,428571428571429;2,8784916685159447;10,0;17,0;4,0;0,1;8,89;1,2163980845714617;10,7986421240817;1;11,0;10,0;10,0;11,0;10,0;10,0
2026-02-02;11,0;0,1;12,1431;7,88;4,26167;23,0;17,574262434719238;11,460755963186363;23,90540934602944;59,88108785687593;1,3035412304249454;2,945494302375684;2;33;0;0,8660254037844386;0,5000000000000001;0,5376773767406141;0,8431506618282;15,0;10,0;11,0;11,0;0;11,0;11,0;11,0;15,0;11,0;10,0;10,0;12,333333333333334;12,571428571428571;2,7602622373696737;10,0;17,0;-4,0;0,1;8,92;1,352245022591835;12,131828939855444;0;10,0;10,0;9,0;10,0;10,0;9,0
2026-02-03;10,0;0,1;9,99838;7,69;2,30965;21,0;16,95177547486305;11,260445232679826;22,85467707511757;62,48628361446547;1,2773018840027195;2,88945394778372;2;34;1;0,8660254037844386;0,5000000000000001;0,5521013427459208;0,8337770129585915;11,0;10,0;10,0;10,0;0;10,0;10,0;10,0;11,0;15,0;11,0;10,0;12,0;12,571428571428571;2,7602622373696737;10,0;17,0;-1,0;0,1;7,88;1,3035412304249454;11,460755963186363;0;10,0;9,0;11,0;10,0;9,0;11,0
2026-02-04;10,0;0,1;16,562;9,41;7,14875;19,0;16,327660089952786;10,823912210306089;22,08584082285204;63,748725525469006;1,2283414925296714;2,7946495312045765;2;35;2;0,8660254037844386;0,5000000000000001;0,5663619330814524;0,8241566360566663;10,0;9,0;10,0;10,0;0;10,0;10,0;10,0;10,0;11,0;15,0;14,0;10,333333333333334;12,0;2,8284271247464443;10,0;17,0;0,0;0,1;7,69;1,2773018840027195;11,260445232679826;0;9,0;11,0;12,0;9,0;11,0;12,0
2026-02-05;9,0;0,1;14,3601;8,14;6,21774;21,0;16,947347597141693;11,174242616062648;22,936933284899638;62,0191390862696;1,2778795203058668;2,8820185807167777;2;36;3;0,8660254037844386;0,5000000000000001;0,580454927809098;0,8142923779467267;10,0;11,0;9,0;9,0;0;9,0;9,0;9,0;10,0;10,0;11,0;17,0;9,666666666666666;10,857142857142858;1,951800145897443;9,0;15,0;-1,0;0,1;9,41;1,2283414925296714;10,823912210306089;0;11,0;12,0;11,0;11,0;12,0;11,0
2026-02-06;11,0;0,11;16,047;10,56;5,4891;28,0;19,159880730828412;11,854015758379338;26,79255373302199;52,61100511718938;1,3126672294410964;3,0308897950516376;2;37;4;0,8660254037844386;0,5000000000000001;0,5943761565849831;0,804187157621448;9,0;12,0;11,0;11,0;0;11,0;11,0;11,0;9,0;10,0;10,0;10,0;10,0;11,0;1,914854215513059;9,0;15,0;2,0;0,1;8,14;1,2778795203058668;11,174242616062648;0;12,0;11,0;7,0;12,0;11,0;7,0
2026-02-07;12,0;0,14;23,1361;14,39;8,74503;33,0;20,761177459590186;12,146349343641274;29,85556375024687;44,75447396264356;1,3008273327028042;3,0877593369156613;2;38;5;0,8660254037844386;0,5000000000000001;0,6081214998935418;0,7938439653781019;11,0;11,0;12,0;12,0;0;12,0;12,0;12,0;11,0;9,0;10,0;11,0;10,666666666666666;11,142857142857142;1,951800145897441;9,0;15,0;1,0;0,11;10,56;1,3126672294410964;11,854015758379338;1;11,0;7,0;6,0;11,0;7,0;6,0
2026-02-08;11,0;0,1;12,6512;9,43;3,21958;22,0;17,271869812190126;11,235293322574;23,582145446364265;60,41369495613287;1,2556472134706054;2,8797300328280016;2;39;6;0,8660254037844386;0,5000000000000001;0,6216868902665479;0,7832658619336791;12,0;7,0;11,0;11,0;0;11,0;11,0;11,0;12,0;11,0;9,0;15,0;11,333333333333334;10,571428571428571;0,9759000729492905;9,0;12,0;-1,0;0,14;14,39;1,3008273327028042;12,146349343641274;1;7,0;6,0;12,0;7,0;6,0;12,0
2026-02-09;7,0;0,1;17,2901;8,31;8,98079;20,0;16,633084503112123;11,00706287968631;22,471523003276452;62,9520460217749;1,2689238951747934;2,850829361369444;2;40;0;0,8660254037844386;0,5000000000000001;0,6350683134867438;0,7724559775191742;11,0;6,0;7,0;7,0;0;7,0;7,0;7,0;11,0;12,0;11,0;11,0;10,0;10,0;1,6329931618559097;7,0;12,0;-4,0;0,1;9,43;1,2556472134706054;11,235293322574;0;6,0;12,0;14,0;6,0;12,0;14,0
2026-02-10;6,0;0,1;12,8618;6,94;5,9257;19,0;16,31824786134858;11,03161357186879;21,774526970228223;64,99076785595341;1,277254364704428;2,850463303075628;2;41;1;0,8660254037844386;0,5000000000000001;0,6482618097757122;0,7614175109532997;7,0;12,0;6,0;6,0;0;6,0;6,0;6,0;7,0;11,0;12,0;10,0;8,0;9,428571428571429;2,2253945610570867;6,0;12,0;-1,0;0,1;8,31;1,2689238951747934;11,00706287968631;0;12,0;14,0;13,0;12,0;14,0;13,0
2026-02-11;12,0;0,1;16,8711;10,4;6,46834;23,0;17,585014055683708;11,239874321123812;24,231820530348532;58,5503556371299;1,2562763724217527;2,8894603121533575;2;42;2;0,8660254037844386;0,5000000000000001;0,6612634749656386;0,7501537286959042;6,0;14,0;12,0;12,0;0;12,0;12,0;12,0;6,0;7,0;11,0;10,0;8,333333333333334;9,714285714285714;2,4299715851761325;6,0;12,0;6,0;0,1;6,94;1,277254364704428;11,03161357186879;0;14,0;13,0;9,0;14,0;13,0;9,0
2026-02-12;14,0;0,1;19,2391;13,17;6,06507;29,0;19,476685164422488;11,756945779299022;27,613174996672534;50,10764727097265;1,272727220716238;3,002677159430602;2;43;3;0,8660254037844386;0,5000000000000001;0,6740694616546161;0,7386679638813748;12,0;13,0;14,0;14,0;0;14,0;14,0;14,0;12,0;6,0;7,0;9,0;10,666666666666666;10,428571428571429;2,8784916685159545;6,0;14,0;2,0;0,1;10,4;1,2562763724217527;11,239874321123812;0;13,0;9,0;10,0;13,0;9,0;10,0
2026-02-13;13,0;0,11;22,2496;15,65;6,60391;20,052456092636863;16,591191444278884;10,426571232500665;23,255084586669984;59,91375921654151;1,1076058815973826;2,6770489777458413;2;44;4;0,8660254037844386;0,5000000000000001;0,6866759803451553;0,726963615332308;14,0;9,0;13,0;13,0;0;13,0;13,0;13,0;14,0;12,0;6,0;11,0;13,0;10,714285714285714;3,039423504235089;6,0;14,0;-1,0;0,1;13,17;1,272727220716238;11,756945779299022;0;9,0;10,0;12,0;9,0;10,0;12,0
2026-02-14;9,0;0,11;16,1442;10,52;5,62555;20,434353815508896;16,6860387826232;10,879507628333458;22,811033361316277;61,93389066212668;1,2176832611678179;2,8049697741348703;2;45;5;0,8660254037844386;0,5000000000000001;0,6990793005655562;0,7150441465537444;13,0;10,0;9,0;9,0;0;9,0;9,0;9,0;13,0;14,0;12,0;12,0;12,0;10,285714285714286;3,0394235042350912;6,0;14,0;-4,0;0,11;15,65;1,1076058815973826;10,426571232500665;1;10,0;12,0;13,0;10,0;12,0;13,0
2026-02-15;10,0;0,1;10,7113;7,39;3,32424;20,76434559686094;16,76673660110466;11,180708110621024;22,562366323610927;63,12819359904842;1,2826609354373262;2,886325991653585;2;46;6;0,8660254037844386;0,5000000000000001;0,7112757519738152;0,7029130847082615;9,0;12,0;10,0;10,0;0;10,0;10,0;10,0;9,0;13,0;14,0;11,0;10,666666666666666;10,142857142857142;3,0237157840740636;6,0;14,0;1,0;0,11;10,52;1,2176832611678179;10,879507628333458;1;12,0;13,0;11,0;12,0;13,0;11,0
2026-02-16;12,0;0,11;25,8287;13,58;12,2479;20,017588003003887;16,569486425756857;10,512513044241294;23,03400120736253;60,53585148767407;1,165228428829575;2,7278830899977926;2;47;0;0,8660254037844386;0,5000000000000001;0,7232617254437388;0,6905740195722293;10,0;13,0;12,0;12,0;0;12,0;12,0;12,0;10,0;9,0;13,0;7,0;10,333333333333334;10,857142857142858;2,734262327610857;6,0;14,0;2,0;0,1;7,39;1,2826609354373262;11,180708110621024;0;13,0;11,0;12,0;13,0;11,0;12,0
2026-02-17;13,0;0,12;27,3028;14,94;12,3634;24,0;17,931484531460523;10,957444601207639;25,364188972502177;54,91922385702617;1,1869817897981618;2,8160890887470313;2;48;1;0,8660254037844386;0,5000000000000001;0,7350336741329413;0,6780306024735382;12,0;11,0;13,0;13,0;0;13,0;13,0;13,0;12,0;10,0;9,0;6,0;11,666666666666666;11,857142857142858;1,7728105208562412;9,0;14,0;1,0;0,11;13,58;1,165228428829575;10,512513044241294;0;11,0;12,0;13,0;11,0;12,0;13,0
2026-02-18;11,0;0,11;20,0736;12,31;7,76238;23,0;17,602135589627153;11,086829318657719;24,488158524091414;57,60960513987074;1,2185943824229994;2,845005230253369;2;49;2;0,8660254037844386;0,5000000000000001;0,746588114532413;0,6652865452111116;13,0;12,0;11,0;11,0;0;11,0;11,0;11,0;13,0;12,0;10,0;12,0;12,0;11,714285714285714;1,7994708216852744;9,0;14,0;-2,0;0,12;14,94;1,1869817897981618;10,957444601207639;0;12,0;13,0;13,0;12,0;13,0;13,0
2026-02-19;12,0;0,11;21,7495;13,39;8,36423;33,0;20,736292516308325;12,206168990416623;29,698874376684387;45,11915605162335;1,3238308998479216;3,115852585151712;2;50;3;0,8660254037844386;0,5000000000000001;0,7579216274973472;0,6523456189565257;11,0;13,0;12,0;12,0;0;12,0;12,0;12,0;11,0;13,0;12,0;14,0;12,0;11,428571428571429;1,5118578920373877;9,0;13,0;1,0;0,11;12,31;1,2185943824229994;11,086829318657719;0;13,0;13,0;16,0;13,0;13,0;16,0
2026-02-20;13,0;0,11;20,4428;13,92;6,52616;25,0;18,240254798196304;11,223704543275106;25,693821116546637;54,543498882875845;1,2069243385096298;2,8663421911198603;2;51;4;0,8660254037844386;0,5000000000000001;0,7690308592589181;0,6392116531380588;12,0;13,0;13,0;13,0;0;13,0;13,0;13,0;12,0;11,0;13,0;13,0;12,0;11,428571428571429;1,5118578920373877;9,0;13,0;1,0;0,11;13,39;1,3238308998479216;12,206168990416623;0;13,0;16,0;16,0;13,0;16,0;16,0
2026-02-21;13,0;0,11;15,5875;10,15;5,44063;32,0;20,408572266598185;12,368843840818615;28,77038795088508;48,03037424798656;1,3716691355095465;3,1582378726388236;2;52;5;0,8660254037844386;0,5000000000000001;0,7799125224167177;0,6258885343075018;13,0;16,0;13,0;13,0;0;13,0;13,0;13,0;13,0;12,0;11,0;9,0;12,666666666666666;12,0;1,1547005383798703;10,0;13,0;0,0;0,11;13,92;1,2069243385096298;11,223704543275106;1;16,0;16,0;15,0;16,0;16,0;15,0
2026-02-22;16,0;0,12;16,8595;11,51;5,35303;31,0;20,111377661163992;12,154117905444215;28,441479469083358;48,63332900433605;1,3293124081766903;3,0957919051003375;2;53;6;0,8660254037844386;0,5000000000000001;0,7905633969115482;0,612380204990065;13,0;16,0;16,0;16,0;0;16,0;16,0;16,0;13,0;13,0;12,0;10,0;14,0;12,857142857142858;1,5735915849393312;11,0;16,0;3,0;0,11;10,15;1,3716691355095465;12,368843840818615;1;16,0;15,0;12,0;16,0;15,0;12,0
2026-02-23;16,0;0,12;24,7634;15,26;9,50339;27,0;18,87497256761833;11,331083654780608;26,90442625701436;51,37327427028186;1,210696725812671;2,895049478884127;2;54;0;0,8660254037844386;0,5000000000000001;0,8009803309782905;0,5986906625177214;16,0;15,0;16,0;16,0;0;16,0;16,0;16,0;16,0;13,0;13,0;12,0;15,0;13,428571428571429;1,9023794624230463;11,0;16,0;0,0;0,12;11,51;1,3293124081766903;12,154117905444215;0;15,0;12,0;13,0;15,0;12,0;13,0
2026-02-24;15,0;0,14;31,6049;17,24;14,3655;31,0;20,145012653094565;11,617155457858667;29,233830246278103;45,432912127768546;1,2303083253293863;2,9678752555766987;2;55;1;0,8660254037844386;0,5000000000000001;0,8111602420785621;0,5848239578463322;16,0;12,0;15,0;15,0;0;15,0;15,0;15,0;16,0;16,0;13,0;13,0;15,666666666666666;13,714285714285714;1,9760470401190542;11,0;16,0;-1,0;0,12;15,26;1,210696725812671;11,331083654780608;0;12,0;13,0;11,0;12,0;13,0;11,0
2026-02-25;12,0;0,14;31,0634;17,38;13,6845;24,0;17,958538712041253;10,771245373309187;25,696615188736963;53,770731975668;1,1372639710774464;2,7577197097099426;2;56;2;0,8660254037844386;0,5000000000000001;0,8211001178128892;0,5707841943569036;15,0;13,0;12,0;12,0;0;12,0;12,0;12,0;15,0;16,0;16,0;11,0;14,333333333333334;13,857142857142858;1,7728105208562217;12,0;16,0;-3,0;0,14;17,24;1,2303083253293863;11,617155457858667;0;13,0;11,0;10,0;13,0;11,0;10,0
2026-02-26;13,0;0,13;33,2044;17,09;16,1128;21,0;17,007067576400587;10,39088474509501;24,145110926069208;57,28781881616902;1,1126580373774946;2,679418277962279;2;57;3;0,8660254037844386;0,5000000000000001;0,8307970168121247;0,5565755266413303;12,0;11,0;13,0;13,0;0;13,0;13,0;13,0;12,0;15,0;16,0;12,0;13,333333333333334;14,0;1,6329931618558684;12,0;16,0;1,0;0,14;17,38;1,1372639710774464;10,771245373309187;0;11,0;10,0;9,0;11,0;10,0;9,0
2026-02-27;11,0;0,12;32,7241;15,68;17,0465;19,0;16,366727018044106;10,239216130243245;22,95398173684201;60,234977112804415;1,1205062212714336;2,6553071436600844;2;58;4;0,8660254037844386;0,5000000000000001;0,8402480696078469;0,5422021592729844;13,0;10,0;11,0;11,0;0;11,0;11,0;11,0;13,0;12,0;15,0;13,0;12,0;13,714285714285714;1,9760470401190542;11,0;16,0;-2,0;0,13;17,09;1,1126580373774946;10,39088474509501;0;10,0;9,0;7,0;10,0;9,0;7,0
2026-02-28;10,0;0,11;22,4;11,71;10,6925;27,0;18,84668763257388;11,579551766070518;26,464674856700782;52,923147184666675;1,2893755008760268;2,9790487547309437;2;59;5;0,8660254037844386;0,5000000000000001;0,8494504794814806;0,527668345562516;11,0;9,0;10,0;10,0;0;10,0;10,0;10,0;11,0;13,0;12,0;13,0;11,333333333333334;13,285714285714286;2,4299715851761086;10,0;16,0;-1,0;0,12;15,68;1,1205062212714336;10,239216130243245;1;9,0;7,0;12,0;9,0;7,0;12,0
2026-03-01;9,0;0,14;20,9058;9,68;11,2295;21,0;16,981157781548042;11,028768639237727;23,208024506097477;61,13899321888827;1,2548914346767175;2,843674144121928;3;60;6;1,0;6,123233995736766e-17;0,8584015232918917;0,512978386299228;10,0;7,0;9,0;9,0;0;9,0;9,0;9,0;10,0;11,0;13,0;16,0;10,0;12,285714285714286;2,5634797778469;9,0;16,0;-1,0;0,11;11,71;1,2893755008760268;11,579551766070518;1;7,0;12,0;13,0;7,0;12,0;13,0
2026-03-02;7,0;0,1;15,2009;6,88;8,31828;14,0;14,748652301566933;10,399020589813459;19,246488422310826;70,83419680893655;1,2214385011822957;2,7059962947619853;3;61;0;1,0;6,123233995736766e-17;0,8670985522812081;0,4981366284784055;9,0;12,0;7,0;7,0;0;7,0;7,0;7,0;9,0;10,0;11,0;16,0;8,666666666666666;11,0;2,6457513110648674;7,0;15,0;-2,0;0,14;9,68;1,2548914346767175;11,028768639237727;0;12,0;13,0;16,0;12,0;13,0;16,0
2026-03-03;12,0;0,11;22,5106;14,1;8,41489;24,0;17,926388930025425;11,065769717880192;25,222711661443544;55,52919836778137;1,1954385487949677;2,834194958610888;3;62;1;1,0;6,123233995736766e-17;0,8755389928586302;0,4831474640149687;7,0;13,0;12,0;12,0;0;12,0;12,0;12,0;7,0;9,0;10,0;15,0;9,333333333333334;10,571428571428571;2,0701966780274197;7,0;13,0;5,0;0,1;6,88;1,2214385011822957;10,399020589813459;0;13,0;16,0;18,0;13,0;16,0;18,0
2026-03-04;13,0;0,12;50,170970008376145;18,35;31,821391478059795;28,0;19,185805246492436;10,940634116434646;27,965361743205843;47,240717860297195;1,2164976533574337;2,8713122101054838;3;63;2;1,0;6,123233995736766e-17;0,8837203473619977;0,4680153284438345;12,0;16,0;13,0;13,0;0;13,0;13,0;13,0;12,0;7,0;9,0;12,0;10,666666666666666;10,714285714285714;2,2146697055686158;7,0;13,0;1,0;0,11;14,1;1,1954385487949677;11,065769717880192;0;16,0;18,0;13,0;16,0;18,0;13,0
2026-03-05;16,0;0,12;53,30113294460331;21,48;31,821403162781284;22,0;17,31938572237236;9,97182733108266;25,29966695610993;52,948663614624714;1,0748072535495865;2,6223592630295443;3;64;3;1,0;6,123233995736766e-17;0,8916401947968874;0,45274469960737107;13,0;18,0;16,0;16,0;0;16,0;16,0;16,0;13,0;12,0;7,0;13,0;13,666666666666666;11,142857142857142;2,9113897843112553;7,0;16,0;3,0;0,12;18,35;1,2164976533574337;10,940634116434646;0;18,0;13,0;11,0;18,0;13,0;11,0
2026-03-06;18,0;0,14;54,58103562357764;22,76;31,821402636086304;31,0;20,15171783703337;10,973312968877819;30,03950046631303;41,69208587024994;1,159543466436534;2,854805348067648;3;65;4;1,0;6,123233995736766e-17;0,8992961915530253;0,4373400963303323;16,0;13,0;18,0;18,0;0;18,0;18,0;18,0;16,0;13,0;12,0;11,0;15,666666666666666;12,142857142857142;3,8913824205362513;7,0;18,0;2,0;0,12;21,48;1,0748072535495865;9,97182733108266;0;13,0;11,0;13,0;13,0;11,0;13,0
2026-03-07;13,0;0,1;47,15099610515344;15,33;31,82138624356735;21,0;16,973519933009992;10,316650632464137;24,03018072922313;56,918964186109186;1,1936726363145387;2,737874988561285;3;66;5;1,0;6,123233995736766e-17;0,9066860720977985;0,4218060770826634;18,0;11,0;13,0;13,0;0;13,0;13,0;13,0;18,0;16,0;13,0;10,0;15,666666666666666;12,571428571428571;3,779644730092459;7,0;18,0;-5,0;0,14;22,76;1,159543466436534;10,973312968877819;1;11,0;13,0;15,0;11,0;13,0;15,0
2026-03-08;11,0;0,1;45,16097250664899;13,34;31,821381963200306;19,507552146506246;16,424768893161797;10,245729248898282;22,93653678650259;59,81667055544739;1,2162189268095474;2,736990668500135;3;67;6;1,0;6,123233995736766e-17;0,9138076496466615;0,4061472386305789;13,0;13,0;11,0;11,0;0;11,0;11,0;11,0;13,0;18,0;16,0;9,0;14,0;12,857142857142858;3,532165125838808;7,0;18,0;-2,0;0,1;15,33;1,1936726363145387;10,316650632464137;1;13,0;15,0;17,0;13,0;15,0;17,0
2026-03-09;13,0;0,13;51,041126587336215;19,22;31,821399512485478;18,950132373051726;16,288888150580824;9,739185283812665;23,395013231719727;57,87120564517588;1,0823813980100139;2,57999564946222;3;68;0;1,0;6,123233995736766e-17;0,9206588168102428;0,3903682146763026;11,0;15,0;13,0;13,0;0;13,0;13,0;13,0;11,0;13,0;18,0;7,0;12,333333333333334;13,714285714285714;2,4299715851761072;11,0;18,0;2,0;0,1;13,34;1,2162189268095474;10,245729248898282;0;15,0;17,0;20,0;15,0;17,0;20,0
2026-03-10;15,0;0,13;55,67130743303249;23,85;31,821414408578736;14,0;14,832784364325281;8,82946567811464;21,539004368596753;61,44219082379241;0,922945673881046;2,330127850791026;3;69;1;1,0;6,123233995736766e-17;0,9272375462179537;0,374473674486883;13,0;17,0;15,0;15,0;0;15,0;15,0;15,0;13,0;11,0;13,0;12,0;13,0;14,142857142857142;2,3401261667251707;11,0;18,0;2,0;0,13;19,22;1,0823813980100139;9,739185283812665;0;17,0;20,0;22,0;17,0;20,0;22,0
2026-03-11;17,0;0,16;54,18121108969906;22,36;31,82140960710695;18,59235584807643;16,20950204403202;9,473905328208936;23,626501158388336;56,96095450573049;1,0088470214095953;2,4919607373301114;3;70;2;1,0;6,123233995736766e-17;0,9335418911179212;0,35846832151248087;15,0;20,0;17,0;17,0;0;17,0;17,0;17,0;15,0;13,0;11,0;13,0;15,0;14,714285714285714;2,497617912751385;11,0;18,0;2,0;0,13;23,85;0,922945673881046;8,82946567811464;0;20,0;22,0;19,0;20,0;22,0;19,0
2026-03-12;20,0;0,21;59,3913513344545;27,57;31,821426367993695;17,997761764771333;16,07767296432445;9,033826628560849;24,010381377252298;55,45268496236746;0,8868032575687442;2,345823135295262;3;71;3;1,0;6,123233995736766e-17;0,9395699859530622;0,342356891994542;17,0;22,0;20,0;20,0;0;20,0;20,0;20,0;17,0;15,0;13,0;16,0;17,333333333333332;15,285714285714286;3,1997023671111298;11,0;20,0;3,0;0,16;22,36;1,0088470214095953;9,473905328208936;0;22,0;19,0;16,0;22,0;19,0;16,0
2026-03-13;22,0;0,15;66,44152082573714;34,62;31,82144244541716;17,742057697120277;15,961600834973536;8,390645938894789;24,651696382401003;52,23691002771389;0,7404993761658637;2,1864045562549475;3;72;4;1,0;6,123233995736766e-17;0,945320046913132;0,3261441535642696;20,0;19,0;22,0;22,0;0;22,0;22,0;22,0;20,0;17,0;15,0;18,0;19,666666666666668;15,857142857142858;4,017817460121659;11,0;22,0;2,0;0,21;27,57;0,8868032575687442;9,033826628560849;0;19,0;16,0;11,0;19,0;16,0;11,0
2026-03-14;19,0;0,1;63,071427305111925;31,25;31,821430690581934;18,20258478144659;16,055491910922278;8,66870793144557;24,420246409569607;53,049999520595215;0,8220475925445363;2,286233181389547;3;73;5;1,0;6,123233995736766e-17;0,9507903724625832;0,3098349038318025;22,0;16,0;19,0;19,0;0;19,0;19,0;19,0;22,0;20,0;17,0;13,0;20,333333333333332;16,714285714285715;3,9460649476953438;11,0;22,0;-3,0;0,15;34,62;0,7404993761658637;8,390645938894789;1;16,0;11,0;9,0;16,0;11,0;9,0
2026-03-15;16,0;0,1;57,83129424291511;26,01;31,821416434217944;18,584384278538295;16,163532747713727;9,1301033364401;23,986151578476843;55,0297514034889;0,937371869012915;2,418113093866346;3;74;6;1,0;6,123233995736766e-17;0,9559793438440766;0,2934339689665273;19,0;11,0;16,0;16,0;0;16,0;16,0;16,0;19,0;22,0;20,0;11,0;19,0;17,428571428571427;3,1014589500828276;13,0;22,0;-3,0;0,1;31,25;0,8220475925445363;8,66870793144557;1;11,0;9,0;14,0;11,0;9,0;14,0
2026-03-16;11,0;0,14;49,17117964187925;17,35;31,821398592934372;12,0;14,195357481520613;9,10549748080488;19,75266236099498;66,89989744714424;1,0337352105454967;2,4188793919199068;3;75;0;1,0;6,123233995736766e-17;0,9608854255574977;0,27694620226893646;16,0;9,0;11,0;11,0;0;11,0;11,0;11,0;16,0;19,0;22,0;13,0;15,333333333333334;17,142857142857142;3,625307868700038;11,0;22,0;-5,0;0,1;26,01;0,937371869012915;9,1301033364401;0;9,0;14,0;11,0;9,0;14,0;11,0
2026-03-17;9,0;0,12;24,562;12,71;11,8527;20,0;16,66896083523664;10,651480102825095;23,056821728203182;60,77929741212381;1,1820297498814005;2,748768547352109;3;76;1;1,0;6,123233995736766e-17;0,9655071658143364;0,2603764827344581;11,0;14,0;9,0;9,0;0;9,0;9,0;9,0;11,0;16,0;19,0;15,0;12,0;16,285714285714285;4,75093975666182;9,0;22,0;-2,0;0,14;17,35;1,0337352105454967;9,10549748080488;0;14,0;11,0;7,0;14,0;11,0;7,0
2026-03-18;14,0;0,17;43,7877;18,79;24,9933;27,0;18,90846524834557;10,902547736184866;27,503352033293222;48,91528385632735;1,1718336942419658;2,817043376773698;3;77;2;1,0;6,123233995736766e-17;0,969843196967294;0,24372971360968387;9,0;11,0;14,0;14,0;0;14,0;14,0;14,0;9,0;11,0;16,0;17,0;11,333333333333334;15,857142857142858;4,810702354423777;9,0;22,0;5,0;0,12;12,71;1,1820297498814005;10,651480102825095;0;11,0;7,0;10,0;11,0;7,0;10,0
2026-03-19;11,0;0,12;27,4564;15,21;12,2482;23,0;17,621056991605222;10,818405373524927;24,889976967841196;55,99365414199646;1,1684195909264687;2,780365859730282;3;78;3;1,0;6,123233995736766e-17;0,9738922359149924;0,22701082094141847;14,0;7,0;11,0;11,0;0;11,0;11,0;11,0;14,0;9,0;11,0;20,0;11,333333333333334;14,571428571428571;4,720774754816804;9,0;22,0;-3,0;0,17;18,79;1,1718336942419658;10,902547736184866;0;7,0;10,0;11,0;7,0;10,0;11,0
2026-03-20;7,0;0,1;20,8618;10,93;9,92976;12,0;14,144514061186102;9,829040039730021;18,743928882366486;71,21013824697692;1,1152903150378823;2,5555665036435755;3;79;4;1,0;6,123233995736766e-17;0,9776530844816641;0,2102247521189836;11,0;10,0;7,0;7,0;0;7,0;7,0;7,0;11,0;14,0;9,0;22,0;10,666666666666666;12,428571428571429;4,157609203101674;7,0;19,0;-4,0;0,12;15,21;1,1684195909264687;10,818405373524927;0;10,0;11,0;15,0;10,0;11,0;15,0
2026-03-21;10,0;0,1;16,2869;9,09;7,20151;23,0;17,57957971564438;11,334341370475995;24,0777436061643;59,11818212618994;1,2858906345588266;2,9202212178543525;3;80;5;1,0;6,123233995736766e-17;0,981124629771712;0,19337647441020586;7,0;11,0;10,0;10,0;0;10,0;10,0;10,0;7,0;11,0;14,0;19,0;9,333333333333334;11,142857142857142;3,023715784074066;7,0;16,0;3,0;0,1;10,93;1,1152903150378823;9,829040039730021;1;11,0;15,0;15,0;11,0;15,0;15,0
2026-03-22;11,0;0,19;45,42112267957477;13,6;31,82139213245061;10,0;13,595696107650816;9,1986720787817;18,340777105525987;71,25113454687332;1,0828002927295224;2,437280299855611;3;81;6;1,0;6,123233995736766e-17;0,984305844499033;0,17647097349152166;10,0;15,0;11,0;11,0;0;11,0;11,0;11,0;10,0;7,0;11,0;16,0;9,333333333333334;10,428571428571429;2,149196970742594;7,0;14,0;1,0;0,1;9,09;1,2858906345588266;11,334341370475995;1;15,0;15,0;15,0;15,0;15,0;15,0
2026-03-23;15,0;0,19;46,7265;18,15;28,4074;15,0;15,094298994532169;9,386282296666439;21,33103988464596;63,43218694449849;1,0365387081608577;2,471852245646472;3;82;0;1,0;6,123233995736766e-17;0,9871957872910085;0,15951325197263655;11,0;15,0;15,0;15,0;0;15,0;15,0;15,0;11,0;10,0;7,0;11,0;12,0;11,0;2,768874620972963;7,0;15,0;4,0;0,19;13,6;1,0828002927295224;9,1986720787817;0;15,0;15,0;16,0;15,0;15,0;16,0
2026-03-24;15,0;0,19;43,4278;17,9;25,5282;21,0;17,043583041232772;10,258795195627863;24,3777936516117;56,55060384559623;1,1144273465108605;2,6574599391576283;3;83;1;1,0;6,123233995736766e-17;0,9897936029670716;0,14250832791617088;15,0;15,0;15,0;15,0;0;15,0;15,0;15,0;15,0;11,0;10,0;9,0;13,666666666666666;11,857142857142858;2,968084198523566;7,0;15,0;0,0;0,19;18,15;1,0365387081608577;9,386282296666439;0;15,0;16,0;18,0;15,0;16,0;18,0
2026-03-25;15,0;0,18;30,5019;16,31;14,1898;23,0;17,667247086346016;10,756474163655023;25,103190872726955;55,60978903012965;1,1445783959517442;2,7459069311648046;3;84;2;1,0;6,123233995736766e-17;0,992098522791769;0,12546123335273648;15,0;16,0;15,0;15,0;0;15,0;15,0;15,0;15,0;15,0;11,0;14,0;15,0;12,0;3,109126351029841;7,0;15,0;0,0;0,19;17,9;1,1144273465108605;10,258795195627863;0;16,0;18,0;23,0;16,0;18,0;23,0
2026-03-26;16,0;0,13;29,319;16,99;12,329;26,0;18,575643100977466;11,050738943283411;26,641858094988578;51,61142545498136;1,1681041791232032;2,8263400741007705;3;85;3;1,0;6,123233995736766e-17;0,9941098647022418;0,10837701279187609;15,0;18,0;16,0;16,0;0;16,0;16,0;16,0;15,0;15,0;15,0;11,0;15,333333333333334;12,714285714285714;3,4016802570832567;7,0;16,0;1,0;0,18;16,31;1,1445783959517442;10,756474163655023;0;18,0;23,0;17,0;18,0;23,0;17,0
2026-03-27;18,0;0,14;30,5794;17,44;13,1365;30,0;19,833782305592635;11,495098165664244;28,741489392175243;46,6138185748947;1,2102098817287459;2,93276476770496;3;86;4;1,0;6,123233995736766e-17;0,9958270335100595;0,09126072172931188;16,0;23,0;18,0;18,0;0;18,0;18,0;18,0;16,0;15,0;15,0;7,0;16,333333333333332;14,285714285714286;2,8115408417384375;10,0;18,0;2,0;0,13;16,99;1,1681041791232032;11,050738943283411;0;23,0;17,0;19,0;23,0;17,0;19,0
2026-03-28;23,0;0,12;21,0389;15,1;5,93478;30,0;19,815247759889633;11,748417800508163;28,379204113490353;48,10016494494282;1,2425708378389708;2,9843503220359318;3;87;5;1,0;6,123233995736766e-17;0,9972495210773451;0,07411742515094437;18,0;17,0;23,0;23,0;0;23,0;23,0;23,0;18,0;16,0;15,0;10,0;19,0;16,142857142857142;3,6709931185159936;11,0;23,0;5,0;0,14;17,44;1,2102098817287459;11,495098165664244;1;17,0;19,0;21,0;17,0;19,0;21,0
2026-03-29;17,0;0,19;24,231;15,93;8,29974;31,0;20,182137484567754;11,834093829105536;29,082240753474714;46,664071247767865;1,2373521643888357;2,9843155759458857;3;88;6;1,0;6,123233995736766e-17;0,998376906467142;0,056952196034039754;23,0;19,0;17,0;17,0;0;17,0;17,0;17,0;23,0;18,0;16,0;11,0;19,333333333333332;17,0;2,8867513459483485;15,0;23,0;-6,0;0,12;15,1;1,2425708378389708;11,748417800508163;1;19,0;21,0;19,0;19,0;21,0;19,0
2026-03-30;19,0;0,19;36,1743;19,81;16,3661;27,0;18,943741715569665;10,954748415588325;27,591343983948573;49,085653859099864;1,1263217417074585;2,783776332686371;3;89;0;1,0;6,123233995736766e-17;0,9992088560679753;0,03977011384605572;17,0;21,0;19,0;19,0;0;19,0;19,0;19,0;17,0;23,0;18,0;15,0;19,666666666666668;17,571428571428573;2,8199966227607782;15,0;23,0;2,0;0,19;15,93;1,2373521643888357;11,834093829105536;0;21,0;19,0;19,0;21,0;19,0;
2026-03-31;21,0;0,15;31,7889;20,06;11,7291;28,0;19,234135473346143;11,0821349220956;28,052479999076162;47,903709894405765;1,1254072701511288;2,811067488440197;3;90;1;1,0;6,123233995736766e-17;0,9997451236925734;0,022576263041545485;19,0;19,0;21,0;21,0;0;21,0;21,0;21,0;19,0;17,0;23,0;15,0;19,0;18,428571428571427;2,819996622760773;15,0;23,0;2,0;0,19;19,81;1,1263217417074585;10,954748415588325;0;19,0;19,0;19,0;19,0;;
2026-04-01;19,0;0,16;26,7715;15,54;11,2335;23,0;17,653954953810228;10,8388806919602;24,966764381376517;56,078385624816214;1,1550890400289067;2,764951903014856;4;91;2;0,8660254037844387;-0,4999999999999998;0,9999855506507186;0,005375731557583884;21,0;;19,0;19,0;0;19,0;19,0;19,0;21,0;19,0;17,0;15,0;19,666666666666668;19,0;2,3804761428478667;16,0;23,0;-2,0;0,15;20,06;1,1254072701511288;11,0821349220956;0;19,0;19,0;19,0;;;
2026-04-02;;0,21;38,4058;18,73;19,6741;28,0;19,25885168992367;11,129702492492344;28,009205942688318;48,27082615154339;1,1682301819637857;2,8368485945951014;4;92;3;0,8660254037844387;-0,4999999999999998;0,9999300657962057;-0,011826390691832589;19,0;;;;0;;19,0;19,0;19,0;21,0;19,0;16,0;19,666666666666668;19,428571428571427;1,9880595947763058;17,0;23,0;0,0;0,16;15,54;1,1550890400289067;10,8388806919602;0;19,0;19,0;19,0;;;
2026-04-03;;0,26;30,5412;19,3;11,2431;31,0;20,250224674268136;11,598460124552856;29,59595599816172;45,18834537183626;1,1676498210968809;2,8971070580038227;4;93;4;0,8660254037844387;-0,4999999999999998;0,9995786855478958;-0,029025013321975237;;;;;0;;19,0;19,0;19,0;19,0;21,0;18,0;19,0;19,571428571428573;1,9023794624229913;17,0;23,0;0,0;0,21;18,73;1,1682301819637857;11,129702492492344;0;19,0;19,0;19,0;;;
2026-04-04;;0,42;49,4695;21,63;27,8367;27,0;19,105782906646926;10,854130789054343;28,144924629982043;48,47762983387885;1,0959903845703867;2,7099103246836704;4;94;5;0,8660254037844387;-0,4999999999999998;0,9989315138848577;-0,046215046983708354;;;;;0;;19,0;19,0;19,0;19,0;19,0;23,0;19,0;19,0;1,1547005383797675;17,0;21,0;0,0;0,26;19,3;1,1676498210968809;11,598460124552856;1;19,0;19,0;19,0;;;19,0
2026-04-05;;0,21;30,5991;12,2;18,4026;18,0;16,099146396532937;10,440188045808714;22,124549166250745;63,36965087090442;1,1760569163904897;2,6905568050231206;4;95;6;0,8660254037844387;-0,4999999999999998;0,9979887423155984;-0,06339140486951038;;;;;0;;19,0;19,0;19,0;19,0;19,0;17,0;19,0;19,285714285714285;0,7559289460192361;19,0;21,0;0,0;0,42;21,63;1,0959903845703867;10,854130789054343;1;19,0;19,0;20,0;;19,0;20,0
2026-04-06;;0,14;25,4544;14,29;11,1645;17,0;15,755556114736248;10,194049030081075;21,74703602257721;63,74989281494359;1,1072821991260104;2,620041340210277;4;96;0;0,8660254037844387;-0,4999999999999998;0,9967506498213929;-0,08054900421874167;;19,0;;;0;;19,0;19,0;19,0;19,0;19,0;19,0;19,0;19,285714285714285;0,7559289460192361;19,0;21,0;0,0;0,21;12,2;1,1760569163904897;10,440188045808714;0;19,0;20,0;21,0;19,0;20,0;21,0
2026-04-07;19,0;0,25;51,1037;23,77;27,329;26,0;18,679902331406517;10,437669753345318;27,714046769818328;47,959354191628385;1,0530748603522246;2,661155189213394;4;97;1;0,8660254037844387;-0,4999999999999998;0,9952176027737294;-0,09768276782171598;;20,0;19,0;19,0;0;19,0;19,0;19,0;19,0;19,0;19,0;21,0;19,0;19,0;1,0910119669988888e-06;19,0;19,0;0,0;0,14;14,29;1,1072821991260104;10,194049030081075;0;20,0;21,0;18,0;20,0;21,0;18,0
2026-04-08;20,0;0,19;33,0042;20,67;12,3354;26,0;18,64142626362146;10,81980427607453;27,16143530091677;50,138772502277384;1,0851711566671116;2,731517461726503;4;98;2;0,8660254037844387;-0,4999999999999998;0,9933900548258936;-0,11478762552212701;19,0;21,0;20,0;20,0;0;20,0;20,0;20,0;19,0;19,0;19,0;19,0;19,333333333333332;19,142857142857142;0,37796447301079616;19,0;20,0;1,0;0,25;23,77;1,0530748603522246;10,437669753345318;0;21,0;18,0;17,0;21,0;18,0;17,0
2026-04-09;21,0;0,14;28,488;19,1;9,38458;24,0;17,972511343187563;10,692682066622096;25,87678504257786;53,24289939906785;1,0898667733200866;2,7149483987011096;4;99;3;0,8660254037844387;-0,4999999999999998;0,9912685467787256;-0,13185851571739118;20,0;18,0;21,0;21,0;0;21,0;21,0;21,0;20,0;19,0;19,0;19,0;20,0;19,428571428571427;0,7867957924701913;19,0;21,0;1,0;0,19;20,67;1,0851711566671116;10,81980427607453;0;18,0;17,0;17,0;18,0;17,0;17,0
2026-04-10;18,0;0,1;18,0944;13,87;4,22389;16,0;15,420497685583372;10,161241415114018;21,095114102207106;65,42238207157754;1,089258713583007;2,601958253171091;4;100;4;0,8660254037844387;-0,4999999999999998;0,9888537064205885;-0,1488903868564548;21,0;17,0;18,0;18,0;0;18,0;18,0;18,0;21,0;20,0;19,0;19,0;19,666666666666668;19,285714285714285;0,9511897312119629;18,0;21,0;-3,0;0,14;19,1;1,0898667733200866;10,692682066622096;0;17,0;17,0;20,0;17,0;17,0;20,0
2026-04-11;17,0;0,1;10,8676;9,01;1,86014;34,0;21,024724377114882;12,734175168476844;29,607329866712675;46,36973323582586;1,412515754090204;3,2423454806582037;4;101;5;0,8660254037844387;-0,4999999999999998;0,986146248341595;-0,16587819893463143;18,0;17,0;17,0;17,0;0;17,0;17,0;17,0;18,0;21,0;20,0;19,0;18,666666666666668;19,0;1,290994448736267;17,0;21,0;-1,0;0,1;13,87;1,089258713583007;10,161241415114018;1;17,0;20,0;19,0;17,0;20,0;19,0
2026-04-12;17,0;0,14;25,0609;16,42;8,64291;26,0;18,585772569741984;11,150491253693302;26,556647974753314;52,16419052183835;1,1696381700465435;2,834867749703014;4;102;6;0,8660254037844387;-0,4999999999999998;0,9831469737221499;-0,1828169249850199;17,0;20,0;17,0;17,0;0;17,0;17,0;17,0;17,0;18,0;21,0;19,0;17,333333333333332;18,714285714285715;1,4960264830865928;17,0;21,0;0,0;0,1;9,01;1,412515754090204;12,734175168476844;1;20,0;19,0;27,0;20,0;19,0;27,0
2026-04-13;20,0;0,15;33,937;20,39;13,5436;27,0;18,91933702248676;10,91123516940978;27,597875847157873;48,82424755646079;1,1104607627197878;2,775294053245266;4;103;0;0,8660254037844387;-0,4999999999999998;0,9798567700958665;-0,1997015525660636;17,0;19,0;20,0;20,0;0;20,0;20,0;20,0;17,0;17,0;18,0;19,0;18,0;18,857142857142858;1,5735915849392663;17,0;21,0;3,0;0,14;16,42;1,1696381700465435;11,150491253693302;0;19,0;27,0;22,0;19,0;27,0;22,0
2026-04-14;19,0;0,16;27,1627;16,97;10,1923;15,0;15,161512741836185;9,777113121264822;21,078167506866862;65,02696695842653;1,0213106078032599;2,4954192774133612;4;104;1;0,8660254037844387;-0,4999999999999998;0,9762766110869321;-0,21652708524481437;20,0;27,0;19,0;19,0;0;19,0;19,0;19,0;20,0;17,0;17,0;19,0;18,666666666666668;18,857142857142858;1,5735915849392663;17,0;21,0;-1,0;0,15;20,39;1,1104607627197878;10,91123516940978;0;27,0;22,0;14,0;27,0;22,0;14,0
2026-04-15;27,0;0,39;75,4741;30,64;44,8312;19,0;16,610197643213716;8,96139305034183;25,289141642409177;52,546390932082396;0,8525678482147344;2,2860139473153964;4;105;2;0,8660254037844387;-0,4999999999999998;0,9724075561219968;-0,23328854407545518;19,0;22,0;27,0;27,0;0;27,0;27,0;27,0;19,0;20,0;17,0;20,0;22,0;19,857142857142858;3,4846602621860145;17,0;27,0;8,0;0,16;16,97;1,0213106078032599;9,777113121264822;0;22,0;14,0;7,0;22,0;14,0;7,0
2026-04-16;22,0;0,9130935912034792;73,9775;28,64;45,3327;18,0;16,666253895606836;9,407834466327945;25,09864403495794;56,92928182716463;0,833820544968949;2,209691000434514;4;106;3;0,8660254037844387;-0,4999999999999998;0,9682507501166718;-0,2499809690726521;27,0;14,0;22,0;22,0;0;22,0;22,0;22,0;27,0;19,0;20,0;21,0;22,666666666666668;20,0;3,559026084010599;17,0;27,0;-5,0;0,39;30,64;0,8525678482147344;8,96139305034183;0;14,0;7,0;8,0;14,0;7,0;8,0
2026-04-17;14,0;0,1;23,4428;18,37;5,07139;20,0;16,695188703850597;10,289548931223283;23,684858290536706;58,471582519861244;1,0473673591424146;2,6175598490998677;4;107;4;0,8660254037844387;-0,4999999999999998;0,9638074231367307;-0,26659942067929354;22,0;7,0;14,0;14,0;0;14,0;14,0;14,0;22,0;27,0;19,0;18,0;21,0;19,428571428571427;4,197504927817095;14,0;27,0;-8,0;0,9130935912034792;28,64;0,833820544968949;9,407834466327945;0;7,0;8,0;12,0;7,0;8,0;12,0
2026-04-18;7,0;0,1;13,3097;10,64;2,67405;15,0;15,093608523237888;10,30914975524811;20,179780752033565;68,23812650469637;1,14061278568497;2,64535487832077;4;108;5;0,8660254037844387;-0,4999999999999998;0,9590788900341131;-0,28313898122818354;14,0;8,0;7,0;7,0;0;7,0;7,0;7,0;14,0;22,0;27,0;17,0;14,333333333333334;18,0;6,324555320336856;7,0;27,0;-7,0;0,1;18,37;1,0473673591424146;10,289548931223283;1;8,0;12,0;22,0;8,0;12,0;22,0
2026-04-19;8,0;0,1;12,8109;8,88;3,93019;18,0;16,017573672245888;10,78619755338333;21,49115819334914;65,40273466620347;1,2185817146592024;2,7749147243177066;4;109;6;0,8660254037844387;-0,4999999999999998;0,9540665500578387;-0,2995947563972602;7,0;12,0;8,0;8,0;0;8,0;8,0;8,0;7,0;14,0;22,0;17,0;9,666666666666666;16,714285714285715;7,38724769934174;7,0;27,0;1,0;0,1;10,64;1,14061278568497;10,30914975524811;1;12,0;22,0;22,0;12,0;22,0;22,0
2026-04-20;12,0;0,11;17,6269;12,9;4,72667;11,0;13,858571291106127;9,633979742054326;18,4542793522792;71,86046586359618;1,046898393644946;2,4753112974214835;4;110;0;0,8660254037844387;-0,4999999999999998;0,9487718864399473;-0,31596187665790293;8,0;22,0;12,0;12,0;0;12,0;12,0;12,0;8,0;7,0;14,0;20,0;9,0;15,571428571428571;7,412987316351099;7,0;27,0;4,0;0,1;8,88;1,2185817146592024;10,78619755338333;0;22,0;22,0;23,0;22,0;22,0;23,0
2026-04-21;22,0;0,13;33,7148;17,81;15,909;12,0;14,200187101312022;9,25640094858655;19,670409067126293;67,70897131875248;0,9835569970655504;2,3975267293167297;4;111;1;0,8660254037844387;-0,4999999999999998;0,9431964659565866;-0,33223549871590435;12,0;22,0;22,0;22,0;0;22,0;22,0;22,0;12,0;8,0;7,0;19,0;14,0;16,0;7,724420150837729;7,0;27,0;10,0;0,11;12,9;1,046898393644946;9,633979742054326;0;22,0;23,0;24,0;22,0;23,0;24,0
2026-04-22;22,0;0,18;45,8648;22,59;23,2767;16,0;15,503627850846692;9,319979800252465;22,394825318130856;60,41698939131648;0,9479248025048015;2,40276831126597;4;112;2;0,8660254037844387;-0,4999999999999998;0,9373419384643772;-0,3484108069446808;22,0;23,0;22,0;22,0;0;22,0;22,0;22,0;22,0;12,0;8,0;27,0;18,666666666666668;15,285714285714286;6,701101544131624;7,0;22,0;0,0;0,13;17,81;0,9835569970655504;9,25640094858655;0;23,0;24,0;29,0;23,0;24,0;29,0
2026-04-23;23,0;0,35;74,3104;27,14;47,1696;16,0;15,620384060783717;8,804930570087008;23,30986875903133;57,449798246015554;0,8981282573389899;2,2865746795752386;4;113;3;0,8660254037844387;-0,4999999999999998;0,9312100364121947;-0,3644830148102912;22,0;24,0;23,0;23,0;0;23,0;23,0;23,0;22,0;22,0;12,0;22,0;22,333333333333332;15,428571428571429;6,8764608837479475;7,0;23,0;1,0;0,18;22,59;0,9479248025048015;9,319979800252465;0;24,0;29,0;25,0;24,0;29,0;25,0
2026-04-24;24,0;0,2;54,3485;23,07;31,2815;17,0;15,822988864048137;9,31862017754244;23,040297281409437;58,55967709747573;0,9693440591878355;2,4238504708163635;4;114;4;0,8660254037844387;-0,4999999999999998;0,9248025743285089;-0,38044736628785164;23,0;29,0;24,0;24,0;0;24,0;24,0;24,0;23,0;22,0;22,0;14,0;23,0;16,857142857142858;7,537209285241128;7,0;24,0;1,0;0,35;27,14;0,8981282573389899;8,804930570087008;0;29,0;25,0;20,0;29,0;25,0;20,0
2026-04-25;29,0;0,3;51,9551;22,19;29,7655;19,0;16,51802890104706;9,726147302582023;24,042280140539372;57,11953738913794;0,999649979719672;2,4840041928336407;4;115;5;0,8660254037844387;-0,4999999999999998;0,9181214482844364;-0,39629913726891813;24,0;25,0;29,0;29,0;0;29,0;29,0;29,0;24,0;23,0;22,0;7,0;25,333333333333332;20,0;7,32575365861205;8,0;29,0;5,0;0,2;23,07;0,9693440591878355;9,31862017754244;1;25,0;20,0;16,0;25,0;20,0;16,0
2026-04-26;25,0;0,41;53,7039;21,3;32,4009;15,0;15,338425679753273;9,365473666764087;22,040513074649756;62,621028150510966;0,9642292874119733;2,368790782249606;4;116;6;0,8660254037844387;-0,4999999999999998;0,9111686353326631;-0,41203363695942635;29,0;20,0;25,0;25,0;0;25,0;25,0;25,0;29,0;24,0;23,0;8,0;26,0;22,428571428571427;5,191568255583474;12,0;29,0;-4,0;0,3;22,19;0,999649979719672;9,726147302582023;1;20,0;16,0;16,0;20,0;16,0;16,0
2026-04-27;20,0;0,24;62,1564;26,34;35,8156;10,0;13,674795944548798;8,197833478884132;19,968521831337444;65,25680340181073;0,8201637680212986;2,138803622783533;4;117;0;0,8660254037844387;-0,4999999999999998;0,9039461929224011;-0,42764620926777464;25,0;16,0;20,0;20,0;0;20,0;20,0;20,0;25,0;29,0;24,0;12,0;24,666666666666668;23,571428571428573;2,8784916685158772;20,0;29,0;-5,0;0,41;21,3;0,9642292874119733;9,365473666764087;0;16,0;16,0;20,0;16,0;16,0;20,0
2026-04-28;16,0;0,15;40,205;22,18;18,0219;16,0;15,48443655145292;9,391199169749745;22,272652971683545;60,82428913221427;0,9456245755108424;2,413324883275203;4;118;1;0,8660254037844387;-0,4999999999999998;0,8964562582905575;-0,44313223418263453;20,0;16,0;16,0;16,0;0;16,0;16,0;16,0;20,0;25,0;29,0;22,0;20,333333333333332;22,714285714285715;4,07080195679299;16,0;29,0;-4,0;0,24;26,34;0,8201637680212986;8,197833478884132;0;16,0;20,0;28,0;16,0;20,0;28,0
2026-04-29;16,0;0,21;47,4076;26,5;20,9059;17,0;15,86255874920315;9,195460698815817;23,398955939035964;57,66778239883982;0,8693272263512497;2,3355430299030493;4;119;2;0,8660254037844387;-0,4999999999999998;0,8887010478292915;-0,45848712914008766;16,0;20,0;16,0;16,0;0;16,0;16,0;16,0;16,0;20,0;25,0;22,0;17,333333333333332;21,857142857142858;4,810702354423753;16,0;29,0;0,0;0,15;22,18;0,9456245755108424;9,391199169749745;0;20,0;28,0;41,0;20,0;28,0;41,0
2026-04-30;20,0;0,956362496004433;77,1089;24,91;52,1998;16,0;16,044701708361853;9,401708217744611;23,721964323865844;60,81164662899028;0,9007839525527144;2,2337596956103987;4;120;3;0,8660254037844387;-0,4999999999999998;0,8806828564301475;-0,47370635037968;16,0;28,0;20,0;20,0;0;20,0;20,0;20,0;16,0;16,0;20,0;23,0;17,333333333333332;21,428571428571427;4,825527358301411;16,0;29,0;4,0;0,21;26,5;0,8693272263512497;9,195460698815817;0;28,0;41,0;23,0;28,0;41,0;23,0
2026-05-01;28,0;0,32;27,83;14,62;13,2071;11,0;14,010289969284969;9,563973439262506;18,95319411105829;71,40808656327948;1,0128565028801821;2,405065389460393;5;121;4;0,49999999999999994;-0,8660254037844387;0,8724040568049612;-0,48878539428899265;20,0;41,0;28,0;28,0;0;28,0;28,0;28,0;20,0;16,0;16,0;24,0;21,333333333333332;22,0;5,385164807134606;16,0;29,0;8,0;0,956362496004433;24,91;0,9007839525527144;9,401708217744611;0;41,0;23,0;23,0;41,0;23,0;23,0
2026-05-02;41,0;0,45;56,6009;24,15;32,4548;20,0;16,950199456078387;9,787031723271701;24,973790484530088;55,47754857844666;0,9639998580922247;2,4441829404751125;5;122;5;0,49999999999999994;-0,8660254037844387;0,8638670987837349;-0,503719798736334;28,0;23,0;41,0;41,0;0;41,0;41,0;41,0;28,0;20,0;16,0;29,0;29,666666666666668;23,714285714285715;8,807464366741975;16,0;41,0;13,0;0,32;14,62;1,0128565028801821;9,563973439262506;1;23,0;23,0;22,0;23,0;23,0;22,0
2026-05-03;23,0;0,6839085535168168;48,9122;21,8;27,1072;22,0;17,73734963108499;10,45991169749583;25,908547095660357;55,561923483253544;1,002564500500486;2,5112430027678148;5;123;6;0,49999999999999994;-0,8660254037844387;0,8550745085896932;-0,518505144391157;41,0;23,0;23,0;23,0;0;23,0;23,0;23,0;41,0;28,0;20,0;25,0;30,666666666666668;23,428571428571427;8,79122939558031;16,0;41,0;-18,0;0,45;24,15;0,9639998580922247;9,787031723271701;1;23,0;22,0;9,0;23,0;22,0;9,0
2026-05-04;23,0;0,53;95,3;31,68;63,618;10,0;13,879724975206926;7,671097198373875;21,139157929058396;62,182793169261835;0,7526183750963695;1,9862622066009508;5;124;0;0,49999999999999994;-0,8660254037844387;0,8460288880917339;-0,533137056031809;23,0;22,0;23,0;23,0;0;23,0;23,0;23,0;23,0;41,0;28,0;20,0;29,0;23,857142857142858;8,668497975016097;16,0;41,0;0,0;0,6839085535168168;21,8;1,002564500500486;10,45991169749583;0;22,0;9,0;10,0;22,0;9,0;10,0
2026-05-05;22,0;1,0384706406876782;82,0129;28,78;53,2299;12,0;14,874423788816259;8,67668215356984;22,266743731407377;64,05656045239931;0,7637447121002032;2,013235721469719;5;125;1;0,49999999999999994;-0,8660254037844387;0,8367329140344921;-0,5476112038402312;23,0;9,0;22,0;22,0;0;22,0;22,0;22,0;23,0;23,0;41,0;16,0;22,666666666666668;24,714285714285715;8,035634920243051;16,0;41,0;-1,0;0,53;31,68;0,7526183750963695;7,671097198373875;0;9,0;10,0;17,0;9,0;10,0;17,0
2026-05-06;9,0;0,15;38,4215;17,54;20,8865;8,0;12,956212294517835;8,747669973998836;17,666016319509595;72,37382148979898;0,9497749898411593;2,2859980627829946;5;126;2;0,49999999999999994;-0,8660254037844387;0,8271893372462497;-0,5619233046832195;22,0;10,0;9,0;9,0;0;9,0;9,0;9,0;22,0;23,0;23,0;16,0;18,0;23,714285714285715;9,58669713221206;9,0;41,0;-13,0;1,0384706406876782;28,78;0,7637447121002032;8,67668215356984;0;10,0;17,0;33,0;10,0;17,0;33,0
2026-05-07;10,0;0,1;19,5442;12,87;6,67125;15,0;15,097694829985503;10,084204127202623;20,48121556503658;66,9275573449803;1,1039268029445928;2,597139531697024;5;127;3;0,49999999999999994;-0,8660254037844387;0,8174009818249189;-0,5760691233798758;9,0;17,0;10,0;10,0;0;10,0;10,0;10,0;9,0;22,0;23,0;20,0;13,666666666666666;22,285714285714285;10,889050857234054;9,0;41,0;1,0;0,15;17,54;0,9497749898411593;8,747669973998836;0;17,0;33,0;37,0;17,0;33,0;37,0
2026-05-08;17,0;0,12;36,9724;19,56;17,4157;11,0;13,88768916934759;8,974614693127421;19,3789870529978;67,93727557748034;0,938989787065484;2,330876676099736;5;128;4;0,49999999999999994;-0,8660254037844387;0,8073707443023492;-0,5900444739548627;10,0;33,0;17,0;17,0;0;17,0;17,0;17,0;10,0;9,0;22,0;28,0;12,0;20,714285714285715;10,71936387593793;9,0;41,0;7,0;0,1;12,87;1,1039268029445928;10,084204127202623;0;33,0;37,0;29,0;33,0;37,0;29,0
2026-05-09;33,0;0,72;89,7526;29,42;60,3329;12,0;14,637793812708477;8,282249361178387;22,057011060550153;61,89841284085751;0,7989732560456543;2,0608352656362503;5;129;5;0,49999999999999994;-0,8660254037844387;0,7971015927871943;-0,6038452208771035;17,0;37,0;33,0;33,0;0;33,0;33,0;33,0;17,0;10,0;9,0;41,0;20,0;19,571428571428573;8,363753998796362;9,0;33,0;16,0;0,12;19,56;0,938989787065484;8,974614693127421;1;37,0;29,0;30,0;37,0;29,0;30,0
2026-05-10;37,0;1,07;120,149;34,83;85,3221;15,0;15,830901065888847;8,198936707172589;24,80370136699133;55,65307526809975;0,7549764122760124;1,982506959500455;5;130;6;0,49999999999999994;-0,8660254037844387;0,7865965660866021;-0,6174672802835514;33,0;29,0;37,0;37,0;0;37,0;37,0;37,0;33,0;17,0;10,0;23,0;29,0;21,571428571428573;10,674848052894339;9,0;37,0;4,0;0,72;29,42;0,7989732560456543;8,282249361178387;1;29,0;30,0;53,0;29,0;30,0;53,0
2026-05-11;29,0;0,41;98,7896;36,12;62,6647;12,0;14,441980319556052;7,487062741845467;22,56408567294512;57,24552628013721;0,6933454410434761;1,9641085919426553;5;131;0;0,49999999999999994;-0,8660254037844387;0,7758587728069828;-0,6309066211876704;37,0;30,0;29,0;29,0;0;29,0;29,0;29,0;37,0;33,0;17,0;23,0;33,0;22,428571428571427;11,043205193800487;9,0;37,0;-8,0;1,07;34,83;0,7549764122760124;8,198936707172589;0;30,0;53,0;65,0;30,0;53,0;65,0
2026-05-12;30,0;0,17;53,6078;23,61;29,9947;7,0;12,676860586047129;8,060143693136538;17,992217151224402;70,20192411529422;0,8311203610529989;2,1207241933105694;5;132;1;0,49999999999999994;-0,8660254037844387;0,7648913904341225;-0,6441592666722685;29,0;53,0;30,0;30,0;0;30,0;30,0;30,0;29,0;37,0;33,0;22,0;32,0;23,571428571428573;11,39966582634693;9,0;37,0;1,0;0,41;36,12;0,6933454410434761;7,487062741845467;0;53,0;65,0;47,0;53,0;65,0;47,0
2026-05-13;53,0;1,2517744855032773;101,766;35,74;66,0231;6,0;13,176442102260923;7,432203992223702;20,40348632856486;68,0395239888734;0,5546599119176556;1,6486591376072963;5;133;2;0,49999999999999994;-0,8660254037844387;0,753697664392914;-0,6572212950663319;30,0;65,0;53,0;53,0;0;53,0;53,0;53,0;30,0;29,0;37,0;9,0;37,333333333333336;29,857142857142858;13,885586909076789;10,0;53,0;23,0;0,17;23,61;0,8311203610529989;8,060143693136538;0;65,0;47,0;49,0;65,0;47,0;49,0
2026-05-14;65,0;0,7;119,433;42,84;76,59;10,0;14,05029109295432;6,793001921303382;22,792833010292245;56,81785512809516;0,5356844861771364;1,7105364425493468;5;134;3;0,49999999999999994;-0,8660254037844387;0,742280907086982;-0,6700888411055113;53,0;47,0;65,0;65,0;0;65,0;65,0;65,0;53,0;30,0;29,0;10,0;49,333333333333336;37,714285714285715;16,15254660741651;17,0;65,0;12,0;1,2517744855032773;35,74;0,5546599119176556;7,432203992223702;0;47,0;49,0;50,0;47,0;49,0;50,0
2026-05-15;47,0;0,39;96,6265;36,8;59,8254;7,0;12,873515830574336;6,854342628733157;20,07182809367062;62,99468136313136;0,6105772953447717;1,8025856840839907;5;135;4;0,49999999999999994;-0,8660254037844387;0,7306444969184916;-0,6827580970759147;65,0;49,0;47,0;47,0;0;47,0;47,0;47,0;65,0;53,0;30,0;17,0;55,0;42,0;13,503086067019419;29,0;65,0;-18,0;0,7;42,84;0,5356844861771364;6,793001921303382;0;49,0;50,0;30,0;49,0;50,0;30,0
2026-05-16;49,0;0,26;44,4342;23,04;21,3975;16,0;15,568430928432733;9,37555699167858;22,523874552278453;60,67536429541011;0,9260909987854833;2,3768909056131085;5;136;5;0,49999999999999994;-0,8660254037844387;0,7187918772884232;-0,6952253139408722;47,0;50,0;49,0;49,0;0;49,0;49,0;49,0;47,0;65,0;53,0;33,0;53,666666666666664;44,285714285714285;13,073054803861357;29,0;65,0;2,0;0,39;36,8;0,6105772953447717;6,854342628733157;1;50,0;30,0;39,0;50,0;30,0;39,0
2026-05-17;50,0;0,87;98,4135;31,92;66,4907;18,0;16,62859606488353;8,857076184980546;25,613351639235457;53,80518556873115;0,823902187971064;2,1585580586843407;5;137;6;0,49999999999999994;-0,8660254037844387;0,7067265555776158;-0,7074868024503348;49,0;30,0;50,0;50,0;0;50,0;50,0;50,0;49,0;47,0;65,0;37,0;48,666666666666664;46,142857142857146;12,785780792591082;29,0;65,0;1,0;0,26;23,04;0,9260909987854833;9,37555699167858;1;30,0;39,0;60,0;30,0;39,0;60,0
2026-05-18;30,0;0,6;126,996;40,09;86,9014;9,0;13,633043801501367;6,667909337561932;21,911231378529532;58,19791315829149;0,6169523159531076;1,7695151057145306;5;138;0;0,49999999999999994;-0,8660254037844387;0,6944521021088763;-0,719538934232584;50,0;39,0;30,0;30,0;0;30,0;30,0;30,0;50,0;49,0;47,0;29,0;43,0;46,285714285714285;12,566016150903295;30,0;65,0;-20,0;0,87;31,92;0,823902187971064;8,857076184980546;0;39,0;60,0;52,0;39,0;60,0;52,0
2026-05-19;39,0;0,55;132,609;44,61;87,9957;10,0;13,933639539899906;6,390265755663613;22,930551641323913;54,5866208201274;0,5421881530688715;1,705304920278917;5;139;1;0,49999999999999994;-0,8660254037844387;0,6819721490904629;-0,7313781428679254;30,0;60,0;39,0;39,0;0;39,0;39,0;39,0;30,0;50,0;49,0;30,0;39,666666666666664;47,57142857142857;10,98267033189325;30,0;65,0;9,0;0,6;40,09;0,6169523159531076;6,667909337561932;0;60,0;52,0;61,0;60,0;52,0;61,0
2026-05-20;60,0;1,5725578299045984;145,454;46,58;98,8726;6,0;13,421039455509842;6,4419352648953225;22,313746125843096;62,196468952104155;0,3815945126521579;1,3683214402406287;5;140;2;0,49999999999999994;-0,8660254037844387;0,6692903895412567;-0,7430009249440493;39,0;52,0;60,0;60,0;0;60,0;60,0;60,0;39,0;30,0;50,0;53,0;43,0;48,57142857142857;11,844227044670955;30,0;65,0;21,0;0,55;44,61;0,5421881530688715;6,390265755663613;0;52,0;61,0;56,0;52,0;61,0;56,0
2026-05-21;52,0;0,27;39,7074;24,13;15,5767;6,0;12,462189186392962;8,166804753608998;17,55524666488074;72,5288167860839;0,760844419179462;2,0506959833200726;5;141;3;0,49999999999999994;-0,8660254037844387;0,6564105761979381;-0,7544038410927472;60,0;61,0;52,0;52,0;0;52,0;52,0;52,0;60,0;39,0;30,0;65,0;50,333333333333336;46,714285714285715;9,655987533033366;30,0;60,0;-8,0;1,5725578299045984;46,58;0,3815945126521579;6,4419352648953225;0;61,0;56,0;91,0;61,0;56,0;91,0
2026-05-22;61,0;0,41;81,9088;34,74;47,165;6,0;12,580490834644854;7,0671988915043595;19,2407776274382;66,07452664853395;0,6064786568927608;1,8069775619340438;5;142;4;0,49999999999999994;-0,8660254037844387;0,6433365204044917;-0,765583517007675;52,0;56,0;61,0;61,0;0;61,0;61,0;61,0;52,0;60,0;39,0;47,0;57,666666666666664;48,714285714285715;11,071198154284348;30,0;61,0;9,0;0,27;24,13;0,760844419179462;8,166804753608998;0;56,0;91,0;57,0;56,0;91,0;57,0
2026-05-23;56,0;0,38;42,3382;25,61;16,7294;5,0;12,238329836576714;8,009261662989587;17,35855653641521;73,42822514700605;0,7097866458197482;1,9687531551573403;5;143;5;0,49999999999999994;-0,8660254037844387;0,6300720909843687;-0,7765366444428655;61,0;91,0;56,0;56,0;0;56,0;56,0;56,0;61,0;52,0;60,0;49,0;56,333333333333336;49,714285714285715;11,41219064150682;30,0;61,0;-5,0;0,41;34,74;0,6064786568927608;7,0671988915043595;1;91,0;57,0;28,0;91,0;57,0;28,0
2026-05-24;91,0;0,6;70,7745;38,41;32,3619;6,0;12,762881768983553;7,131988644315465;19,793908425866505;66,14036946210203;0,4731213711819948;1,6780567799962087;5;144;6;0,49999999999999994;-0,8660254037844387;0,6166212130956382;-0,7872599821916922;56,0;57,0;91,0;91,0;0;91,0;91,0;91,0;56,0;61,0;52,0;50,0;69,33333333333333;55,57142857142857;19,346465162548817;30,0;91,0;35,0;0,38;25,61;0,7097866458197482;8,009261662989587;1;57,0;28,0;36,0;57,0;28,0;36,0
2026-05-25;57,0;1,18;157,72;44,24;113,483;6,0;13,112571032882736;6,126345456394999;21,72116245978743;60,60497535619508;0,5062560096915839;1,5036228949895805;5;145;0;0,49999999999999994;-0,8660254037844387;0,6029878670694714;-0,7977503570459932;91,0;28,0;57,0;57,0;0;57,0;57,0;57,0;91,0;56,0;61,0;30,0;68,0;59,42857142857143;15,757084574429216;39,0;91,0;-34,0;0,6;38,41;0,4731213711819948;7,131988644315465;0;28,0;36,0;41,0;28,0;36,0;41,0
2026-05-26;28,0;0,79;148,458;41,16;107,297;7,0;13,126934221113952;6,241150407913823;21,381149086921386;59,57246990220795;0,6042457030687542;1,6679610800978297;5;146;1;0,49999999999999994;-0,8660254037844387;0,5891760872322963;-0,8080046647350754;57,0;36,0;28,0;28,0;0;28,0;28,0;28,0;57,0;91,0;56,0;39,0;58,666666666666664;57,857142857142854;18,451996923807226;28,0;91,0;-29,0;1,18;44,24;0,5062560096915839;6,126345456394999;0;36,0;41,0;59,0;36,0;41,0;59,0
2026-05-27;36,0;1,0968350765605002;86,7965;31,65;55,1434;10,0;14,305739440377785;8,239812757950626;21,68332702445688;65,2231780401261;0,677606631041365;1,8796027818234404;5;147;2;0,49999999999999994;-0,8660254037844387;0,5751899607119775;-0,8180198708443174;28,0;41,0;36,0;36,0;0;36,0;36,0;36,0;28,0;57,0;91,0;60,0;40,333333333333336;54,42857142857143;20,139986286466243;28,0;91,0;8,0;0,79;41,16;0,6042457030687542;6,241150407913823;0;41,0;59,0;53,0;41,0;59,0;53,0
2026-05-28;41,0;1,4342610320861733;131,675;36,03;95,6418;9,0;14,202069972577188;7,536303428004656;22,361478523397437;63,18724408612197;0,6458579523426958;1,7204349723432888;5;148;3;0,49999999999999994;-0,8660254037844387;0,5610336262283677;-0,8277930117131022;36,0;59,0;41,0;41,0;0;41,0;41,0;41,0;36,0;28,0;57,0;52,0;35,0;52,857142857142854;20,780027040635066;28,0;91,0;5,0;1,0968350765605002;31,65;0,677606631041365;8,239812757950626;0;59,0;53,0;38,0;59,0;53,0;38,0
2026-05-29;59,0;0,74;158,271;50,38;107,888;6,0;12,82845108466122;5,368902181123293;21,961790744473245;56,16999197965463;0,40409653183685823;1,4367193087083647;5;149;4;0,49999999999999994;-0,8660254037844387;0,5467112728685939;-0,8373211953118121;41,0;53,0;59,0;59,0;0;59,0;59,0;59,0;41,0;36,0;28,0;61,0;45,333333333333336;52,57142857142857;20,662826064030583;28,0;91,0;18,0;1,4342610320861733;36,03;0,6458579523426958;7,536303428004656;0;53,0;38,0;51,0;53,0;38,0;51,0
2026-05-30;53,0;1,3767407475554663;130,9;44,4;86,5021;14,0;15,783443305857157;7,572696063723127;25,802233011201785;53,625597499592686;0,5150151395829841;1,6797776724933913;5;150;5;0,49999999999999994;-0,8660254037844387;0,5322271388474397;-0,8466016020976267;59,0;38,0;53,0;53,0;0;53,0;53,0;53,0;59,0;41,0;36,0;56,0;51,0;52,142857142857146;20,610907884164742;28,0;91,0;-6,0;0,74;50,38;0,40409653183685823;5,368902181123293;1;38,0;51,0;69,0;38,0;51,0;69,0
2026-05-31;38,0;0,1;32,4528;19,32;13,1338;7,0;12,626073608177004;8,54765948436022;17,26797652173149;73,02064307121853;0,8842785070049995;2,2186197588375514;5;151;6;0,49999999999999994;-0,8660254037844387;0,5175855102531889;-0,8556314858488706;53,0;51,0;38,0;38,0;0;38,0;38,0;38,0;53,0;59,0;41,0;91,0;50,0;44,57142857142857;11,816050423853481;28,0;59,0;-15,0;1,3767407475554663;44,4;0,5150151395829841;7,572696063723127;1;51,0;69,0;57,0;51,0;69,0;57,0
2026-06-01;51,0;0,29;52,9111;26,44;26,4747;6,0;12,476655038112527;7,870236310820236;17,941215941558635;70,814290534755;0,7387705241979863;2,002701872642263;6;152;0;1,2246467991473532e-16;-1,0;0,5027907197793043;-0,8644081744776648;38,0;69,0;51,0;51,0;0;51,0;51,0;51,0;38,0;53,0;59,0;57,0;47,333333333333336;43,714285714285715;10,950103282835387;28,0;59,0;13,0;0,1;19,32;0,8842785070049995;8,54765948436022;0;69,0;57,0;39,0;69,0;57,0;39,0
2026-06-02;69,0;0,58;137,827;46,98;90,8442;4,0;12,089722870716388;5,474400702538873;20,23335582324208;60,57962323412052;0,4212259936811811;1,4709696104877066;6;153;1;1,2246467991473532e-16;-1,0;0,4878471454423119;-0,8729290708206411;51,0;57,0;69,0;69,0;0;69,0;69,0;69,0;51,0;38,0;53,0;28,0;52,666666666666664;49,57142857142857;12,053452380364511;36,0;69,0;18,0;0,29;26,44;0,7387705241979863;7,870236310820236;0;57,0;39,0;44,0;57,0;39,0;44,0
2026-06-03;57,0;1,7057601785274559;160,787;46,65;114,138;4,0;12,87198388652424;6,1085349340481585;21,559539953799167;64,13605500703463;0,38185060546269645;1,295649532774279;6;154;2;1,2246467991473532e-16;-1,0;0,47275920928627757;-0,881191653407483;69,0;39,0;57,0;57,0;0;57,0;57,0;57,0;69,0;51,0;38,0;36,0;59,0;52,57142857142857;10,643576198144823;38,0;69,0;-12,0;0,58;46,98;0,4212259936811811;5,474400702538873;0;39,0;44,0;55,0;39,0;44,0;55,0
2026-06-04;39,0;1,4991304077267864;138,689;42,17;96,5173;8,0;13,970684889011197;6,9896082378591995;22,687958014419184;61,71758413898003;0,5003666437599008;1,5395431929458359;6;155;3;1,2246467991473532e-16;-1,0;0,4575313760742512;-0,8891934772070711;57,0;44,0;39,0;39,0;0;39,0;39,0;39,0;57,0;69,0;51,0;41,0;55,0;52,285714285714285;11,025943432261444;38,0;69,0;-18,0;1,7057601785274559;46,65;0,38185060546269645;6,1085349340481585;0;44,0;55,0;67,0;44,0;55,0;67,0
2026-06-05;44,0;0,33;74,8578;26,1;48,7531;3,0;11,531592742760056;7,27767029007833;16,577402327432857;73,27379132270681;0,7617881730714819;1,9316061654219123;6;156;4;1,2246467991473532e-16;-1,0;0,44216815196707204;-0,8969321743510065;39,0;55,0;44,0;44,0;0;44,0;44,0;44,0;39,0;57,0;69,0;59,0;46,666666666666664;50,142857142857146;10,96096971726762;38,0;69,0;5,0;1,4991304077267864;42,17;0,5003666437599008;6,9896082378591995;0;55,0;67,0;45,0;55,0;67,0;45,0
2026-06-06;55,0;0,9229379465218457;59,8602;27,84;32,0228;8,0;13,571232766610434;8,450644090082747;19,854364426484075;70,15114354369777;0,6891588679339646;1,9214559255626318;6;157;5;1,2246467991473532e-16;-1,0;0,42667408318992467;-0,9044054548343001;44,0;67,0;55,0;55,0;0;55,0;55,0;55,0;44,0;39,0;57,0;53,0;46,0;50,42857142857143;11,073348527841443;38,0;69,0;11,0;0,33;26,1;0,7617881730714819;7,27767029007833;1;67,0;45,0;24,0;67,0;45,0;24,0
2026-06-07;67,0;0,92;105,05;33,05;71,9965;15,0;15,726017446358084;8,37913546181802;24,3246035139847;56,712616124023235;0,7718266763153192;2,039516546408501;6;158;6;1,2246467991473532e-16;-1,0;0,4110537546870351;-0,9116111071930239;55,0;45,0;67,0;67,0;0;67,0;67,0;67,0;55,0;44,0;39,0;38,0;55,333333333333336;54,57142857142857;11,073348527841446;39,0;69,0;12,0;0,9229379465218457;27,84;0,6891588679339646;8,450644090082747;1;45,0;24,0;23,0;45,0;24,0;23,0
2026-06-08;45,0;1,0877033023524387;86,8011;35,7;51,1056;11,0;14,643059180008702;8,099770214496374;22,65359670861551;62,34650031452789;0,5957292378435984;1,8151815120962906;6;159;0;1,2246467991473532e-16;-1,0;0,3953117887649151;-0,9185469991587165;67,0;24,0;45,0;45,0;0;45,0;45,0;45,0;67,0;55,0;44,0;51,0;55,666666666666664;53,714285714285715;11,614850920470852;39,0;69,0;-22,0;0,92;33,05;0,7718266763153192;8,37913546181802;0;24,0;23,0;30,0;24,0;23,0;30,0
2026-06-09;24,0;0,27;49,9944;22,47;27,5289;5,0;12,1254753960488;8,022799449341097;16,930204403893462;73,72170199906441;0,8142045872401277;2,068443243961222;6;160;1;1,2246467991473532e-16;-1,0;0,37945284372454435;-0,925211078289358;45,0;23,0;24,0;24,0;0;24,0;24,0;24,0;45,0;67,0;55,0;69,0;45,333333333333336;47,285714285714285;13,960829556468429;24,0;67,0;-21,0;1,0877033023524387;35,7;0,5957292378435984;8,099770214496374;0;23,0;30,0;44,0;23,0;30,0;44,0
2026-06-10;23,0;0,28;66,5557;24,28;42,2711;6,0;12,431346154961783;7,820313850877769;17,77380556640194;70,75520085823248;0,8258165495645788;2,065678209686938;6;161;2;1,2246467991473532e-16;-1,0;0,36348161248290634;-0,9316013725767187;24,0;30,0;23,0;23,0;0;23,0;23,0;23,0;24,0;45,0;67,0;57,0;30,666666666666668;42,42857142857143;15,809882382623263;23,0;67,0;-1,0;0,27;22,47;0,8142045872401277;8,022799449341097;0;30,0;44,0;57,0;30,0;44,0;57,0
2026-06-11;30,0;0,4;130,424;31,82;98,5992;4,0;11,858588994596468;6,3825932334775555;18,222009897155058;66,42844012789212;0,7767761156741138;1,8556896415012272;6;162;3;1,2246467991473532e-16;-1,0;0,3474028211842774;-0,9377159910299093;23,0;44,0;30,0;30,0;0;30,0;30,0;30,0;23,0;24,0;45,0;39,0;25,666666666666668;41,142857142857146;16,486646833408066;23,0;67,0;7,0;0,28;24,28;0,8258165495645788;7,820313850877769;0;44,0;57,0;83,0;44,0;57,0;83,0
2026-06-12;44,0;0,81;193,639;41,44;152,196;3,0;11,828931812973337;5,178933652860447;19,728648381491183;61,36617898709747;0,6622754383383933;1,5741295217520268;6;163;4;1,2246467991473532e-16;-1,0;0,3312212278016865;-0,9435531242349544;30,0;57,0;44,0;44,0;0;44,0;44,0;44,0;30,0;23,0;24,0;44,0;32,333333333333336;41,142857142857146;16,486646833408066;23,0;67,0;14,0;0,4;31,82;0,7767761156741138;6,3825932334775555;0;57,0;83,0;66,0;57,0;83,0;66,0
2026-06-13;57,0;0,93;212,082;50,29;161,793;3,0;11,956238890820813;4,481992263247516;21,020669476168095;57,09190481374376;0,4899773852747131;1,3577235034860689;6;164;5;1,2246467991473532e-16;-1,0;0,31494162072895193;-0,9491110448902284;44,0;83,0;57,0;57,0;0;57,0;57,0;57,0;44,0;30,0;23,0;55,0;43,666666666666664;41,42857142857143;16,78150909838111;23,0;67,0;13,0;0,81;41,44;0,6622754383383933;5,178933652860447;1;83,0;66,0;73,0;83,0;66,0;73,0
2026-06-14;83,0;1,7591875211000396;175,714;50,04;125,679;9,0;14,47440680295468;6,347411020328217;24,64947433991925;56,05324238139672;0,3986746848654634;1,3648645093810576;6;165;6;1,2246467991473532e-16;-1,0;0,2985688173637202;-0,9543881083175908;57,0;66,0;83,0;83,0;0;83,0;83,0;83,0;57,0;44,0;30,0;67,0;61,333333333333336;43,714285714285715;21,320680771763108;23,0;83,0;26,0;0,93;50,29;0,4899773852747131;4,481992263247516;1;66,0;73,0;47,0;66,0;73,0;47,0
2026-06-15;66,0;2,0203857648259778;202,163;56,1;146,066;3,0;12,793860180229077;5,111322435272651;22,77901335823629;60,17372677382532;0,22357837802945502;1,0180513203367358;6;166;0;1,2246467991473532e-16;-1,0;0,2821076626819194;-0,9593827529490743;83,0;73,0;66,0;66,0;0;66,0;66,0;66,0;83,0;57,0;44,0;45,0;68,66666666666667;46,714285714285715;22,94714423564355;23,0;83,0;-17,0;1,7591875211000396;50,04;0,3986746848654634;6,347411020328217;0;73,0;47,0;26,0;73,0;47,0;26,0
2026-06-16;73,0;0,96;286,992;71,25;215,743;2,0;11,709851923611556;2,0999028889390132;23,51854697418188;45,017094196746854;0,17392015681286432;0,8842612749311097;6;167;1;1,2246467991473532e-16;-1,0;0,26556302780405594;-0,9640935007889755;66,0;47,0;73,0;73,0;0;73,0;73,0;73,0;66,0;83,0;57,0;24,0;74,0;53,714285714285715;22,328713097073667;23,0;83,0;7,0;2,0203857648259778;56,1;0,22357837802945502;5,111322435272651;0;47,0;26,0;34,0;47,0;26,0;34,0
2026-06-17;47,0;1,5006026191043096;131,694;33,87;97,8199;3,0;12,362020408242712;7,0051393376422215;19,141910323013345;71,51242160828461;0,6148255318962901;1,5827290438130215;6;168;2;1,2246467991473532e-16;-1,0;0,24893980855376657;-0,9685189578512204;73,0;26,0;47,0;47,0;0;47,0;47,0;47,0;73,0;66,0;83,0;23,0;62,0;57,142857142857146;18,3069073615086;30,0;83,0;-26,0;0,96;71,25;0,17392015681286432;2,0999028889390132;0;26,0;34,0;29,0;26,0;34,0;29,0
2026-06-18;26,0;0,24;53,4597;27,66;25,7986;6,0;12,445730242015436;7,742688410124947;18,03143266715251;70,06758631319451;0,7159799606577336;1,9829944638212376;6;169;3;1,2246467991473532e-16;-1,0;0,23224292400907015;-0,9726578145718654;47,0;34,0;26,0;26,0;0;26,0;26,0;26,0;47,0;73,0;66,0;30,0;48,666666666666664;56,57142857142857;19,32922780710725;26,0;83,0;-21,0;1,5006026191043096;33,87;0,6148255318962901;7,0051393376422215;0;34,0;29,0;17,0;34,0;29,0;17,0
2026-06-19;34,0;0,68;127,534;31,41;96,1207;6,0;12,69215147823431;6,915291092705701;19,470998490535166;65,6112290453434;0,7778407463131397;1,8725477708386744;6;170;4;1,2246467991473532e-16;-1,0;0,21547731504673012;-0,976508846196619;26,0;29,0;34,0;34,0;0;34,0;34,0;34,0;26,0;47,0;73,0;44,0;35,666666666666664;55,142857142857146;20,731848055818;26,0;83,0;8,0;0,24;27,66;0,7159799606577336;7,742688410124947;0;29,0;17,0;29,0;29,0;17,0;29,0
2026-06-20;29,0;0,9497281407643656;65,4366;23,29;42,144;9,0;13,859944212182896;8,806389248488841;19,897810879411317;70,55600537780906;0,8209396404646597;2,0578469140271523;6;171;5;1,2246467991473532e-16;-1,0;0,19864794288017112;-0,9800709131432666;34,0;17,0;29,0;29,0;0;29,0;29,0;29,0;34,0;26,0;47,0;57,0;29,666666666666668;51,142857142857146;22,90144516130349;26,0;83,0;-5,0;0,68;31,41;0,7778407463131397;6,915291092705701;1;17,0;29,0;29,0;17,0;29,0;29,0
2026-06-21;17,0;0,26;28,8867;14,41;14,4755;17,0;15,839568373142525;10,239507764823124;21,91472831597512;63,998073590223434;1,1019879701593358;2,5984872309164397;6;172;6;1,2246467991473532e-16;-1,0;0,18175978759137534;-0,9833429613388902;29,0;29,0;17,0;17,0;0;17,0;17,0;17,0;29,0;34,0;26,0;83,0;26,666666666666668;41,714285714285715;21,11645713430078;17,0;73,0;-12,0;0,9497281407643656;23,29;0,8209396404646597;8,806389248488841;1;29,0;29,0;53,0;29,0;29,0;53,0
2026-06-22;29,0;1,1613388137220706;91,3347;27,71;63,6238;7,0;13,382461447866115;8,12399612690494;19,80710337785273;70,38581310700354;0,7384334428118842;1,8763203099383126;6;173;0;1,2246467991473532e-16;-1,0;0,16481784665719793;-0,9863240225317866;17,0;29,0;29,0;29,0;0;29,0;29,0;29,0;17,0;29,0;34,0;66,0;25,0;36,42857142857143;18,49195449249163;17,0;73,0;12,0;0,26;14,41;1,1019879701593358;10,239507764823124;0;29,0;53,0;40,0;29,0;53,0;40,0
2026-06-23;29,0;0,36;113,345;32,19;81,1584;6,0;12,484360869940106;6,790409051478173;19,116904569611687;64,83242050431679;0,7530386015655522;1,9002831384970986;6;174;1;1,2246467991473532e-16;-1,0;0,14782713347053048;-0,9890132145779883;29,0;53,0;29,0;29,0;0;29,0;29,0;29,0;29,0;17,0;29,0;73,0;25,0;30,142857142857142;9,063269671749675;17,0;47,0;0,0;1,1613388137220706;27,71;0,7384334428118842;8,12399612690494;0;53,0;40,0;37,0;53,0;40,0;37,0
2026-06-24;53,0;0,66;219,895;48,16;171,739;2,0;11,419575581822214;4,178576707610249;20,030801118817887;57,464996178427654;0,5734244918843785;1,4325308622569275;6;175;2;1,2246467991473532e-16;-1,0;0,13079267585675922;-0,9914097417023038;29,0;40,0;53,0;53,0;0;53,0;53,0;53,0;29,0;29,0;17,0;47,0;37,0;31,0;11,000000000000016;17,0;53,0;24,0;0,36;32,19;0,7530386015655522;6,790409051478173;0;40,0;37,0;42,0;40,0;37,0;42,0
2026-06-25;40,0;1,0;191,655;46,37;145,28;4,0;12,318756692683479;5,165821666587977;20,999683699138476;59,1288722054431;0,5354193285445998;1,451768338070405;6;176;3;1,2246467991473532e-16;-1,0;0,11371951458594969;-0,9935128947338007;53,0;37,0;40,0;40,0;0;40,0;40,0;40,0;53,0;29,0;29,0;26,0;40,666666666666664;33,0;11,210114480533507;17,0;53,0;-13,0;0,66;48,16;0,5734244918843785;4,178576707610249;0;37,0;42,0;47,0;37,0;42,0;47,0
2026-06-26;37,0;0,41;132,382;41,27;91,1112;6,0;12,557421460454629;6,0099568695128;20,36153187814437;60,1236405670734;0,5832210803188407;1,6910538757419662;6;177;4;1,2246467991473532e-16;-1,0;0,0966127018812031;-0,9953220513156602;40,0;42,0;37,0;37,0;0;37,0;37,0;37,0;40,0;53,0;29,0;34,0;43,333333333333336;33,42857142857143;11,31160381875096;17,0;53,0;-3,0;1,0;46,37;0,5354193285445998;5,165821666587977;0;42,0;47,0;42,0;42,0;47,0;42,0
2026-06-27;42,0;0,42;77,4193;28,85;48,5732;11,0;14,118616950700272;8,113248593083785;21,0725967879133;62,82709924972205;0,7962466028685652;2,088768684085935;6;178;5;1,2246467991473532e-16;-1,0;0,07947729992362097;-0,9968366760893436;37,0;47,0;42,0;42,0;0;42,0;42,0;42,0;37,0;40,0;53,0;29,0;39,666666666666664;35,285714285714285;11,528432760126691;17,0;53,0;5,0;0,41;41,27;0,5832210803188407;6,0099568695128;1;47,0;42,0;36,0;47,0;42,0;36,0
2026-06-28;47,0;1,0721280696503013;86,9031;25,39;61,5098;12,0;14,86733118751373;8,855702135651295;21,942712769582922;65,25856766516225;0,8532301874384515;2,0911089430319993;6;179;6;1,2246467991473532e-16;-1,0;0,062318379354325076;-0,998056320853012;42,0;42,0;47,0;47,0;0;47,0;47,0;47,0;42,0;37,0;40,0;17,0;42,0;39,57142857142857;8,866738273967949;29,0;53,0;5,0;0,42;28,85;0,7962466028685652;8,113248593083785;1;42,0;36,0;21,0;42,0;36,0;21,0
2026-06-29;42,0;1,0940645093681844;88,0582;30,25;57,8064;11,0;14,604522025237097;8,430969865739115;22,033372735556295;64,5024321403327;0,7268451263599928;1,9436948786071573;6;180;0;1,2246467991473532e-16;-1,0;0,04514101777397193;-0,9989806246941579;47,0;36,0;42,0;42,0;0;42,0;42,0;42,0;47,0;42,0;37,0;29,0;43,666666666666664;41,42857142857143;7,54668012786957;29,0;53,0;-5,0;1,0721280696503013;25,39;0,8532301874384515;8,855702135651295;0;36,0;21,0;39,0;36,0;21,0;39,0
2026-06-30;36,0;0,35;105,631;32,94;72,6885;8,0;13,115953860376376;7,071325316470777;20,1505374949224;62,60258842096659;0,741368344668414;1,937256532569064;6;181;1;1,2246467991473532e-16;-1,0;0,02795029824021032;-0,999609314096404;42,0;21,0;36,0;36,0;0;36,0;36,0;36,0;42,0;47,0;42,0;29,0;41,666666666666664;42,42857142857143;5,912053869204974;36,0;53,0;-6,0;1,0940645093681844;30,25;0,7268451263599928;8,430969865739115;0;21,0;39,0;51,0;21,0;39,0;51,0
2026-07-01;21,0;0,12;50,9678;24,9;26,0656;8,0;12,96587455068507;8,09250296592906;18,576807042786196;68,440220388568;0,8111960633570668;2,1266019897104833;7;182;2;-0,4999999999999997;-0,8660254037844388;0,01075130776352193;-0,9999422030204416;36,0;39,0;21,0;21,0;0;21,0;21,0;21,0;36,0;42,0;47,0;53,0;33,0;37,857142857142854;8,275034167675132;21,0;47,0;-15,0;0,35;32,94;0,741368344668414;7,071325316470777;0;39,0;51,0;37,0;39,0;51,0;37,0
2026-07-02;39,0;0,46;121,089;34,76;86,3271;14,753439114782243;15,325711043764233;7,667861010942859;24,05971623046112;53,16746025374869;0,8131935410129311;2,086743048438964;7;183;3;-0,4999999999999997;-0,8660254037844388;-0,00645086419810515;-0,9999791929590823;21,0;51,0;39,0;39,0;0;39,0;39,0;39,0;21,0;36,0;42,0;40,0;32,0;37,714285714285715;8,240434570140236;21,0;47,0;18,0;0,12;24,9;0,8111960633570668;8,09250296592906;0;51,0;37,0;30,0;51,0;37,0;30,0
2026-07-03;51,0;1,451107955470407;135,501;36,92;98,5773;10,0;14,526725916052039;7,564088189106576;23,016165918554556;61,457080809268156;0,6457752361212907;1,7287636891737037;7;184;4;-0,4999999999999997;-0,8660254037844388;-0,023651127245231586;-0,9997202729664083;39,0;37,0;51,0;51,0;0;51,0;51,0;51,0;39,0;21,0;36,0;37,0;37,0;39,714285714285715;9,621404708847303;21,0;51,0;12,0;0,46;34,76;0,8131935410129311;7,667861010942859;0;37,0;30,0;39,0;37,0;30,0;39,0
2026-07-04;37,0;0,47;85,2306;29,51;55,7164;8,0;13,20796112934227;7,64612647093529;19,73509011126572;65,84965518454125;0,7580983738633716;1,9815055885059643;7;185;5;-0,4999999999999997;-0,8660254037844388;-0,04084439154329611;-0,9991655196610109;51,0;30,0;37,0;37,0;0;37,0;37,0;37,0;51,0;39,0;21,0;42,0;42,333333333333336;39,0;9,609023536933073;21,0;51,0;-14,0;1,451107955470407;36,92;0,6457752361212907;7,564088189106576;1;30,0;39,0;38,0;30,0;39,0;38,0
2026-07-05;30,0;0,46;73,7144;26,26;47,4584;11,0;14,134924160539066;8,35737557167228;20,788158419105052;64,29322854542656;0,8440068624075717;2,140102378909274;7;186;6;-0,4999999999999997;-0,8660254037844388;-0,05802556932878035;-0,9983150972033183;37,0;39,0;30,0;30,0;0;30,0;30,0;30,0;37,0;51,0;39,0;47,0;39,333333333333336;36,57142857142857;9,396047801374502;21,0;51,0;-7,0;0,47;29,51;0,7580983738633716;7,64612647093529;1;39,0;38,0;43,0;39,0;38,0;43,0
2026-07-06;39,0;0,77;189,086;47,15;141,94;3,0;11,849376198153685;4,846320395037997;20,319428916936218;59,174232365518186;0,5196803646814286;1,4429563625518411;7;187;0;-0,4999999999999997;-0,8660254037844388;-0,07518957641475855;-0,9971692572470178;30,0;38,0;39,0;39,0;0;39,0;39,0;39,0;30,0;37,0;51,0;42,0;35,333333333333336;36,142857142857146;9,172941575244957;21,0;51,0;9,0;0,46;26,26;0,8440068624075717;8,35737557167228;0;38,0;43,0;62,0;38,0;43,0;62,0
2026-07-07;38,0;0,65;223,874;53,57;170,305;3,0;11,756511707965677;3,895618666694089;21,183766635870686;53,774423536692325;0,4695257025671343;1,3388032534674494;7;188;1;-0,4999999999999997;-0,8660254037844388;-0,09233133369539122;-0,9957283388645872;39,0;43,0;38,0;38,0;0;38,0;38,0;38,0;39,0;30,0;37,0;36,0;35,666666666666664;36,42857142857143;9,19886121316372;21,0;51,0;-1,0;0,77;47,15;0,5196803646814286;4,846320395037997;0;43,0;62,0;40,0;43,0;62,0;40,0
2026-07-08;43,0;0,51;199,617;51,9;147,718;11,452455651149224;14,42080246584688;5,258156559917012;25,104250755956212;45,01051823445728;0,5660227877776012;1,6379134140236018;7;189;2;-0,4999999999999997;-0,8660254037844388;-0,10944576864891556;-0,993992768446958;38,0;62,0;43,0;43,0;0;43,0;43,0;43,0;38,0;39,0;30,0;21,0;40,0;39,57142857142857;6,373307431706716;30,0;51,0;5,0;0,65;53,57;0,4695257025671343;3,895618666694089;0;62,0;40,0;37,0;62,0;40,0;37,0
2026-07-09;62,0;0,93;279,689;65,49;214,195;2,0;11,654882754755153;2,53129283351743;22,762363121494346;47,70077117191041;0,293634579905723;1,020077221169299;7;190;3;-0,4999999999999997;-0,8660254037844388;-0,12652781683868314;-0,9919630595773397;43,0;40,0;62,0;62,0;0;62,0;62,0;62,0;43,0;38,0;39,0;39,0;47,666666666666664;42,857142857142854;10,574002260711143;30,0;62,0;19,0;0,51;51,9;0,5660227877776012;5,258156559917012;0;40,0;37,0;47,0;40,0;37,0;47,0
2026-07-10;40,0;1,793955472573119;171,536;45,42;126,113;3,0;12,597363357593736;5,997013645248995;21,078307520179365;65,51279169270296;0,41762781926215486;1,2875588820789707;7;191;4;-0,4999999999999997;-0,8660254037844388;-0,1435724234118113;-0,9896398128792412;62,0;37,0;40,0;40,0;0;40,0;40,0;40,0;62,0;43,0;38,0;51,0;48,333333333333336;41,285714285714285;9,961831921795092;30,0;62,0;-22,0;0,93;65,49;0,293634579905723;2,53129283351743;0;37,0;47,0;32,0;37,0;47,0;32,0
2026-07-11;37,0;1,3528545120992483;122,092;33,94;88,1515;10,0;14,455780504530882;7,848138728529467;22,471651236608665;63,109961845481756;0,6907856246826661;1,8066755984886398;7;192;5;-0,4999999999999997;-0,8660254037844388;-0,16057454459499376;-0,9870237158387383;40,0;47,0;37,0;37,0;0;37,0;37,0;37,0;40,0;62,0;43,0;37,0;46,333333333333336;41,285714285714285;9,961831921795092;30,0;62,0;-3,0;1,793955472573119;45,42;0,41762781926215486;5,997013645248995;1;47,0;32,0;29,0;47,0;32,0;29,0
2026-07-12;47,0;1,247368550613825;113,497;36,95;76,5419;14,0;15,659905448255484;8,16096947666333;24,67320269749696;57,216909899412634;0,6578440448435899;1,8655956341946416;7;193;6;-0,4999999999999997;-0,8660254037844388;-0,17752914918703497;-0,984115542601034;37,0;32,0;47,0;47,0;0;47,0;47,0;47,0;37,0;40,0;62,0;30,0;41,333333333333336;43,714285714285715;8,750510189207777;37,0;62,0;10,0;1,3528545120992483;33,94;0,6907856246826661;7,848138728529467;1;32,0;29,0;23,0;32,0;29,0;23,0
2026-07-13;32,0;0,38;68,1015995231073;36,28;31,821458858004192;16,632195826536673;15,815102889973351;8,330384283835741;24,569660026130393;53,72641697935563;0,6700185416780331;2,0755672601212583;7;194;0;-0,4999999999999997;-0,8660254037844388;-0,19443122004766195;-0,9809161537413774;47,0;29,0;32,0;32,0;0;32,0;32,0;32,0;47,0;37,0;40,0;39,0;38,666666666666664;42,714285714285715;9,724784242924317;32,0;62,0;-15,0;1,247368550613825;36,95;0,6578440448435899;8,16096947666333;0;29,0;23,0;6,0;29,0;23,0;6,0
2026-07-14;29,0;0,41;66,24155705772519;34,42;31,821455349225012;16,638731798786303;15,838809184943127;8,505367119257343;24,386935327710507;54,70524206404541;0,7065264136161441;2,1133719591311353;7;195;1;-0,4999999999999997;-0,8660254037844388;-0,2112757555821793;-0,9774264960104055;32,0;23,0;29,0;29,0;0;29,0;29,0;29,0;32,0;47,0;37,0;38,0;36,0;41,42857142857143;10,967484410096727;29,0;62,0;-3,0;0,38;36,28;0,6700185416780331;8,330384283835741;0;23,0;6,0;4,0;23,0;6,0;4,0
2026-07-15;23,0;0,36;67,30175808656996;35,48;31,82146249613143;4,0;11,910998316660496;6,899550420952016;18,117190821308203;68,96880015635912;0,5299508114741467;1,7268873499606878;7;196;2;-0,4999999999999997;-0,8660254037844388;-0,2280577712215198;-0,9736476020539838;29,0;6,0;23,0;23,0;0;23,0;23,0;23,0;29,0;32,0;47,0;43,0;28,0;38,57142857142857;12,921005415693521;23,0;62,0;-6,0;0,41;34,42;0,7065264136161441;8,505367119257343;0;6,0;4,0;7,0;6,0;4,0;7,0
2026-07-16;6,0;0,2;48,04114382344412;16,22;31,821397998231664;13,0;14,548855009740684;9,363418769687666;20,188507204463928;66,49236349143979;1,0645105277856923;2,4637205180561965;7;197;3;-0,4999999999999997;-0,8660254037844388;-0,24477230089725957;-0,9695805901076308;23,0;4,0;6,0;6,0;0;6,0;6,0;6,0;23,0;29,0;32,0;62,0;19,333333333333332;30,571428571428573;13,327379623131012;6,0;47,0;-17,0;0,36;35,48;0,5299508114741467;6,899550420952016;0;4,0;7,0;25,0;4,0;7,0;25,0
2026-07-17;4,0;0,34;53,3213297222792;21,5;31,82142075152596;10,0;13,730068738209335;8,701917115481614;19,454407996610666;68,22495780001859;0,9021729139709426;2,2289571309871494;7;198;4;-0,4999999999999997;-0,8660254037844388;-0,2614143985111562;-0,965226663665613;6,0;7,0;4,0;4,0;0;4,0;4,0;4,0;6,0;23,0;29,0;40,0;11,0;25,428571428571427;15,799336936056765;4,0;47,0;-2,0;0,2;16,22;1,0645105277856923;9,363418769687666;0;7,0;25,0;12,0;7,0;25,0;12,0
2026-07-18;7,0;0,53;51,19123937996929;19,37;31,821422289885668;14,0;15,114359895641332;9,505733651258224;21,43162987846819;65,26505009784393;0,9796251211454483;2,362217268197389;7;199;5;-0,4999999999999997;-0,8660254037844388;-0,2779791393987801;-0,9605871111248129;4,0;25,0;7,0;7,0;0;7,0;7,0;7,0;4,0;6,0;23,0;37,0;5,666666666666667;21,142857142857142;16,201116951500296;4,0;47,0;3,0;0,34;21,5;0,9021729139709426;8,701917115481614;1;25,0;12,0;13,0;25,0;12,0;13,0
2026-07-19;25,0;0,59;56,51151955426094;24,69;31,821445023635647;4,0;12,048226401961454;7,931767730230085;17,06608677209514;74,99078328670092;0,7356375433963933;1,93427508407702;7;200;6;-0,4999999999999997;-0,8660254037844388;-0,2944616217868012;-0,9556633054034704;7,0;12,0;25,0;25,0;0;25,0;25,0;25,0;7,0;4,0;6,0;47,0;12,0;18,0;11,916375287812972;4,0;32,0;18,0;0,53;19,37;0,9796251211454483;9,505733651258224;1;12,0;13,0;21,0;12,0;13,0;21,0
2026-07-20;12,0;0,23;56,65148632042591;24,83;31,821427504293133;4,0;11,783115439416054;7,6279682479255975;16,69393837516866;73,36204115187465;0,766643307185235;1,9949173931650128;7;201;0;-0,4999999999999997;-0,8660254037844388;-0,3108569682435036;-0,9504567035349151;25,0;13,0;12,0;12,0;0;12,0;12,0;12,0;25,0;7,0;4,0;32,0;14,666666666666666;15,142857142857142;10,286375640113643;4,0;29,0;-13,0;0,59;24,69;0,7356375433963933;7,931767730230085;0;13,0;21,0;15,0;13,0;21,0;15,0
2026-07-21;13,0;0,47;64,8523;24,38;40,4685;5,0;12,262294694594303;7,870122129111715;17,47175013084735;72,84536596025285;0,7885228289328273;1,9988450367572728;7;202;1;-0,4999999999999997;-0,8660254037844388;-0,3271603271220951;-0,9449688462364056;12,0;21,0;13,0;13,0;0;13,0;13,0;13,0;12,0;25,0;7,0;29,0;16,666666666666668;12,857142857142858;8,275034167675077;4,0;25,0;1,0;0,23;24,83;0,766643307185235;7,6279682479255975;0;21,0;15,0;30,0;21,0;15,0;30,0
2026-07-22;21,0;0,7;112,76;30,5;82,2582;14,140701663084748;15,319873702720471;8,186095233177316;23,484652774546525;57,157662970708714;0,862072634867528;2,1213480574274812;7;203;2;-0,4999999999999997;-0,8660254037844388;-0,34336687399638804;-0,939201357453208;13,0;15,0;21,0;21,0;0;21,0;21,0;21,0;13,0;12,0;25,0;23,0;15,333333333333334;12,571428571428571;7,892129895390329;4,0;25,0;8,0;0,47;24,38;0,7885228289328273;7,870122129111715;0;15,0;30,0;28,0;15,0;30,0;28,0
2026-07-23;15,0;0,39;70,8588;29,09;41,7725;16,83138626635204;15,887887646203907;8,82875810549137;23,92989179788492;56,15177675661481;0,8495620768451567;2,254079339536204;7;204;3;-0,4999999999999997;-0,8660254037844388;-0,3594718130884232;-0,9331559438780432;21,0;30,0;15,0;15,0;0;15,0;15,0;15,0;21,0;13,0;12,0;6,0;16,333333333333332;13,857142857142858;7,358183005529059;4,0;25,0;-6,0;0,7;30,5;0,862072634867528;8,186095233177316;0;30,0;28,0;24,0;30,0;28,0;24,0
2026-07-24;30,0;1,22;123,544;34,06;89,4792;3,0;12,176399938147025;6,874924273986867;18,812443895923604;70,72622652092971;0,616115751662385;1,6225318947591283;7;205;4;-0,4999999999999997;-0,8660254037844388;-0,3754703786876202;-0,9268343944460494;15,0;28,0;30,0;30,0;0;30,0;30,0;30,0;15,0;21,0;13,0;4,0;22,0;17,571428571428573;8,07995756707385;7,0;30,0;15,0;0,39;29,09;0,8495620768451567;8,82875810549137;0;28,0;24,0;9,0;28,0;24,0;9,0
2026-07-25;28,0;0,58;108,54;24,58;83,9633;2,0;11,348629540256255;7,030751348884355;16,40670018489842;73,96413299175867;0,8489622178191264;1,9195782690881542;7;206;5;-0,4999999999999997;-0,8660254037844388;-0,3913578365610259;-0,9202385798054075;30,0;24,0;28,0;28,0;0;28,0;28,0;28,0;30,0;15,0;21,0;7,0;24,333333333333332;20,571428571428573;7,367883976130057;12,0;30,0;-2,0;1,22;34,06;0,616115751662385;6,874924273986867;1;24,0;9,0;6,0;24,0;9,0;6,0
2026-07-26;24,0;0,51;48,841310725839925;17,02;31,821419950188574;5,0;12,278813111590221;8,588055981621185;16,562916507343925;77,01974176735936;0,917437334509703;2,154383048443581;7;207;6;-0,4999999999999997;-0,8660254037844388;-0,4071294853542516;-0,9133704517637858;28,0;9,0;24,0;24,0;0;24,0;24,0;24,0;28,0;30,0;15,0;25,0;27,333333333333332;20,428571428571427;7,276838664721152;12,0;30,0;-4,0;0,58;24,58;0,8489622178191264;7,030751348884355;1;9,0;6,0;26,0;9,0;6,0;26,0
2026-07-27;9,0;0,7873574004006534;43,68115579155887;11,86;31,821418038466668;9,0;13,723366645595117;9,704373546242685;18,275008601267544;75,84264885027095;1,050499138901869;2,3418898891165316;7;208;0;-0,4999999999999997;-0,8660254037844388;-0,4227806579826773;-0,9062320427107697;24,0;6,0;9,0;9,0;0;9,0;9,0;9,0;24,0;28,0;30,0;12,0;20,333333333333332;20,0;7,916228058025262;9,0;30,0;-15,0;0,51;17,02;0,917437334509703;8,588055981621185;0;6,0;26,0;17,0;6,0;26,0;17,0
2026-07-28;6,0;0,29;44,95110695347048;13,13;31,82139529406774;11,0;13,980680024221385;9,437435839073023;18,89934140269298;70,71008256618532;1,0958943432136037;2,4598444362044996;7;209;1;-0,4999999999999997;-0,8660254037844388;-0,4383067230125192;-0,898825465016444;9,0;26,0;6,0;6,0;0;6,0;6,0;6,0;9,0;24,0;28,0;13,0;13,0;19,0;9,273618495495688;6,0;30,0;-3,0;0,7873574004006534;11,86;1,050499138901869;9,704373546242685;0;26,0;17,0;12,0;26,0;17,0;12,0
2026-07-29;26,0;0,72;56,211554484169724;24,39;31,821451781787005;2,0;11,517937099933675;7,8197945867465855;16,156195661183016;78,08341175651002;0,7044539725214034;1,8591282993018918;7;210;2;-0,4999999999999997;-0,8660254037844388;-0,45370308603134424;-0,8911529104063088;6,0;17,0;26,0;26,0;0;26,0;26,0;26,0;6,0;9,0;24,0;21,0;13,666666666666666;19,714285714285715;9,638711630957824;6,0;30,0;20,0;0,29;13,13;1,0958943432136037;9,437435839073023;0;17,0;12,0;29,0;17,0;12,0;29,0
2026-07-30;17,0;0,41;49,20125132090967;17,38;31,82141374401643;9,0;13,456684700969783;8,96094874141438;18,52668495568649;71,64113058239141;0,9697705004534178;2,281813679422524;7;211;3;-0,4999999999999997;-0,8660254037844388;-0,46896519100763184;-0,8832166493127127;26,0;12,0;17,0;17,0;0;17,0;17,0;17,0;26,0;6,0;9,0;15,0;16,333333333333332;20,0;9,504384952922155;6,0;30,0;-9,0;0,72;24,39;0,7044539725214034;7,8197945867465855;0;12,0;29,0;10,0;12,0;29,0;10,0
2026-07-31;12,0;0,39;48,061192627032604;16,24;31,82140859601931;11,0;14,063782366414957;9,275187219920683;19,381994800437933;69,69661803577758;1,0209241648029876;2,3705694165817235;7;212;4;-0,4999999999999997;-0,8660254037844388;-0,48408852163897587;-0,8750190302029955;17,0;29,0;12,0;12,0;0;12,0;12,0;12,0;17,0;26,0;6,0;30,0;18,333333333333332;17,428571428571427;8,753230696094285;6,0;28,0;-5,0;0,41;17,38;0,9697705004534178;8,96094874141438;0;29,0;10,0;25,0;29,0;10,0;25,0
2026-08-01;29,0;0,56;54,301277691844724;22,48;31,82143062273301;16,863768658569263;16,01177344779383;9,612740050026716;23,254607569564417;60,59679973383751;0,9471680805350382;2,368838768863487;8;213;5;-0,8660254037844385;-0,5000000000000004;-0,4990686026885319;-0,8665624788845385;12,0;10,0;29,0;29,0;0;29,0;29,0;29,0;12,0;17,0;26,0;28,0;19,333333333333332;17,571428571428573;8,960229588895249;6,0;29,0;17,0;0,39;16,24;1,0209241648029876;9,275187219920683;1;10,0;25,0;26,0;10,0;25,0;26,0
2026-08-02;10,0;0,43;48,75125692405368;16,93;31,821414082632767;8,0;13,15744729409441;8,891855486618429;17,986978461976804;73,13165688336994;0,9647452068304234;2,259123629154852;8;214;6;-0,8660254037844385;-0,5000000000000004;-0,5139010013093103;-0,8578494977869301;29,0;25,0;10,0;10,0;0;10,0;10,0;10,0;29,0;12,0;17,0;24,0;17,0;15,571428571428571;8,84792146697256;6,0;29,0;-19,0;0,56;22,48;0,9471680805350382;9,612740050026716;1;25,0;26,0;34,0;25,0;26,0;34,0
2026-08-03;25,0;0,95;56,93140644292543;25,11;31,821457950037654;14,995292687694516;15,76717382545834;9,526827825029711;23,10019458583056;63,19229912099157;0,8317238790668804;2,1855478610485664;8;215;0;-0,8660254037844385;-0,5000000000000004;-0,5285813283559292;-0,8488826652214553;10,0;26,0;25,0;25,0;0;25,0;25,0;25,0;10,0;29,0;12,0;9,0;21,333333333333332;17,857142857142858;8,933617621631422;6,0;29,0;15,0;0,43;16,93;0,9647452068304234;8,891855486618429;0;26,0;34,0;8,0;26,0;34,0;8,0
2026-08-04;26,0;1,14;118,69;23,75;94,8311;3,0;12,00743038892843;7,469664239432202;17,4573318984408;74,89673302380199;0,8514725335777458;1,873603447934073;8;216;1;-0,8660254037844385;-0,5000000000000004;-0,5431052396834317;-0,8396646346181327;25,0;34,0;26,0;26,0;0;26,0;26,0;26,0;25,0;10,0;29,0;6,0;20,333333333333332;20,714285714285715;7,609517849690717;10,0;29,0;1,0;0,95;25,11;0,8317238790668804;9,526827825029711;0;34,0;8,0;16,0;34,0;8,0;16,0
2026-08-05;34,0;1,16;114,981;29,81;85,6493;3,0;12,315213230816397;7,4640382624989865;18,353723887861822;72,65274945722518;0,7135943610102675;1,742121445159604;8;217;2;-0,8660254037844385;-0,5000000000000004;-0,5574684374327892;-0,8301981337405212;26,0;8,0;34,0;34,0;0;34,0;34,0;34,0;26,0;25,0;10,0;26,0;28,333333333333332;21,857142857142858;9,007933011676814;10,0;34,0;8,0;1,14;23,75;0,8514725335777458;7,469664239432202;0;8,0;16,0;5,0;8,0;16,0;5,0
2026-08-06;8,0;0,33;31,4152;16,89;14,7671;12,0;14,44343960444638;9,634275138986222;19,84260662133746;69,05374394203224;0,9871878910959891;2,3894151791620146;8;218;3;-0,8660254037844385;-0,5000000000000004;-0,5716666713027052;-0,8204859638785327;34,0;16,0;8,0;8,0;0;8,0;8,0;8,0;34,0;26,0;25,0;17,0;22,666666666666668;20,571428571428573;10,357881747042395;8,0;34,0;-26,0;1,16;29,81;0,7135943610102675;7,4640382624989865;0;16,0;5,0;14,0;16,0;5,0;14,0
2026-08-07;16,0;0,41;39,0386;15,04;24,2075;18,315127242626296;16,376351695237428;10,42706002377484;22,87724542001185;62,28134099030696;1,121459166486196;2,607781449550629;8;219;4;-0,8660254037844385;-0,5000000000000004;-0,5856957398073508;-0,8105309990194823;8,0;5,0;16,0;16,0;0;16,0;16,0;16,0;8,0;34,0;26,0;12,0;19,333333333333332;21,142857142857142;9,906707684334735;8,0;34,0;8,0;0,33;16,89;0,9871878910959891;9,634275138986222;0;5,0;14,0;19,0;5,0;14,0;19,0
2026-08-08;5,0;0,2;16,6211;11,75;4,98752;21,0;17,093131602669363;11,061536790570328;23,520752099103955;60,818386798612636;1,192469284603145;2,7843135713106544;8;220;5;-0,8660254037844385;-0,5000000000000004;-0,5995514915196489;-0,8003361849976323;16,0;14,0;5,0;5,0;0;5,0;5,0;5,0;16,0;8,0;34,0;29,0;9,666666666666666;17,714285714285715;10,843035948083369;5,0;34,0;-11,0;0,41;15,04;1,121459166486196;10,42706002377484;1;14,0;19,0;32,0;14,0;19,0;32,0
2026-08-09;14,0;0,38;25,5704;16,47;9,37598;16,0;15,750100800910168;10,276724901952024;21,84579425052837;65,04025462659075;1,0286817175066;2,5050445302266895;8;221;6;-0,8660254037844385;-0,5000000000000004;-0,6132298262997502;-0,7899045386224707;5,0;19,0;14,0;14,0;0;14,0;14,0;14,0;5,0;16,0;8,0;10,0;11,666666666666666;18,285714285714285;10,467637200984194;5,0;34,0;9,0;0,2;11,75;1,192469284603145;11,061536790570328;1;19,0;32,0;47,0;19,0;32,0;47,0
2026-08-10;19,0;0,45;53,8441;27,5;26,805;4,0;12,166203222350527;7,925305738610664;17,382776071319118;73,3157449835129;0,6888006375649405;1,9051406765045173;8;222;0;-0,8660254037844385;-0,5000000000000004;-0,6267266965083301;-0,7792391467859886;14,0;32,0;19,0;19,0;0;19,0;19,0;19,0;14,0;5,0;16,0;25,0;12,666666666666666;17,428571428571427;10,064080399406294;5,0;34,0;5,0;0,38;16,47;1,0286817175066;10,276724901952024;0;32,0;47,0;40,0;32,0;47,0;40,0
2026-08-11;32,0;0,58;67,6378;29,83;38,303;16,211534707161512;16,034792577220514;9,16026965134332;24,027974455082468;57,57298755971181;0,8119545814782567;2,1968744111039826;8;223;1;-0,8660254037844385;-0,5000000000000004;-0,6400381082043503;-0,7683431655492202;19,0;47,0;32,0;32,0;0;32,0;32,0;32,0;19,0;14,0;5,0;26,0;21,666666666666668;18,285714285714285;11,116268644263156;5,0;34,0;13,0;0,45;27,5;0,6888006375649405;7,925305738610664;0;47,0;40,0;14,0;47,0;40,0;14,0
2026-08-12;47,0;0,84;104,906;38,69;66,9022;9,0;14,118955815408547;7,604592951478686;22,081116968915403;61,11592659588023;0,589707337312452;1,764636007479052;8;224;2;-0,8660254037844385;-0,5000000000000004;-0,65316012232693;-0,7572198192083127;32,0;40,0;47,0;47,0;0;47,0;47,0;47,0;32,0;19,0;14,0;34,0;32,666666666666664;20,142857142857142;14,690456895873712;5,0;47,0;15,0;0,58;29,83;0,8119545814782567;9,16026965134332;0;40,0;14,0;11,0;40,0;14,0;11,0
2026-08-13;40,0;1,3;150,725;44,87;106,669;3,0;12,615430039316951;6,346508826366337;20,624078579391764;64,74960584874644;0,44707246720796173;1,3987561323803326;8;225;3;-0,8660254037844385;-0,5000000000000004;-0,666088855860977;-0,7458723993404063;47,0;14,0;40,0;40,0;0;40,0;40,0;40,0;47,0;32,0;19,0;8,0;39,666666666666664;24,714285714285715;15,250292737237157;5,0;47,0;-7,0;0,84;38,69;0,589707337312452;7,604592951478686;0;14,0;11,0;15,0;14,0;11,0;15,0
2026-08-14;14,0;0,43;44,9152;22,18;23,122;9,0;13,658398894941953;8,92366641992101;19,18943628648189;70,01375805705374;0,8541227954245452;2,172864536674834;8;226;4;-0,8660254037844385;-0,5000000000000004;-0,6788204829862355;-0,734304263829602;40,0;11,0;14,0;14,0;0;14,0;14,0;14,0;40,0;47,0;32,0;16,0;33,666666666666664;24,428571428571427;15,45808464695354;5,0;47,0;-26,0;1,3;44,87;0,44707246720796173;6,346508826366337;0;11,0;15,0;12,0;11,0;15,0;12,0
2026-08-15;11,0;0,48;33,2732;16,54;16,9642;9,0;13,606540669379315;9,387091238401432;18,452259754920973;73,31022252063961;0,9479410227776472;2,2836802892621186;8;227;5;-0,8660254037844385;-0,5000000000000004;-0,6913512362094071;-0,722518835873311;14,0;15,0;11,0;11,0;0;11,0;11,0;11,0;14,0;40,0;47,0;5,0;21,666666666666668;25,285714285714285;14,326133296814428;11,0;47,0;-3,0;0,43;22,18;0,8541227954245452;8,92366641992101;1;15,0;12,0;18,0;15,0;12,0;18,0
2026-08-16;15,0;0,58;34,9837;15,83;19,4233;8,0;13,376300172818475;9,39169363277743;17,995739898595065;75,10692527524648;0,948171457325773;2,2557340119008162;8;228;6;-0,8660254037844385;-0,5000000000000004;-0,7036774074790128;-0,7105196029692745;11,0;12,0;15,0;15,0;0;15,0;15,0;15,0;11,0;14,0;40,0;14,0;13,333333333333334;25,428571428571427;14,199262220941177;11,0;47,0;4,0;0,48;16,54;0,9479410227776472;9,387091238401432;1;12,0;18,0;18,0;12,0;18,0;18,0
2026-08-17;12,0;0,37;31,4164;18,66;13,1213;8,0;13,286260911160905;9,138135841784425;18,104394750809032;73,26207133257572;0,8946430811612721;2,2263045823040253;8;229;0;-0,8660254037844385;-0,5000000000000004;-0,7157953492826642;-0,6983101158835584;15,0;18,0;12,0;12,0;0;12,0;12,0;12,0;15,0;11,0;14,0;19,0;12,666666666666666;24,428571428571427;14,953897405661422;11,0;47,0;-3,0;0,58;15,83;0,948171457325773;9,39169363277743;0;18,0;18,0;29,0;18,0;18,0;29,0
2026-08-18;18,0;0,62;61,8055;22,28;39,9454;8,0;13,476724519939324;8,753236225504883;19,030881947146;70,8806771830831;0,8659227353331491;2,121176241554333;8;230;1;-0,8660254037844385;-0,5000000000000004;-0,7277014757264236;-0,6858939875998223;12,0;18,0;18,0;18,0;0;18,0;18,0;18,0;12,0;15,0;11,0;32,0;15,0;22,428571428571427;14,706655441864205;11,0;47,0;6,0;0,37;18,66;0,8946430811612721;9,138135841784425;0;18,0;29,0;37,0;18,0;29,0;37,0
2026-08-19;18,0;0,58;66,0148;23,55;42,8083;12,0;14,669055073655755;9,027843051663185;21,168325059962182;65,15513839920098;0,8989475336524984;2,217047352160441;8;231;2;-0,8660254037844385;-0,5000000000000004;-0,7393922635959241;-0,673274892250183;18,0;29,0;18,0;18,0;0;18,0;18,0;18,0;18,0;12,0;15,0;47,0;16,0;18,285714285714285;9,945087325145092;11,0;40,0;0,0;0,62;22,28;0,8659227353331491;8,753236225504883;0;29,0;37,0;30,0;29,0;37,0;30,0
2026-08-20;29,0;0,93;100,616;29,81;71,3384;12,0;15,001961625703418;8,57491372948789;22,58478691004832;61,83552655995265;0,8131953429186206;2,0391037242951455;8;232;3;-0,8660254037844385;-0,5000000000000004;-0,7508642533989489;-0,6604565640279754;18,0;37,0;29,0;29,0;0;29,0;29,0;29,0;18,0;18,0;12,0;40,0;21,666666666666668;16,714285714285715;6,047431568147604;11,0;29,0;11,0;0,58;23,55;0,8989475336524984;9,027843051663185;0;37,0;30,0;31,0;37,0;30,0;31,0
2026-08-21;37,0;1,07;112,071;38,77;73,9677;15,0;16,14680583715826;8,408236126812163;25,426264168797104;54,452363798856965;0,6598672051686517;1,9037462273921313;8;233;4;-0,8660254037844385;-0,5000000000000004;-0,7621140503891487;-0,6474427960827475;29,0;30,0;37,0;37,0;0;37,0;37,0;37,0;29,0;18,0;18,0;14,0;28,0;20,0;9,556847457887617;11,0;37,0;8,0;0,93;29,81;0,8131953429186206;8,57491372948789;0;30,0;31,0;32,0;30,0;31,0;32,0
2026-08-22;30,0;1,04;98,8063;37,99;61,4442;17,0;16,746832059384204;8,823155370177696;26,209706077052427;53,12571646264678;0,6708797495541861;1,9752053809366608;8;234;5;-0,8660254037844385;-0,5000000000000004;-0,7731383255706026;-0,6342374393978054;37,0;31,0;30,0;30,0;0;30,0;30,0;30,0;37,0;29,0;18,0;11,0;32,0;22,714285714285715;9,268482179125211;12,0;37,0;-7,0;1,07;38,77;0,6598672051686517;8,408236126812163;1;31,0;32,0;11,0;31,0;32,0;11,0
2026-08-23;31,0;0,86;69,5923;25,75;44,3101;16,0;16,188563759348447;9,6195038260434;23,822350442447483;60,443806843119056;0,8838928597150446;2,239896232348814;8;235;6;-0,8660254037844385;-0,5000000000000004;-0,7839338166829201;-0,620844401650647;30,0;32,0;31,0;31,0;0;31,0;31,0;31,0;30,0;37,0;29,0;15,0;32,666666666666664;25,0;9,018499505645774;12,0;37,0;1,0;1,04;37,99;0,6708797495541861;8,823155370177696;1;32,0;11,0;8,0;32,0;11,0;8,0
2026-08-24;32,0;0,51;43,4309;21,04;20,2535;8,0;12,346888466484035;7,605691168859034;17,781390459314483;72,61720895414814;0,7854490668857927;2,0768327654294962;8;236;0;-0,8660254037844385;-0,5000000000000004;-0,7944973291665992;-0,6072676460566135;31,0;11,0;32,0;32,0;0;32,0;32,0;32,0;31,0;30,0;37,0;12,0;31,0;27,857142857142858;7,1978832867394855;18,0;37,0;1,0;0,86;25,75;0,8838928597150446;9,6195038260434;0;11,0;8,0;10,0;11,0;8,0;10,0
2026-08-25;11,0;0,42;40,5222;24,71;16,2394;6,0;12,754127113621623;8,47111972974495;17,933722566074476;72,80666170969582;0,7472501988074877;2,0242439599552817;8;237;1;-0,8660254037844385;-0,5000000000000004;-0,8048257371083452;-0,593511190196115;32,0;8,0;11,0;11,0;0;11,0;11,0;11,0;32,0;31,0;30,0;18,0;24,666666666666668;26,857142857142858;9,044861735235292;11,0;37,0;-21,0;0,51;21,04;0,7854490668857927;7,605691168859034;0;8,0;10,0;9,0;8,0;10,0;9,0
2026-08-26;8,0;0,41;43,2274;21,41;22,1625;7,0;12,997888140177553;8,714208104815137;18,0380409910785;72,74615372890108;0,8433842700446993;2,1330595932527503;8;238;2;-0,8660254037844385;-0,5000000000000004;-0,8149159841660791;-0,5795791048257612;11,0;10,0;8,0;8,0;0;8,0;8,0;8,0;11,0;32,0;31,0;18,0;17,0;25,428571428571427;11,207990347026865;8,0;37,0;-3,0;0,42;24,71;0,7472501988074877;8,47111972974495;0;10,0;9,0;13,0;10,0;9,0;13,0
2026-08-27;10,0;0,5;51,8115;16,83;35,2314;13,0;14,85576456617265;9,640670451693959;20,67468577680293;67,28586392085322;1,0382664964226036;2,4059332400886015;8;239;3;-0,8660254037844385;-0,5000000000000004;-0,8247650844733614;-0,5654755126737576;8,0;9,0;10,0;10,0;0;10,0;10,0;10,0;8,0;11,0;32,0;29,0;9,666666666666666;22,714285714285715;12,432675841162606;8,0;37,0;2,0;0,41;21,41;0,8433842700446993;8,714208104815137;0;9,0;13,0;14,0;9,0;13,0;14,0
2026-08-28;9,0;0,39;38,1423;20,23;18,1733;14,0;15,135262673945487;9,636836569950917;21,3645616143364;65,12793775765665;0,9459121661621659;2,3644861175114746;8;240;4;-0,8660254037844385;-0,5000000000000004;-0,8343701235229538;-0,5512045872199277;10,0;13,0;9,0;9,0;0;9,0;9,0;9,0;10,0;8,0;11,0;37,0;9,0;18,714285714285715;11,542880716619004;8,0;32,0;-1,0;0,5;16,83;1,0382664964226036;9,640670451693959;0;13,0;14,0;6,0;13,0;14,0;6,0
2026-08-29;13,0;0,57;47,7043;20,3;27,7589;16,0;15,919391419795925;9,948057024810618;22,6809885020216;62,8485926575214;0,9799552186120316;2,400058075467383;8;241;5;-0,8660254037844385;-0,5000000000000004;-0,8437282590292712;-0,5367705514607103;9,0;14,0;13,0;13,0;0;13,0;13,0;13,0;9,0;10,0;8,0;30,0;10,666666666666666;16,285714285714285;10,515294982615947;8,0;32,0;4,0;0,39;20,23;0,9459121661621659;9,636836569950917;1;14,0;6,0;17,0;14,0;6,0;17,0
2026-08-30;14,0;0,57;40,9793;16,11;25,1274;18,0;16,484055187962515;10,489068270461937;23,127590444229863;62,61813956917943;1,083930989018263;2,5500182283180486;8;242;6;-0,8660254037844385;-0,5000000000000004;-0,8528367217694595;-0,522177676659508;13,0;6,0;14,0;14,0;0;14,0;14,0;14,0;13,0;9,0;10,0;31,0;12,0;13,857142857142858;8,275034167675077;8,0;32,0;1,0;0,57;20,3;0,9799552186120316;9,948057024810618;1;6,0;17,0;15,0;6,0;17,0;15,0
2026-08-31;6,0;0,5;45,5706;19,7;25,4179;16,0;15,530072033264783;9,523472182870925;22,25033703612702;63,08815872680396;0,9723015431504458;2,4000380250014435;8;243;0;-0,8660254037844385;-0,5000000000000004;-0,8616928164028522;-0,5074302810827518;14,0;17,0;6,0;6,0;0;6,0;6,0;6,0;14,0;13,0;9,0;32,0;11,0;10,142857142857142;2,7945525240229787;6,0;14,0;-8,0;0,57;16,11;1,083930989018263;10,489068270461937;0;17,0;15,0;7,0;17,0;15,0;7,0
2026-09-01;17,0;0,83;89,2511;33,7;56,1199;10,0;14,361732025647667;8,170468088887713;21,846026053807833;62,949085468352585;0,6771558610933709;1,898354332135322;9;244;1;-1,0;-1,8369701987210297e-16;-0,8702939222685674;-0,49253272872205434;6,0;15,0;17,0;17,0;0;17,0;17,0;17,0;6,0;14,0;13,0;11,0;12,333333333333334;11,0;3,829708431025276;6,0;17,0;11,0;0,5;19,7;0,9723015431504458;9,523472182870925;0;15,0;7,0;12,0;15,0;7,0;12,0
2026-09-02;15,0;0,46;53,319;23,62;30,1012;19,0;16,811747262865893;9,963696590582494;24,525619764667272;57,065493870022536;0,9657333623105497;2,435287989933376;9;245;2;-1,0;-1,8369701987210297e-16;-0,8786374941610001;-0,4774894280028391;17,0;7,0;15,0;15,0;0;15,0;15,0;15,0;17,0;6,0;14,0;8,0;12,666666666666666;12,0;3,8297084310252787;6,0;17,0;-2,0;0,83;33,7;0,6771558610933709;8,170468088887713;0;7,0;12,0;23,0;7,0;12,0;23,0
2026-09-03;7,0;0,29;31,1544;17,26;14,2091;14,0;15,072538827315077;9,861858926642771;20,879133423444145;66,34424074231987;1,0088593471100666;2,448803247677322;9;246;3;-1,0;-1,8369701987210297e-16;-0,886721063082993;-0,46230483047981086;15,0;12,0;7,0;7,0;0;7,0;7,0;7,0;15,0;17,0;6,0;10,0;13,0;11,571428571428571;4,23702501200788;6,0;17,0;-8,0;0,46;23,62;0,9657333623105497;9,963696590582494;0;12,0;23,0;22,0;12,0;23,0;22,0
2026-09-04;12,0;0,35;34,6343;21,14;13,8075;18,0;16,38944478527395;10,101831795407696;23,44806360874579;60,02777549924671;0,9710837252815693;2,4669821328357777;9;247;4;-1,0;-1,8369701987210297e-16;-0,8945422369764496;-0,4469834295196741;7,0;23,0;12,0;12,0;0;12,0;12,0;12,0;7,0;15,0;17,0;9,0;11,333333333333334;12,0;4,082482904638561;6,0;17,0;5,0;0,29;17,26;1,0088593471100666;9,861858926642771;0;23,0;22,0;10,0;23,0;22,0;10,0
2026-09-05;23,0;0,71;69,6171;26,03;43,9482;18,0;16,660684413146114;9,663400220812727;24,671547904485188;57,310080095589434;0,9137145516698423;2,315583882800233;9;248;5;-1,0;-1,8369701987210297e-16;-0,9020987014301837;-0,43152975897147144;12,0;22,0;23,0;23,0;0;23,0;23,0;23,0;12,0;7,0;15,0;13,0;14,0;13,428571428571429;5,855400437691154;6,0;23,0;11,0;0,35;21,14;0,9710837252815693;10,101831795407696;1;22,0;10,0;12,0;22,0;10,0;12,0
2026-09-06;22,0;0,76;71,356;23,6;48,1064;21,0;17,6112721445484;10,19198328103333;25,97310884245289;54,81814390384471;1,0084191566007266;2,453644849637164;9;249;6;-1,0;-1,8369701987210297e-16;-0,9093882203647925;-0,4159483918249421;23,0;10,0;22,0;22,0;0;22,0;22,0;22,0;23,0;12,0;7,0;14,0;19,0;14,571428571428571;6,7046536787801685;6,0;23,0;-1,0;0,71;26,03;0,9137145516698423;9,663400220812727;1;10,0;12,0;11,0;10,0;12,0;11,0
2026-09-07;10,0;0,3;37,868;20,68;17,5086;20,0;16,973104979683107;10,29418076101277;24,380310102159324;57,39564664765466;1,0204886021956598;2,548403684884998;9;250;0;-1,0;-1,8369701987210297e-16;-0,9164086366943458;-0,4002439388573056;22,0;12,0;10,0;10,0;0;10,0;10,0;10,0;22,0;23,0;12,0;6,0;18,333333333333332;15,142857142857142;5,9841059323447245;7,0;23,0;-12,0;0,76;23,6;1,0084191566007266;10,19198328103333;0;12,0;11,0;17,0;12,0;11,0;17,0
2026-09-08;12,0;0,39;50,9971;23,67;28,7058;18,0;16,858007695338262;10,336327345243223;24,258685816098573;57,89291799578589;0,9802039914701657;2,4455069145625163;9;251;1;-1,0;-1,8369701987210297e-16;-0,9231578729647039;-0,38442104726885545;10,0;11,0;12,0;12,0;0;12,0;12,0;12,0;10,0;22,0;23,0;17,0;14,666666666666666;14,428571428571429;6,023762469230819;7,0;23,0;2,0;0,3;20,68;1,0204886021956598;10,29418076101277;0;11,0;17,0;8,0;11,0;17,0;8,0
2026-09-09;11,0;0,42;43,7514;21,09;23,0483;18,0;16,4586445332292;10,084984776329355;23,60760553277078;59,740753458584756;0,9913741581507359;2,4649649443951027;9;252;2;-1,0;-1,8369701987210297e-16;-0,9296339319682695;-0,3684843993077793;12,0;17,0;11,0;11,0;0;11,0;11,0;11,0;12,0;10,0;22,0;15,0;11,0;13,857142857142858;6,148944934663449;7,0;23,0;-1,0;0,39;23,67;0,9802039914701657;10,336327345243223;0;17,0;8,0;16,0;17,0;8,0;16,0
2026-09-10;17,0;0,5;72,4563;23,35;47,2299;10,0;13,049268554214272;7,461444419929995;19,347936269795685;67,29751776107088;0,8397214245319758;2,1131317195003194;9;253;3;-1,0;-1,8369701987210297e-16;-0,9358348973349941;-0,35243871088460327;11,0;8,0;17,0;17,0;0;17,0;17,0;17,0;11,0;12,0;10,0;7,0;13,333333333333334;15,285714285714286;5,407226205559996;10,0;23,0;6,0;0,42;21,09;0,9913741581507359;10,084984776329355;0;8,0;16,0;17,0;8,0;16,0;17,0
2026-09-11;8,0;0,24;16,0211;10,06;6,08549;23,0;17,74003745691261;11,454363182418254;24,38001711915177;59,326551875026674;1,2524988492657911;2,8759563073333894;9;254;4;-1,0;-1,8369701987210297e-16;-0,9417589340994617;-0,33628873017668287;17,0;16,0;8,0;8,0;0;8,0;8,0;8,0;17,0;11,0;12,0;12,0;12,0;14,714285714285714;5,992058236095625;8,0;23,0;-9,0;0,5;23,35;0,8397214245319758;7,461444419929995;0;16,0;17,0;18,0;16,0;17,0;18,0
2026-09-12;16,0;0,62;34,2906;17,55;16,9948;18,0;16,53894407998178;10,521815226576765;23,30007460996855;62,690038213545634;1,0277860672182646;2,5018884241047976;9;255;5;-1,0;-1,8369701987210297e-16;-0,9474042892438845;-0,32003923622313857;8,0;17,0;16,0;16,0;0;16,0;16,0;16,0;8,0;17,0;11,0;23,0;13,666666666666666;13,714285714285714;4,855041562276068;8,0;22,0;8,0;0,24;10,06;1,2524988492657911;11,454363182418254;1;17,0;18,0;18,0;17,0;18,0;18,0
2026-09-13;17,0;0,63;45,6853;20,21;25,783;25,0;18,760003194403517;11,088641646352139;27,26929368503233;52,539545899722654;1,08345337153305;2,6539881246602177;9;256;6;-1,0;-1,8369701987210297e-16;-0,9527692922168511;-0,30369503751065885;16,0;18,0;17,0;17,0;0;17,0;17,0;17,0;16,0;8,0;17,0;22,0;13,666666666666666;13,0;3,6514837167010334;8,0;17,0;1,0;0,62;17,55;1,0277860672182646;10,521815226576765;1;18,0;18,0;23,0;18,0;18,0;23,0
2026-09-14;18,0;0,54;77,3629;32,81;45,6768;19,0;17,203184026150232;9,52599272703413;26,0939617524137;51,97023728848117;0,8240442937021137;2,2444260673959873;9;257;0;-1,0;-1,8369701987210297e-16;-0,9578523554276669;-0,28726097055059635;17,0;18,0;18,0;18,0;0;18,0;18,0;18,0;17,0;16,0;8,0;10,0;17,0;14,142857142857142;3,804758924845301;8,0;18,0;1,0;0,63;20,21;1,08345337153305;11,088641646352139;0;18,0;23,0;26,0;18,0;23,0;26,0
2026-09-15;18,0;0,64;66,6227;27,89;39,2285;27,0;19,496328524679296;10,684460285561153;29,399959838900696;45,67358013717865;0,9860713518452456;2,5513464661190977;9;258;1;-1,0;-1,8369701987210297e-16;-0,9626519747161487;-0,2707418984477642;18,0;23,0;18,0;18,0;0;18,0;18,0;18,0;18,0;17,0;16,0;12,0;17,666666666666668;15,0;3,915780041490182;8,0;18,0;0,0;0,54;32,81;0,8240442937021137;9,52599272703413;0;23,0;26,0;22,0;23,0;26,0;22,0
2026-09-16;23,0;0,78;78,7467;35,16;44,166;20,0;17,48069497198054;9,383103782928318;26,961504633392924;50,883628293918434;0,7467083337508323;2,1599608276920454;9;259;2;-1,0;-1,8369701987210297e-16;-0,9671667297977312;-0,2541427094613622;18,0;26,0;23,0;23,0;0;23,0;23,0;23,0;18,0;18,0;17,0;11,0;19,666666666666668;16,714285714285715;4,461475305855841;8,0;23,0;5,0;0,64;27,89;0,9860713518452456;10,684460285561153;0;26,0;22,0;15,0;26,0;22,0;15,0
2026-09-17;26,0;0,77;68,062;28,33;45,3641;34,0;23,922105896188643;14,342660732482274;34,86946607791644;36,5838300664381;1,20113163815878;2,884497772785124;9;260;3;-1,0;-1,8369701987210297e-16;-0,97139528468375;-0,23746831555846842;23,0;22,0;26,0;26,0;0;26,0;26,0;26,0;23,0;18,0;18,0;17,0;22,333333333333332;18,0;5,686240703077293;8,0;26,0;3,0;0,78;35,16;0,7467083337508323;9,383103782928318;0;22,0;15,0;15,0;22,0;15,0;
2026-09-18;22,0;0,48;25,398;16,76;9,27962;32,0;20,980845697739376;12,467838161227851;30,22260704386494;46,18859435844074;1,2242818487672866;2,963535367713909;9;261;4;-1,0;-1,8369701987210297e-16;-0,9753363880767837;-0,2207236509605022;26,0;15,0;22,0;22,0;0;22,0;22,0;22,0;26,0;23,0;18,0;8,0;23,666666666666668;20,0;3,696845502136429;16,0;26,0;-4,0;0,77;28,33;1,20113163815878;14,342660732482274;0;15,0;15,0;;15,0;;
2026-09-19;15,0;0,39;20,4265;12,89;7,72223;15,0;15,389133939265927;10,408754895030567;20,866318706538543;68,08368055352672;1,0837374139747133;2,551737070806794;9;262;5;-1,0;-1,8369701987210297e-16;-0,9789888737409319;-0,20391367068311472;22,0;;15,0;15,0;0;15,0;15,0;15,0;22,0;26,0;23,0;16,0;21,0;19,857142857142858;3,8913824205360257;15,0;26,0;-7,0;0,48;16,76;1,2242818487672866;12,467838161227851;1;15,0;;;;;
2026-09-20;;0,7916568604575633;54,26782442269087;22,44651072484629;31,821442561829446;15,870025059153939;15,899318007878419;9,702221798235838;23,030564563562244;62,741733429271456;0,9137155388948548;2,3001224298184666;9;263;6;-1,0;-1,8369701987210297e-16;-0,9823516608469237;-0,18704334906991657;15,0;;;;0;;15,0;15,0;15,0;22,0;26,0;17,0;17,333333333333332;19,571428571428573;4,197504927816915;15,0;26,0;0,0;0,39;12,89;1,0837374139747133;10,408754895030567;1;;;;;;
