Fecha;MP25;PM10;CO;NOX;NO2;NO;O3;SO2;TEMP_mean;TEMP_min;TEMP_max;RHUM_mean;WSPD_mean;WSPD_max
2020-01-01;15,0;46,0;0,38;12,365;7,1;5,26303;25,0;;22,096186956521738;15,3344;28,3167;41,11092173913043;1,6612214391304347;3,44246
2020-01-02;14,0;58,0;0,47;21,2619;10,99;10,2694;22,0;;20,948966666666667;13,5094;29,375;52,86255416666666;1,6222025416666668;3,492
2020-01-03;16,0;63,0;0,5;27,1572;13,45;13,7063;23,0;;21,545845833333335;13,3533;29,4833;55,102475;1,5003175833333333;3,40034
2020-01-04;15,0;60,0;0,45;23,0;11,54;11,4586;23,0;;23,1926625;16,7468;30,425;49,97674583333333;1,4995369616666665;3,65535
2020-01-05;14,0;46,0;0,36;10,2756;5,27;5,00195;;;17,7438;13,2272;23,125;62,36394583333333;1,8127690833333334;3,35798
2020-01-06;15,0;50,0;0,3;22,7022;12,32;10,3851;26,0;;18,996329166666666;12,0678;26,1833;54,805437500000004;1,2308888333333334;2,82679
2020-01-07;13,0;53,0;0,33;25,5553;14,45;11,1099;21,0;;20,92065416666667;13,792;28,3667;48,57344166666667;1,4072319333333334;3,17502
2020-01-08;8,0;37,0;0,41;17,5253;9,29;8,23119;18,0;;18,379820833333333;13,2144;22,6;53,84567083333334;1,473091125;3,22157
2020-01-09;11,0;49,0;0,33;25,5244;13,42;12,1002;20,0;;20,313120833333333;11,6358;28,6101;51,91405;1,1127777816666666;2,85367
2020-01-10;13,0;61,0;0,38;30,7808;15,53;15,2547;27,0;;23,0913875;13,2518;32,1333;39,40685833333333;1,0959463458333334;2,66209
2020-01-11;14,0;57,0;0,49;26,5625;14,6;11,9606;34,0;;24,149029166666665;14,6928;32,9;34,671754166666666;1,0975068791666667;2,75728
2020-01-12;13,0;53,0;0,42;22,0178;13,59;8,43018;31,0;;23,814820833333332;15,267;31,9167;37,053512500000004;1,1770808791666667;3,09997
2020-01-13;14,0;57,0;0,5;26,5123;14,38;12,1288;27,0;;23,357429166666666;14,2283;32,05;45,844854166666664;1,2420511;2,96759
2020-01-14;14,0;62,0;0,32;28,1802;15,72;12,4614;27,0;;23,589033333333333;15,4442;30,8333;43,71969583333333;1,2874542583333333;3,03177
2020-01-15;13,0;74,0;0,31;22,9863;13,8;9,19002;32,0;;25,13660833333333;17,2869;32,9917;35,95169583333333;1,2161747083333332;2,6709
2020-01-16;22,0;110,0;0,31;48,676;22,67;26,0073;27,0;;24,34358333333333;15,8428;32,775;35,15345;1,0392674;2,73548
2020-01-17;22,0;90,0;0,45;33,8981;17,63;16,272;30,0;;24,107741666666666;15,942;32,725;40,344275;1,2840834083333335;2,75864
2020-01-18;22,0;87,0;0,38;27,58;14,84;12,7443;31,0;;25,172820833333333;18,4898;32,8667;44,133137500000004;1,2561168333333332;3,13613
2020-01-19;17,0;62,0;0,42;13,8094;7,95;5,85604;28,0;;22,428416666666667;18,675;27,0917;50,080450000000006;1,3965112916666664;3,40019
2020-01-20;18,0;70,0;0,38;24,1803;12,28;11,896;27,0;;23,478270833333337;15,9927;31,9167;55,23488333333333;1,2878368;2,8647
2020-01-21;17,0;78,0;0,49;28,5803;15,88;12,6956;26,0;;23,960016666666665;17,1188;30,2;48,764649999999996;1,2865552708333332;3,12469
2020-01-22;15,0;66,0;0,4;20,7313;11,7;9,03024;24,0;;21,758604166666668;15,467;29,625;56,47286666666667;1,5644275708333335;3,18301
2020-01-23;12,0;59,0;0,49;22,0812;11,19;10,8906;21,0;;22,509220833333334;16,175;29,5083;57,31390416666667;1,5606498791666665;3,11388
2020-01-24;12,0;58,0;0,41;21,8577;10,86;11,001;25,0;;24,170404166666668;17,6301;31,7667;50,36555416666667;1,34848925;3,1228
2020-01-25;15,0;61,0;0,42;23,0116;13,56;9,44939;31,0;;25,23109583333333;16,6619;33,0;38,554320833333335;1,1626048395833333;2,89524
2020-01-26;15,0;55,0;0,5;22,905;13,04;9,86566;30,0;;25,7982125;17,1771;33,5083;35,83560416666666;1,0244095141666667;2,72026
2020-01-27;13,0;57,0;0,4;23,9431;11,74;12,2022;24,0;;25,890720833333333;18,9807;33,0637;41,24037916666666;1,3134132625;3,01954
2020-01-28;17,0;78,0;0,53;24,7899;13,05;11,7429;23,0;;23,895591666666665;16,7982;31,45;45,03979583333333;1,3650030624999998;3,18529
2020-01-29;10,0;44,0;0,37;15,0664;6,74;8,32874;17,0;;21,72515;15,2583;29,1083;54,330825000000004;1,4832329583333335;3,21226
2020-01-30;16,0;66,0;0,47;24,5926;14,08;10,5094;26,0;;23,66780833333333;15,2351;31,9833;43,12637083333333;1,2805860625;2,88816
2020-01-31;17,0;73,0;0,43;35,7738;18,56;17,215;29,0;;24,28594166666667;16,0021;31,9636;38,305749999999996;1,3173309;3,04566
2020-02-01;15,0;61,0;0,41;22,3354;14,55;7,78677;27,0;;23,457549999999998;15,6003;31,3417;44,49477916666667;1,3572479125;2,88943
2020-02-02;12,0;56,0;0,43;17,4656;10,86;6,60541;25,0;;23,892658333333333;16,6898;31,3917;45,41502916666667;1,3738782916666665;3,49663
2020-02-03;8,0;50,0;0,33;23,7391;14,12;9,6201;19,0;;22,573754166666664;15,0608;30,5417;34,66362083333333;1,3491765000000002;3,45119
2020-02-04;8,0;47,0;0,35;19,2451;9,58;9,66708;19,0;;21,110966666666666;14,6185;28,6182;47,74798333333334;1,3028078333333333;2,75785
2020-02-05;8,0;49,0;0,27;17,1299;9,87;7,26427;22,0;;19,421608333333335;13,3083;26,4917;44,67125416666667;1,4882644583333333;3,15172
2020-02-06;10,0;53,0;0,32;22,5955;13,07;9,52844;;;19,504641666666668;11,5086;28,2833;42,729625;1,1594484125;2,72368
2020-02-07;12,0;64,0;0,44;32,2606;18,28;13,98;;;22,733041666666665;12,6116;32,2083;33,997425;1,0357127833333333;2,70709
2020-02-08;14,0;64,0;0,46;35,2168;19,83;15,3836;;;24,426195833333335;15,1858;33,1667;31,61505;1,09114055;2,90546
2020-02-09;18,0;58,0;0,45;20,925;14,77;6,1575;;;23,288395833333336;14,5268;31,575;38,238079166666665;1,1863508833333334;3,06444
2020-02-10;17,0;73,0;;46,3323;25,3;21,0357;;;22,88830833333333;15,5761;30,0979;50,10378333333333;1,2997131208333335;3,44917
2020-02-11;23,0;77,0;;32,5986;18,54;14,0602;;;22,939670833333334;15,7503;29,95;54,98300416666667;1,2416663708333333;3,22659
2020-02-12;21,0;69,0;;28,0463;14,88;13,1676;;;22,115408333333335;16,0398;28,9333;55,709833333333336;1,3610022708333334;3,23223
2020-02-13;15,0;67,0;;20,4322;12,91;7,52437;;;22,178579166666665;15,6025;29,45;45,9557125;1,2980734166666668;2,7135
2020-02-14;24,0;84,0;;37,4432;23,18;14,2653;;;23,498079166666667;14,6583;31,9083;32,56995833333333;0,9333035791666666;2,70113
2020-02-15;19,0;70,0;;32,4485;19,32;13,1286;;;23,45895833333333;15,0011;32,4274;34,85263333333334;1,0795336916666667;2,82049
2020-02-16;16,0;53,0;;20,2305;13,18;7,04771;;;22,160016666666667;14,8417;30,2182;44,553866666666664;1,2275580458333335;3,33917
2020-02-17;10,0;46,0;0,36;18,5072;11,74;6,76812;;;20,448912500000002;11,6583;28,3667;53,11595833333334;1,28048925;2,58139
2020-02-18;14,0;70,0;0,45;35,4564;20,06;15,3997;;;24,3449;14,7333;33,9333;37,20182916666666;0,8857282958333333;3,10327
2020-02-19;18,0;77,0;0,44;39,1139;20,48;18,6378;;;24,513095833333335;15,5167;33,3917;34,644083333333334;0,9231356391666666;2,77062
2020-02-20;23,0;92,0;0,55;39,9515;23,64;16,3152;;;23,652283333333333;16,725;32,05;45,10834166666667;1,2672164375;3,38265
2020-02-21;19,0;75,0;0,39;26,0273;16,41;9,61781;;;19,897633333333335;13,8833;26,5957;62,480500000000006;1,4261325416666668;2,87229
2020-02-22;17,0;57,0;0,34;17,9641;12,08;5,88469;;;19,512729166666666;13,1033;26,6772;60,722987499999995;1,3253770833333334;2,81087
2020-02-23;15,0;51,0;0,36;14,0086;9,22;4,79156;;;19,401733333333333;12,4583;26,8738;60,2800125;1,4341129583333334;3,28399
2020-02-24;15,0;62,0;0,36;19,7321;12,9;6,82886;;;17,5418;11,0268;24,4;65,83635833333334;1,4726352083333334;3,32048
2020-02-25;17,0;74,0;0,44;29,3342;19,36;9,96957;;;21,294495833333333;12,3761;30,4917;50,979366666666664;0,8616321708333333;2,14094
2020-02-26;20,0;86,0;0,6;61,0348;26,28;34,7563;;;24,195020833333334;15,1253;33,7588;36,016133333333336;0,93927025;2,60643
2020-02-27;18,0;83,0;0,48;43,4657;22,25;21,2114;;;22,62099166666667;14,7;30,7196;35,877204166666665;1,0195752875;2,84166
2020-02-28;23,0;94,0;0,6;49,4974;25,25;24,2501;;;23,236695833333332;15,2917;32,1287;46,93225833333333;1,0004744541666668;3,27171
2020-02-29;25,0;83,0;0,7;38,9271;22,65;16,2751;;;23,039833333333334;16,4083;30,7094;53,06894166666667;1,0450461916666667;2,82524
2020-03-01;15,0;48,0;0,51;17,5699;13,12;4,44552;;;20,339970833333332;13,65;27,2;62,276575;1,290097925;2,96546
2020-03-02;17,0;67,0;0,74;35,7728;20,1;15,6701;;;21,207241666666665;14,3833;28,45;58,92690416666667;1,1277806541666666;3,13262
2020-03-03;21,0;78,0;;41,0712;21,88;19,1894;24,0;;21,902883333333335;14,3533;31,1167;57,864625;1,158622575;2,92235
2020-03-04;21,0;79,0;;38,912;20,46;18,4493;24,0;;22,484845833333335;13,7942;31,5167;55,1530875;0,9916464166666668;2,49231
2020-03-05;24,0;85,0;;55,987;28,68;27,3137;27,0;;24,8927;16,3786;34,2667;41,080841666666664;0,7679370708333333;2,46403
2020-03-06;22,0;88,0;;34,2836;20,98;13,3119;22,0;;22,818833333333334;16,625;29,5667;48,010783333333336;1,1762657291666667;3,21367
2020-03-07;19,0;73,0;;27,9981;18,86;9,13428;23,0;;22,704016666666664;15,142;30,8917;51,44880416666667;1,0267423666666666;2,72139
2020-03-08;13,0;48,0;;19,7861;11,79;8,00414;21,0;;23,473120833333336;15,8083;31,5667;51,61060416666666;0,916448575;2,57713
2020-03-09;19,0;68,0;;40,5066;22,01;18,4991;23,0;;24,454804166666666;16,3214;32,8333;44,21785;0,8664132375000001;2,45807
2020-03-10;20,0;89,0;;50,9839;25,18;25,8132;19,0;;23,337391666666665;15,6;31,4167;42,52148333333333;0,9436082666666668;2,75077
2020-03-11;19,0;83,0;;45,6096;22,94;22,6793;19,0;;23,5849;16,5768;31,7333;45,63385416666667;1,0083196041666667;2,56466
2020-03-12;13,0;62,0;;31,5584;17,52;14,034;18,0;;21,1715375;14,5252;28,3583;55,180929166666665;1,2146456791666667;3,05487
2020-03-13;11,0;59,0;;32,7739;15,03;17,7391;14,0;;20,871795833333334;13,9198;28,0167;59,337829166666666;1,109072975;2,59771
2020-03-14;12,0;58,0;;27,3519;15,31;12,0424;23,0;;22,100579166666666;14,7691;29,9333;51,28465416666666;0,911288875;2,45837
2020-03-15;13,0;55,0;;22,434;15,41;7,02021;27,0;;22,604120833333337;14,7768;30,8417;41,36262083333333;0,9439179916666666;2,72622
2020-03-16;;74,0;;33,1303;16,84;16,2963;18,0;;18,873291666666667;13,225;25,5833;51,924412499999995;1,32608715;2,97816
2020-03-17;;85,0;;33,8563;17,68;16,1833;21,0;;18,907675;11,9003;26,8333;59,38250416666667;0,9956154958333333;2,4036
2020-03-18;;84,0;;39,0678;19,44;19,6318;23,0;;20,065545833333335;12,7783;28,0417;52,6689375;0,9783628416666666;2,81577
2020-03-19;;87,0;;33,1926;18,79;14,4061;22,0;;19,825795833333334;11,8;28,6917;54,62207916666667;0,7795698125;2,49941
2020-03-20;;100,0;0,47;38,7205;19,45;19,2813;24,0;;18,878616666666666;12,1417;27,0167;58,77217916666667;1,0723714291666666;2,66776
2020-03-21;;52,0;0,34;13,201;8,87;4,33793;21,0;;14,652952916666665;9,73334;20,525;71,54654583333333;1,3287657916666666;2,50256
2020-03-22;;36,0;0,27;10,5815;6,67;3,915;25,0;;17,913120833333334;11,25;26,0;59,065779166666665;0,9000769166666668;2,06004
2020-03-23;;61,0;0,48;27,7563;14,76;13,0096;19,0;;19,805358333333334;10,9167;30,15;50,35876666666667;0,9191267291666666;2,87721
2020-03-24;;61,0;0,4;34,288;16,04;18,2504;15,0;;19,6827875;10,7091;28,7333;46,591145833333336;0,9270524375;2,96812
2020-03-25;;56,0;0,28;28,3753;13,27;15,1072;19,0;;20,224620833333333;12,95;28,1583;55,650637499999995;0,6885117583333332;1,76754
2020-03-26;;78,0;0,55;36,4877;17,29;19,1948;19,0;;19,142204166666666;12,875;26,2417;63,08699166666667;1,01010639;2,9564
2020-03-27;16,0;52,0;0,27;17,4312;11,86;5,58228;14,0;;15,460579166666667;12,1583;20,3818;82,5638;1,1561390416666668;2,45208
2020-03-28;22,0;69,0;0,43;17,9469;12,53;5,42062;19,0;;16,3277125;11,5833;22,3083;77,13350416666667;0,8386444208333333;2,44942
2020-03-29;20,0;60,0;0,34;16,6177;11,4;5,2224;29,0;;19,122970833333333;11,7025;27,1818;63,306129166666665;0,6344359495833333;2,27301
2020-03-30;23,0;83,0;0,53;31,9484;18,41;13,5423;28,0;;21,313158333333334;13,6833;30,0333;49,92541666666667;0,6740952024999999;2,5963
2020-03-31;18,0;87,0;0,4;41,3569;21,65;19,716;27,0;;20,845091666666665;13,05;28,9;46,02867083333334;0,7892701208333334;2,52977
2020-04-01;16,0;85,0;0,43;30,0503;20,38;9,67281;24,0;;19,889904166666668;12,5083;28,6167;42,615375;0,7004569374999999;2,02727
2020-04-02;19,0;101,0;0,51;49,0594;25,94;23,122;29,0;;21,286625;11,6917;33,2917;36,170745833333335;0,674592875;2,19528
2020-04-03;30,0;122,0;0,66;46,7721;25,36;21,4236;29,0;;18,622325;11,3358;26,6333;49,74738333333334;0,8396862;2,41916
2020-04-04;26,0;101,0;0,62;33,4849;20,07;13,4194;26,0;;18,041083333333333;11,9167;25,3083;58,863675;0,695867325;2,09739
2020-04-05;16,0;58,0;0,31;16,3271;11,61;4,72087;19,0;;17,7170625;11,2167;25,8167;58,93785416666666;0,8240985958333332;2,41097
2020-04-06;16,0;82,0;0,42;39,2163;23,87;15,3538;19,0;;19,7192625;11,21;29,2182;45,7398875;0,5796916041666668;2,15431
2020-04-07;17,0;91,0;0,46;48,5356;26,93;21,6167;22,0;;21,015754166666667;12,7417;30,5167;39,48719583333333;0,6057626500000001;2,42926
2020-04-08;26,0;109,0;0,65;33,6603;21,65;12,0203;23,0;;17,1632625;11,6667;23,9667;54,67401666666667;1,0630247791666667;2,71664
2020-04-09;25,0;87,0;0,35;20,4402;14,71;5,73344;24,0;;15,481954166666666;11,1417;22,3667;74,55495833333333;1,0320741666666666;2,2592
2020-04-10;21,0;64,0;0,54;13,0083;8,97;4,03531;24,0;;14,952795833333333;10,45;21,2667;76,2828375;0,9949214583333333;2,26356
2020-04-11;21,0;63,0;0,35;14,8886;10,42;4,465;22,0;;15,5623;10,6335;20,2801;73,15996249999999;0,7264433291666667;1,66838
2020-04-12;25,0;58,0;0,52;14,8648;10,81;4,05848;17,0;;14,539695833333333;13,05;18,6167;78,594875;0,6715154583333334;1,65243
2020-04-13;22,0;70,0;0,41;33,8213;23,09;10,7327;16,0;;16,358433333333334;11,0917;23,9583;61,55987083333333;0,5484933416666666;1,82905
2020-04-14;24,0;86,0;0,63;52,1967;24,14;28,066;24,0;;17,154079166666666;8,75833;26,5833;53,8242875;0,6097987416666667;2,0103
2020-04-15;27,0;86,0;0,43;32,6605;20,66;11,9966;27,0;;15,934049583333334;9,89999;22,875;53,1094125;0,7209780333333334;2,42864
2020-04-16;31,0;102,0;0,51;36,6245;24,56;12,0741;24,0;;16,121199583333333;8,63333;25,5667;64,42343749999999;0,5478373541666667;1,79435
2020-04-17;31,0;109,0;0,7;58,3753;33,01;25,3696;23,0;;18,3433375;10,0698;28,8;54,601954166666665;0,4706366208333333;2,22107
2020-04-18;23,0;81,0;0,7;38,5232;22,31;16,2254;22,0;;19,381154166666665;11,2274;28,3583;51,89384583333333;0,6135528875;1,88535
2020-04-19;17,0;59,0;0,55;24,3189;15,62;8,70116;23,0;;20,344354166666665;12,8183;28,6917;61,01815833333333;0,5249765275;1,82892
2020-04-20;18,0;82,0;0,63;41,9373;25,03;16,9179;15,0;;20,278554166666666;13,1009;29,5167;55,489725;0,550117225;2,14945
2020-04-21;18,0;95,0;0,7;55,3564;28,23;27,124;18,0;;20,389375;12,5001;29,4091;46,13955833333333;0,4756599458333333;1,99828
2020-04-22;26,0;110,0;0,52;41,2808;25,92;15,3695;21,0;;19,280695833333333;12,9333;26,7167;57,06707083333333;0,7054760708333333;1,91423
2020-04-23;23,0;74,0;0,52;28,5373;19,9;8,65012;10,0;;14,755716666666666;12,2417;18,475;81,15364583333333;0,9283807083333334;2,16435
2020-04-24;15,0;54,0;0,35;28,8886;15,06;13,833;8,0;;13,981808333333333;10,2433;16,9333;78,5490375;0,8022990916666667;1,77013
2020-04-25;17,0;56,0;0,54;33,6927;14,55;19,1547;13,0;;14,683787083333334;8,4424;22,1667;71,826575;0,4638470345833334;1,81825
2020-04-26;10,0;32,0;0,51;20,1549;11,72;8,43875;14,0;;15,070709166666667;9,71684;21,0583;67,31774583333333;0,6424893833333333;1,56179
2020-04-27;7,0;40,0;0,3;23,5266;12,44;11,0959;13,0;;14,591854166666666;10,2167;20,5667;64,52629166666667;0,8897082958333332;2,36679
2020-04-28;12,0;63,0;0,5;45,0149;21,69;23,336;11,0;;14,803281666666665;8,48553;23,3333;61,96789583333333;0,3395982958333333;1,14617
2020-04-29;20,0;96,0;0,73;69,6606;30,92;38,7461;14,0;;15,2462825;6,65915;26,025;49,90972083333333;0,5992355625;1,90033
2020-04-30;28,0;112,0;0,83;86,5588;36,86;49,6978;14,0;;14,418265833333335;7,24212;23,6417;54,656762500000006;0,4556850291666667;1,97694
2020-05-01;32,0;94,0;0,88;59,0727;27,84;31,2277;22,0;;14,839808333333332;7,03333;24,9417;48,147445833333336;0,44894967916666667;1,78152
2020-05-02;30,0;78,0;;41,5372;21,97;19,5705;19,0;;13,934392916666667;6,15988;22,5612;65,02980000000001;0,662368925;2,19213
2020-05-03;28,0;68,0;;20,2672;15,53;4,73542;24,0;;16,016775;10,75;22,4083;61,69529166666667;0,6952151083333332;1,96687
2020-05-04;23,0;85,0;;31,3412;21,84;9,505;14,0;;17,040341666666666;12,3105;23,6833;56,58882500000001;0,6115422916666666;1,37559
2020-05-05;23,0;93,0;;69,1851;32,3;36,8835;10,0;;15,903944583333335;8,50999;25,7667;51,755741666666665;0,33856102083333334;1,26291
2020-05-06;31,0;122,0;0,84;130,351;48,71;81,6403;10,0;;16,665282916666666;8,06683;28,8917;45,63862916666667;0,2687160416666667;0,571932
2020-05-07;28,0;118,0;0,35;90,0562;41,72;48,3404;16,0;;17,25178875;8,01961;29,17;39,10040416666667;0,5326354833333333;1,7386
2020-05-08;38,0;128,0;0,39;74,2358;38,23;36,006;17,0;;15,138907916666668;7,89285;25,4351;54,9125875;0,6742674000000001;2,15602
2020-05-09;33,0;101,0;0,33;39,4888;23,68;15,8054;19,0;;14,959579166666666;7,90907;24,7504;65,28908750000001;0,7361143499999999;2,29903
2020-05-10;22,0;55,0;0,6;26,795;14,88;11,9152;13,0;;12,483179999999999;7,26704;18,7891;76,08969583333334;0,6162552125;1,92594
2020-05-11;25,0;74,0;0,4;46,9804;22,36;24,6189;11,0;;12,519983333333334;6,17509;20,0544;70,96234166666666;0,5279210666666666;1,50522
2020-05-12;26,0;96,0;0,35;52,5372;27,81;24,7291;5,0;;11,273217916666667;7,43333;15,9333;68,35580833333334;0,43485342916666664;1,5093
2020-05-13;38,0;121,0;0,59;68,1697;35,31;32,8555;11,0;;12,149174583333334;5,43443;21,8;61,85360416666666;0,4598721708333333;1,15189
2020-05-14;28,0;103,0;0,55;79,998;35,65;44,3456;11,0;;13,084529166666668;4,91749;22,9917;47,151495833333335;0,4960089625;1,46543
2020-05-15;27,0;109,0;0,82;103,342;38,37;64,9713;9,0;;15,49073875;7,84238;26,5475;43,526125;0,390539575;1,30029
2020-05-16;25,0;86,0;1,12;75,6514;28,97;46,6832;15,0;;16,547503333333335;8,0;26,9711;49,108174999999996;0,41703074999999995;1,07668
2020-05-17;21,0;64,0;0,77;36,8692;22,68;14,1908;18,0;;16,598361666666666;9,16142;27,1366;48,95719166666667;0,5273448791666667;1,85426
2020-05-18;30,0;87,0;0,7;42,8843;21,74;21,1439;9,0;;12,53619125;6,51777;20,1601;75,23595;0,6448087291666666;1,86873
2020-05-19;31,0;65,0;0,52;30,1236;18,34;11,78;5,0;;9,852436666666668;7,28451;11,875;90,79433333333333;0,6900030416666666;1,36941
2020-05-20;26,0;62,0;0,25;40,9228;21,43;19,4955;3,0;;10,826150833333335;8,75977;13,4616;87,43224166666666;0,5728279166666667;2,4973
2020-05-21;18,0;38,0;0,5;38,0173;16,88;21,1392;7,0;;10,017387083333334;6,1337;15,0191;86,51675;0,4534134875;1,29975
2020-05-22;31,0;78,0;0,67;95,5468;29,49;66,0601;6,0;;9,962562499999999;3,38406;19,5609;71,46139166666667;0,35943755833333335;1,00298
2020-05-23;33,0;83,0;1,05;88,1064;34,98;53,1312;7,0;;12,421669999999999;3,60055;23,75;53,85715833333333;0,5262189375;1,19519
2020-05-24;25,0;68,0;1,05;76,4098;29,47;46,9387;10,0;;14,645666666666665;5,6174;26,3833;46,11858333333333;0,47042234583333337;1,61462
2020-05-25;26,0;90,0;0,91;138,263;45,16;93,1;6,0;;17,345810833333335;8,3174;30,0891;43,22793333333333;0,39477154583333335;0,79759
2020-05-26;26,0;79,0;0,59;75,3805;28,2;47,1766;8,0;;14,218047083333333;9,45073;21,1972;62,555566666666664;0,8474063083333333;2,28844
2020-05-27;35,0;75,0;0,21;35,2295;23,79;11,4363;3,0;;10,753710416666665;8,75888;12,2333;93,66899166666667;0,4135778583333333;1,03946
2020-05-28;40,0;95,0;0,28;54,1073;24,35;29,7527;3,0;;11,927001249999998;9,88623;14,3333;83,35101666666667;0,46280729583333335;1,15675
2020-05-29;43,0;100,0;0,66;64,5209;22,89;41,6328;4,0;;11,599505;9,5768;14,35;82,02703333333334;0,5515416629166666;1,69844
2020-05-30;42,0;92,0;0,78;47,1869;23,21;23,9749;9,0;;11,9658825;6,48378;18,1333;76,11238333333334;0,5225324458333332;1,33235
2020-05-31;46,0;93,0;0,8;43,4334;21,95;21,4829;13,0;;13,585160416666668;8,675;19,6909;76,08341666666666;0,5036784666666666;1,38653
2020-06-01;29,0;74,0;0,34;55,4533;24,51;30,9405;9,0;;12,992739166666667;8,81126;19,7283;74,7398875;0,39725602499999996;1,74791
2020-06-02;38,0;101,0;0,33;65,7266;28,79;36,9335;2,0;;10,53607875;8,5529;13,3917;81,51719583333333;0,5443710458333333;1,85905
2020-06-03;10,0;28,0;0,27;34,3123;16,96;17,3488;11,0;;8,586494583333334;4,49275;11,8833;77,53125416666667;0,771809675;2,198
2020-06-04;23,0;59,0;0,59;76,1161;24,67;51,4468;7,0;;7,840513333333334;2,3919;14,7612;75,94030416666666;0,4522593166666667;1,46419
2020-06-05;37,0;87,0;0,94;106,425;35,26;71,1691;6,0;;8,578546666666666;2,1;16,8417;72,38661666666667;0,3733705708333333;1,14383
2020-06-06;35,0;79,0;0,58;75,9585;34,56;41,4018;8,0;;8,792191666666666;2,80073;16,5704;74,13961666666667;0,7071168375;2,14632
2020-06-07;41,0;76,0;0,81;62,2295;27,93;34,2956;10,0;;7,382091249999999;2,01722;14,2007;83,76004166666667;0,5874874333333333;2,06337
2020-06-08;42,0;99,0;1,44;117,364;41,21;76,1548;1,0;;6,8122516666666675;2,36712;11,55;81,48505833333333;0,3066602958333333;0,8972
2020-06-09;40,0;97,0;1,1;97,2157;33,85;63,367;6,0;;8,765022083333333;2,55851;17,1833;70,91893333333333;0,3923532666666667;1,80482
2020-06-10;45,0;112,0;1,17;103,926;35,53;68,3973;7,0;;7,841421666666666;2,04167;15,7439;71,59389583333333;0,3402036875;1,1634
2020-06-11;49,0;119,0;1,14;109,303;36,68;72,6259;4,0;;6,9291695833333335;1,38372;11,4848;75,97092083333332;0,5514014333333334;1,55206
2020-06-12;19,0;40,0;0,7;50,5419;21,43;29,1107;6,0;;8,499990833333333;3,9674;13,1505;83,9245625;0,8372128791666666;3,80496
2020-06-13;30,0;77,0;1,18;108,673;32,91;75,7642;4,0;;8,270632916666667;1,10018;18,975;73,80155833333333;0,4058959958333333;0,9637
2020-06-14;24,0;54,0;0,89;63,2609;26,14;37,1255;8,0;;11,420490416666667;3,0336;23,8895;61,81055416666667;0,5693053625;1,56347
2020-06-15;27,0;61,0;0,41;37,5009;21,32;16,1836;6,0;;9,528796666666667;6,00833;14,1605;85,28242083333333;0,8323935833333334;1,96261
2020-06-16;39,0;112,0;0,78;114,085;32,7;81,3892;1,0;;9,682049166666667;6,73351;13,9767;86,07757500000001;0,40637511249999997;1,24949
2020-06-17;17,0;40,0;0,53;47,1939;20,51;26,6802;5,0;;9,811184583333333;7,28478;11,9505;84,97003333333333;1,2336535791666667;3,64496
2020-06-18;33,0;107,0;1,04;155,786;34,72;121,07;1,0;;8,633066666666666;7,21803;11,2833;87,23020000000001;0,39025496666666665;0,89929
2020-06-19;24,0;64,0;1,11;80,8262;25,27;55,5534;2,0;;10,4371625;8,67625;13,5667;83,00151666666666;0,5324516333333333;1,73459
2020-06-20;28,0;70,0;1,26;77,303;25,15;52,1487;1,0;;10,429315416666666;9,02847;11,9022;89,60610833333334;0,5720183041666667;1,65551
2020-06-21;39,0;78,0;1,2;71,324;24,81;46,5114;4,0;;9,6097225;5,10979;14,8015;85,444975;0,26177340416666667;0,778214
2020-06-22;35,0;71,0;0,85;72,8267;27,52;45,3032;1,0;;9,342972083333333;8,12808;11,6427;92,86194166666667;0,596054375;1,32308
2020-06-23;6,0;15,0;0,83;29,4828;18,26;11,2204;9,0;;9,53392125;7,675;12,8917;85,27824166666666;1,3353431249999999;3,4699
2020-06-24;6,0;19,0;0,48;28,8169;16,96;11,8541;13,0;;7,557144583333333;3,36702;11,8445;79,21265833333334;1,1028254166666667;2,04802
2020-06-25;25,0;74,0;0,72;93,4153;30,49;62,9223;2,0;;6,008659521739131;0,250109;10,7609;78,8904375;0,34946775;1,05798
2020-06-26;25,0;70,0;1,35;84,127;32,83;51,297;3,0;;9,803400833333333;6,70009;14,2083;62,88921249999999;0,6480650833333333;1,33631
2020-06-27;44,0;111,0;1,78;140,393;36,8;103,588;2,0;;9,30358625;4,37627;15,6167;75,10034583333334;0,2774197375;0,848489
2020-06-28;33,0;73,0;0,82;81,8715;25,62;56,2505;3,0;;10,318596666666666;6,54249;15,3423;75,77787083333332;0,500397725;1,47417
2020-06-29;17,0;30,0;0,33;33,6053;18,39;15,2199;7,0;;8,398180416666667;5,94257;11,043;88,63824166666666;0,8997672916666667;3,64026
2020-06-30;20,0;58,0;1,1;81,0208;25,82;55,1996;3,0;;7,941829583333334;2,01667;12,7833;83,23716666666667;0,40700606666666667;1,06271
2020-07-01;18,0;57,0;1,58;97,3979;31,06;66,3376;2,0;;9,830108749999999;7,175;14,8333;85,410475;0,6357736833333333;2,36104
2020-07-02;32,0;83,0;0,62;107,685;30,77;76,9103;3,0;;10,078177916666666;4,99277;17,1094;86,55797916666667;0,3115652;0,878012
2020-07-03;39,0;95,0;;111,217;28,33;82,8867;6,0;;10,733962499999999;6,00073;17,4833;81,10272916666666;0,6059177;2,05193
2020-07-04;12,0;25,0;;29,6768;16,87;12,809;10,0;;7,851520416666666;5,41821;10,1426;88,71185416666667;1,4449867083333334;2,99728
2020-07-05;9,0;21,0;;21,5075;14,06;7,4475;13,0;;8,099575416666667;3,7592;12,4439;84,01662916666668;0,39363543333333334;1,11623
2020-07-06;25,0;68,0;;66,8635;27,67;39,189;3,0;;8,493155416666667;6,35833;12,1765;83,41203333333333;0,33801030000000004;0,91844
2020-07-07;37,0;91,0;0,67;95,8036;28,5;67,306;5,0;;8,55808375;5,02654;13,3667;82,17157083333333;0,42867405833333333;1,77994
2020-07-08;24,0;61,0;0,4;69,3912;29,43;39,965;6,0;;9,248845833333332;7,1;13,9368;80,27891666666666;0,5055560041666667;1,05588
2020-07-09;40,0;109,0;0,87;135,569;39,13;96,4373;4,0;;10,290664999999999;7,00896;16,35;79,38698333333333;0,34136906250000004;1,03766
2020-07-10;51,0;133,0;0,9;145,081;41,34;103,744;2,0;;9,853583333333333;7,1587;14,025;82,34133333333334;0,4349929708333333;1,53815
2020-07-11;60,0;126,0;0,74;92,8584;34,69;58,1696;5,0;;9,579294166666667;5,35146;15,2417;87,01926250000001;0,4003997083333333;1,40146
2020-07-12;59,0;116,0;0,63;70,8187;28,32;42,5005;10,0;;10,767721666666667;5,66777;17,8417;82,17565;0,33612768750000005;0,90771
2020-07-13;60,0;151,0;1,03;162,474;50,18;112,298;5,0;;12,370238333333333;5,43406;22,9667;70,37232916666666;0,3937224458333333;0,829747
2020-07-14;37,0;111,0;0,62;156,29;48,15;108,144;5,0;;12,639629166666666;4,8587;22,9391;57,38122083333334;0,50163775;0,913534
2020-07-15;60,0;134,0;0,41;97,2157;37,5;59,7151;6,0;;11,534155416666666;4,925;21,563;61,61437083333333;0,747174625;2,31418
2020-07-16;58,0;130,0;0,74;126,836;35,05;91,787;1,0;;7,264179583333333;3,17573;10,8351;92,10346249999999;0,29274703333333335;0,628675
2020-07-17;57,0;135,0;0,72;114,573;32,98;81,5885;2,0;;9,359254166666666;6,9012;13,201;85,64164166666666;0,4999226958333333;1,18942
2020-07-18;45,0;115,0;0,86;123,057;28,82;94,2354;2,0;;10,035891666666666;7,32573;13,6;87,57048333333334;0,31099010958333334;1,08375
2020-07-19;27,0;55,0;0,4;52,2608;15,4;36,8581;9,0;;11,662034166666666;8,26741;16,7808;86,1410375;0,6748136833333334;2,19456
2020-07-20;13,0;48,0;0,22;55,8457;19,97;35,8716;9,0;;10,912881666666665;6,15833;16,9631;80,46646666666668;0,6809130291666666;2,58026
2020-07-21;10,0;21,0;0,12;43,1665;26,72;16,4486;6,0;;7,932437916666667;7,36667;8,69386;91,88667083333333;1,1318705083333334;2,63517
2020-07-22;14,0;38,0;0,25;73,3754;27,98;45,3917;8,0;;7,389799166666666;3,22555;12,334;83,5622875;0,48821889999999996;1,44201
2020-07-23;40,0;95,0;0,38;88,1249;30,5;57,6279;6,0;;6,686755000000001;1,32518;12,575;81,08966666666667;0,5409593083333334;1,72074
2020-07-24;25,0;80,0;0,47;104,901;32,7;72,1971;7,0;;6,8246007916666676;0,783379;14,1938;71,58929166666667;0,5175211083333333;1,5072
2020-07-25;41,0;105,0;0,79;133,857;43,86;89,9994;1,0;;6,90203;1,97504;12,225;68,32308333333333;0,4387947833333334;1,29967
2020-07-26;71,0;134,0;1,43;134,731;44,47;90,2618;2,0;;9,037474583333333;6,75988;12,8;67,51446666666666;0,36359620833333334;1,73157
2020-07-27;49,0;92,0;0,67;93,7422;35,14;58,6058;4,0;;8,783719583333333;4,14312;14,2422;71,52854166666667;0,4408452958333333;1,33065
2020-07-28;49,0;113,0;0,95;156,711;44,33;112,386;6,0;;8,407045;1,29185;17,625;72,15792083333334;0,3630203541666667;1,4048
2020-07-29;40,0;102,0;0,94;170,958;51,29;119,669;6,0;;11,201273333333333;2,5419;22,4308;58,97544583333333;0,4774887083333333;0,966389
2020-07-30;32,0;78,0;0,37;78,2386;36,37;41,8697;6,0;;9,972489583333333;4,21684;16,1583;66,5680625;0,776105175;1,64571
2020-07-31;60,0;140,0;1,11;170,945;57,94;113,003;3,0;;11,642439583333333;4,29321;18,575;65,60122083333333;0,46137619583333334;1,97959
2020-08-01;44,0;83,0;0,83;99,5977;32,63;66,9658;6,0;;10,774296666666666;6,90987;14,0167;70,23067083333333;0,807003475;2,45563
2020-08-02;48,0;79,0;0,71;70,5559;29,06;41,4912;14,0;;10,7270325;2,6587;20,7833;69,64504166666667;0,4134965875;1,36293
2020-08-03;41,0;81,0;0,43;71,1959;35,35;35,8436;9,0;;11,357222499999999;5,00887;19,625;74,958275;0,6153238208333334;1,71382
2020-08-04;36,0;84,0;0,45;85,5286;38,27;47,2549;10,0;;12,759206666666666;5,5;22,1333;72,95684166666666;0,46966233333333335;1,25465
2020-08-05;15,0;38,0;0,19;43,8097;21,96;21,8455;6,0;;11,820239583333333;8,0616;15,3355;82,6859875;1,2114134791666666;2,94628
2020-08-06;19,0;45,0;0,17;39,3571;24,49;14,8653;8,0;;12,637410000000001;9,5022;18,5833;73,590975;0,7195675;1,88925
2020-08-07;46,0;97,0;0,44;73,3599;34,87;38,4902;7,0;;12,388399166666666;6,08414;20,3083;68,61047916666666;0,6078475833333333;1,60105
2020-08-08;40,0;83,0;0,64;71,5762;37,29;34,2836;13,0;;14,115890833333333;7,00072;23,8333;59,811725;0,5303009875;1,26953
2020-08-09;31,0;55,0;0,43;34,4648;21,66;12,8046;11,0;;12,223484166666665;7,00033;16,2955;69,1124375;0,9890512041666667;2,60062
2020-08-10;22,0;62,0;0,4;55,9308;26,82;29,1075;7,0;;8,835275416666667;3,76729;16,952;73,99785;0,5036619375;1,9091
2020-08-11;22,0;57,0;0,33;61,7194;28,98;32,7424;8,0;;8,088666250000001;1,71692;16,3094;64,10028333333334;0,6069150208333333;1,94351
2020-08-12;33,0;72,0;0,51;69,6127;31,35;38,2612;10,0;;7,756715833333334;1,40018;15,1333;63,53017083333333;0,57643945;1,98063
2020-08-13;36,0;74,0;0,49;65,7889;30,77;35,0224;12,0;;8,543837916666666;1,79174;15,5443;69,317325;0,6882678291666666;1,86967
2020-08-14;20,0;54,0;0,37;51,531;28,15;23,382;9,0;;7,847180000000001;3,81681;12,8849;76,36635;0,42077933333333334;0,95641
2020-08-15;39,0;70,0;0,68;54,9671;27,05;27,9126;13,0;;8,02534375;2,12558;15,6176;68,63577916666667;0,48133600833333334;1,70612
2020-08-16;47,0;75,0;0,91;48,0967;23,42;24,6739;15,0;;8,784558333333333;1,36689;17,6511;61,527683333333336;0,5966981666666666;1,9706
2020-08-17;26,0;64,0;0,61;64,4803;30,34;34,1377;10,0;;9,248613333333333;1,85017;17,425;62,48150833333333;0,6581713333333333;2,00307
2020-08-18;18,0;47,0;0,42;44,8828;23,12;21,7587;8,0;;7,266599583333334;2,92516;10,5939;82,90548333333334;0,8838730333333333;2,05475
2020-08-19;28,0;64,0;0,27;42,8644;27,74;15,1206;10,0;;10,084103333333333;5,90859;16,4031;71,10785;0,601712175;1,45805
2020-08-20;38,0;96,0;0,87;131,714;46,75;84,9614;9,0;;12,125270833333333;2,85065;23,8023;54,99605416666666;0,46047425416666665;1,56955
2020-08-21;33,0;92,0;0,99;142,315;47,75;94,5673;12,0;;14,02581875;4,9426;24,6193;43,38765;0,5987102416666666;1,74643
2020-08-22;30,0;78,0;0,46;67,4966;28,51;38,9841;18,0;;12,713246666666668;5,66733;23,3756;55,010325;1,0936224583333334;3,04242
2020-08-23;15,0;29,0;0,14;13,3798;10,28;3,10215;21,0;;10,103964166666666;7,50033;14,5113;75,7922625;1,0457669583333333;2,21466
2020-08-24;10,0;34,0;0,15;28,0649;17,56;10,5098;16,0;;12,0395175;8,77499;18,4037;61,0800875;1,1699730041666667;3,27571
2020-08-25;12,0;33,0;0,23;32,0827;18,94;13,1398;12,0;;9,446748333333334;5,6179;14,7266;79,34155;0,9485898666666667;2,70297
2020-08-26;7,0;16,0;0,18;30,2493;18,48;11,7648;13,0;;9,8994225;5,83427;14,6925;76,86655;0,9438250333333333;2,79403
2020-08-27;14,0;33,0;0,36;43,3574;20,25;23,1042;12,0;;8,487483333333333;2,50034;14,9669;80,18867916666666;0,8404278666666666;2,68739
2020-08-28;15,0;39,0;0,36;38,9158;25,99;12,9264;6,0;;8,718483749999999;6,23414;11,7605;78,3376;0,6028148958333334;1,46436
2020-08-29;12,0;25,0;0,27;21,9054;16,24;5,66949;17,0;;10,767640833333333;6,53354;16,6116;66,0313125;0,8369695;2,05633
2020-08-30;22,0;35,0;0,34;23,8753;17,19;6,68107;15,0;;9,928756250000001;3,02565;17,8773;67,87922083333333;0,5278284416666666;1,92011
2020-08-31;20,0;43,0;0,51;47,2449;21,35;25,8915;13,0;;9,557084583333333;3,82555;16,2929;68,7519625;1,0686206875;2,53835
2020-09-01;15,0;38,0;0,28;26,9459;20,42;6,5225;12,0;;9,069480416666666;7,2344;12,3443;77,260525;0,81077575;1,95953
2020-09-02;27,0;57,0;0,43;29,4151;21,02;8,39171;16,0;;10,836937083333334;5,38357;17,1045;69,08767916666666;0,6621737666666666;1,7798
2020-09-03;24,0;63,0;0,39;49,3826;29,41;19,9689;8,0;;11,94608;6,8;19,0534;65,31277083333333;0,6931009499999999;2,11878
2020-09-04;28,0;70,0;0,42;64,8131;26,61;38,1998;17,0;;12,221955;8,3;18,944;69,66010833333333;1,2341367958333334;2,95869
2020-09-05;19,0;40,0;0,12;19,6218;15,91;3,71;21,0;;11,681380833333334;7,80924;17,3092;68,625525;0,9100688333333333;1,93767
2020-09-06;24,0;47,0;0,34;35,4206;19,95;15,4704;20,0;;12,552312083333334;4,12563;21,4083;61,4294375;0,6175877625;2,19242
2020-09-07;20,0;56,0;0,27;55,8392;28,03;27,8104;13,0;;13,154527083333333;5,40871;21,5468;66,15780833333334;0,6761244291666667;2,23899
2020-09-08;20,0;47,0;0,2;34,7362;21,92;12,8211;5,0;;10,0990875;8,79192;11,2767;86,234875;0,8655157125;1,92097
2020-09-09;23,0;56,0;0,21;42,0627;26,34;15,7216;14,0;;14,446784583333333;8,99409;22,3523;63,50353333333334;0,7088731250000001;1,96595
2020-09-10;16,0;48,0;0,32;48,5329;22,12;26,4141;14,0;;13,992067083333334;7,72591;20,4176;69,37510416666667;1,0078983750000001;2,3848
2020-09-11;21,0;54,0;0,13;34,526;21,62;12,902;14,0;;13,547742083333333;7,36736;20,6391;61,86233333333333;0,8356046541666666;2,13452
2020-09-12;41,0;84,0;0,37;45,3645;24,07;21,291;18,0;;12,773468333333334;4,88371;20,9226;55,16408333333334;0,7944406625;2,61565
2020-09-13;21,0;53,0;0,21;34,3741;22,01;12,3622;19,0;;13,300310000000001;5,06676;22,1145;49,16584583333333;0,8329135916666667;2,99703
2020-09-14;22,0;84,0;0,42;81,8448;33,55;48,2955;20,0;;15,590864166666668;5,68487;27,2851;46,78775833333333;0,9026250291666668;2,37509
2020-09-15;20,0;62,0;0,12;28,1288;19,45;8,67876;16,0;;10,804522083333334;6,66777;16,1932;77,6296875;1,279893375;2,62409
2020-09-16;26,0;75,0;0,15;35,2566;23,62;11,6382;19,0;;14,560789166666666;9,14421;21,9417;67,78632083333333;0,9383232125;2,29195
2020-09-17;26,0;72,0;0,33;52,9076;29,19;23,7216;21,0;;16,935392083333333;8,58423;26,4058;60,751441666666665;0,6883538499999999;1,91493
2020-09-18;24,0;59,0;0,39;32,9918;18,48;14,5143;24,0;;16,976711666666667;8,98367;25,9631;51,29447083333333;0,8114286791666667;2,88797
2020-09-19;22,0;55,0;0,33;24,5384;14,77;9,76555;31,0;;17,20550916666667;8,11143;27,1283;50,77804583333333;0,89794601875;2,91946
2020-09-20;19,0;49,0;0,13;16,936;12,97;3,96833;30,0;;16,057207916666666;8,4357;25,0515;61,131908333333335;0,96898845;2,83097
2020-09-21;21,0;61,0;0,2;39,9975;21,51;18,485;21,0;;16,00883333333333;7,05914;26,4254;66,4248375;0,8976367499999999;2,58132
2020-09-22;19,0;62,0;0,21;48,942;24,64;24,3059;24,0;;18,1202875;10,0009;26,2558;56,625612499999995;0,8255361875;2,4485
2020-09-23;21,0;66,0;0,29;57,2811;30,42;26,8618;24,0;;18,616525;10,4502;27,3714;49,08611666666667;0,5857733458333333;2,47543
2020-09-24;22,0;73,0;0,22;48,7109;28,39;20,3175;22,0;;16,058889583333332;9,86665;24,8036;61,289658333333335;1,1342395699999999;3,41837
2020-09-25;14,0;29,0;0,1;18,212;14,41;3,8042;15,0;;10,0915325;8,98624;12,0254;89,18332083333333;1,3916755416666666;2,08801
2020-09-26;7,0;25,0;0,11;15,7607;12,14;3,61625;25,0;;12,277167916666668;8,3268;18,4;63,29997916666667;1,1675625416666666;2,70737
2020-09-27;14,0;36,0;0,18;24,9679;16,74;8,22736;22,0;;14,034094166666668;5,39212;22,7725;57,23379166666667;0,7096424250000001;2,25173
2020-09-28;16,0;60,0;0,23;51,0896;25,25;25,8414;22,0;;14,275541666666667;6,63342;23,7127;55,048679166666666;1,1912828583333332;3,43611
2020-09-29;13,0;42,0;0,12;18,858;13,92;4,94264;23,0;;10,942370416666668;7,55147;16,8696;71,14520416666666;1,3234224583333334;2,50838
2020-09-30;9,0;36,0;0,14;26,6171;17,07;9,54565;19,0;;11,177361666666668;5,50951;17,8106;67,05227083333334;1,1348329658333334;3,0248
2020-10-01;11,0;43,0;0,14;25,6057;17,68;7,92181;18,0;;12,045919166666666;8,15179;18,2671;63,421391666666665;1,2213562083333334;2,75079
2020-10-02;11,0;43,0;0,15;28,5767;18,75;9,82574;22,0;;10,823275;4,45053;17,9225;61,34565416666666;1,2235758791666667;2,97893
2020-10-03;9,0;30,0;0,12;18,6948;13,9;4,79565;24,0;;9,961467083333334;3,89171;16,6377;55,61148333333333;1,2563595458333332;2,65902
2020-10-04;6,0;26,0;0,11;15,2827;12,4;2,88014;24,0;;11,705018333333333;4,10988;19,6355;51,05998333333333;0,7738178458333334;1,56094
2020-10-05;14,0;56,0;0,29;46,0584;22,42;23,6409;23,0;;13,51861;5,22626;22,0197;48,73886666666667;1,1872339208333333;2,88123
2020-10-06;14,0;52,0;0,18;28,3012;19,51;8,79102;23,0;;13,743649583333335;8,22681;21,5333;59,823708333333336;0,9973876666666667;2,88707
2020-10-07;18,0;61,0;0,27;41,0069;24,17;16,8322;23,0;;15,468294166666666;8,00108;23,6391;55,771391666666666;0,9053635;2,61793
2020-10-08;14,0;59,0;0,23;33,586;22,17;11,4195;23,0;;15,88360875;7,43349;23,8544;52,051629166666665;1,0614149541666666;2,50685
2020-10-09;19,0;73,0;0,27;38,8481;25,75;13,0987;29,0;;18,485060416666666;8,46994;27,9943;43,82950416666667;0,6975960875;1,78107
2020-10-10;14,0;66,0;0,28;24,0304;16,82;7,20653;33,0;;18,850816666666667;10,8692;26,8098;47,24244166666667;0,9784984375;2,60049
2020-10-11;14,0;53,0;0,26;20,9123;15,67;5,24009;34,0;;19,62027;9,01848;30,3921;41,7888375;0,811103825;2,79505
2020-10-12;15,0;49,0;0,33;23,8244;15,88;7,94264;31,0;;19,838683333333332;11,1594;29,7562;46,99290416666667;0,8128823375;2,91311
2020-10-13;17,0;68,0;0,31;33,4907;21,49;12,0028;22,0;;16,9003375;11,2003;24,1972;59,226391666666665;1,2651445979166667;3,21591
2020-10-14;21,0;61,0;0,39;26,0417;19,27;6,77522;21,0;;14,89296875;7,93489;22,5359;70,35699166666667;1,1804653541666668;2,26221
2020-10-15;24,0;78,0;0,51;44,5943;26,42;18,1695;35,0;;19,623316666666668;11,1525;29,4837;60,22105833333333;0,9972465970833334;2,99237
2020-10-16;18,0;56,0;0,16;27,6251;19,91;7,71604;23,0;;15,850045833333333;9,45163;23,4083;71,93665;1,3278587125;2,59062
2020-10-17;23,0;71,0;0,32;36,8874;20,42;16,4709;28,0;;17,775245833333333;10,5594;26,0898;61,03669166666666;1,2229214125;3,38389
2020-10-18;20,0;48,0;0,16;18,921;13,16;5,7571;27,0;;17,484147083333333;9,57533;25,1305;57,15931666666666;1,2740569;3,31123
2020-10-19;13,0;56,0;0,14;23,5442;15,56;7,98415;24,0;;17,320170833333332;9,21161;25,4025;53,12955;1,2420086666666668;2,95134
2020-10-20;12,0;59,0;0,18;32,0131;18,77;13,2424;28,0;;19,07122083333333;10,3692;27,5742;47,66654583333334;0,9998291875;2,84519
2020-10-21;13,0;65,0;0,19;27,5964;18,32;9,27481;23,0;;16,971233333333334;10,6518;23,3731;56,87549166666667;1,2561519458333332;3,23401
2020-10-22;18,0;67,0;0,25;32,5096;20,87;11,6394;28,0;;17,642364583333332;9,03439;26,6228;58,79043333333333;1,0483430841666668;2,99156
2020-10-23;17,0;67,0;0,28;30,0586;18,22;11,8356;29,0;;17,253959583333334;9,42534;26,7465;59,3333375;1,20331575;3,03916
2020-10-24;12,0;54,0;0,24;20,983;13,99;6,99241;23,0;;15,834866666666668;8,96994;23,4704;61,810475;1,6098375458333332;3,47987
2020-10-25;6,0;28,0;0,18;9,87267;7,21;2,66048;19,0;;15,677095833333333;11,1112;22,3193;65,53152083333333;1,1732425416666665;2,91137
2020-10-26;15,0;51,0;0,27;28,049;16,74;11,3114;25,0;;18,0131975;9,98514;26,6417;56,12480416666667;1,1652364833333333;2,90072
2020-10-27;8,0;47,0;0,3;30,6492;21,46;9,19067;10,0;;12,000548333333333;9,5009;14,619;57,84867083333333;0,9379189958333334;2,44145
2020-10-28;11,0;45,0;0,23;18,8475;13,86;4,99009;23,0;;15,6003125;8,27588;23,2704;57,80602916666666;1,0300122583333333;2,10239
2020-10-29;12,0;57,0;0,33;31,1843;19,8;11,3801;28,0;;17,728085416666666;8,77826;26,5112;45,44070416666667;0,9539069333333333;2,83865
2020-10-30;16,0;61,0;0,41;39,998;22,86;17,1359;28,0;;19,29252083333333;10,1358;28,6515;44,78692083333333;1,0105928958333334;2,83723
2020-10-31;19,0;65,0;0,39;23,1137;17,03;6,08616;33,0;;19,278566666666666;10,7101;28,1924;54,96204583333333;1,1577148833333333;3,254
2020-11-01;13,0;43,0;0,32;13,7758;10,48;3,29333;27,0;;16,731575833333334;9,49255;25,4062;65,88129166666667;1,3928672916666667;3,16569
2020-11-02;16,0;71,0;0,46;31,3857;19,54;11,8419;25,0;;11,51173875;9,84201;15,0;79,9843;0,29462303749999996;0,680758
2020-11-03;17,0;62,0;0,52;30,6716;18,69;11,9843;31,0;;;;;;;
2020-11-04;15,0;57,0;0,5;22,8036;15,81;6,99472;21,0;;;;;;;
2020-11-05;12,0;54,0;0,52;22,4332;15,69;6,74125;23,0;;;;;;;
2020-11-06;15,0;65,0;0,54;26,7642;18,4;8,36626;29,0;;22,314510000000002;16,0196;28,1891;36,406400000000005;1,6589672727272728;3,19157
2020-11-07;14,0;61,0;0,66;26,939;18,28;8,6637;33,0;;20,893920833333333;11,842;31,213;45,02258749999999;1,1018594833333333;3,09076
2020-11-08;13,0;47,0;0,55;13,5073;10,38;3,1313;24,0;;17,7443625;11,795;24,3619;58,92438333333333;1,527075;3,54049
2020-11-09;14,0;55,0;0,65;24,0131;15,06;8,94843;26,0;;19,2752;10,0192;28,2848;58,904387500000006;1,1870963416666667;2,80937
2020-11-10;14,0;58,0;0,67;27,1832;16,3;10,879;23,0;;18,9167375;11,6272;26,5921;58,063116666666666;1,5036628333333333;3,17147
2020-11-11;14,0;49,0;0,7;19,7966;13,8;6,0005;25,0;;16,979541666666666;10,2601;25,5729;65,97118333333334;1,4148377916666668;3,07751
2020-11-12;15,0;54,0;0,76;27,2133;16,04;11,1764;27,0;;17,359800833333335;9,317;26,5718;65,53948333333334;1,5031340416666668;3,18745
2020-11-13;12,0;34,0;0,77;17,2827;13,2;4,08153;19,0;;13,398041666666666;11,0085;17,412;82,35573333333333;1,3428064583333335;2,57799
2020-11-14;10,0;33,0;0,75;13,4818;9,69;3,78986;26,0;;16,96506666666667;11,7862;24,0594;61,8565375;1,2804951666666666;2,33261
2020-11-15;8,0;35,0;0,7;11,6485;8,22;3,42528;28,0;;17,537033333333333;9,8268;24,8731;49,37799583333333;1,3459123416666667;3,30929
2020-11-16;10,0;48,0;;23,5539;13,83;9,72041;24,0;;17,259037083333332;8,4344;26,0475;48,97598333333334;1,3071878916666666;3,10319
2020-11-17;13,0;47,0;;17,4066;12,94;4,46347;18,0;;13,591827083333333;9,70866;18,1957;73,70105;1,5016357500000002;2,54311
2020-11-18;13,0;53,0;;26,086;17,6;8,4843;24,0;;17,940143333333335;8,83659;26,5279;61,734470833333326;1,1023813958333333;2,78483
2020-11-19;11,0;42,0;;18,645;12,85;5,79449;17,0;;14,151424583333332;9,76086;21,4515;78,10202916666667;1,7120129166666667;3,35541
2020-11-20;7,0;28,0;;15,0536;11,11;3,93917;20,0;;13,818716666666667;10,3605;20,7232;73,83452916666667;1,4100820833333334;2,20941
2020-11-21;7,0;33,0;;18,5405;12,96;5,58077;26,0;;17,381575;7,52554;27,6058;54,19853333333333;0,9986574458333334;2,57901
2020-11-22;8,0;35,0;;16,7241;10,45;6,2728;31,0;;20,42813333333333;10,8336;29,8879;45,550900000000006;1,1189150625;3,07006
2020-11-23;8,0;47,0;;21,3739;13,14;8,23174;22,0;;19,434116666666664;11,2283;27,0196;46,47965;1,3973664695833332;3,04322
2020-11-24;6,0;39,0;;19,6661;11,53;8,13271;18,0;;19,282825;11,7442;26,3518;48,947654166666666;1,32249225;3,19435
2020-11-25;10,0;54,0;;22,2121;13,94;8,26787;25,0;;20,216958333333334;10,6685;28,3068;43,87577083333333;1,1480014583333333;2,37502
2020-11-26;12,0;63,0;;28,0578;18,63;9,42499;28,0;;22,937470833333332;12,7594;31,9975;37,22377083333333;1,0272120166666665;2,75115
2020-11-27;17,0;65,0;;23,4355;17,14;6,29912;24,0;;20,600283333333334;12,8753;27,8047;37,15009583333333;1,3464761083333334;3,31913
2020-11-28;14,0;54,0;;22,4391;13,87;8,5687;25,0;;20,393845833333334;10,995;28,6033;42,53115833333333;1,2730201708333333;3,1294
2020-11-29;9,0;37,0;;13,042;9,06;3,98546;27,0;;21,937966666666668;11,8525;30,3515;42,747866666666674;1,0727765541666667;2,69648
2020-11-30;8,0;47,0;;20,5223;13,89;6,63246;27,0;;23,04037083333333;13,9601;31,3364;41,9975375;1,1738522625;3,04751
2020-12-01;11,0;65,0;;25,891;15,83;10,0566;22,0;;19,8291125;12,3014;28,2402;48,44080833333334;1,4943949958333331;3,89337
2020-12-02;12,0;58,0;;25,0999;15,9;9,20306;26,0;;19,435304166666665;10,5503;28,2461;55,4618375;1,2415109541666667;2,79437
2020-12-03;9,0;54,0;;21,7399;15,9;5,835;26,0;;21,5697;13,5535;29,3612;41,2039375;1,2271949166666667;2,86771
2020-12-04;14,0;63,0;;23,04;15,25;7,79102;28,0;;20,864591666666666;12,9442;29,0185;38,27792916666667;1,3859371666666667;3,33458
2020-12-05;15,0;62,0;;20,6728;13,95;6,72042;29,0;;20,1027;11,5851;28,4667;45,656979166666666;1,2933943749999999;2,9392
2020-12-06;14,0;54,0;;15,8464;10,63;5,21926;32,0;;21,463691666666666;12,4344;30,7475;48,680725;1,2178072208333333;3,14547
2020-12-07;12,0;60,0;;25,1438;14,88;10,2679;25,0;;19,771008333333334;12,242;27,9547;51,87192916666667;1,5994547499999998;3,57097
2020-12-08;10,0;42,0;;16,7874;10,97;5,81532;29,0;;20,943616666666667;10,5616;30,7612;51,11870416666667;1,2840388208333333;2,94133
2020-12-09;9,0;49,0;;22,035;13,8;8,23778;29,0;;23,370279166666666;14,0442;32,1036;40,11997916666667;1,3293097166666665;3,29989
2020-12-10;9,0;53,0;;19,3093;11,83;7,47736;14,0;;18,207879166666668;12,8768;23,4152;45,379083333333334;1,6969162500000001;3,76991
2020-12-11;10,0;52,0;;21,5516;12,76;8,79585;24,0;;20,495354545454546;11,4761;28,769;48,88006363636364;1,208567540909091;2,99026
2020-12-12;;;;;;;;;24,794684615384615;17,5932;29,7298;32,972684615384615;1,9005016153846153;3,15496
2020-12-13;7,0;37,0;;12,927;6,98;5,95034;27,0;;23,17555;13,1616;31,5526;41,73587916666667;1,240591375;2,62514
2020-12-14;9,0;59,0;;28,1253;15,39;12,735;30,0;;23,075535;14,4192;29,5098;32,80176;1,315480515;2,69355
2020-12-15;;;;;;;;;25,2358;18,4376;29,3091;33,91045714285714;1,6469922214285713;2,7655
2020-12-16;11,0;64,0;;25,6896;14,87;10,8142;30,0;;22,580704166666667;14,0844;30,5225;35,99058333333333;1,34596758125;3,18984
2020-12-17;14,0;67,0;;27,1658;16,64;10,5225;27,0;;20,708524999999998;12,8836;30,2465;42,498020833333335;1,4459340541666668;3,48186
2020-12-18;9,0;35,0;;15,8961;9,53;6,36856;19,0;;15,3485;11,3197;21,9029;65,52755416666666;1,634927125;2,81472
2020-12-19;9,0;37,0;;19,4587;9,63;9,82687;19,0;;17,889816666666665;10,236;25,9594;52,234;1,2073560916666668;2,91925
2020-12-20;9,0;33,0;;15,27;8,25;7,01555;26,0;;20,895058333333335;10,8851;29,9902;43,452025;0,9982943275;2,58497
2020-12-21;10,0;49,0;;25,832;16,04;9,79448;29,0;;23,239566666666665;14,1011;31,8785;38,904979166666664;1,2040847458333332;3,03409
2020-12-22;13,0;59,0;;32,3534;18,92;13,4322;19,0;;22,940670833333332;14,317;30,1464;41,699129166666665;1,2935869458333333;3,15025
2020-12-23;16,0;72,0;;33,329;19,03;14,2991;21,0;;21,353120833333335;15,1616;26,6946;52,47988333333333;1,4455512166666666;3,14878
2020-12-24;14,0;57,0;;25,6844;14,83;10,8547;29,0;;23,003383333333332;14,2275;30,5015;49,60520416666666;1,209902525;3,05149
2020-12-25;12,0;46,0;;16,9575;10,74;6,21578;30,0;;24,179879166666666;15,3185;32,234;40,659925;1,2356821458333334;3,12416
2020-12-26;12,0;47,0;;17,2804;9,92;7,36161;20,0;;21,465833333333332;15,2928;27,8479;50,75835833333334;1,5822562500000001;3,29432
2020-12-27;9,0;31,0;;9,69478;5,59;4,10931;20,0;;20,021775;12,4336;27,9044;64,9427625;1,5685240416666666;2,66187
2020-12-28;10,0;49,0;;22,8973;11,54;11,3605;24,0;;22,043670833333334;14,5283;29,712;55,056925;1,4397699541666666;3,31473
2020-12-29;10,0;49,0;0,54;23,4263;12,08;11,3466;17,0;;20,517733333333336;14,2858;26,8682;59,55335416666667;1,75386075;3,2001
2020-12-30;10,0;50,0;0,47;25,9772;15,32;10,6591;25,0;;23,036662500000002;14,5353;31,5652;43,81039166666667;1,0558749166666666;2,75628
2020-12-31;14,0;63,0;0,47;29,6589;17,34;12,3199;34,0;;23,803745833333334;14,9844;31,4648;36,09175416666667;1,1653709229166667;3,40296
2021-01-01;18,0;56,0;0,49;13,9424;10,01;3,93454;28,0;;22,717454166666666;16,759;29,0961;42,905541666666664;1,5199381291666667;3,24016
2021-01-02;11,0;46,0;0,32;12,6577;7,54;5,11393;21,0;;21,031945833333335;14,6783;27,62;56,306783333333335;1,6161210333333333;3,70096
2021-01-03;12,0;40,0;0,28;10,7735;6,75;4,02481;25,0;;22,764816666666665;15,3029;30,9765;51,452525;1,4237886666666666;3,15879
2021-01-04;11,0;54,0;;21,0003;13,02;7,9762;18,0;;22,9568;16,0036;30,6917;44,85210416666666;1,4048512708333334;3,42963
2021-01-05;13,0;58,0;;21,38;12,12;9,2644;24,0;;20,330016666666666;12,5344;28,3307;44,1103;1,5568009166666668;3,27064
2021-01-06;15,0;57,0;;22,9101;13,71;9,20305;25,0;;21,41207083333333;12,3836;29,5961;49,11664583333334;1,326818625;2,85628
2021-01-07;14,0;57,0;;22,932;13,95;8,97968;29,0;;23,0089625;14,72;30,803;45,82641666666667;1,2904751625000002;2,98656
2021-01-08;12,0;55,0;0,45;21,8857;12,26;9,62088;23,0;;21,122608333333336;14,2025;28,1939;49,41934583333333;1,5440458333333333;3,62646
2021-01-09;13,0;48,0;0,33;13,6496;9,67;3,98083;23,0;;18,512566666666668;11,5933;27,0167;58,4446125;1,2943205;2,72942
2021-01-10;5,0;29,0;0,24;8,81514;5,59;3,22389;20,0;;18,890083333333333;10,6761;27,0808;43,99240416666667;1,4342329541666665;3,26612
2021-01-11;7,0;39,0;;16,6068;9,95;6,65444;19,0;;20,197095833333332;11,2587;28,3873;47,8706125;1,1338801666666667;2,79277
2021-01-12;9,0;54,0;;24,8012;13,91;10,8871;26,0;;21,925145833333332;12,92;30,445;40,117754166666664;1,1740137;3,32292
2021-01-13;9,0;52,0;;23,108;14,24;8,87088;28,0;;21,584500000000002;12,6275;30,1518;33,582254166666665;1,2905841291666666;3,25819
2021-01-14;13,0;64,0;0,28;29,3024;16,67;12,6278;28,0;;21,3569875;12,2935;29,8;36,951320833333334;1,2874947416666667;3,25516
2021-01-15;13,0;59,0;0,23;23,792;14,07;9,72504;24,0;;21,8837375;12,7761;29,6975;41,23473333333333;1,2395148083333334;2,72742
2021-01-16;10,0;45,0;0,22;14,8927;9,63;5,26324;23,0;;21,893070833333336;13,792;29,1794;41,96689583333333;1,1582929583333332;2,95909
2021-01-17;11,0;41,0;0,21;15,0871;10,02;5,06764;29,0;;23,440870833333335;14,1283;32,1134;36,81002083333333;0,9816108583333333;3,04364
2021-01-18;16,0;60,0;0,31;28,4413;16,39;12,0549;30,0;;23,700266666666668;15,2108;31,311;40,6257;1,1098946916666665;3,10962
2021-01-19;19,0;73,0;0,27;28,2457;18,96;9,28986;28,0;;22,48062916666667;15,1935;28,7091;50,0812625;1,3605658458333334;3,37521
2021-01-20;17,0;67,0;0,29;22,6485;14,53;8,11856;29,0;;21,8099;15,3426;30,0391;58,272875;1,5061762416666669;3,13958
2021-01-21;17,0;66,0;0,31;23,9635;14,84;9,11972;25,0;;21,413208333333333;15,7586;27,5711;61,74444166666667;1,432271275;3,21338
2021-01-22;17,0;69,0;0,36;29,8975;19,39;10,5086;27,0;;22,803866666666668;16,2478;30,0858;60,282016666666664;1,3003837791666666;2,89393
2021-01-23;13,0;53,0;0,31;15,4228;11,04;4,38708;27,0;;22,343729166666666;16,1718;28,7761;59,9396125;1,3767765333333333;2,86782
2021-01-24;13,0;42,0;0,24;10,6832;7,31;3,37666;31,0;;23,320983333333334;16,8286;30,1587;56,05886666666667;1,3627565666666666;3,42685
2021-01-25;14,0;57,0;0,33;21,358;12,51;8,84309;26,0;;22,80100416666667;16,3188;29,1725;55,79289166666666;1,5340658333333332;3,1708
2021-01-26;13,0;60,0;0,51;22,7908;13,8;8,99474;27,0;;21,837204166666666;15,5253;29,9461;51,29479166666667;1,4906212916666668;3,73409
2021-01-27;14,0;61,0;0,49;24,0339;15,06;8,97272;29,0;;21,863316666666666;13,6616;29,8446;45,906375;1,1968872416666667;3,02572
2021-01-28;11,0;58,0;0,52;25,7102;14,66;11,0503;22,0;;22,306025;15,2024;28,4351;43,417316666666665;1,2412155208333333;2,72396
2021-01-29;9,0;44,0;0,63;25,9679;16,77;9,19727;7,0;;18,5965625;14,7772;22,2674;65,55869166666666;0,7921482916666666;2,69927
2021-01-30;6,0;17,0;0,68;16,6901;11,63;5,05838;10,0;;17,8706375;14,4676;24,6402;84,75962083333333;0,8657338333333334;1,81987
2021-01-31;5,0;14,0;0,57;11,6612;6,49;5,16949;10,0;;18,839225;15,4252;24,9211;76,500175;1,0509197;2,75029
2021-02-01;7,0;23,0;0,55;17,4575;9,97;7,48314;13,0;;17,471970833333334;12,445;23,7358;75,65244583333333;1,1753738958333333;2,68524
2021-02-02;13,0;36,0;0,55;21,8707;14,45;7,41833;19,0;;18,535216666666667;12,9527;25,3201;69,85793333333334;1,1581705416666666;2,96557
2021-02-03;14,0;49,0;0,63;41,2015;25,24;15,9635;26,0;;22,415654166666666;12,9185;31,8978;54,29057916666667;0,8173225333333334;2,15661
2021-02-04;15,0;53,0;0,64;34,8454;21,13;13,713;35,0;;23,2701375;16,4265;30,4304;54,75790416666666;1,2645633791666666;2,76985
2021-02-05;15,0;43,0;0,6;21,8313;15,19;6,64518;18,0;;18,273404166666666;13,2336;24,5536;76,3354125;1,509590125;2,62716
2021-02-06;13,0;35,0;0,67;14,7897;10,65;4,14403;16,0;;16,5452625;13,3167;21,0841;83,28194166666667;1,4157452083333333;2,69552
2021-02-07;16,0;36,0;0,57;13,3719;10,31;3,06648;24,0;;18,541816666666666;15,1521;25,3261;73,17075;1,2432023749999999;2,47537
2021-02-08;9,0;37,0;0,55;19,1623;13,44;5,71926;25,0;;18,5524375;12,4183;26,4149;66,2756875;1,3122569708333334;2,62217
2021-02-09;11,0;46,0;0,58;28,2654;18,11;10,1521;29,0;;21,449683333333336;12,9261;30,3637;60,63003749999999;1,0654219625;3,01395
2021-02-10;15,0;52,0;0,67;29,0838;17,8;11,2842;29,0;;21,955241666666666;15,4086;28,7206;65,49028750000001;1,2721696875;2,91958
2021-02-11;12,0;35,0;0,64;18,2468;12,67;5,57805;12,0;;17,531854166666665;14,2531;21,3612;84,057125;1,4559712083333334;2,8616
2021-02-12;16,0;53,0;0,67;23,4135;16,12;7,29565;20,0;;20,6383125;17,5641;26,4844;73,42821666666667;1,37233075;2,89601
2021-02-13;13,0;36,0;0,63;14,1161;10,65;3,47042;19,0;;18,693741666666668;14,9351;24,55;79,75970416666667;1,2784544583333333;3,06455
2021-02-14;11,0;30,0;0,55;13,5964;9,34;4,25168;19,0;;18,272616666666668;12,7596;25,4872;76,41349583333333;1,2845345000000001;2,75135
2021-02-15;12,0;41,0;0,62;17,6728;11,42;6,24936;18,0;;17,1452125;12,8916;23,5294;77,55946666666667;1,4386826666666668;2,98357
2021-02-16;12,0;37,0;0,61;18,8198;13,34;5,48083;13,0;;15,607533333333334;12,85;19,5272;81,52655;1,200173625;2,61566
2021-02-17;10,0;46,0;0,56;21,064;12,74;8,32576;18,0;;17,951433333333334;12,3115;25,7348;68,35437083333333;1,2840267791666666;2,69095
2021-02-18;6,0;39,0;0,54;20,6613;11,67;8,99127;20,0;;18,134095833333333;10,8766;26,05;61,198649999999994;1,1814968333333333;2,6585
2021-02-19;8,0;47,0;0,53;27,3678;15,87;11,4938;23,0;;20,508525000000002;11,8926;29,0641;56,13372916666666;0,9643552833333334;2,76614
2021-02-20;10,0;45,0;0,57;24,2171;14,59;9,62668;28,0;;21,439895833333335;13,6585;29,4294;54,444725000000005;1,1241946250000001;3,10773
2021-02-21;9,0;34,0;0,54;11,6276;8,55;3,08154;30,0;;20,634141666666668;12,8364;28,8362;52,63329166666667;1,0450016666666666;2,80346
2021-02-22;9,0;46,0;0,51;26,1918;14,78;11,4102;22,0;;20,795033333333333;11,6941;29,8015;49,881908333333335;0,97798285;2,61166
2021-02-23;11,0;55,0;0,59;32,113;19,04;13,0694;31,0;;22,4570875;13,5599;31,5652;47,25932916666667;0,852955075;2,581
2021-02-24;14,0;66,0;0,66;38,2767;19,9;18,3745;25,0;;21,50775;14,2342;28,4395;50,79925;1,1084409208333332;2,92952
2021-02-25;16,0;66,0;0,68;34,3546;20,29;14,0677;24,0;;20,571125;13,6669;27,6373;62,9594375;1,1795821791666665;2,76728
2021-02-26;17,0;65,0;0,67;34,8787;21,39;13,4881;27,0;;21,266075;13,7448;28,9033;63,883649999999996;1,0664551500000001;2,85131
2021-02-27;18,0;58,0;0,64;27,1265;18,06;9,07111;33,0;;22,542104166666665;14,3857;30,8015;60,241712500000006;0,9013882916666667;2,68199
2021-02-28;13,0;45,0;0,75;23,1751;15,42;7,75747;29,0;;23,779187500000003;15,3516;32,9138;49,28735416666667;0,89523444;2,89457
2021-03-01;13,0;58,0;0,69;34,4587;19,19;15,2711;18,0;;20,80707083333333;15,1426;26,5;56,280145833333336;1,0375965629166666;2,63236
2021-03-02;16,0;63,0;0,65;34,1364;18,82;15,3177;25,0;;20,53461666666667;14,0502;28,3127;65,30750833333333;1,1112074916666665;2,74001
2021-03-03;16,0;62,0;0,65;34,3369;20,8;13,5352;27,0;;22,45119166666667;15,0531;30,2946;60,898041666666664;0,958205125;2,98187
2021-03-04;14,0;63,0;0,66;34,8658;22,25;12,6139;35,0;;24,198970833333334;16,613;32,6946;56,77908333333334;0,9050949791666666;2,73716
2021-03-05;14,0;56,0;0,7;26,7897;17,09;9,70303;19,0;;20,1223;15,0015;26,1667;66,53972916666667;1,5161234708333333;2,92359
2021-03-06;11,0;40,0;0,6;19,4529;13,42;6,03639;26,0;;20,700441666666666;14,2109;27,9554;65,87034583333333;1,1878833333333334;2,92251
2021-03-07;11,0;40,0;0,59;19,351;13,15;6,19611;32,0;;23,12075;15,2419;30,4623;58,58775416666666;0,8870297374999999;2,43106
2021-03-08;11,0;56,0;0,75;32,1796;19,25;12,9324;30,0;;24,46280833333333;16,8895;32,7877;46,34084166666667;0,9085480883333333;2,64619
2021-03-09;12,0;60,0;0,64;37,3342;21,8;15,533;25,0;;21,4395;14,5274;28,7348;48,49492916666667;1,2199417375;2,89859
2021-03-10;16,0;62,0;0,67;38,2226;20,06;18,1669;21,0;;19,523895833333334;13,0599;25,7917;61,63574166666667;1,2038428166666666;3,02615
2021-03-11;13,0;61,0;0,59;32,8123;20,7;12,1162;21,0;;20,107175;13,6844;27,0891;62,026075;0,9204670666666667;2,11805
2021-03-12;12,0;57,0;0,61;31,0287;17,32;13,7116;26,0;;21,482295833333335;15,6919;28,9794;55,063408333333335;0,9995755620833333;2,6224
2021-03-13;12,0;50,0;0,59;21,5941;13,38;8,21695;28,0;;19,412829166666665;13,0364;26,7699;59,1615;1,1250755716666667;2,89393
2021-03-14;12,0;37,0;0,58;14,3799;9,46;4,92181;24,0;;17,94494166666667;12,0607;26,0432;69,55250416666667;1,2690068916666666;2,81294
2021-03-15;4,0;33,0;0,59;15,8695;11,9;3,96694;16,0;;14,982866666666666;12,2929;20,2083;79,39575416666666;1,3563710416666668;2,45348
2021-03-16;0,0;40,0;0,6;23,7283;16,89;6,84194;17,0;;17,5246;13,2596;22,5464;65,4147875;0,7433813333333333;1,85721
2021-03-17;;47,0;0,57;26,8163;17,24;9,57343;16,0;;17,524166666666666;13,4911;24,3123;64,47395;0,9118307458333333;2,13313
2021-03-18;;39,0;0,64;20,2642;14,85;5,41833;16,0;;14,210816666666666;11,6252;18,7855;79,67464583333333;0,963701;1,53254
2021-03-19;;41,0;0,58;18,7874;12,2;6,58731;16,0;;14,896208333333334;11,6782;19,8854;66,67147916666667;1,3133734583333332;3,05525
2021-03-20;7,0;33,0;0,51;18,9239;11,84;7,08037;22,0;;16,73978125;8,33496;25,7318;54,97442083333333;0,8178679141666666;2,05516
2021-03-21;8,0;31,0;0,61;16,1056;9,35;6,75629;19,0;;16,995808333333333;11,6929;23,9558;58,71047083333334;1,14455865;2,64286
2021-03-22;8,0;42,0;0,51;30,3095;18,61;11,7019;21,0;;18,961904166666667;11,2419;28,1627;53,461354166666666;0,6300954791666666;1,82814
2021-03-23;16,0;67,0;0,67;39,1779;21,71;17,4636;28,0;;19,216291666666667;11,7114;26,9286;57,46319583333334;0,9136850583333334;3,0015
2021-03-24;18,0;63,0;0,64;30,6425;17,68;12,965;29,0;;17,686287500000002;11,5607;24,6601;64,71843333333334;1,1090308458333333;2,71313
2021-03-25;14,0;47,0;0,6;20,3545;14,1;6,25282;;;14,57151625;9,96829;21,3402;72,00874583333334;1,1335359083333334;2,26621
2021-03-26;17,0;61,0;0,66;44,162;22,09;22,0726;;;16,455524166666667;8,6259;25,1641;55,188325;0,6256319583333333;1,73979
2021-03-27;17,0;56,0;0,74;40,6386;20,63;20,0017;;;19,113400833333333;9,26685;29,4877;41,61949583333333;0,5671052583333334;1,86791
2021-03-28;17,0;49,0;0,76;26,9286;18,02;8,91255;;;18,525312500000002;10,8781;26,995;48,70342083333333;0,8337731125;2,43647
2021-03-29;19,0;57,0;0,66;31,9853;20,21;11,776;;;14,895995;9,28569;22,1432;73,95595;1,0246778541666666;2,41327
2021-03-30;18,0;66,0;0,72;41,2814;21,63;19,6493;17,0;;15,85815625;9,15163;23,4;72,44626666666666;1,0060826666666667;2,48259
2021-03-31;23,0;75,0;0,77;50,0532;24,28;25,7742;22,0;;16,5135125;10,2509;24,2058;71,9938375;0,8998959875;2,33791
2021-04-01;31,0;66,0;0,7;33,6484;23,12;10,5329;17,0;;14,4602375;10,509;21,879;82,24380416666666;0,9716689166666667;2,01232
2021-04-02;29,0;63,0;0,82;34,1767;19,92;14,2517;23,0;;16,187928333333332;8,84476;24,5446;74,016875;0,5600701333333333;1,88714
2021-04-03;26,0;60,0;0,72;32,3556;19,65;12,703;31,0;;19,1049125;10,3191;29,6101;60,9601375;0,5910275374999999;2,76145
2021-04-04;17,0;38,0;0,7;16,4089;12,52;3,88708;15,0;;14,317754166666667;11,7603;19,2651;74,7844;1,009180725;2,19487
2021-04-05;18,0;56,0;0,58;25,5478;18,68;6,86393;17,0;;16,143358333333335;11,4687;23,4891;72,31595833333334;0,734215875;1,84054
2021-04-06;11,0;47,0;0,58;28,2272;16,69;11,5399;17,0;;16,628666666666668;9,72517;24,8377;69,23164166666668;0,7507175833333334;1,94354
2021-04-07;10,0;45,0;0,57;28,0636;16,63;11,4313;16,0;;17,569;10,2864;25,4129;64,84598749999999;0,6957238341666666;2,42644
2021-04-08;8,0;43,0;0,56;19,5293;13,0;6,53292;15,0;;16,9912375;12,9529;22,3851;62,7414875;1,0913665000000001;2,47544
2021-04-09;10,0;47,0;0,59;30,8483;17,05;13,7956;16,0;;15,455610833333333;8,88496;22,2333;60,39242083333334;0,8545186625;2,48543
2021-04-10;9,0;43,0;0,57;14,6392;10,43;4,21347;20,0;;14,9398;10,0676;21,1804;60,12747916666667;0,8787756666666667;1,67616
2021-04-11;16,0;48,0;0,76;30,689;20,0;10,6868;23,0;;16,907287083333333;7,04176;28,5957;50,68324166666667;0,43244428333333335;1,65778
2021-04-12;17,0;81,0;0,96;68,5579;33,46;35,0992;16,0;;18,59032125;8,96143;29,4612;43,998491666666666;0,5024094583333333;1,682
2021-04-13;19,0;84,0;0,77;72,3412;34,0;38,341;23,0;;19,656791666666667;10,0774;31,0655;46,210100000000004;0,7056455916666667;2,21021
2021-04-14;25,0;88,0;0,81;51,0825;31,53;19,5479;20,0;;17,245695833333333;10,1599;26,534;65,47155833333333;0,6894222583333334;2,48022
2021-04-15;23,0;77,0;0,82;50,3267;28,72;21,6058;20,0;;17,480270833333332;10,1509;26,4479;66,57575416666667;0,5987088041666667;2,471
2021-04-16;22,0;73,0;0,72;47,2642;28,0;19,269;20,0;;18,185616666666665;10,6335;26,563;61,10865833333333;0,6723699666666666;2,2181
2021-04-17;17,0;46,0;0,71;22,3499;15,76;6,5931;14,0;;13,583365416666666;9,99347;19,4283;82,17439166666666;1,0766435;2,25699
2021-04-18;26,0;61,0;0,66;22,4494;17,55;4,89982;22,0;;15,395279166666667;11,0192;23,9515;77,0673375;0,5958926875;1,59435
2021-04-19;21,0;67,0;0,75;37,189;22,66;14,5283;11,0;;13,77475;9,55997;19,734;80,03839166666667;0,9868703458333333;2,49962
2021-04-20;19,0;59,0;0,59;26,983;18,73;8,24934;12,0;;13,836143333333334;9,78531;20,6887;77,02465833333333;0,8452016666666666;2,72192
2021-04-21;7,0;38,0;0,6;25,5906;14,99;10,6024;10,0;;15,868616666666668;11,1085;21,7465;65,7996;1,307662125;3,52842
2021-04-22;15,0;46,0;0,66;41,3024;19,35;21,9496;10,0;;13,508335833333334;8,27792;21,3366;79,3130125;0,8128445166666666;2,54665
2021-04-23;17,0;44,0;0,67;32,88;21,24;11,6405;4,0;;12,394295833333333;11,0528;13,9426;86,75872083333333;0,7501989166666667;1,08716
2021-04-24;26,0;62,0;0,71;36,0061;25,23;10,7794;15,0;;14,748816666666668;7,67574;23,2583;68,95341666666667;0,5359045416666667;1,62075
2021-04-25;26,0;56,0;0,92;41,7434;22,46;19,2861;23,0;;15,166364999999999;7,31712;24,9785;63,037083333333335;0,54605185625;2,00839
2021-04-26;25,0;75,0;0,91;71,1195;35,2;35,9195;14,0;;15,608753333333333;7,50842;25,7126;62,58465416666667;0,38161287083333334;1,80582
2021-04-27;25,0;73,0;0,82;57,8955;29,02;28,8779;10,0;;13,256650416666666;6,98488;21,5704;75,59339583333333;0,6709942249999999;2,2468
2021-04-28;42,0;108,0;1,15;89,8452;43,93;45,9183;17,0;;15,00975125;7,40118;24,8932;69,71660833333333;0,43622810375;1,5574
2021-04-29;35,0;92,0;1,15;84,3383;35,02;49,3199;14,0;;14,43568125;8,16847;22,9421;69,7495125;0,9202536874999999;2,55285
2021-04-30;31,0;72,0;1,01;53,1797;28,34;24,8396;7,0;;11,561650833333333;8,90976;15,661;87,99934166666667;0,45645172083333335;0,980077
2021-05-01;40,0;81,0;1,36;66,4656;25,71;40,7575;9,0;;12,22817125;7,21693;17,6794;79,27854166666667;0,3882054125;1,07733
2021-05-02;25,0;53,0;0,87;30,9216;20,88;10,0433;13,0;;13,814708333333334;10,3366;20,0946;71,42628333333333;0,4017654583333334;1,292
2021-05-03;12,0;44,0;0,79;49,4482;20,29;29,1567;8,0;;12,757705;7,99219;19,2182;74,49047083333333;0,8084516375;2,49236
2021-05-04;14,0;51,0;0,9;65,4448;23,67;41,7748;5,0;;12,009435833333333;6,90082;17,3094;78,57236666666667;0,5063275333333334;1,85297
2021-05-05;22,0;69,0;1,29;100,025;30,94;69,0815;8,0;;13,271363749999999;6,56712;21,4387;72,09659166666667;0,3825091291666667;1,43692
2021-05-06;27,0;93,0;1,78;141,64;45,01;96,6255;9,0;;15,320889166666667;6,42509;26,2127;57,31207083333334;0,47519789583333333;1,43066
2021-05-07;19,0;56,0;0,9;50,2851;25,82;24,4693;14,0;;14,072120833333335;10,5;18,82;64,05115833333333;0,9742648416666667;2,57097
2021-05-08;24,0;59,0;1,0;48,3869;24,39;23,9936;8,0;;12,148279166666667;8,74475;16,3932;77,17829166666667;0,3613445375;1,304
2021-05-09;25,0;56,0;0,95;35,91;20,72;15,1857;16,0;;13,035874999999999;8,04314;19,975;73,59942083333333;0,35584831125;1,27454
2021-05-10;31,0;89,0;1,48;129,066;42,61;86,4578;11,0;;12,999159166666667;5,76712;22,4308;64,17320833333333;0,47996375416666665;1,86892
2021-05-11;37,0;114,0;2,04;179,917;52,89;127,029;9,0;;13,561378333333332;5,58333;24,7044;56,4964125;0,36654381666666663;1,20552
2021-05-12;39,0;126,0;1,61;171,177;57,92;113,255;11,0;;14,099755833333333;5,55988;25,9862;47,01663333333334;0,4497856791666666;1,15242
2021-05-13;63,0;173,0;2,34;237,018;75,53;161,484;1,0;;12,311601666666666;7,14303;17,7765;62,32263333333333;0,30810139583333335;0,788076
2021-05-14;61,0;158,0;1,91;177,173;62,42;114,755;13,0;;14,647457083333334;8,76814;23,3337;63,49888333333334;0,4364891395833333;1,91797
2021-05-15;74,0;149,0;2,11;118,652;54,79;63,8593;10,0;;13,976708333333333;10,3931;19,1652;69,02444583333333;0,25138889999999997;0,85719
2021-05-16;92,0;165,0;2,27;113,902;54,86;59,0467;13,0;;13,131091249999999;7,225;21,8794;70,94690416666667;0,2706111958333333;0,94712
2021-05-17;55,0;120,0;1,48;102,259;52,27;49,9912;19,0;;16,05187;7,79314;26,9124;56,66769583333333;0,6092001166666666;1,53737
2021-05-18;43,0;75,0;0,9;43,8996;31,56;12,335;6,0;;10,316799583333333;7,64294;12,6422;88,20339583333333;0,7745169166666667;1,75799
2021-05-19;46,0;94,0;1,19;83,9147;36,43;47,4797;5,0;;12,33797;9,02716;16,2837;78,58054166666666;0,5521432333333334;1,75575
2021-05-20;21,0;48,0;1,2;92,0096;26,19;65,8234;4,0;;9,999450833333333;7,15037;13,8367;86,56602083333333;0,7906246708333334;2,18915
2021-05-21;9,0;18,0;0,7;30,0594;18,94;11,1209;9,0;;9,982424166666666;6,24203;14,6857;82,45142916666667;0,4721350833333333;1,2139
2021-05-22;23,0;45,0;1,1;62,6508;22,96;39,6915;8,0;;8,305263333333334;2,2924;16,6112;76,19427083333333;0,24087440000000002;0,654058
2021-05-23;30,0;54,0;1,29;69,8556;27,77;42,0896;11,0;;10,0893525;1,45028;20,7265;63,91147083333333;0,26688913333333336;0,786325
2021-05-24;34,0;81,0;1,55;135,926;41,47;94,4518;6,0;;12,571491250000001;5,47581;21,725;58,369395833333336;0,40948396249999996;1,15842
2021-05-25;29,0;82,0;1,53;154,533;44,33;110,205;5,0;;12,823495833333334;4,99211;23,1307;55,77520416666667;0,5081960916666667;0,991399
2021-05-26;55,0;131,0;2,29;168,048;57,52;110,523;4,0;;13,031078333333333;5,39175;24,6044;56,52474166666667;0,3363559583333333;0,661979
2021-05-27;37,0;91,0;1,37;130,33;47,97;82,3628;7,0;;13,199305;5,11813;21,9112;58,40425;0,6773371708333333;1,83525
2021-05-28;23,0;55,0;0,98;66,439;27,39;39,0526;7,0;;12,76805375;6,90943;19,4765;78,98735;0,6527527375000001;1,9274
2021-05-29;33,0;67,0;1,28;81,807;27,78;54,0317;3,0;;10,836355833333334;6,8009;15,0867;86,41075833333333;0,29157354166666666;1,24202
2021-05-30;49,0;84,0;1,58;78,277;28,5;49,7794;11,0;;12,19674;5,67537;20,4641;71,84015416666666;0,3398208395833333;1,31795
2021-05-31;26,0;76,0;1,32;110,302;37,73;72,5687;5,0;;15,319534166666665;9,45107;22,938;56,73030833333333;0,44305339166666663;1,48354
2021-06-01;35,0;98,0;1,62;161,731;46,94;114,788;1,0;;15,012054166666667;13,0444;19,2366;65,64158333333333;0,4402848666666667;1,29465
2021-06-02;37,0;94,0;1,63;158,943;42,26;116,682;5,0;;15,518291666666668;10,0022;23,4515;70,91407083333333;0,4716259666666667;1,18929
2021-06-03;25,0;74,0;1,57;125,888;38,47;87,4207;5,0;;15,150020416666665;8,99313;24,0277;70,40095000000001;0,473636675;1,682
2021-06-04;28,0;72,0;1,22;93,5779;26,32;67,2621;2,0;;12,99295;10,0424;16,3228;85,05202083333333;0,6791081958333334;1,56558
2021-06-05;31,0;63,0;0,98;49,41;25,12;24,2887;7,0;;14,12175;11,059;18,8881;75,777975;0,5360671683333333;1,34299
2021-06-06;33,0;63,0;0,96;39,7873;20,64;19,1498;9,0;;12,247565416666667;9,09459;17,762;75,56289583333333;0,5380413291666667;2,16156
2021-06-07;39,0;95,0;1,3;104,172;41,08;63,0896;6,0;;13,435159583333332;8,71957;21,7185;66,36855833333333;0,5844576541666666;1,84611
2021-06-08;39,0;92,0;1,59;158,211;44,11;114,102;6,0;;12,344241666666667;5,59248;21,1583;61,5259625;0,4686671958333333;1,52351
2021-06-09;30,0;71,0;1,42;117,973;33,71;84,2596;5,0;;11,50811;6,80895;17,9141;75,67104166666667;0,5737121625;1,68654
2021-06-10;32,0;78,0;1,37;115,15;33,92;81,2308;4,0;;11,514154583333335;7,59092;19,3044;79,50765416666667;0,37052258208333333;1,37382
2021-06-11;39,0;105,0;2,06;189,68;49,45;140,234;5,0;;12,52246125;4,70979;24,5112;60,97432083333334;0,3667761708333333;0,976089
2021-06-12;42,0;97,0;1,76;138,811;47,68;91,1289;8,0;;13,781900833333333;6,12618;24,7268;51,1187375;0,5340691083333333;1,23415
2021-06-13;39,0;68,0;1,45;84,137;30,86;53,2771;9,0;;10,778352499999999;5,21748;18,3667;75,59332500000001;0,47418710291666666;1,82193
2021-06-14;50,0;101,0;1,49;124,033;47,62;76,4149;6,0;;11,356357916666667;4,70045;21,1728;72,8993375;0,49277698750000004;1,07094
2021-06-15;34,0;56,0;0,88;49,8128;27,41;22,4021;3,0;;9,2867175;6,71007;12,4107;87,83234583333332;0,7863472083333334;1,58909
2021-06-16;34,0;71,0;1,14;89,8568;34,37;55,4843;4,0;;11,430886666666666;7,11813;17,9115;74,99292083333333;0,5056600083333334;1,41288
2021-06-17;34,0;75,0;1,42;124,583;36,56;88,0201;5,0;;9,450293333333333;3,75055;17,1182;81,13455;0,4566033958333333;1,7215
2021-06-18;45,0;88,0;1,55;136,166;35,26;100,91;6,0;;8,311762083333333;3,12537;15,425;86,2908625;0,6237565666666667;1,81652
2021-06-19;67,0;118,0;1,36;77,4066;39,43;37,9797;6,0;;10,075654583333334;6,73404;16,0641;80,80064166666666;0,4500935008333333;0,874856
2021-06-20;78,0;120,0;2,1;101,452;31,07;70,3859;7,0;;7,919096666666667;4,99202;12,6687;84,70319166666667;0,49401191;1,55029
2021-06-21;58,0;96,0;2,01;123,232;36,01;87,225;7,0;;9,69065125;3,4424;18,495;68,90200833333334;0,3740944375;1,24606
2021-06-22;31,0;77,0;1,26;109,24;38,18;71,0641;5,0;;10,22967125;4,3761;16,3439;64,17085;0,8435463333333333;2,48721
2021-06-23;17,0;40,0;1,05;89,9136;30,63;59,2864;1,0;;8,989455416666667;7,67636;10,0757;88,08085416666667;0,4103686791666667;0,911938
2021-06-24;34,0;80,0;1,49;170,834;35,1;135,738;1,0;;7,969169583333333;3,08351;11,6279;90,57892083333333;0,40931452500000004;0,901364
2021-06-25;26,0;52,0;1,34;113,881;30,76;83,1208;2,0;;8,549346666666667;6,67537;9,9359;95,12789583333334;0,7824123749999999;1,72811
2021-06-26;13,0;25,0;0,63;25,4447;17,21;8,23431;7,0;;6,705790416666667;1,84167;10,6516;86,1022375;0,7338152791666667;1,57349
2021-06-27;39,0;67,0;1,58;92,2839;28,47;63,8188;6,0;;5,605953318181818;0,300063;14,2924;78,278575;0,4208455;0,935587
2021-06-28;38,0;78,0;1,93;150,962;39,98;110,982;5,0;;9,4858734;0,258401;21,0;61,538758333333334;0,4912263858333333;0,894215
2021-06-29;;;;;;;;;4,717752727272727;2,15017;14,0668;66,9324;0,6491720909090909;0,949888
2021-06-30;;;;;;;;;9,22619;6,99222;12,7853;68,99861250000001;0,24712415;0,894056
2021-07-01;57,0;107,0;1,61;153,153;39,6;113,557;4,0;;9,170868333333333;4,67664;15,5345;70,99210416666666;0,5133827166666667;1,33354
2021-07-02;47,0;97,0;1,56;136,968;41,52;95,4496;4,0;;8,531632916666666;2,67555;16,4015;70,42062916666667;0,46936135;1,1775
2021-07-03;63,0;115,0;2,0;152,116;45,39;106,723;4,0;;9,014179583333332;3,21704;18,0754;68,259625;0,49273153750000004;1,5857
2021-07-04;76,0;121,0;2,24;146,827;44,24;102,585;10,0;;9,140101249999999;2,06685;20,6308;69,3847375;0,4256504458333334;1,02299
2021-07-05;54,0;102,0;1,51;138,137;48,51;89,6226;6,0;;9,74709125;2,8;21,588;65,55634583333334;0,7212727916666667;1,86187
2021-07-06;39,0;67,0;1,14;79,5443;28,79;50,7586;8,0;;7,4003000000000005;4,875;12,3513;82,77729166666667;0,8175788875;2,04563
2021-07-07;42,0;96,0;1,68;159,831;44,94;114,889;4,0;;9,047468333333333;2,23392;18,0432;69,05269583333333;0,5878326666666667;1,29614
2021-07-08;47,0;105,0;1,78;189,608;51,08;138,524;5,0;;10,042033333333334;3,56708;20,3674;66,14116666666666;0,6614904416666666;2,16534
2021-07-09;46,0;97,0;1,61;149,944;39,4;110,54;2,0;;7,63982625;2,71694;12,7278;83,33905833333334;0,5436116249999999;1,42752
2021-07-10;73,0;133,0;2,22;173,319;51,22;122,103;7,0;;9,1266575;2,325;18,9872;74,387975;0,3321426375;0,754643
2021-07-11;51,0;85,0;1,5;88,0316;36,64;51,3917;9,0;;9,769710416666667;3,64244;20,0612;61,17223333333334;0,5119343333333334;2,22457
2021-07-12;40,0;69,0;1,0;62,6774;30,9;31,7771;3,0;;5,9661675;3,00068;9,45036;87,90785416666667;0,7843078791666667;2,25127
2021-07-13;56,0;105,0;1,51;129,831;38,76;91,0676;5,0;;5,819670375;0,750124;13,4333;84,26976666666667;0,37482465416666666;1,28224
2021-07-14;73,0;137,0;1,84;176,299;47,76;128,541;5,0;;6,240622791666667;0,816667;14,275;84,23960833333332;0,3616988708333333;1,11754
2021-07-15;67,0;132,0;1,54;150,395;51,88;98,5131;5,0;;7,749655125;0,283333;17,8;69,25349583333333;0,5184714874999999;1,19397
2021-07-16;43,0;80,0;1,49;106,467;32,89;73,5769;8,0;;7,329165;2,55833;15,075;67,1316375;0,4996824541666667;1,50515
2021-07-17;65,0;112,0;2,18;145,467;43,63;101,834;8,0;;8,193933954545455;0,566667;18,7833;66,87499583333333;0,2949607791666667;0,751658
2021-07-18;40,0;82,0;1,97;153,461;44,51;108,948;7,0;;10,68541;1,09167;24,6;45,201391666666666;0,5267781875;0,841351
2021-07-19;40,0;117,0;1,9;209,535;55,97;153,564;4,0;;11,368403333333333;2,53333;24,0;40,92014583333333;0,6186159583333334;1,58248
2021-07-20;48,0;146,0;2,51;247,593;71,59;176,006;3,0;;13,73646375;4,175;27,7333;39,194449999999996;0,47775712583333335;1,04047
2021-07-21;45,0;122,0;1,64;184,704;62,7;122,006;5,0;;13,448617083333334;5,96667;25,3917;46,239575;0,5887860583333334;1,92574
2021-07-22;67,0;152,0;1,81;184,579;73,46;111,122;6,0;;12,925352083333335;3,89167;25,5167;53,902787499999995;0,41997755416666666;1,33034
2021-07-23;60,0;128,0;1,66;153,238;52,7;100,539;8,0;;10,20694875;4,71667;20,4167;67,16319166666666;0,8654329166666667;2,51574
2021-07-24;38,0;64,0;0,87;36,4829;21,86;14,6232;7,0;;7,656944583333334;5,025;10,7667;87,25667916666667;0,6540339708333333;1,8174
2021-07-25;31,0;52,0;1,13;53,91;19,36;34,5537;11,0;;9,80521375;5,10833;16,4833;76,90002083333333;0,9090284875;3,04614
2021-07-26;13,0;34,0;0,77;53,2144;22,37;30,8466;8,0;;9,51076125;5,10833;14,7583;77,57293333333332;0,5837342625;1,47635
2021-07-27;36,0;78,0;1,21;113,779;34,69;79,0873;5,0;;8,261806250000001;1,61667;17,425;74,006275;0,4774339458333334;1,63181
2021-07-28;43,0;114,0;2,06;226,996;53,7;173,297;4,0;;10,485764166666668;1,44167;22,975;51,336825;0,4718779083333333;0,868593
2021-07-29;40,0;118,0;1,88;209,319;58,21;151,108;5,0;;11,3829875;2,89167;23,325;40,440979166666665;0,5820006999999999;1,03952
2021-07-30;53,0;122,0;1,63;170,264;56,86;113,402;6,0;;10,534374583333333;1,89167;22,5667;52,3645875;0,56444225;1,76638
2021-07-31;67,0;132,0;1,96;151,951;50,35;101,598;9,0;;11,152423749999999;2,775;23,075;59,23643333333334;0,51527315;1,34793
2021-08-01;59,0;120,0;2,09;139,325;46,9;92,4252;14,0;;14,162378333333335;4,85833;27,1583;42,45485416666667;0,6184457916666667;1,15903
2021-08-02;34,0;100,0;1,6;155,475;53,52;101,956;9,0;;15,023957916666667;5,875;27,3833;37,22569166666667;0,5300345916666667;1,49518
2021-08-03;44,0;120,0;1,68;170,696;55,68;115,011;7,0;;13,063199166666665;4,85;23,5333;51,82640416666666;0,5215031833333333;1,83314
2021-08-04;52,0;129,0;1,56;144,452;49,78;94,6694;7,0;;11,340279583333334;5,175;21,3833;62,256949999999996;0,7237760833333334;1,72675
2021-08-05;51,0;100,0;1,14;79,3904;35,72;43,6741;4,0;;8,819094583333333;5,74167;16,0917;85,52085833333332;0,7326369429166667;1,99356
2021-08-06;61,0;125,0;1,59;132,167;38,11;94,056;8,0;;10,385412083333334;4,91667;17,6;78,13194583333333;0,8356639916666667;1,94379
2021-08-07;44,0;78,0;0,84;33,2758;24,22;9,05376;5,0;;8,765694583333334;7,75833;9,34166;87,86463333333334;0,7775152916666667;1,73853
2021-08-08;34,0;52,0;0,73;26,1832;18,7;7,48083;11,0;;9,562499583333333;4,95833;13,075;76,1247125;0,7123205416666667;2,01587
2021-08-09;28,0;61,0;1,07;71,8834;27,99;43,894;7,0;;8,33784;2,725;15,475;79,1139125;0,5334892458333333;1,68509
2021-08-10;40,0;96,0;1,33;119,857;41,56;78,3003;7,0;;9,968052916666666;2,375;19,5;67,72917916666667;0,40948403749999995;1,31274
2021-08-11;41,0;101,0;1,3;124,83;44,46;80,3662;8,0;;10,65832875;3,3;19,8583;58,77430416666667;0,733460025;2,03067
2021-08-12;39,0;70,0;0,81;56,9621;28,02;28,9438;4,0;;5,620837916666667;2,49167;10,8417;90,06597916666665;0,8094968499999999;2,0561
2021-08-13;71,0;136,0;1,24;105,437;49,88;55,5525;6,0;;8,204859583333333;2,84167;16,9167;77,89588333333333;0,5698253291666666;1,55084
2021-08-14;81,0;143,0;1,77;132,389;45,6;86,7875;15,0;;9,6256875;1,59167;19,6833;63,624674999999996;0,6692508250000001;1,44721
2021-08-15;57,0;92,0;0,86;33,8904;23,67;10,2239;10,0;;8,30622125;6,05833;11,9667;82,44792916666667;0,6701138750000001;1,87395
2021-08-16;40,0;85,0;0,93;69,7111;31,83;37,8801;6,0;;11,067010833333335;7,35833;17,4583;74,24340416666666;0,6643265291666667;1,72554
2021-08-17;23,0;66,0;1,22;102,679;31,23;71,4438;4,0;;13,480205416666665;9,01668;19,3083;74,34060416666667;0,6599987916666666;1,81475
2021-08-18;9,0;23,0;0,79;53,3846;19,16;34,2257;4,0;;12,525890416666668;9,175;14,65;91,086125;0,8477342791666667;1,50866
2021-08-19;7,0;15,0;0,66;31,0235;16,17;14,8512;12,0;;10,41451625;8,94167;13,5583;87,79795833333333;1,0861950833333334;2,82578
2021-08-20;22,0;70,0;1,15;94,2885;34,91;59,3801;2,0;;9,54378125;5,31667;12,85;82,1180625;0,402704575;1,04068
2021-08-21;20,0;59,0;1,28;83,7422;21,04;62,7019;9,0;;11,001394583333335;7,28333;18,3167;78,30557916666667;1,2362295458333332;4,53779
2021-08-22;10,0;26,0;0,59;14,4494;10,81;3,63477;18,0;;11,732294166666668;8,48334;17,3417;70,66319583333333;0,8803880416666666;2,16535
2021-08-23;12,0;37,0;0,69;37,5732;21,05;16,5225;7,0;;9,553441666666666;5,94167;15,25;76,238975;1,0840820791666668;3,49622
2021-08-24;17,0;37,0;0,8;50,1555;22,45;27,71;11,0;;9,592018333333334;3,25;15,925;75,4764125;0,7715705166666668;2,38244
2021-08-25;12,0;30,0;0,6;25,5119;18,74;6,76903;13,0;;9,836460416666666;6,50833;14,575;71,5868125;1,1000577916666667;2,73018
2021-08-26;18,0;43,0;0,69;46,7515;27,87;18,8859;10,0;;9,780205416666666;3,86667;16,5833;71,66319166666666;0,53144925;2,0219
2021-08-27;34,0;80,0;1,12;91,4275;37,79;53,6324;3,0;;10,364577500000001;6,925;14,9083;73,06912083333333;0,6984229083333333;1,88279
2021-08-28;35,0;86,0;1,14;80,55;38,92;41,6255;7,0;;14,174313333333332;9,33333;22,6833;64,08713333333334;0,5689063875;1,93762
2021-08-29;32,0;68,0;1,38;72,9366;23,85;49,0861;19,0;;15,073614999999998;7,21667;25,25;63,31944583333333;1,1097618333333334;2,97136
2021-08-30;20,0;44,0;0,71;38,5408;20,8;17,7436;7,0;;10,11180375;7,55;14,0917;87,2528125;0,8758976416666666;1,98461
2021-08-31;26,0;59,0;0,74;37,4147;24,97;12,4426;10,0;;11,942018333333332;8,325;18,25;75,55210833333334;0,8322292375;1,65843
2021-09-01;33,0;80,0;1,0;79,152;39,04;40,1116;5,0;;11,611453333333332;5,78333;17,975;76,69029166666667;0,41755430833333335;1,45444
2021-09-02;26,0;56,0;0,8;50,4309;23,93;26,5017;13,0;;12,31597875;5,56667;20,5917;80,38194166666666;0,9736233083333333;2,5105
2021-09-03;22,0;44,0;0,68;29,6913;20,44;9,25282;8,0;;9,961083333333333;8,39091;12,5583;88,65214166666668;1,120082375;2,11093
2021-09-04;14,0;41,0;0,64;24,9459;16,15;8,79498;18,0;;12,401735;5,78333;20,7583;65,2013875;0,8431948833333333;2,06267
2021-09-05;16,0;38,0;0,79;29,1612;14,88;14,2806;18,0;;11,801045;4,91667;19,2917;69,3226125;1,0235349583333333;2,88003
2021-09-06;7,0;24,0;0,55;18,5605;13,76;4,7968;14,0;;10,57708125;8,14168;14,675;73,63890833333333;1,1904867833333335;2,38196
2021-09-07;6,0;23,0;0,55;20,4309;15,14;5,28931;16,0;;9,13228625;5,35833;13,4583;72,53819166666666;1,1662726666666667;3,05804
2021-09-08;12,0;38,0;0,79;66,1252;26,45;39,6718;10,0;;9,726735;2,35833;18,625;65,30277916666667;0,4647186958333333;1,30686
2021-09-09;27,0;77,0;1,0;103,873;39,43;64,4426;13,0;;13,685073333333333;4,125;24,0833;53,5416625;0,5933078374999999;1,89657
2021-09-10;33,0;92,0;1,17;101,821;35,43;66,3917;15,0;;14,525000833333335;7,01667;23,0333;62,972225;1,0072854666666666;3,15716
2021-09-11;19,0;43,0;0,65;17,7168;13,31;4,41139;13,0;;10,418089583333334;8,44167;13,2917;82,77434583333333;1,1793525833333334;2,53888
2021-09-12;4,0;11,0;0,53;7,87996;6,01;1,87171;19,0;;11,458335;8,46666;14,475;73,34725;1,8129122916666667;3,2309
2021-09-13;8,0;22,0;0,64;31,5119;18,95;12,5584;11,0;;8,784729166666667;4,44167;12,6667;74,8507125;1,0432500166666667;2,8895
2021-09-14;18,0;51,0;0,92;88,7793;31,34;57,4438;9,0;;10,810072499999999;1,85;20,6917;60,065962500000005;0,5872202416666666;1,96407
2021-09-15;24,0;68,0;0,94;86,0999;33,62;52,4785;11,0;;12,685037083333334;3,79167;22,0167;55,97223333333333;0,6008202083333333;2,21659
2021-09-16;24,0;69,0;0,99;85,5826;29,53;56,0572;17,0;;14,690184166666667;6,13333;24,1;54,670141666666666;0,8504228041666666;2,51952
2021-09-17;19,0;46,0;0,8;34,542;17,99;16,5537;18,0;;13,9236175;7,125;21,825;69,6250125;0,9550920333333334;2,45039
2021-09-18;18,0;35,0;0,69;14,8001;9,84;4,96347;18,0;;12,55694125;6,95;18,6833;77,34028333333333;1,1132843125;3,09324
2021-09-19;13,0;29,0;0,61;11,3198;8,43;2,89325;18,0;;11,461809166666667;6,81667;17,1167;74,32292083333333;1,005152625;2,68335
2021-09-20;16,0;46,0;0,68;33,9147;20,89;13,0275;16,0;;13,947250833333333;7,58333;21,2333;61,57985416666667;0,5519167904166666;1,69969
2021-09-21;21,0;66,0;0,9;63,336;22,14;41,1996;16,0;;12,451805833333333;6,68333;19,9167;71,28156666666666;1,4793719958333333;3,48766
2021-09-22;14,0;42,0;0,59;19,491;15,27;4,21926;21,0;;12,89966125;9,125;19,9417;68,96532916666666;1,0894172;2,24482
2021-09-23;23,0;69,0;1,01;79,9135;37,18;42,7355;18,0;;16,081948333333333;6,36667;26,8583;53,784425;0,5665264166666667;1,96544
2021-09-24;23,0;80,0;1,01;94,071;35,9;58,1741;27,0;;18,283685000000002;8,65833;31,0833;47,33682083333333;1,2262621166666665;2,91762
2021-09-25;16,0;40,0;0,73;14,3591;11,42;2,94264;28,0;;13,52326;9,7;20,8583;75,0958625;1,3884395416666668;3,32258
2021-09-26;15,0;36,0;;21,2989;14,18;7,11973;25,0;;14,880552083333333;6,78333;23,9417;64,88889999999999;0,8959436041666667;2,55793
2021-09-27;15,0;53,0;;52,9291;25,56;27,3729;19,0;;16,888191666666668;8,36667;25,45;54,604166666666664;0,7807710416666667;2,59012
2021-09-28;15,0;58,0;;74,7074;30,23;44,4727;21,0;;18,282284999999998;9,98334;27,5167;40,20487083333333;1,0310601083333333;2,9155
2021-09-29;17,0;58,0;;82,6578;28,6;54,0572;18,0;;14,910764166666667;8,28333;24,225;37,31944166666667;1,0002480041666668;2,80136
2021-09-30;8,0;34,0;;25,9667;15,68;10,2825;22,0;;12,785769166666666;4,58333;20,2917;50,53819583333333;1,1818583041666666;2,32855
2021-10-01;12,0;47,0;0,71;39,3788;18,69;20,6857;20,0;;13,979503333333334;6,86667;22,3333;60,521224999999994;1,1181994291666666;3,04952
2021-10-02;7,0;30,0;0,52;13,689;10,53;3,15463;24,0;;12,60936875;6,975;18,375;56,760420833333335;1,3434921666666666;2,824
2021-10-03;11,0;36,0;0,59;16,476;12,61;3,86986;23,0;;13,3920125;4,90833;21,5833;51,402791666666666;0,8847197875;2,50699
2021-10-04;16,0;55,0;0,74;54,3626;25,31;29,0549;22,0;;15,695838333333334;6,675;24,375;47,22223333333333;0,9626045791666668;2,84452
2021-10-05;16,0;53,0;0,68;38,123;22,13;15,9889;21,0;;15,434719583333333;7,375;22,825;53,43403333333333;0,933489975;2,9132
2021-10-06;18,0;63,0;0,73;57,7701;27,87;29,8998;24,0;;17,043749166666668;7,55;26,4583;45,70140833333334;0,7318422625;2,30522
2021-10-07;16,0;66,0;0,74;44,9991;19,79;25,2067;21,0;;14,852397916666668;8,90833;22,125;56,11807916666667;1,52725725;3,06834
2021-10-08;10,0;25,0;0,62;20,7712;15,5;5,27222;17,0;;11,689937083333334;8,70833;15,5667;75,48265416666666;1,0448025083333332;2,00259
2021-10-09;15,0;42,0;0,71;32,4113;13,45;18,9613;23,0;;13,274339583333335;6,08333;20,9091;67,041675;1,3763654900000002;3,22455
2021-10-10;10,0;27,0;0,53;10,1357;8,1;2,0357;28,0;;14,65833625;9,75;22,4667;64,86775416666667;0,8875316458333334;1,74415
2021-10-11;17,0;49,0;0,75;32,7804;16,15;16,6324;28,0;;16,837116666666667;8,55833;27,7;60,11490833333334;1,3006529458333334;3,65074
2021-10-12;15,0;42,0;0,58;15,2687;11,84;3,43096;26,0;;12,95841;9,7;19,6167;72,0309875;1,4069782916666667;2,79158
2021-10-13;9,0;37,0;0,48;16,9519;12,34;4,61593;26,0;;14,097225;9,95;21,1917;62,555550000000004;1,4051841666666667;2,89769
2021-10-14;7,0;20,0;0,52;17,9205;13,78;4,14305;15,0;;11,277784166666668;7,76667;15,925;71,67017083333333;1,1134866458333332;2,43795
2021-10-15;13,0;36,0;0,49;31,3533;19,08;12,2684;18,0;;12,767354583333335;4,66667;20,8583;55,96875;0,9241941208333334;2,36973
2021-10-16;15,0;42,0;0,57;29,3603;18,0;11,3623;22,0;;14,893401250000002;5,79167;23,4167;52,1426875;0,9452864316666667;2,67247
2021-10-17;11,0;33,0;0,43;16,3956;12,34;3,98415;25,0;;16,82152375;8,0;25,25;48,6354125;0,8307379833333334;2,33709
2021-10-18;16,0;50,0;0,56;52,032;22,46;29,5723;22,0;;19,471525416666665;8,45;29,4333;40,166666666666664;0,7399531874999999;2,35732
2021-10-19;23,0;67,0;0,6;55,329;24,66;30,6718;30,0;;19,50347916666667;10,5;30,225;44,77430833333333;1,2372502833333334;3,07861
2021-10-20;17,0;44,0;0,47;18,3533;14,08;4,27736;20,0;;12,952779166666666;9,925;17,0833;77,83335416666667;1,3928123333333333;3,04726
2021-10-21;;59,0;0,62;26,5127;18,34;8,17255;21,0;;15,103125833333335;8,425;23,4583;68,55625833333333;1,1409865750000001;2,59808
2021-10-22;;45,0;0,42;18,6126;12,06;6,55125;20,0;;15,121525;11,0;20,8333;65,17014999999999;1,3913573750000001;2,98855
2021-10-23;13,0;43,0;0,5;18,5732;12,76;5,81708;23,0;;15,170137500000001;6,70833;23,9667;53,27429583333333;0,9479713333333333;2,36828
2021-10-24;13,0;46,0;0,46;26,5536;16,46;10,0977;28,0;;19,512840833333332;9,09167;29,1667;40,59722083333333;0,7547061875000001;2,27312
2021-10-25;13,0;59,0;0,61;37,9968;22,02;15,9774;27,0;;22,0528625;11,2667;32,0101;40,20485416666667;0,9896747874999999;2,45393
2021-10-26;15,0;64,0;0,51;22,1975;15,09;7,11097;24,0;;19,295141666666666;12,6917;26,8333;52,12499583333334;1,2230716625;2,95873
2021-10-27;14,0;69,0;0,56;31,9772;18,58;13,3987;23,0;;19,34340416666667;11,2083;26,0;57,3645875;1,22636725;3,37854
2021-10-28;16,0;61,0;0,55;31,8406;21,57;10,2737;32,0;;22,511741666666666;12,0917;32,1333;46,71180416666667;0,8993073166666666;2,6307
2021-10-29;16,0;69,0;0,58;31,726;20,36;11,3662;30,0;;22,380958333333336;13,6833;29,9333;39,1180625;1,1476327208333335;3,21436
2021-10-30;16,0;60,0;0,57;29,0003;18,49;10,5063;35,0;;23,052433333333337;13,85;31,6833;40,8368125;1,0412513208333334;2,76616
2021-10-31;15,0;53,0;0,55;16,1658;11,83;4,3387;20,0;;18,127783333333333;12,0;25,5583;55,677075;1,355872225;3,51477
2021-11-01;15,0;47,0;0,53;15,1311;10,64;4,48662;23,0;;16,126045416666667;9,34166;23,6917;68,399325;1,2981572916666666;3,19377
2021-11-02;16,0;59,0;0,59;38,9141;20,25;18,6667;24,0;;19,2670125;10,025;29,3667;58,3645875;1,0797350416666667;2,92917
2021-11-03;10,0;48,0;0,55;28,2816;15,31;12,9679;13,0;;15,53674375;9,86665;21,525;65,24305833333334;1,69110125;3,48226
2021-11-04;9,0;44,0;0,43;19,3601;13,1;6,2607;19,0;;15,664933333333332;11,0417;21,85;59,41983333333334;1,2612036666666666;1,82059
2021-11-05;13,0;67,0;0,5;28,7777;16,47;12,3035;26,0;;17,082992916666665;8,575;26,1167;45,48264583333333;1,1221277333333333;3,06844
2021-11-06;11,0;47,0;0,48;21,2106;12,87;8,33826;25,0;;16,1902675;7,51667;25,1167;52,82986666666667;1,468932;3,23031
2021-11-07;12,0;43,0;0,51;19,7061;12,12;7,58593;26,0;;18,28368625;8,06667;27,6167;52,798608333333334;1,054226075;2,71
2021-11-08;14,0;51,0;0,56;30,2519;17,81;12,4414;26,0;;21,162854166666666;11,525;29,8167;47,802083333333336;0,9341742083333333;2,75181
2021-11-09;10,0;53,0;0,51;28,1177;14,43;13,6889;18,0;;18,247229166666667;11,9167;24,175;59,5312625;1,6209685166666665;3,52927
2021-11-10;12,0;45,0;0,48;26,3827;15,61;10,7747;18,0;;13,575710769230769;9,4091;22,7417;80,03719230769231;0,9615745384615385;2,08015
2021-11-11;13,0;51,0;0,55;27,6559;15,51;12,1507;24,0;;;;;;;
2021-11-12;11,0;48,0;0,5;25,8639;13,61;12,2526;21,0;;;;;;;
2021-11-13;6,0;26,0;0,43;16,0945;8,77;7,32899;21,0;;;;;;;
2021-11-14;10,0;42,0;0,46;20,9965;13,06;7,93778;25,0;;;;;;;
2021-11-15;8,0;44,0;0,48;22,5961;12,27;10,3303;21,0;;;;;;;
2021-11-16;10,0;50,0;0,49;26,5848;15,07;11,5102;27,0;;;;;;;
2021-11-17;12,0;53,0;0,45;29,978;17,15;12,8303;31,0;;;;;;;
2021-11-18;15,0;58,0;0,56;34,3386;18,76;15,5308;26,0;;;;;;;
2021-11-19;13,0;57,0;0,52;30,3154;15,99;14,3245;23,0;;;;;;;
2021-11-20;15,0;50,0;0,6;24,8203;13,75;11,0658;30,0;;;;;;;
2021-11-21;13,0;44,0;0,59;24,5462;13,21;11,3375;31,0;;;;;;;
2021-11-22;13,0;57,0;0,59;32,5773;18,0;14,5813;24,0;;26,721500000000002;18,7667;32,4333;31,729345454545456;1,7991047363636363;2,84777
2021-11-23;14,0;66,0;0,51;28,5428;16,47;12,0709;22,0;;19,806945833333334;13,4167;25,425;57,55524166666667;1,6123136629166668;3,22672
2021-11-24;12,0;43,0;0,48;20,978;11,96;9,02228;21,0;;16,508741666666666;12,0;23,55;69,84030833333334;1,369842375;2,19183
2021-11-25;12,0;49,0;0,59;36,7516;19,78;16,9725;31,0;;21,975354166666666;10,85;31,6167;48,13195416666667;0,97677435;2,65149
2021-11-26;14,0;64,0;0,42;28,5703;16,38;12,1936;22,0;;19,642704166666665;13,7667;25,4833;56,35765416666667;1,6290495624999999;3,65424
2021-11-27;9,0;34,0;0,29;16,7889;8,04;8,74913;17,0;;16,671966666666666;11,7667;23,2273;66,3955125;1,5425079166666666;2,85164
2021-11-28;9,0;38,0;0,25;19,6901;10,09;9,60329;25,0;;20,19125;10,1833;29,0417;44,666666666666664;0,8409161041666667;2,40356
2021-11-29;9,0;53,0;0,19;25,1416;13,36;11,7772;24,0;;20,206933333333335;12,4667;27,8833;36,3403;1,4101360333333333;3,37413
2021-11-30;9,0;49,0;0,18;27,13;13,97;13,1635;20,0;;16,989229583333334;9,60834;24,325;49,673624999999994;1,4877703333333334;3,46719
2021-12-01;10,0;48,0;0,15;22,8308;11,88;10,9528;23,0;;16,82118625;8,93333;25,9833;59,58332083333334;1,4471940833333334;2,84269
2021-12-02;12,0;57,0;0,28;30,7199;15,28;15,4389;28,0;;19,446562500000002;10,275;26,7091;52,01043333333333;1,3903280291666666;2,99799
2021-12-03;13,0;54,0;0,61;27,8943;14,48;13,4169;25,0;;19,3493125;11,2417;26,225;50,24999583333334;1,3250520375000001;3,09385
2021-12-04;13,0;54,0;0,64;29,9109;15,5;14,4158;32,0;;22,279958333333337;11,3167;31,7417;39,4548625;0,8728735;2,73444
2021-12-05;15,0;55,0;0,69;32,9417;16,72;16,2179;35,0;;24,170141666666666;14,5417;33,0917;39,14235416666667;1,1654030895833334;3,15181
2021-12-06;14,0;57,0;0,56;25,653;13,6;12,0502;21,0;;19,20244166666667;13,9583;26,5917;60,795141666666666;1,6698754583333333;2,63239
2021-12-07;13,0;52,0;0,5;22,3954;11,57;10,8301;23,0;;17,640275;11,475;26,7833;64,6736125;1,5901936666666667;2,75219
2021-12-08;12,0;53,0;0,52;25,1763;12,52;12,6529;30,0;;19,915266666666668;10,95;29,1917;54,246550000000006;1,3141738916666668;3,3588
2021-12-09;16,0;66,0;0,57;35,5038;20,6;14,9055;27,0;;20,991675;13,15;28,325;52,60415833333334;1,2797722541666667;3,17535
2021-12-10;14,0;58,0;0,54;27,3369;14,29;13,0477;22,0;;17,823066666666666;12,9111;22,85;67,11807083333333;1,7563153541666667;3,14813
2021-12-11;10,0;33,0;0,45;17,4416;8,08;9,36049;23,0;;16,13165;13,1333;21,6833;73,84755;1,5711313333333334;3,31887
2021-12-12;5,0;24,0;0,42;13,3754;4,94;8,43663;23,0;;17,020945833333332;12,8083;23,05;62,04546666666667;1,6395670833333333;2,49236
2021-12-13;10,0;42,0;0,42;22,3599;9,4;12,9563;24,0;;17,83021666666667;10,2667;25,4917;52,2430625;1,4229752791666668;3,23826
2021-12-14;11,0;47,0;0,46;28,4368;13,04;15,3955;26,0;;18,99340125;9,88333;26,85;47,44444166666667;1,2157804666666665;2,69596
2021-12-15;11,0;53,0;0,45;31,8417;15,3;16,5419;29,0;;21,169504166666666;12,025;29,7583;44,4930625;1,1943412854166666;3,14822
2021-12-16;12,0;58,0;0,45;29,0092;14,99;14,0176;25,0;;19,276741666666666;12,0083;27,625;53,10763333333333;1,4332968125;3,3952
2021-12-17;11,0;51,0;0,43;27,3683;14,28;13,0836;26,0;;19,64965;10,425;29,425;55,277770833333335;1,31667775;2,80373
2021-12-18;11,0;55,0;0,46;27,8244;12,66;15,167;30,0;;22,210070833333333;12,5;31,2417;47,135420833333335;1,2477780583333333;2,95729
2021-12-19;14,0;51,0;0,48;24,6945;11,88;12,811;33,0;;23,895012499999996;14,2583;32,1583;46,402775;1,2563737166666666;3,01274
2021-12-20;14,0;60,0;0,46;33,0585;16,04;17,0188;27,0;;23,47360833333333;14,5667;31,425;46,79860416666667;1,3433414041666667;3,30891
2021-12-21;18,0;64,0;0,51;36,5648;18,7;17,8683;27,0;;22,778475;14,075;30,4833;49,42709166666666;1,2822322;3,11197
2021-12-22;18,0;69,0;0,49;36,315;18,21;18,1093;28,0;;22,15895;14,5417;28,6417;48,83680833333333;1,5021748791666667;3,25102
2021-12-23;13,0;51,0;0,45;24,4577;12,48;11,9728;25,0;;19,856375;12,0667;26,8833;59,434025;1,6131139583333332;3,00388
2021-12-24;14,0;47,0;0,49;27,9344;13,25;14,6866;32,0;;23,06492916666667;14,025;31,4083;49,93055833333333;1,1575456958333332;2,69331
2021-12-25;;;;;;;;;23,272566666666666;16,0;31,9333;46,52778;0,8405743266666666;2,73161
2021-12-26;;;;;;;;;;;;;;
2021-12-27;;;;;;;;;23,7197875;18,65;29,2083;51,6354125;1,65845625;2,5
2021-12-28;16,0;65,0;0,58;28,599;15,28;13,3151;26,0;;21,610762500000003;15,675;28,7083;59,447916666666664;1,6124090416666668;3,05879
2021-12-29;12,0;41,0;0,52;22,0356;11,32;10,7144;16,0;;17,144795833333333;13,3333;22,0;74,67015833333333;1,7433655000000001;3,0815
2021-12-30;14,0;47,0;0,53;25,9819;14,21;11,7723;26,0;;21,859716666666667;13,9833;29,7583;54,826391666666666;1,2117648704166666;3,23494
2021-12-31;11,0;47,0;0,51;23,923;10,97;12,9573;27,0;;22,0607625;13,925;30,2083;44,274300000000004;1,3461889416666668;3,1275
2022-01-01;9,0;36,0;0,46;16,8894;7,22;9,68126;22,0;;20,6107625;12,1667;28,4583;40,40277916666667;1,4027366708333335;2,91761
2022-01-02;7,0;29,0;0,42;15,9123;6,37;9,53732;19,0;;21,157983333333334;12,5083;29,7917;45,23265;1,2878639583333333;2,75639
2022-01-03;9,0;40,0;0,45;26,9192;10,62;16,2967;15,0;;22,644787500000003;13,8;30,8083;48,67361666666667;1,1475107624999998;3,06358
2022-01-04;8,0;39,0;0,36;25,4158;9,99;15,4285;15,0;;22,861116666666664;14,875;30,7083;50,57293333333333;1,4139327083333333;2,99693
2022-01-05;11,0;57,0;0,38;29,4641;12,19;17,2757;26,0;;22,83889166666667;15,9833;30,6167;51,0416625;1,4200112083333334;3,26072
2022-01-06;14,0;61,0;0,36;30,3702;14,17;16,2023;24,0;;21,1635375;14,1167;28,6333;56,09375;1,4879019583333333;3,18642
2022-01-07;15,0;63,0;0,42;39,9186;17,71;22,2109;28,0;;23,3054375;13,8917;32,0637;48,65624583333334;1,2810855416666667;3,34998
2022-01-08;14,0;50,0;0,41;27,4428;13,29;14,1554;24,0;;21,087845833333333;15,225;26,8583;58,78471666666667;1,656654925;3,04058
2022-01-09;9,0;33,0;0,4;17,1464;6,79;10,3545;26,0;;19,7090875;14,0;27,2583;64,63194583333333;1,5428337083333332;2,8047
2022-01-10;9,0;44,0;0,38;26,3772;11,26;15,1183;24,0;;21,502420833333332;13,7917;30,1667;55,55207083333334;1,339160125;2,95052
2022-01-11;12,0;51,0;0,43;30,053;13,71;16,3429;26,0;;22,966291666666667;15,7083;29,9083;52,2986;1,3409334875;2,96899
2022-01-12;11,0;52,0;0,44;27,7327;12,09;15,6438;27,0;;22,216691666666666;16,3583;29,1083;58,32637916666667;1,5947892083333333;2,94758
2022-01-13;10,0;48,0;0,43;24,2975;11,33;12,9667;20,0;;20,228075;13,375;27,0917;64,94792916666667;1,5833437916666666;2,85637
2022-01-14;11,0;51,0;0,45;27,8295;12,01;15,8242;23,0;;22,637495833333332;14,9417;30,7333;51,777791666666666;1,3623911375000002;2,90202
2022-01-15;10,0;44,0;0,43;20,6813;7,77;12,9204;19,0;;20,962845833333333;15,6417;28,025;60,00000416666666;1,6262295833333333;3,26996
2022-01-16;8,0;29,0;0,43;15,5697;4,93;10,6357;17,0;;16,751770833333335;13,475;21,9417;74,31250416666667;1,9239424999999999;3,21269
2022-01-17;6,0;36,0;0,45;19,6285;7,65;11,9825;16,0;;16,752395833333335;12,4833;22,8167;59,61429583333333;1,1621689583333332;2,13654
2022-01-18;9,0;53,0;0,56;30,8035;13,21;17,5963;23,0;;18,496868333333335;9,73334;26,825;42,65974166666667;1,2476811583333334;2,80423
2022-01-19;9,0;48,0;0,53;30,9742;12,35;18,6243;24,0;;18,979158333333334;10,5333;27,3583;36,30555416666667;1,1822937458333334;3,01344
2022-01-20;10,0;52,0;0,6;34,6215;14,89;19,7329;24,0;;19,3010125;10,325;28,4333;35,7743125;1,0806164249999999;2,62917
2022-01-21;8,0;50,0;0,56;29,4354;12,56;16,8776;24,0;;20,189233333333334;11,4833;29,375;35,4930625;1,31104544375;2,93303
2022-01-22;6,0;34,0;0,61;23,9446;8,42;15,5269;19,0;;19,828466666666667;10,9667;28,5583;45,9583375;1,1612855166666667;2,6048
2022-01-23;8,0;38,0;0,61;23,7716;9,51;14,2665;24,0;;22,2684;12,4417;31,1917;46,0798625;1,0660028541666666;2,85302
2022-01-24;12,0;54,0;0,65;34,5069;14,93;19,5744;23,0;;23,354070833333335;13,8583;31,8917;40,30556666666667;1,1702900458333334;3,10122
2022-01-25;10,0;57,0;0,68;27,5365;11,83;15,7056;18,0;;21,614933333333337;13,925;29,5667;48,291670833333335;1,3684792458333332;3,05128
2022-01-26;14,0;61,0;0,72;23,5831;13,18;10,4073;20,0;;20,176391666666667;12,4667;28,35;60,49310833333333;1,5079814999999999;3,09462
2022-01-27;12,0;55,0;0,74;22,6538;12,03;10,6205;18,0;;19,2388875;12,75;26,7917;63,9201375;1,5589087916666668;3,24978
2022-01-28;14,0;59,0;0,74;19,4709;11,88;7,5881;20,0;;18,784366666666667;12,225;26,4583;68,06599166666668;1,4913736666666668;3,0803
2022-01-29;12,0;48,0;0,73;14,1827;9,13;5,05685;20,0;;19,015016666666668;13,1909;25,2417;65,56252083333334;1,4984122083333336;3,18345
2022-01-30;11,0;38,0;0,73;10,1445;6,79;3,35431;27,0;;20,363075;12,9833;27,8083;62,26736666666667;1,2210542500000001;2,91779
2022-01-31;13,0;46,0;0,77;20,2649;11,65;8,61935;26,0;;21,94962083333333;14,5583;29,725;50,28819583333333;1,20789011125;2,70765
2022-02-01;12,0;53,0;0,79;26,9605;14,2;12,7635;20,0;;20,479520833333336;14,175;27,1833;49,100720833333334;1,2875727166666666;3,0607
2022-02-02;13,0;57,0;0,81;23,8807;13,68;10,1981;21,0;;21,088541666666668;13,425;28,9667;54,159725;1,3385099208333333;2,87843
2022-02-03;10,0;48,0;0,84;21,8946;13,29;8,60085;15,0;;19,601387499999998;13,3083;26,3917;60,34374583333334;1,3598280291666667;3,1134
2022-02-04;9,0;44,0;0,64;20,1029;11,4;8,70732;20,0;;20,657295833333333;12,6417;28,3333;57,857641666666666;1,2826385833333334;3,03975
2022-02-05;11,0;43,0;0,63;17,2568;11,24;6,0175;26,0;;23,007237500000002;14,45;30,4833;51,590275;0,9958485125;2,67621
2022-02-06;13,0;51,0;0,71;19,9593;12,16;7,80112;28,0;;24,072924999999998;15,5333;32,9274;45,2187625;1,0468828916666666;3,13956
2022-02-07;13,0;58,0;0,67;25,28;14,14;11,1443;20,0;;21,909379166666668;14,325;29,25;50,72222083333333;1,3598098329166666;3,04471
2022-02-08;14,0;61,0;0,7;28,6169;15,09;13,5305;22,0;;22,39270833333333;13,5;31,925;53,59375416666666;1,1604629416666665;3,1319
2022-02-09;18,0;67,0;0,73;26,8588;15,43;11,4284;24,0;;21,382291666666664;14,1417;29,2833;56,22917916666666;1,4271869583333334;3,30914
2022-02-10;18,0;54,0;0,71;15,3448;11,1;4,24491;20,0;;18,017358333333334;13,1167;23,6167;73,1632125;1,623836625;3,41168
2022-02-11;18,0;59,0;0,66;19,0844;12,57;6,51727;27,0;;20,4787625;13,9083;28,3818;59,7888375;0,9932603958333334;2,49109
2022-02-12;29,0;80,0;0,81;28,5889;18,45;10,1447;37,0;;23,062495833333333;14,7;31,475;41,562512500000004;1,1447541666666667;3,21249
2022-02-13;18,0;56,0;0,62;10,6212;7,21;3,43268;32,0;;20,851741666666666;13,7167;27,85;51,583329166666665;1,2923112541666666;2,80729
2022-02-14;18,0;64,0;0,67;18,2384;11,51;6,73234;29,0;;20,4316;13,275;29,2917;63,50695416666667;1,2760833666666667;2,95992
2022-02-15;19,0;63,0;0,63;17,1492;11,62;5,52904;24,0;;18,746845833333335;12,7417;26,225;70,58265833333333;1,505599625;3,01877
2022-02-16;16,0;67,0;0,63;30,6446;17,76;12,889;28,0;;21,809124999999998;12,3583;31,275;57,19413333333333;0,9601176958333334;2,76019
2022-02-17;17,0;65,0;0,66;30,8668;18,92;11,9585;32,0;;23,4308375;14,625;32,3917;46,308704166666665;0,9472106666666668;2,89377
2022-02-18;24,0;78,0;0,76;35,0962;19,98;15,1185;31,0;;22,1142375;14,425;30,6417;42,041666666666664;1,1590921666666667;3,28473
2022-02-19;16,0;54,0;0,61;20,9562;12,78;8,17784;27,0;;20,893408333333333;11,35;29,6667;42,624991666666666;1,0255596999999999;2,62873
2022-02-20;9,0;40,0;0,6;16,3795;9,39;6,9932;19,0;;19,984020833333336;13,0833;26,9833;51,069475000000004;1,1625113375;2,77819
2022-02-21;9,0;43,0;0,65;25,5334;12,25;13,2872;14,0;;18,3951375;11,5833;26,4333;59,628475;1,3193173708333334;2,75253
2022-02-22;8,0;42,0;0,58;19,9883;10,59;9,40176;18,0;;17,687491666666666;11,025;25,4909;62,017358333333334;1,2783825291666666;2,51947
2022-02-23;6,0;36,0;0,54;16,7256;8,85;7,87977;14,0;;17,357295833333335;11,525;24,075;59,18405416666667;1,4073785708333333;3,05354
2022-02-24;12,0;41,0;0,58;35,6827;15,37;20,3092;15,0;;19,0076;11,0667;27,35;58,000008333333334;0,8068472208333333;2,17361
2022-02-25;14,0;52,0;0,64;29,8494;16,93;12,9191;24,0;;20,659029166666667;11,65;29,9667;50,40278333333333;1,0151335958333332;2,67466
2022-02-26;10,0;43,0;0,51;20,9941;11,78;9,20964;24,0;;20,9475625;12,0;28,9083;47,590270833333335;1,1951337958333332;2,80466
2022-02-27;6,0;34,0;0,45;14,8251;8,14;6,68764;18,0;;20,21527083333333;12,9583;27,6417;50,69792916666666;1,1074439041666666;2,4469
2022-02-28;10,0;57,0;0,56;31,9003;17,65;14,2467;18,0;;21,066291666666668;11,8909;29,4083;41,44790833333334;0,972058875;2,22945
2022-03-01;17,0;78,0;0,85;50,1157;24,56;25,5539;25,0;;21,563458333333333;11,875;30,9101;39,229170833333335;0,8495690291666667;2,64225
2022-03-02;17,0;73,0;0,57;41,9618;22,77;19,1961;27,0;;22,407641666666667;13,6;31,4333;44,21527916666667;0,9306183375;2,70395
2022-03-03;15,0;63,0;0,55;29,5722;17,59;11,982;23,0;;21,237870833333332;13,7167;28,8168;55,4132625;1,2017660416666667;2,79436
2022-03-04;12,0;57,0;0,51;34,8242;17,35;17,4775;21,0;;21,50208333333333;14,625;28,875;56,38543333333333;1,23020421875;2,83347
2022-03-05;11,0;50,0;0,51;19,9279;12,15;7,78093;21,0;;21,717366666666667;15,0333;29,4917;46,30902916666667;0,86085075;1,9527
2022-03-06;8,0;41,0;0,38;11,0671;7,84;3,23208;18,0;;18,3107625;13,0583;23,875;44,02778333333333;1,1160860958333334;2,57837
2022-03-07;10,0;50,0;0,51;37,3702;17,22;20,1502;18,0;;19,86916;9,74167;29,9182;44,61110416666667;0,7856157416666667;1,7886
2022-03-08;12,0;60,0;0,5;29,5907;14,24;15,3511;15,0;;18,805937500000002;12,175;24,9333;49,659729166666665;1,3360951625000002;3,33266
2022-03-09;11,0;57,0;0,55;31,4032;16,57;14,8327;19,0;;19,348958333333332;10,3833;28,15;52,381949999999996;0,9195093666666666;2,38177
2022-03-10;14,0;73,0;0,51;34,477;21,66;12,8139;23,0;;21,1920125;12,375;30,25;47,625;0,7608582333333334;2,46697
2022-03-11;17,0;75,0;0,63;51,4319;23,26;28,171;22,0;;21,226666666666667;13,4083;29,7818;45,6041625;0,9269819625000001;2,83497
2022-03-12;22,0;66,0;0,58;24,2734;15,05;9,22551;23,0;;19,04469166666667;11,8667;27,05;57,4270875;1,0535340041666668;2,52681
2022-03-13;19,0;60,0;0,62;25,4291;16,38;9,04893;30,0;;21,368325;12,3833;31,1901;55,70487083333333;0,7971586083333334;2,44448
2022-03-14;22,0;75,0;0,57;38,2426;25,25;12,9906;26,0;;21,396533333333334;13,0167;30,8417;55,239583333333336;0,8513494958333333;2,82423
2022-03-15;;84,0;0,61;46,7267;25,91;20,8143;22,0;;20,535004166666667;12,9167;28,1917;61,788199999999996;1,0271720008333334;2,7618
2022-03-16;;67,0;0,58;26,9113;20,62;6,28995;18,0;;17,582708333333333;12,7333;24,0667;76,34030833333334;1,2407205;2,87502
2022-03-17;;69,0;0,54;21,9848;17,41;4,57422;19,0;;16,965254166666668;13,55;21,2;77,96184583333333;1,06289955;2,22541
2022-03-18;;74,0;0,72;42,668;24,89;17,7818;19,0;;19,876987500000002;11,9833;28,5167;58,3611125;0,703226205;2,31667
2022-03-19;17,0;74,0;0,75;49,1529;27,28;21,8715;22,0;;21,6094125;15,875;29,575;42,18403333333333;0,6078033125;2,13387
2022-03-20;17,0;70,0;0,64;27,7105;20,24;7,47381;22,0;;20,0701375;14,2417;26,2083;38,31944583333333;1,1153930749999998;3,05711
2022-03-21;10,0;59,0;0,51;37,4583;18,54;18,9176;14,0;;17,063544583333332;9,425;24,9083;52,121520833333335;0,8716708125;2,14074
2022-03-22;12,0;63,0;0,5;36,4289;19,56;16,8683;20,0;;18,1295125;10,4;27,1917;54,85795833333333;0,8919538083333333;2,54245
2022-03-23;7,0;51,0;0,46;20,8255;13,26;7,5694;13,0;;14,889092916666668;9,05;21,0583;60,91320833333333;1,3094693750000002;2,63316
2022-03-24;12,0;80,0;0,62;52,8581;27,28;25,5775;13,0;;17,584161666666667;8,26668;28,2333;47,8885875;0,5703245;1,73974
2022-03-25;19,0;98,0;0,95;90,0745;32,14;57,9312;20,0;;19,578858333333333;10,0167;29,4667;39,854175;0,8674816429166666;2,72746
2022-03-26;18,0;70,0;0,55;25,7025;17,27;8,43066;21,0;;15,803820833333333;10,1833;22,425;63,75315833333334;1,107258675;2,84341
2022-03-27;18,0;63,0;0,64;31,3289;21,56;9,76443;22,0;;17,626684583333333;9,35001;27,8333;58,87469166666667;0,4770525179166667;2,05013
2022-03-28;17,0;70,0;0,71;59,3293;25,65;33,6841;19,0;;18,706595833333335;11,025;26,85;46,958329166666665;0,8642273654166667;2,72728
2022-03-29;12,0;77,0;0,59;37,0629;21,05;16,0115;16,0;;16,804514166666667;9,20001;25,2167;51,80555833333333;0,8979125583333333;2,33532
2022-03-30;15,0;88,0;0,62;59,3518;27,42;31,9272;12,0;;16,760415;7,08333;26,1667;40,84375416666666;0,5651409875;2,04498
2022-03-31;18,0;98,0;0,9;97,2948;36,74;60,5567;13,0;;18,4078975;8,66667;28,0727;34,690975;0,47919349624999996;1,55734
2022-04-01;22,0;96,0;0,84;86,2554;35,35;50,9114;19,0;;18,723612499999998;9,74167;27,9917;38,270825;0,735124175;2,17413
2022-04-02;24,0;77,0;0,75;46,7122;25,45;21,2594;22,0;;17,34305708333333;9,96667;25,4333;51,2291625;0,9480004541666666;2,57031
2022-04-03;13,0;44,0;0,52;21,1593;15,09;6,06912;17,0;;16,710004166666668;9,95;24,75;61,34375;0,7239669750000001;1,69721
2022-04-04;15,0;73,0;0,66;50,4185;29,88;20,5354;15,0;;18,4620875;9,675;28,225;50,027770833333335;0,588526725;2,20622
2022-04-05;18,0;78,0;0,7;61,8298;32,21;29,6242;22,0;;19,606941666666668;11,1167;29,3833;45,96875416666666;0,7003587541666666;2,27636
2022-04-06;20,0;84,0;0,74;65,1176;35,04;30,0767;19,0;;19,1024375;10,6417;28,45;47,420141666666666;0,6250625583333334;2,38144
2022-04-07;20,0;85,0;0,76;71,9388;35,5;36,4382;20,0;;19,530933333333333;10,6083;29,4091;50,537887500000004;0,5134733416666667;2,32235
2022-04-08;19,0;77,0;0,7;60,9984;30,97;30,037;20,0;;19,161458333333332;11,5333;27,7083;52,0764;0,7818624833333333;2,3196
2022-04-09;11,0;43,0;0,52;25,857;15,74;10,1175;12,0;;15,142005833333334;9,13333;21,975;66,8819375;1,0326218958333333;2,67273
2022-04-10;8,0;35,0;0,43;19,116;12,23;6,88522;12,0;;14,26702;9,05;21,55;66,9479125;0,8364094999999999;2,57943
2022-04-11;10,0;47,0;0,52;35,698;20,29;15,4043;12,0;;14,469792916666668;7,39167;21,7417;62,096916666666665;0,6815164;2,10114
2022-04-12;11,0;68,0;0,56;36,678;24,12;12,5536;10,0;;14,973608333333333;10,4167;21,1833;49,86805416666667;0,8402494166666666;1,9693
2022-04-13;21,0;97,0;1,09;106,317;44,36;61,9548;13,0;;16,899309166666665;7,25;28,1417;46,72569583333333;0,3686985166666667;1,5316
2022-04-14;23,0;95,0;0,99;97,5546;32,62;64,9382;17,0;;15,586394166666667;8,75833;23,525;54,038199999999996;1,0123879708333334;2,23792
2022-04-15;17,0;44,0;0,46;17,2025;12,48;4,72367;17,0;;11,1684075;8,15833;15,1083;83,03827916666667;0,890183675;1,84996
2022-04-16;31,0;73,0;0,66;31,0538;20,04;11,0141;21,0;;13,445477916666666;6,28333;23,3417;71,73544166666666;0,5753890625;1,83065
2022-04-17;35,0;82,0;1,13;57,798;27,07;30,7275;20,0;;14,201385416666668;7,125;23,725;66,72948333333333;0,6058930466666667;2,42008
2022-04-18;27,0;83,0;0,83;66,4027;34,92;31,4789;14,0;;13,798256666666667;6,51667;23,0333;68,44097916666666;0,6622972666666667;2,17915
2022-04-19;29,0;84,0;0,81;64,5674;32,64;31,9284;12,0;;14,356217083333334;9,47501;21,5583;69,00352500000001;0,7123702666666666;2,29173
2022-04-20;19,0;76,0;0,76;58,2267;28,66;29,5623;12,0;;15,197574583333333;8,78333;22,3417;68,06945;0,537555075;1,56894
2022-04-21;26,0;96,0;0,85;78,5897;35,07;43,516;6,0;;14,341980416666667;9,28333;19,1583;69,7118;0,6084252541666667;1,4317
2022-04-22;24,0;66,0;0,74;55,5444;30,17;25,3785;9,0;;15,39305;11,125;21,8583;69,84029583333334;0,6988640333333334;2,12085
2022-04-23;22,0;65,0;1,08;80,0327;26,99;53,0413;14,0;;16,139240416666667;9,02499;23,95;65,98989999999999;0,6510764916666666;1,9656
2022-04-24;11,0;41,0;0,73;41,0201;17,17;23,853;10,0;;15,076042083333334;9,51668;20,0583;69,98615833333334;0,9094683833333334;2,84299
2022-04-25;8,0;37,0;0,54;32,3607;15,82;16,5375;7,0;;15,664237499999999;10,7;22,2583;72,5524875;0,9923914166666666;3,10817
2022-04-26;5,0;22,0;0,5;22,4074;14,96;7,44399;5,0;;14,021183333333333;10,65;18,75;78,37854583333333;1,1974342375;3,92794
2022-04-27;14,0;37,0;0,62;52,0309;20,38;31,6407;3,0;;10,827434166666668;8,35001;13,8083;91,6434;0,6470095583333334;2,27731
2022-04-28;33,0;101,0;1,31;136,655;32,29;104,364;5,0;;11,743436666666668;5,38333;20,0417;79,94101666666667;0,4011786875;1,46193
2022-04-29;41,0;110,0;1,32;143,152;44,16;98,9951;8,0;;14,0020775;6,33333;24,7083;69,45767916666667;0,4712192333333333;2,22447
2022-04-30;32,0;81,0;1,19;81,7103;31,81;49,9038;12,0;;13,90417375;7,075;22,9417;65,73958333333333;0,40718220833333335;1,87156
2022-05-01;38,0;76,0;1,22;78,8297;29,52;49,3064;15,0;;12,991662499999999;6,55;20,7833;66,2812625;0,5259885208333334;1,96362
2022-05-02;26,0;72,0;0,88;79,2169;35,86;43,3609;7,0;;13,226049166666668;6,65833;22,0917;62,43055833333333;0,324258775;1,19646
2022-05-03;39,0;118,0;1,41;155,091;49,35;105,74;13,0;;15,616665;6,65;27,125;54,56597083333333;0,33577663333333335;1,24186
2022-05-04;35,0;100,0;1,05;119,22;43,43;75,7874;11,0;;16,220143333333333;8,81667;26,2667;56,3264;0,8389912916666667;2,21798
2022-05-05;39,0;74,0;0,74;57,1772;29,76;27,4172;3,0;;10,421528333333333;8,70003;14,2333;93,18059583333333;0,6792930416666666;1,67681
2022-05-06;55,0;101,0;1,31;121,765;47,88;73,8853;9,0;;13,735769583333335;7,64167;24,3667;76,0555625;0,47935050416666664;1,19844
2022-05-07;45,0;90,0;1,25;98,9948;30,29;68,7091;16,0;;13,177082916666665;6,925;22,8;70,4368125;0,7727377166666667;1,97944
2022-05-08;30,0;46,0;0,7;20,7527;15,61;5,13972;11,0;;10,66509125;8,93333;12,0;86,1010625;0,6169553333333333;1,21999
2022-05-09;42,0;84,0;0,9;60,4083;34,1;26,3045;7,0;;12,760412500000001;6,09167;21,0417;71,03471666666667;0,3625641416666667;0,777569
2022-05-10;54,0;133,0;1,43;136,025;51,63;84,3992;10,0;;15,1007275;7,75;23,775;64,92329166666667;0,6029459079166667;1,77268
2022-05-11;56,0;139,0;1,5;154,26;56,26;98,0002;5,0;;15,356587500000002;10,1667;21,1167;68,302075;0,326191825;0,961606
2022-05-12;55,0;121,0;1,05;105,64;41,89;63,7538;3,0;;13,630899999999999;11,0091;17,45;77,88232916666666;0,4131092541666667;1,45127
2022-05-13;51,0;109,0;1,0;87,4691;39,24;48,2263;8,0;;13,631606249999999;7,33333;20,7167;72,06249166666667;0,47264124999999996;1,47583
2022-05-14;52,0;125,0;1,57;124,791;43,66;81,1353;5,0;;12,507957083333332;7,70833;19,075;71,47222916666666;0,31514240416666667;0,981706
2022-05-15;53,0;121,0;1,78;125,132;41,07;84,0651;14,0;;13,462157916666667;5,00833;24,025;60,13889583333333;0,4397427375;1,61051
2022-05-16;54,0;120,0;1,43;138,101;47,78;90,3236;6,0;;10,736808333333334;4,24167;19,5583;72,05905833333334;0,5009633833333333;1,73709
2022-05-17;67,0;146,0;1,65;176,629;56,77;119,856;8,0;;10,18224695652174;3,66667;20,75;74,7503347826087;0,5087836416666667;1,49383
2022-05-18;70,0;155,0;1,6;169,293;54,22;115,076;6,0;;10,26114125;4,1;19,6091;76,1701375;0,7672713416666667;2,3679
2022-05-19;35,0;93,0;0,81;68,9803;29,15;39,8283;8,0;;11,917708750000001;6,43333;17,6917;72,3993125;0,625490175;1,6227
2022-05-20;33,0;89,0;1,31;120,004;34,63;85,3706;5,0;;13,229520416666666;9,27499;19,0;72,85070416666667;0,65561775;2,03139
2022-05-21;38,0;84,0;1,23;79,4645;32,27;47,1897;8,0;;12,208674166666666;5,78333;20,2583;75,72888333333333;0,36683314166666664;1,30304
2022-05-22;40,0;85,0;1,44;87,2733;33,83;53,4424;4,0;;12,402434166666666;9,425;15,8417;71,47571666666667;0,42724113750000003;1,42438
2022-05-23;21,0;72,0;0,73;51,0258;31,17;19,8484;3,0;;14,036462499999999;11,575;18,55;62,37152916666667;0,5508755166666667;1,33414
2022-05-24;27,0;88,0;1,23;118,51;37,81;80,7007;2,0;;13,916666666666666;10,1083;19,325;73,677075;0,3174060458333333;0,911648
2022-05-25;36,0;102,0;1,27;120,962;39,21;81,7533;5,0;;13,488895833333332;8,58333;20,7;76,56253333333333;0,43850353333333336;1,58013
2022-05-26;46,0;108,0;1,51;141,873;36,19;105,685;3,0;;10,133683333333334;5,81667;16,45;83,51042083333333;0,6198846125;1,89206
2022-05-27;77,0;170,0;1,82;200,584;47,73;152,858;1,0;;8,88681;5,6;13,1083;86,7739625;0,28523695416666667;0,773271
2022-05-28;103,0;186,0;1,67;168,685;49,23;119,459;1,0;;9,1670175;5,03333;12,3667;83,53855416666666;0,4406726875;1,12965
2022-05-29;60,0;106,0;1,19;75,9061;30,01;45,9011;8,0;;7,036464166666666;1,975;15,2667;75,47639166666666;0,4523584666666667;1,88132
2022-05-30;52,0;111,0;1,28;124,601;40,82;83,7845;6,0;;6,54618225;0,316667;15,6333;67,03125416666667;0,3952956166666666;1,86077
2022-05-31;52,0;117,0;1,25;137,748;43,24;94,5067;7,0;;6,240214652173913;0,1;14,075;63,5069375;0,5607143;2,00661
2022-06-01;33,0;78,0;0,78;65,7688;31,2;34,566;8,0;;6,157613204347826;0,0166667;11,4667;71,84343750000001;0,6790542416666666;1,82663
2022-06-02;30,0;66,0;0,87;75,9623;35,79;40,1712;2,0;;8,431252916666667;5,50833;12,7333;84,5834;0,28013027916666666;0,521409
2022-06-03;36,0;71,0;1,26;138,916;35,24;103,668;1,0;;9,401739583333333;7,49167;12,1417;88,36462083333333;0,4419539083333333;1,17902
2022-06-04;14,0;35,0;0,63;57,1217;26,29;30,8341;1,0;;11,640274166666666;8,86667;14,7083;82,08612083333334;0,8762252916666666;2,2086
2022-06-05;12,0;35,0;0,81;46,2783;21,56;24,7214;6,0;;12,42916125;7,25833;18,275;69,1007;0,5252212458333333;1,83508
2022-06-06;27,0;76,0;1,18;116,0;34,93;81,0728;4,0;;10,388538333333333;4,19167;19,4;75,90279583333333;0,4005727416666667;1,13164
2022-06-07;45,0;104,0;1,33;136,567;42,42;94,1462;4,0;;10,4107625;5,33333;18,375;80,27777916666666;0,4491499833333334;1,05099
2022-06-08;42,0;84,0;1,1;102,755;33,47;69,2842;5,0;;9,599654583333333;4,53333;16,2417;84,63860416666667;0,5004012875;1,48747
2022-06-09;56,0;113,0;1,87;115,48;45,83;69,6453;2,0;;9,619445;6,14167;15,6333;87,20140416666668;0,47574323749999997;1,24558
2022-06-10;68,0;153,0;2,76;266,474;52,67;213,804;3,0;;11,974622916666666;4,55833;23,9417;64,31944583333333;0,36296585;0,939052
2022-06-11;53,0;115,0;1,46;142,977;42,76;100,219;6,0;;11,8583375;4,85;22,8;59,65973333333333;0,48945206666666663;1,65627
2022-06-12;73,0;116,0;1,5;88,1855;30,81;57,3727;7,0;;8,79722625;3,00833;20,3167;81,65281666666667;0,5136202458333333;1,13773
2022-06-13;53,0;94,0;1,38;91,3364;31,46;59,8752;2,0;;7,809029166666666;4,71667;14,1667;88,04865833333334;0,64460335;1,96204
2022-06-14;49,0;87,0;1,05;52,7558;25,78;26,9806;3,0;;7,77465375;5,35833;11,1417;83,88167916666667;0,5448513166666666;1,3183
2022-06-15;45,0;98,0;1,27;126,336;29,46;96,8754;4,0;;7,070840416666666;1,79167;13,9167;82,83964583333334;0,39736065833333334;1,82137
2022-06-16;37,0;79,0;0,9;90,1829;25,67;64,5157;4,0;;8,973267916666666;6,06667;13,4917;81,27849166666667;0,3670594708333333;1,0365
2022-06-17;47,0;105,0;1,38;125,592;34,34;91,2504;4,0;;7,3447941666666665;1,925;15,4417;75,7525125;0,253601865;0,615844
2022-06-18;74,0;140,0;1,76;152,929;41,63;111,295;4,0;;9,058677916666667;2,69167;16,0;66,12152916666666;0,41365824999999995;1,03881
2022-06-19;86,0;145,0;1,79;133,326;40,18;93,149;3,0;;9,063888333333333;5,55833;14,6833;67,3368125;0,25775128125;1,05777
2022-06-20;75,0;128,0;1,75;135,568;34,32;101,239;3,0;;7,935066666666667;4,81667;12,1167;73,75000416666667;0,5696137666666666;1,84558
2022-06-21;42,0;79,0;1,12;76,8599;21,93;54,9287;7,0;;7,7419433333333325;4,21667;11,4583;80,68751666666667;0,4522065458333333;1,61247
2022-06-22;42,0;92,0;1,26;113,72;31,06;82,6624;2,0;;8,712844166666667;4,34167;13,5583;78,6941;0,4501282958333333;1,14454
2022-06-23;16,0;44,0;1,08;67,8867;21,15;46,7371;4,0;;9,642359583333333;6,325;13,6583;82,1666625;0,853006375;2,27398
2022-06-24;35,0;110,0;1,71;187,328;31,32;155,988;1,0;;8,048644166666667;4,00833;11,5833;83,4895875;0,26636339583333335;0,580334
2022-06-25;45,0;115,0;1,72;168,629;30,9;137,733;3,0;;9,352082916666665;4,20833;16,0;76,03720416666667;0,3436537508333333;1,18134
2022-06-26;64,0;113,0;1,61;118,469;25,83;92,6403;3,0;;6,440628333333334;2,40833;12,6417;86,635425;0,3523308041666666;1,43322
2022-06-27;32,0;54,0;1,01;64,822;18,03;46,7921;6,0;;7,339931666666666;1,775;14,4667;81,0562625;0,8213120416666667;2,26775
2022-06-28;30,0;83,0;1,69;168,528;33,05;135,482;2,0;;8,750356250000001;2,21667;18,2917;73,91607499999999;0,4901044958333333;1,24258
2022-06-29;36,0;92,0;1,35;154,431;37,89;116,545;3,0;;9,985771666666666;3,40001;17,6417;66,5035875;0,5641229916666667;1,89793
2022-06-30;35,0;83,0;1,26;97,1678;34,12;63,0529;4,0;;11,764175833333333;5,525;20,1667;67,9027875;0,5417286041666667;1,07522
2022-07-01;11,0;29,0;0,84;37,1901;23,38;13,8062;6,0;;8,11458125;4,83333;10,4833;82,666675;1,3838619791666666;3,39303
2022-07-02;25,0;53,0;1,01;86,2318;24,11;62,1268;6,0;;5,824308875;0,7;12,4917;84,81047083333333;0,3513167375;1,49172
2022-07-03;60,0;121,0;2,13;137,67;29,0;108,666;1,0;;5,32639;3,10833;8,31667;90,3125875;0,25271452499999997;0,847599
2022-07-04;57,0;127,0;1,47;187,11;33,85;153,263;3,0;;6,939587499999999;1,51667;14,3667;77,0417125;0,3478344166666667;0,881165
2022-07-05;43,0;105,0;1,24;146,241;37,15;109,094;4,0;;6,8444408333333335;1,26667;14,6833;75,19445;0,48888781666666664;1,52056
2022-07-06;37,0;76,0;1,26;126,41;30,12;96,2946;2,0;;5,2482637500000004;1,76667;8,68333;90,5590625;0,592049925;1,97311
2022-07-07;54,0;128,0;1,78;194,358;43,8;150,555;2,0;;6,646878916666666;0,116667;15,8417;83,77082916666667;0,30496585833333334;0,732007
2022-07-08;41,0;86,0;1,05;133,197;31,54;101,659;4,0;;9,580557083333334;4,74167;14,8583;83,90279583333334;1,0240666666666667;2,79836
2022-07-09;12,0;31,0;0,77;23,8846;18,11;5,77584;8,0;;8,426740833333334;6,025;10,975;85,291675;1,2111561666666668;3,69692
2022-07-10;7,0;11,0;0,76;21,5408;16,89;4,64597;8,0;;6,507638333333333;5,33334;9,06667;94,2326625;0,7097177833333334;2,26353
2022-07-11;13,0;29,0;1,01;56,8684;23,06;33,8131;4,0;;6,9281258333333335;3,725;11,5;90,29167916666667;0,23629560833333332;0,707188
2022-07-12;27,0;75,0;1,13;103,974;30,91;73,0596;3,0;;7,978469583333333;3,06667;16,0833;80,131975;0,31679721666666666;0,917922
2022-07-13;32,0;78,0;0,97;124,184;26,89;97,298;3,0;;7,011459583333333;2,38333;11,4417;85,84174166666666;0,6512985791666667;2,53904
2022-07-14;9,0;19,0;0,72;40,0397;21,04;18,9999;8,0;;6,380208333333333;2,975;11,2583;87,38228333333332;1,2456524458333333;3,21454
2022-07-15;17,0;37,0;1,0;60,1901;26,02;34,172;4,0;;5,881596666666667;3,14167;9,02499;85,98264999999999;0,8645936666666666;1,62276
2022-07-16;19,0;47,0;1,19;56,2075;23,19;33,0195;8,0;;6,014585416666667;1,49167;11,45;79,17016666666667;0,4225895;1,26573
2022-07-17;42,0;86,0;1,28;96,299;31,14;65,1545;2,0;;5,898960416666667;2,71667;9,81667;76,57324583333333;0,39292345416666663;1,65756
2022-07-18;44,0;118,0;1,82;178,721;40,23;138,487;3,0;;8,331942916666668;1,00833;18,9083;68,31597083333334;0,37638818333333335;0,816597
2022-07-19;46,0;128,0;1,58;188,562;45,66;142,902;3,0;;10,225064583333333;1,9;20,7182;65,54861666666666;0,42533427083333336;1,0358
2022-07-20;44,0;113,0;1,14;147,483;37,28;110,205;5,0;;9,746181666666667;3,425;18,0167;72,04862916666667;0,5837186333333334;1,97232
2022-07-21;44,0;112,0;1,5;125,25;36,76;88,4912;5,0;;9,917357916666667;3,55;19,525;71,88645;0,4128130208333333;1,35423
2022-07-22;54,0;143,0;1,33;169,781;46,28;123,498;5,0;;11,6357625;4,05833;21,475;66,50695416666666;0,4397896666666667;1,07303
2022-07-23;51,0;111,0;1,08;111,808;32,41;79,3958;8,0;;11,041825416666667;5,675;19,25;76,96812083333333;0,6028599541666667;1,7521
2022-07-24;44,0;74,0;0,93;61,5061;19,75;41,7552;5,0;;8,779515;5,95;13,6917;94,1629375;0,7485889083333334;2,19983
2022-07-25;27,0;55,0;0,89;42,7607;22,99;19,7691;3,0;;9,236432083333334;6,49167;13,4909;90,267375;0,80722;1,62527
2022-07-26;26,0;66,0;1,16;82,9275;23,48;59,4461;6,0;;9,239585416666666;3,49167;15,9833;82,48543333333333;0,5471856645833334;1,89691
2022-07-27;22,0;52,0;0,99;44,2445;21,56;22,6827;4,0;;9,759727083333333;7,45833;12,0167;87,36393333333332;0,68169075;1,75224
2022-07-28;30,0;82,0;1,29;94,2365;29,77;64,4623;5,0;;9,822912916666667;4,825;17,2083;76,42709166666667;0,3625775625;0,950279
2022-07-29;40,0;112,0;1,32;135,738;39,78;95,9531;5,0;;10,667362500000001;2,61667;21,325;69,25694166666666;0,5344315666666667;1,89711
2022-07-30;36,0;73,0;0,82;48,88;21,64;27,237;4,0;;8,948957916666666;6,79167;10,5667;87,51840833333334;0,6938489;1,76539
2022-07-31;45,0;84,0;1,16;47,8117;26,66;21,1533;9,0;;10,404480416666667;4,1;16,825;76,3263875;0,45662767916666663;1,51177
2022-08-01;43,0;81,0;1,11;66,2863;23,64;42,6418;8,0;;7,939275416666667;5,40833;11,225;91,815;0,8767684333333333;2,23204
2022-08-02;58,0;104,0;0,98;47,7723;30,97;16,7986;6,0;;9,5767675;6,10833;14,575;80,19100833333333;0,5533039541666667;1,16757
2022-08-03;41,0;84,0;1,04;93,0988;23,46;69,6414;11,0;;7,993749583333333;3,075;13,225;80,76738333333334;0,913403375;2,53078
2022-08-04;32,0;74,0;1,03;60,6542;28,86;31,7962;;;7,993054166666667;2,18333;15,6833;74,52015833333333;0,36488180833333334;1,51674
2022-08-05;45,0;104,0;1,49;124,978;35,3;89,6743;9,0;;8,728124166666666;2,13334;16,9083;67,96875416666667;0,47609220833333327;2,07761
2022-08-06;24,0;48,0;1,02;41,6832;24,44;17,2413;5,0;;9,126418333333334;7,28333;12,4833;88,7396;0,6017012041666666;1,95163
2022-08-07;8,0;17,0;0,77;21,7954;14,05;7,74903;13,0;;7,678818333333333;4,05;12,325;85,30176666666667;0,7533933666666667;2,22062
2022-08-08;25,0;64,0;1,2;95,2921;26,73;68,5596;7,0;;7,64201625;2,05;15,4667;78,26737916666667;0,33751122083333335;1,08964
2022-08-09;40,0;121,0;1,66;187,739;47,37;140,373;4,0;;11,023615;1,175;23,9417;61,72222083333333;0,38666479125000003;0,95112
2022-08-10;29,0;86,0;1,26;125,614;33,53;92,0885;10,0;;11,4423875;4,74167;18,3091;58,954858333333334;0,8718420625;2,62777
2022-08-11;34,0;75,0;0,94;67,8325;27,65;40,1807;14,0;;10,062845000000001;3,525;19,85;76,9063;0,8217412749999999;2,62128
2022-08-12;21,0;49,0;0,92;33,7688;19,61;14,1625;15,0;;9,571560833333333;5,90833;14,225;77,14239583333334;0,7584592708333333;1,77593
2022-08-13;36,0;77,0;1,23;82,6149;25,09;57,5295;14,0;;9,407285416666666;2,925;16,7667;74,37085416666666;0,6593331041666667;1,72509
2022-08-14;21,0;43,0;0,95;42,8163;18,27;24,5448;11,0;;8,177782083333334;4,25;12,825;85,56875833333334;0,9055025833333333;2,28693
2022-08-15;6,0;16,0;0,8;17,607;13,73;3,87953;17,0;;8,92775;5,34167;13,8;78,62502083333334;0,9173237916666667;3,79192
2022-08-16;26,0;78,0;1,2;96,4447;30,84;65,6036;1,0;;9,109729166666666;7,81667;10,9167;84,52085416666667;0,7364205583333333;1,94584
2022-08-17;18,0;36,0;0,8;40,8001;21,32;19,4797;4,0;;8,132957083333332;4,39167;11,9333;88,90837499999999;0,6130099999999999;1,53832
2022-08-18;30,0;84,0;1,24;96,2781;30,5;65,776;7,0;;8,263198749999999;1,51667;16,8167;70,68894166666666;0,3542387083333333;1,38852
2022-08-19;46,0;128,0;1,56;164,155;48,19;115,968;6,0;;12,834380000000001;2,925;26,15;63,726400000000005;0,4636262;1,60891
2022-08-20;47,0;115,0;1,08;128,526;35,85;92,6799;14,0;;14,510414166666665;6,25;24,9417;63,034725;0,5756504041666667;2,01334
2022-08-21;39,0;81,0;0,91;71,6277;24,18;47,4496;20,0;;14,15174125;7,7;21,7667;68,31598333333334;0,7890336458333334;2,1548
2022-08-22;30,0;55,0;0,87;42,2816;24,21;18,0731;3,0;;9,5593425;8,11667;12,15;94,22570416666667;0,711109125;1,29388
2022-08-23;53,0;105,0;0,94;47,1068;31,18;15,923;10,0;;12,503475;9,36665;19,0583;79,40279583333333;0,8973552499999999;1,96349
2022-08-24;58,0;123,0;1,19;87,0594;38,34;48,7158;5,0;;12,438789166666666;7,79092;19,4083;78,67740416666666;0,5347145249999999;2,03645
2022-08-25;52,0;132,0;1,23;116,047;41,34;74,7057;12,0;;13,245485416666666;5,26667;22,9667;69,13540833333333;0,4535037208333333;1,49907
2022-08-26;52,0;124,0;1,08;146,426;38,77;107,661;3,0;;11,830867083333333;8,29092;17,525;76,80178333333333;0,6295598583333334;2,03745
2022-08-27;34,0;78,0;1,07;44,8614;22,05;22,8107;14,0;;12,548682083333333;7,85;19,1333;64,81944166666666;0,7658267958333332;2,18842
2022-08-28;46,0;129,0;1,69;109,466;35,73;73,7401;21,0;;16,43124625;5,40833;30,4917;50,454858333333334;0,27171591666666667;0,729291
2022-08-29;27,0;84,0;0,67;83,3348;29,31;54,0202;14,0;;14,583677916666666;8,05;23,6417;60,565979166666665;0,9499383250000001;2,59504
2022-08-30;24,0;53,0;0,82;30,9019;19,39;11,5096;8,0;;10,465007083333333;8,70004;14,0083;90,17675833333334;1,27115425;2,42056
2022-08-31;21,0;54,0;0,76;22,9575;18,49;4,47158;7,0;;9,722886666666666;8,3;11,0833;86,36080833333334;1,1439932916666666;1,93672
2022-09-01;25,0;57,0;0,75;30,5906;19,83;10,76;11,0;;10,21882;6,725;14,3583;74,53822083333334;0,6408496295833334;1,50414
2022-09-02;47,0;125,0;1,18;91,2272;33,03;58,1927;13,0;;12,390275416666666;3,36667;22,325;66,12879166666666;0,5938058666666667;2,12542
2022-09-03;41,0;108,0;1,03;85,6183;32,49;53,1313;20,0;;14,962847916666666;6,55833;24,9833;55,267358333333334;0,6758362666666667;2,14513
2022-09-04;38,0;83,0;1,17;65,5107;29,64;35,8663;25,0;;15,771439583333333;6,48333;26,8727;56,8854125;0,46492273125;1,72461
2022-09-05;32,0;86,0;0,8;75,4008;36,83;38,5735;20,0;;17,46344125;7,89167;28,1417;51,47222083333333;0,6266967916666667;1,96653
2022-09-06;32,0;92,0;1,02;72,3011;30,35;41,9558;20,0;;15,145489166666666;8,14168;25,3583;64,88889166666667;1,0989821041666668;3,31694
2022-09-07;12,0;32,0;0,71;17,4046;11,65;5,75576;20,0;;9,9684075;6,7;14,85;78,04516666666667;1,4070937083333332;2,09255
2022-09-08;9,0;26,0;0,85;37,9193;17,31;20,6108;15,0;;6,115278333333333;3,89167;8,93333;85,90311666666666;1,0229267125000001;2,11621
2022-09-09;32,0;97,0;1,25;117,563;32,44;85,1255;9,0;;9,543720833333333;1,21667;19,1909;70,55144583333333;0,33790977499999997;1,05992
2022-09-10;35,0;82,0;0,83;91,7354;22,2;69,5303;18,0;;10,972911250000001;3,95;18,5917;72,19477916666666;1,170377525;3,15779
2022-09-11;10,0;22,0;0,7;9,65887;8,47;1,18986;22,0;;9,854175416666667;6,23333;14,6833;82,22017083333334;0,7584933541666666;1,31007
2022-09-12;26,0;62,0;;75,0214;21,17;53,8543;15,0;;9,931599166666667;3,66667;17,025;78,20487916666666;0,9932571625;2,49191
2022-09-13;17,0;48,0;;23,9517;17,81;6,14362;20,0;;11,163545833333332;7,76667;16,575;73,16007083333334;0,8050179125;1,3771
2022-09-14;27,0;89,0;;86,1964;30,86;55,3393;16,0;;13,633332083333334;5,15;23,4417;63,2395875;0,5997858791666667;1,85278
2022-09-15;31,0;82,0;;70,8618;28,63;42,2325;18,0;;14,645175833333333;6,38333;23,3;61,5798625;0,7549850958333333;2,7805
2022-09-16;20,0;42,0;;19,5501;12,39;7,16029;13,0;;10,323917083333333;7,39167;13,9583;85,13164583333334;1,2111692083333334;2,78811
2022-09-17;17,0;32,0;;12,2954;9,16;3,13227;18,0;;10,526037083333334;8,00835;15,3333;80,24338333333334;1,19434625;2,36955
2022-09-18;8,0;18,0;;5,65095;4,62;1,03333;22,0;;9,920518750000001;7,93333;13,2583;78,68720416666666;1,3959725416666666;3,05598
2022-09-19;13,0;37,0;;15,433;9,88;5,54942;19,0;;10,7503175;5,9;15,7583;70,288225;0,8581950125;1,80079
2022-09-20;9,0;29,0;;12,2202;10,49;1,72935;18,0;;8,876765833333334;6,53333;12,2;70,31567083333333;1,3398319583333331;2,54287
2022-09-21;9,0;36,0;;27,8892;17,83;10,0614;16,0;;9,32986;2,55833;15,95;59,09724166666666;0,7611303208333333;2,52544
2022-09-22;16,0;67,0;;67,8799;27,04;40,8431;13,0;;12,720203750000001;3,075;22,7182;47,875008333333334;0,51366185;2,09903
2022-09-23;21,0;71,0;;60,8812;26,97;33,913;12,0;;13,77048625;8,8;19,875;62,583325;0,6852767708333333;2,12169
2022-09-24;11,0;27,0;;13,9876;10,39;3,59764;10,0;;10,713537916666667;9,96666;11,4833;87,99689166666667;1,0819783333333333;2,10561
2022-09-25;9,0;29,0;;9,9436;8,16;1,78778;21,0;;12,317705833333333;8,43333;18,1833;73,56598333333334;1,0074749166666666;2,31793
2022-09-26;13,0;43,0;;26,1728;16,16;10,0109;16,0;;12,579929583333334;8,10001;18,16;72,12153333333333;0,8613630458333333;2,52451
2022-09-27;17,0;53,0;;24,2989;16,06;8,23473;21,0;;14,729166666666666;7,26667;21,725;63,72538333333333;0,8060250958333334;2,40788
2022-09-28;17,0;60,0;;31,042;17,23;13,8092;15,0;;13,788550833333334;7,79167;20,625;72,69791666666667;1,1227738291666667;2,646
2022-09-29;21,0;68,0;;26,1774;17,8;8,37834;12,0;;12,690557083333333;9,34167;19,4818;82,8195125;1,201495875;3,09469
2022-09-30;31,0;87,0;;38,402;26,39;12,011;16,0;;16,010412499999997;10,275;24,3833;72,2709;0,803331875;2,94296
2022-10-01;25,0;69,0;;38,5559;19,17;19,3839;24,0;;16,614233333333335;10,625;24,8333;68,4274125;0,9340349625000001;2,86966
2022-10-02;23,0;59,0;;27,8672;17,56;10,3025;25,0;;16,723233750000002;8,30833;25,7;65,79101250000001;0,9303029916666666;2,92064
2022-10-03;12,0;30,0;;15,0918;12,01;3,0843;14,0;;10,344486666666667;8,45;14,4417;88,38933333333334;1,2277750833333334;2,16969
2022-10-04;11,0;41,0;;16,3487;13,34;3,00625;19,0;;11,717770416666667;8,7;16,8182;73,42017916666667;1,20839375;2,375
2022-10-05;10,0;37,0;;16,6696;11,21;5,49139;18,0;;12,125979166666667;9,03333;17,4909;72,04515833333333;0,9974519083333333;2,41626
2022-10-06;15,0;51,0;0,41;31,3024;19,01;12,2914;18,0;;15,251717083333332;8,76668;22,5583;62,107641666666666;0,7778316625;2,24862
2022-10-07;14,0;61,0;0,51;44,7561;18,39;26,3708;16,0;;16,921187916666668;9,375;25,85;60,32637916666667;1,28395518125;3,4479
2022-10-08;5,0;30,0;0,3;11,1971;8,31;2,88875;19,0;;15,048895833333333;10,6083;21,4833;61,278124999999996;1,2476899583333334;2,48356
2022-10-09;11,0;41,0;0,42;19,7874;13,02;6,77279;25,0;;16,59587125;7,28333;25,9667;44,1354125;0,8351029416666668;2,47739
2022-10-10;11,0;42,0;0,36;15,7897;9,86;5,93162;21,0;;14,32985625;9,01668;20,35;56,302079166666665;1,3765751708333334;2,95601
2022-10-11;17,0;65,0;0,41;24,7908;14,35;10,4411;17,0;;13,41493;6,78333;21,8083;70,01735416666666;1,1979276958333334;3,0933
2022-10-12;16,0;62,0;0,46;26,8418;16,48;10,3613;19,0;;16,036117916666665;8,54167;23,3667;62,99337499999999;1,046999375;2,73797
2022-10-13;14,0;59,0;0,44;24,2168;15,63;8,5833;21,0;;16,502502500000002;8,84166;24,3417;54,1736125;1,0258454916666666;2,65759
2022-10-14;15,0;68,0;0,52;40,8209;22,92;17,9004;20,0;;17,597567083333335;8,14168;26,4417;42,100683333333336;0,736219825;2,15249
2022-10-15;20,0;78,0;0,79;51,5547;20,35;31,2028;28,0;;18,715975;10,0;28,2167;44,34374583333334;0,9772433333333334;2,88662
2022-10-16;15,0;52,0;0,52;20,0049;14,75;5,25204;24,0;;18,19721541666667;9,94167;26,525;51,7048625;0,9929772625000001;2,82211
2022-10-17;10,0;44,0;0,43;17,6255;11,4;6,22751;13,0;;12,90589875;7,19167;20,3667;70,90277916666666;1,6971698333333334;2,97445
2022-10-18;10,0;41,0;0,4;14,5038;10,23;4,27723;20,0;;13,835418333333335;9,28333;20,6917;65,9204625;1,3748307083333333;2,64599
2022-10-19;9,0;37,0;0,44;18,8221;12,18;6,6414;19,0;;13,939931666666666;7,725;20,9667;65,04514166666667;1,10131975;2,68251
2022-10-20;11,0;47,0;0,57;34,9517;18,61;16,3408;22,0;;17,666667916666665;8,45;26,2333;52,961508333333335;0,7215678791666668;2,2653
2022-10-21;14,0;56,0;0,57;28,1172;18,7;9,4151;20,0;;18,0482625;10,8333;25,6417;52,68783333333334;1,0191733666666667;2,72432
2022-10-22;13,0;59,0;0,62;24,2306;15,1;9,12668;26,0;;18,3909725;9,98334;27,0417;52,95138333333333;1,0789842416666666;2,90411
2022-10-23;13,0;50,0;0,54;15,3418;12,13;3,21287;24,0;;16,22396541666667;8,75833;23,45;54,684037499999995;1,3027177333333333;3,15891
2022-10-24;13,0;52,0;0,59;32,2631;18,01;14,2531;23,0;;17,201392916666666;8,10834;26,125;52,22224583333334;1,1435184458333334;2,79576
2022-10-25;7,0;47,0;0,55;18,0441;11,77;6,27337;17,0;;14,206245833333334;10,05;20,2917;62,43060416666666;1,5834322166666668;3,81035
2022-10-26;9,0;41,0;0,57;19,6587;14,08;5,57472;20,0;;16,933049999999998;10,0167;24,75;56,36807083333333;0,9987207916666666;2,57483
2022-10-27;11,0;54,0;0,67;34,9295;18,98;15,948;23,0;;18,236804166666666;10,3417;26,325;53,121525;1,0718941583333332;2,97744
2022-10-28;13,0;58,0;0,7;30,0216;18,1;11,9194;18,0;;16,9763625;9,3;24,9167;54,28819166666667;0,9702104500000001;2,78537
2022-10-29;11,0;44,0;0,7;22,9527;14,38;8,56834;18,0;;18,6236125;10,3333;27,075;56,90276666666667;1,1774659791666666;2,894
2022-10-30;4,0;32,0;0,57;7,1182;5,94;1,17609;18,0;;14,183329166666667;10,9667;19,4;60,059037499999995;1,4765485416666666;2,34057
2022-10-31;10,0;56,0;0,75;24,4388;14,33;10,1082;23,0;;17,735413333333334;6,73333;28,8083;38,40276666666667;0,714910225;2,21167
2022-11-01;12,0;62,0;0,89;38,2628;18,13;20,1301;28,0;;20,8434;10,125;31,5333;30,33332916666667;1,0463289458333334;3,15851
2022-11-02;15,0;69,0;0,62;27,2073;19,53;7,68162;29,0;;19,671166666666668;10,0417;29,8833;39,2638875;1,025395425;2,658
2022-11-03;16,0;72,0;0,38;32,5917;18,29;14,2979;22,0;;17,467275;9,925;26,3917;57,479166666666664;1,3018982083333335;2,89009
2022-11-04;18,0;75,0;0,39;21,7432;15,65;6,09567;22,0;;15,522212083333335;9,64999;22,0333;66,77810416666667;1,5603897916666665;3,02682
2022-11-05;13,0;52,0;0,36;13,8543;10,72;3,13102;30,0;;15,92604;8,27499;24,625;64,23262916666667;1,3391132499999998;2,45892
2022-11-06;13,0;46,0;0,4;11,9041;9,57;2,33114;30,0;;17,63011375;9,80833;27,3167;60,527775;1,1399294583333333;2,35126
2022-11-07;15,0;63,0;0,49;26,9168;17,45;9,46606;26,0;;19,107983333333333;11,375;28,8917;60,89585416666667;1,1594124166666666;3,04922
2022-11-08;15,0;61,0;0,5;22,617;14,31;8,30424;16,0;;14,790304166666667;10,71;19,2333;77,2292;1,568140625;3,14431
2022-11-09;9,0;31,0;0,48;15,1819;11,92;3,26654;15,0;;13,147458333333333;10,35;18,7833;81,33335416666667;1,1969915;2,42122
2022-11-10;11,0;42,0;0,56;28,2415;16,76;11,4795;16,0;;14,64027625;8,08334;22,3917;70,08753333333333;1,075291075;2,49933
2022-11-11;6,0;30,0;0,45;12,8427;9,84;3,00674;17,0;;14,894470833333335;11,3;18,9833;66,75695;1,2024688749999999;2,27636
2022-11-12;5,0;27,0;0,47;10,1251;7,87;2,25776;16,0;;14,434712500000002;10,675;19,2;66,06945833333333;1,1775234166666666;2,55172
2022-11-13;7,0;24,0;0,53;14,7154;9,34;5,37634;20,0;;16,014234166666665;8,01668;23,7333;61,693783333333336;0,7579645583333333;2,14669
2022-11-14;10,0;42,0;0,59;31,9099;18,34;13,5711;20,0;;19,796512083333333;9,05;28,75;47,56945416666667;0,8864147916666667;2,8317
2022-11-15;13,0;55,0;0,76;42,2027;20,7;21,5025;27,0;;23,246870833333332;13,3917;31,875;44,246525;1,0878405;3,13189
2022-11-16;12,0;52,0;0,65;22,0094;13,89;8,12173;23,0;;22,004508333333334;13,2333;30,2417;54,54861666666667;1,1935008583333333;2,83624
2022-11-17;14,0;58,0;0,69;24,4932;14,96;9,53113;24,0;;21,679075;14,8917;30,1;54,374991666666666;1,20477413125;3,06521
2022-11-18;14,0;59,0;0,71;24,9804;16,16;8,81732;24,0;;22,053124999999998;13,475;29,8333;54,75000416666666;1,209899375;2,85355
2022-11-19;11,0;47,0;0,64;12,5742;9,13;3,44268;23,0;;20,738883333333334;14,6417;27,425;53,23611666666667;1,4371954166666667;2,96108
2022-11-20;11,0;45,0;0,65;12,5557;9,85;2,70408;24,0;;20,7277875;13,1;27,975;47,302083333333336;1,249495875;2,69769
2022-11-21;11,0;49,0;0,66;19,1749;13,29;5,88329;26,0;;22,241600000000002;12,325;30,8667;40,503475;0,9550722375;2,28395
2022-11-22;14,0;61,0;;25,396;17,03;8,36826;30,0;;23,197212500000003;14,6333;31,475;38,57986666666667;1,01844925;3,00967
2022-11-23;17,0;72,0;0,67;28,7085;18,23;10,4782;23,0;;22,948400000000003;14,8;30,475;47,84375;1,2489584041666666;3,43653
2022-11-24;14,0;63,0;;26,0013;15,51;10,4909;21,0;;22,019675000000003;15,125;28,3833;55,04168333333333;1,3721854345833335;2,99574
2022-11-25;14,0;65,0;;29,8705;18,0;11,8717;29,0;;23,9086875;17,4167;31,1;52,49305833333333;1,2267769;2,99158
2022-11-26;13,0;64,0;0,72;20,6992;15,81;4,89255;33,0;;23,957291666666666;15,95;32,2417;51,04861666666667;1,2919885833333333;3,2408
2022-11-27;13,0;54,0;0,72;11,5985;9,31;2,28822;24,0;;19,858325;14,2083;26,9333;63,95487083333333;1,5735240833333333;2,99117
2022-11-28;14,0;57,0;0,73;15,9886;10,46;5,52681;22,0;;18,7670375;12,6333;25,9417;68,65278333333333;1,6382079999999999;3,29823
2022-11-29;13,0;47,0;0,71;13,0545;9,69;3,36361;21,0;;16,830895833333333;12,1167;23,4833;77,0868125;1,652324875;3,2883
2022-11-30;11,0;40,0;0,69;11,9318;9,04;2,89051;24,0;;18,0371625;13,1417;24,3167;69,076725;1,4184620416666667;3,03565
2022-12-01;12,0;50,0;0,57;20,0638;12,29;7,77796;23,0;;19,544441666666668;11,4417;27,6417;57,034729166666665;1,2112414291666667;2,94423
2022-12-02;14,0;60,0;0,37;23,5325;14,97;8,56036;29,0;;21,175349999999998;12,575;28,9833;45,98265;1,3775196541666668;2,98972
2022-12-03;13,0;54,0;0,36;16,5846;11,77;4,81848;30,0;;21,562854166666668;12,075;29,55;48,3229125;1,2670536791666667;2,82513
2022-12-04;9,0;46,0;0,32;12,1726;9,17;3,00135;29,0;;24,115275;14,9583;32,0;42,68750416666666;1,0504864875;2,86216
2022-12-05;10,0;51,0;0,38;24,411;13,6;10,8115;24,0;;23,713541666666668;15,8917;30,5083;38,49652916666667;1,3366285416666666;3,33312
2022-12-06;;;;;;;;;20,387491666666666;14,9083;29,775;49,368050000000004;0,45398397500000004;1,43145
2022-12-07;;;;;;;;;25,988191666666665;18,4917;30,75;31,111116666666664;2,4104198333333335;3,64557
2022-12-08;11,0;39,0;0,37;16,742;10,93;5,81616;23,0;;23,396183333333337;14,4667;31,6167;49,180550000000004;1,2448147791666668;2,9274
2022-12-09;7,0;39,0;0,4;14,9122;8,63;6,28491;16,0;;23,457287500000003;16,8917;30,8167;56,170141666666666;1,3865140416666666;3,20712
2022-12-10;9,0;47,0;0,41;15,4064;10,73;4,67727;25,0;;25,035700000000002;16,6917;32,8167;48,47569166666667;1,3335487083333335;2,93121
2022-12-11;11,0;54,0;;15,4631;12,34;3,12056;38,0;;26,694437500000003;17,6417;34,45;32,01040833333334;1,406206375;2,72128
2022-12-12;14,0;69,0;0,34;18,1124;13,24;4,87575;35,0;;24,389245833333334;16,3333;31,3167;32,986108333333334;1,332243375;2,52118
2022-12-13;12,0;63,0;0,41;26,7143;17,77;8,9481;30,0;;24,71945;15,9583;32,2167;33,993066666666664;1,1935607541666666;2,97495
2022-12-14;12,0;61,0;0,44;28,4446;15,49;12,955;18,0;;23,650899999999996;16,4667;29,675;40,114579166666665;1,4118439025;3,34802
2022-12-15;27,0;78,0;;33,5372;21,19;12,3439;37,0;;26,2326375;16,8333;35,2668;38,6770875;0,9098689333333333;2,73898
2022-12-16;78,0;144,0;0,96;25,808;19,75;6,05343;29,0;;22,342308333333335;15,7083;28,5667;48,11111666666667;1,5175449791666666;3,33451
2022-12-17;16,0;58,0;0,46;15,3596;10,67;4,69348;21,0;;18,1298875;11,9917;24,8917;63,68750416666666;1,6858347916666665;3,56072
2022-12-18;14,0;50,0;0,46;15,9823;11,6;4,3856;27,0;;21,02604583333333;11,875;30,25;52,33018333333333;1,1946580291666666;2,9671
2022-12-19;10,0;51,0;0,42;18,0707;11,1;6,97125;20,0;;20,805054166666668;14,1;27,1333;49,989583333333336;1,6097565416666668;3,39523
2022-12-20;9,0;44,0;0,38;20,374;12,71;7,66107;22,0;;21,37535;12,5083;29,9833;44,52430416666667;1,3261427083333333;2,82449
2022-12-21;9,0;51,0;0,39;21,9608;13,01;8,9481;24,0;;22,51104583333333;14,4091;31,3417;43,73265;1,3909769625;3,27559
2022-12-22;8,0;;0,35;14,0013;9,38;4,62403;21,0;;21,104995833333334;14,1083;28,9833;49,010416666666664;1,4458712083333334;2,75856
2022-12-23;7,0;;0,41;15,9616;10,02;5,94605;20,0;;21,627325;14,9;28,2917;54,0937625;1,4002535833333332;2,79495
2022-12-24;11,0;53,0;0,41;13,7825;10,66;3,12403;36,0;;23,0618;14,575;31,2667;41,218758333333334;1,2503585916666666;3,22115
2022-12-25;11,0;50,0;0,4;9,23625;7,2;2,03375;30,0;;20,8525;14,375;27,8182;49,777775;1,554273275;3,46915
2022-12-26;12,0;49,0;0,48;9,89944;7,25;2,64833;24,0;;19,047883333333335;13,4909;25,925;62,899637500000004;1,582208875;2,73235
2022-12-27;13,0;55,0;0,5;17,9075;11,65;6,26176;25,0;;21,573616666666666;13,6167;29,4083;52,972229166666665;1,2608933458333333;3,13276
2022-12-28;14,0;59,0;0,48;20,3936;13,88;6,50945;27,0;;23,326045833333335;14,725;30,85;47,340275;1,1132954458333333;2,80174
2022-12-29;16,0;77,0;0,56;29,0453;19,35;9,69579;29,0;;24,349212499999997;15,9333;32,7728;39,190979166666665;1,2370075833333334;3,41887
2022-12-30;18,0;66,0;0,55;16,2339;12,21;4,02333;26,0;;20,221587500000002;14,9583;26,4667;55,930575000000005;1,6731103166666665;3,02588
2022-12-31;15,0;41,0;0,63;8,42491;6,55;1,87403;18,0;;16,183341666666667;13,625;18,35;78,97574583333333;1,3172322083333332;2,00459
2023-01-01;17,0;36,0;;11,1668;8,38;2,78722;30,0;;21,59924583333333;14,15;29,0833;57,225720833333334;1,1625471833333334;2,70649
2023-01-02;10,0;31,0;;8,42029;6,4;2,01986;27,0;;21,7611125;14,9167;28,475;45,90625;1,4970767333333332;3,06701
2023-01-03;12,0;42,0;;18,0487;11,7;6,35088;26,0;;22,918654166666666;13,8;30,9417;43,11459583333333;0,9789813083333333;2,35545
2023-01-04;16,0;66,0;;30,1546;18,95;11,2028;31,0;;24,391925;16,625;32,0417;42,25;1,3353206583333332;3,25222
2023-01-05;17,0;58,0;0,61;17,2872;11,99;5,29648;23,0;;20,6736125;13,4833;27,7583;63,60417916666666;1,6023457499999998;2,87627
2023-01-06;13,0;53,0;0,64;19,0267;12,35;6,67496;23,0;;21,860062499999998;15,0167;29,9333;55,43403333333333;1,5257805;3,15503
2023-01-07;12,0;50,0;0,62;15,6622;10,89;4,77449;24,0;;22,386441666666666;15,5917;30,05;55,260416666666664;1,4172824583333332;3,35764
2023-01-08;9,0;43,0;0,63;13,4075;9,07;4,33815;22,0;;22,90659583333333;16,3583;29,8167;55,9930625;1,5540913541666665;3,51024
2023-01-09;11,0;49,0;0,65;19,4261;10,78;8,64833;19,0;;20,203691666666668;14,5833;27,8917;65,03440833333333;1,6988994999999998;3,50203
2023-01-10;9,0;43,0;0,52;15,8277;9,9;5,9319;21,0;;20,759720833333333;14,4083;27,7417;63,31250416666666;1,342485;2,56211
2023-01-11;11,0;54,0;0,48;20,0835;12,41;7,6738;27,0;;23,1947875;16,2083;31,0917;53,00000416666666;1,120958775;2,98063
2023-01-12;9,0;52,0;0,42;17,1529;11,85;5,30458;28,0;;22,007095833333334;16,45;28,2917;36,281258333333334;1,426667875;3,20363
2023-01-13;11,0;60,0;0,5;27,8809;15,54;12,337;24,0;;21,749583333333334;12,7083;30,1801;34,2639;1,1711078708333333;3,01683
2023-01-14;10,0;50,0;0,66;14,4168;10,13;4,28375;19,0;;20,304866666666666;14,2667;27,1917;44,14236666666667;1,513331166666667;3,08907
2023-01-15;13,0;49,0;0,71;14,3115;9,97;4,34278;24,0;;21,792020833333336;12,675;30,7417;46,444449999999996;1,1433357833333333;3,06627
2023-01-16;17,0;63,0;0,51;19,396;11,86;7,54069;22,0;;21,112491666666667;14,825;27,8333;48,8645875;1,4057587833333332;3,32574
2023-01-17;16,0;64,0;0,4;23,7096;13,58;10,1344;16,0;;19,713541666666668;12,1833;27,5083;55,743066666666664;1,3501166666666666;3,029
2023-01-18;18,0;72,0;0,39;29,6564;18,2;11,4574;26,0;;22,456262499999998;13,8083;29,95;51,135425;1,2195509708333334;3,02589
2023-01-19;17,0;58,0;0,46;22,896;13,07;9,82658;15,0;;18,09375;14,0833;22,675;68,24652916666666;1,8260153749999999;3,01458
2023-01-20;14,0;51,0;0,4;16,8879;12,25;4,63792;21,0;;19,7879125;14,025;27,5417;62,56220416666667;1,308068125;2,8362
2023-01-21;14,0;51,0;0,39;14,7501;10,67;4,07542;28,0;;21,832325;13,6091;29,8333;50,777775;1,3190968583333333;3,00407
2023-01-22;13,0;48,0;0,46;15,4029;10,97;4,43421;27,0;;23,272566666666666;14,7333;31,5917;44,020825;1,16256405;2,9034
2023-01-23;13,0;55,0;0,39;25,0071;14,18;10,8231;23,0;;23,232641666666666;15,5417;31,2667;47,76394166666666;1,2975210583333332;3,51406
2023-01-24;12,0;45,0;0,34;17,2045;11,48;5,72704;22,0;;22,9815625;15,0583;31,0333;53,197920833333335;1,223462375;2,58472
2023-01-25;9,0;48,0;0,3;16,4441;10,13;6,31616;21,0;;23,261075;16,7091;30,1583;52,621537499999995;1,5174076083333334;3,25016
2023-01-26;11,0;54,0;0,36;18,0378;12,91;5,13097;24,0;;21,30207916666667;14,8917;28,175;44,5555625;1,3719415833333333;3,24331
2023-01-27;13,0;62,0;0,42;27,9978;16,98;11,021;25,0;;22,762154166666665;13,1917;31,775;37,19445833333334;1,0816541791666665;2,97478
2023-01-28;18,0;62,0;;22,6483;15,56;7,09278;33,0;;24,672916666666666;15,7;33,4083;36,295162499999996;1,0059553958333334;2,7768
2023-01-29;12,0;56,0;0,41;24,6506;15,6;9,0546;27,0;;24,052804166666665;16,3917;31,1;35,364583333333336;1,2441362416666666;3,36489
2023-01-30;12,0;53,0;0,37;25,4064;13,47;11,9365;21,0;;22,732254166666667;14,6583;30,4417;52,84377083333334;1,3818264583333333;2,97466
2023-01-31;12,0;52,0;0,36;26,3277;14,13;12,1981;19,0;;23,080558333333332;16,4917;29,425;51,80209583333333;1,3178622125;3,10138
2023-02-01;15,0;60,0;0,41;24,9955;14,87;10,1229;24,0;;23,4611125;14,8583;31,6417;48,23959583333333;1,2193900416666665;2,92622
2023-02-02;19,0;67,0;0,43;26,8612;17,74;9,12056;34,0;;25,534566666666667;17,075;33,8833;39,54862083333333;0,9299173749999999;2,56552
2023-02-03;24,0;84,0;0,48;39,4122;23,43;15,9828;30,0;;24,502170833333334;17,9333;31,9417;42,500008333333334;1,2203491479166668;3,03539
2023-02-04;17,0;64,0;0,36;16,9168;12,11;4,80805;23,0;;22,964233333333336;16,3167;30,9833;56,02084583333333;1,3373939583333332;2,97996
2023-02-05;15,0;49,0;0,38;9,68648;7,05;2,64139;23,0;;21,881966666666667;15,7;29,1727;59,559025;1,4005935;2,84221
2023-02-06;47,0;93,0;0,66;26,1494;16,56;9,59047;35,0;;23,973741666666665;16,675;31,1364;49,607641666666666;0,9891790416666666;2,999
2023-02-07;72,0;130,0;0,88;31,3554;23,58;7,77334;42,0;;23,83575;16,3583;30,2583;51,4270875;1,0760104708333333;2,77699
2023-02-08;56,0;116,0;0,77;31,896;22,99;8,90181;41,0;;24,252770833333333;17,2333;31,6833;55,16319583333333;1,0157858708333334;2,66903
2023-02-09;70,0;127,0;0,88;35,5603;24,56;10,9956;52,0;;25,21388333333333;17,3083;34,175;49,1076375;0,8494298750000001;2,62608
2023-02-10;68,0;127,0;0,86;42,1147;25,3;16,808;49,0;;24,61979583333333;16,8;32,3917;45,90625;1,1098185;3,20224
2023-02-11;42,0;83,0;0,66;27,1818;19,6;7,58584;42,0;;25,35269166666667;17,4;33,55;43,642358333333334;0,9119929583333334;2,75469
2023-02-12;31,0;71,0;0,47;15,5244;12,23;3,29417;33,0;;23,3545125;16,5333;30,5;40,753483333333335;1,26511025;3,34881
2023-02-13;10,0;44,0;0,38;21,4504;11,91;9,53954;18,0;;22,452783333333333;14,3917;30,6167;49,510425;1,126855625;2,70037
2023-02-14;11,0;55,0;0,44;24,0279;14,87;9,15991;25,0;;24,01493333333333;15,325;32,0667;40,65971666666667;1,0334689625;2,41955
2023-02-15;14,0;69,0;0,45;25,2131;15,95;9,26292;28,0;;23,627087500000002;15,7167;31,3833;38,159729166666665;1,2111556916666666;3,12662
2023-02-16;14,0;64,0;0,43;27,2501;15,41;11,8358;22,0;;21,465954166666666;15,1;28,5417;49,20834583333333;1,3584634166666667;3,02299
2023-02-17;14,0;61,0;0,46;28,4857;16,17;12,315;28,0;;22,0637875;13,8583;30,0;44,55555416666667;1,0683534791666667;2,93317
2023-02-18;16,0;70,0;0,48;27,6552;17,92;9,7363;24,0;;22,7968625;15,4;30,0583;44,25348333333333;1,0770760666666666;3,10272
2023-02-19;11,0;43,0;0,52;18,2224;11,89;6,33699;18,0;;23,826070833333333;15,6167;32,175;46,28125;0,9656148375;2,67362
2023-02-20;16,0;60,0;;41,2652;18,73;22,5303;27,0;;24,517358333333334;16,0917;33,3417;35,46875416666666;0,8850804624999999;2,80913
2023-02-21;26,0;77,0;;34,7895;20,87;13,9157;35,0;;24,09979583333333;16,1251;32,2365;40,28474583333333;1,1114481708333332;3,00791
2023-02-22;25,0;82,0;0,48;28,6217;18,73;9,88792;31,0;;21,615975000000002;14,3417;29,3083;48,50001666666666;1,149517375;2,96065
2023-02-23;22,0;80,0;0,58;35,9828;20,64;15,3393;29,0;;22,793816666666668;14,9;32,6;49,378475;1,0788578833333333;3,11396
2023-02-24;20,0;73,0;0,58;28,8358;18,26;10,5754;24,0;;20,62290833333333;14,9667;27,3083;56,12500416666666;1,4059377416666667;3,38482
2023-02-25;15,0;58,0;0,61;19,9075;12,36;7,54417;22,0;;20,7892375;12,7833;28,8083;59,121550000000006;1,0812942916666668;2,60736
2023-02-26;14,0;51,0;;26,0106;15,46;10,5476;25,0;;24,06458333333333;14,875;33,0417;44,204883333333335;0,6631190875;1,89105
2023-02-27;15,0;65,0;;55,7675;25,53;30,2409;24,0;;24,710754166666664;16,575;33,4583;33,89236666666667;0,9622361958333333;3,00611
2023-02-28;15,0;66,0;;39,4214;20,63;18,7907;25,0;;22,82189166666667;13,5;31,4917;40,27777916666667;0,9354983541666666;2,40411
2023-03-01;17,0;76,0;;38,7918;23,53;15,2664;27,0;;23,727075;15,8333;31,8667;45,579874999999994;0,9228131958333333;2,45749
2023-03-02;13,0;74,0;;33,0071;21,71;11,2942;28,0;;23,47117916666667;15,8917;32,8917;45,3298625;1,0044085875;3,005
2023-03-03;14,0;65,0;;28,6749;17,34;11,3393;23,0;;20,994454166666667;14,0417;28,9667;53,041666666666664;1,1060150416666665;2,53396
2023-03-04;16,0;67,0;;31,4712;18,86;12,6078;30,0;;24,0251;15,9833;32,775;50,43055416666667;0,8161413208333334;2,49033
2023-03-05;15,0;59,0;;27,6251;15,42;12,2062;26,0;;23,408329166666665;17,5917;31,025;49,3576375;1,2235129458333334;3,01837
2023-03-06;15,0;63,0;;26,9434;15,67;11,2733;19,0;;20,5179;14,7167;25,9727;61,1076375;1,2688229583333335;3,35236
2023-03-07;15,0;64,0;;40,1842;18,26;21,9226;24,0;;21,72015;15,3667;30,6;57,21527916666667;1,2421230583333334;2,92055
2023-03-08;11,0;48,0;;23,5198;13,88;9,63792;19,0;;21,387291666666666;14,575;28,6701;58,128800000000005;1,20585075;2,78003
2023-03-09;9,0;51,0;;33,6263;16,59;17,0349;15,0;;21,918400000000002;14,9917;29,0333;53,00000416666666;1,1195204416666666;3,36881
2023-03-10;10,0;53,0;;37,2178;16,06;21,1553;15,0;;21,963195833333334;15,0;29,125;53,222229166666665;1,0203072141666667;2,84209
2023-03-11;9,0;43,0;;19,9307;10,63;9,29996;18,0;;20,657295833333333;14,1;28,2833;56,70487083333333;1,1314318791666667;2,97739
2023-03-12;8,0;35,0;;13,1923;8,39;4,80458;18,0;;19,472908333333333;13,4833;26,475;63,43054166666667;1,3171709583333333;2,72013
2023-03-13;9,0;45,0;;23,3045;10,98;12,3254;17,0;;20,69485;13,7917;28,525;63,1805625;1,0270066583333335;2,40185
2023-03-14;10,0;46,0;;26,8011;12,96;13,837;19,0;;21,435074999999998;15,1833;28,2667;58,05555416666667;1,0568028666666667;2,63518
2023-03-15;11,0;53,0;;27,624;16,02;11,6067;18,0;;20,806566666666665;14,0833;27,9083;39,95487083333333;0,9658416375000001;2,50837
2023-03-16;12,0;55,0;0,72;32,9446;15,66;17,2895;20,0;;20,954229166666668;13,6333;29,225;51,597254166666666;0,9417380958333333;2,53975
2023-03-17;12,0;55,0;0,73;36,543;16,31;20,2294;18,0;;21,020220833333333;14,325;28,5167;61,145825;0,8876614404166667;2,74662
2023-03-18;11,0;65,0;0,65;27,2362;15,56;11,6807;24,0;;22,383329166666666;14,45;30,2333;57,72221666666667;0,8574446916666667;2,28869
2023-03-19;12,0;59,0;0,66;30,5568;15,87;14,6888;22,0;;23,345145833333333;15,4333;31,075;51,406241666666666;0,9621408041666667;2,58068
2023-03-20;12,0;56,0;0,5;35,5962;17,86;17,7317;16,0;;21,712149999999998;15,4583;27,9;58,22569583333333;1,0068938875;2,86824
2023-03-21;;64,0;0,47;39,3277;20,08;19,2328;23,0;;22,1322875;14,7583;30,8083;55,8298625;0,8815220625000001;2,17111
2023-03-22;17,0;74,0;0,55;53,8624;26,37;27,4898;27,0;;23,331599999999998;15,475;31,5583;45,02777916666667;0,7689134458333333;2,61216
2023-03-23;23,0;90,0;0,63;73,675;33,05;40,6287;27,0;;23,631983333333334;14,6417;32,675;39,3611125;0,6118834708333333;2,19611
2023-03-24;23,0;83,0;0,53;69,0928;32,11;36,9875;27,0;;24,3313125;16,2667;33,1083;35,072925;0,6904265416666666;2,52733
2023-03-25;22,0;76,0;0,4;50,0915;26,13;23,962;27,0;;23,157891666666668;14,3583;32,1917;35,69790833333334;0,6774560125;2,5144
2023-03-26;17,0;63,0;;23,1865;15,91;7,27334;25,0;;20,868750000000002;13,7583;28,0333;47,638891666666666;0,944291425;2,5355
2023-03-27;21,0;78,0;;36,6642;18,55;18,1162;23,0;;19,3382875;12,5417;26,3417;58,12153333333333;0,94920185;2,58907
2023-03-28;18,0;74,0;0,51;33,0046;17,86;15,1424;16,0;;18,993022727272727;12,025;26,8583;57,6;1,057474790909091;2,73233
2023-03-29;14,0;63,0;1,07;39,0198;18,63;20,3891;19,0;;19,843395833333332;12,5333;27,7;57,322925;0,7717176625;2,33718
2023-03-30;19,0;82,0;1,28;57,9909;29,32;28,6715;19,0;;21,158675;12,8917;30,1083;44,88891666666667;0,6812392208333332;2,17055
2023-03-31;;91,0;1,37;77,1042;33,14;43,9689;25,0;;22,393741666666667;13,1667;32,7833;34,8263875;0,60234705;2,18762
2023-04-01;;86,0;1,53;66,3439;28,17;38,1715;23,0;;21,835070833333333;13,5417;31,075;35,3263875;0,6652196791666667;2,39706
2023-04-02;;69,0;1,39;40,2061;23,23;16,977;22,0;;21,284095833333335;14,1667;29,7583;42,798608333333334;0,66086428125;1,81577
2023-04-03;;82,0;1,35;59,9272;30,27;29,6507;11,0;;19,8788125;13,55;26,5583;53,65277916666667;0,49910140416666665;1,75566
2023-04-04;;79,0;1,3;53,7744;27,28;26,4956;24,0;;20,9319375;13,0833;29,7167;47,84374583333334;0,6771203458333334;2,10599
2023-04-05;;74,0;1,15;38,8288;24,38;14,4504;18,0;;18,9875;11,6833;26,3;41,1145875;0,8452554916666667;2,18334
2023-04-06;;77,0;1,14;42,595;26,96;15,6333;20,0;;20,496179166666668;12,8667;28,8;43,715270833333335;0,5417085208333333;1,8755
2023-04-07;19,0;75,0;1,32;57,6819;28,59;29,0951;27,0;;21,162845833333332;12,3583;31,4667;41,75000416666666;0,5605706874999999;1,9048
2023-04-08;16,0;61,0;1,18;39,5209;22,29;17,2352;27,0;;20,537850000000002;12,0;29,5583;38,48264583333333;0,6859446041666667;2,29052
2023-04-09;20,0;64,0;1,11;27,6032;20,78;6,82658;28,0;;19,654870833333334;11,2417;28,8167;45,572925;0,5039624625;1,93852
2023-04-10;19,0;77,0;1,19;50,7085;30,12;20,5893;12,0;;20,394791666666666;11,475;29,7667;43,791666666666664;0,6446957291666666;2,1814
2023-04-11;19,0;80,0;1,24;58,6819;26,23;32,4527;17,0;;19,50424166666667;11,91;27,1917;54,881949999999996;0,7644385375000001;2,12236
2023-04-12;11,0;62,0;1,08;36,8115;19,24;17,5708;6,0;;17,0302125;12,5583;21,3667;69,027775;0,7395680495833333;2,2703
2023-04-13;10,0;50,0;1,03;23,4943;14,72;8,77565;12,0;;16,246925;11,2333;21,7417;69,811625;0,9681986666666668;2,27232
2023-04-14;13,0;60,0;1,16;36,8658;19,14;17,7213;8,0;;14,0125125;9,69167;18,6417;76,4305625;0,7209472333333333;1,68057
2023-04-15;20,0;63,0;1,15;20,3994;14,56;5,83931;18,0;;15,217366666666665;10,8417;21,1833;72,06252083333334;0,7477988708333333;1,99247
2023-04-16;21,0;60,0;1,29;22,1957;16,47;5,72241;15,0;;13,846527916666666;9,33334;19,5667;72,97918333333332;0,56042675;1,63012
2023-04-17;18,0;65,0;1,16;35,0486;20,0;15,0439;11,0;;12,937869999999998;7,40833;20,1833;70,68939545454545;0,6848285333333334;2,06289
2023-04-18;19,0;101,0;1,31;64,5314;30,23;34,3058;10,0;;13,745098333333333;7,26667;21,9583;57,559025;0,4599844791666667;1,50897
2023-04-19;30,0;130,0;1,95;149,28;44,98;104,295;10,0;;16,872567916666664;7,18333;28,05;46,09723333333333;0,31134873333333335;0,980674
2023-04-20;21,0;101,0;1,5;88,3387;31,01;57,3266;13,0;;16,6218125;9,675;25,1833;51,88890416666666;1,1358029583333333;2,90398
2023-04-21;15,0;66,0;1,15;34,8034;21,48;13,3196;7,0;;13,915041666666667;10,6833;19,925;77,864575;0,5543458416666667;1,34757
2023-04-22;28,0;86,0;1,57;65,5372;24,44;41,1021;18,0;;15,873611250000002;9,15834;24,0167;67,94824166666668;0,5830207458333333;1,6457
2023-04-23;21,0;58,0;1,27;28,4133;16,16;12,2525;15,0;;15,195766666666666;10,6583;20,5333;74,0173625;0,7969833125;1,93904
2023-04-24;25,0;75,0;1,48;62,9388;27,47;35,4724;9,0;;15,012250833333333;8,55833;23,4273;73,75694166666666;0,5823382874999999;1,88162
2023-04-25;26,0;101,0;1,63;91,6923;35,2;56,4932;10,0;;16,820488333333333;9,53333;26,3833;64,10764583333334;0,603993675;1,99735
2023-04-26;40,0;155,0;1,77;123,095;43,64;79,4583;8,0;;17,552083333333332;13,0917;24,525;63,1875;0,36048564583333337;1,26596
2023-04-27;43,0;110,0;1,39;40,9232;25,99;14,9382;13,0;;13,654899166666667;8,78334;20,15;77,95491249999999;0,9086378333333333;2,31866
2023-04-28;34,0;95,0;1,31;30,2264;21,05;9,172;10,0;;13,821383333333332;10,6583;20,0417;77,8327;0,9003860416666667;2,56382
2023-04-29;11,0;32,0;1,22;25,8098;17,81;8,00375;4,0;;14,319787499999999;13,0833;16,1417;85,54514166666667;0,7299847083333333;2,10907
2023-04-30;7,0;21,0;1,25;22,3942;10,5;11,8904;11,0;;12,007299166666668;7,71667;15,5;79,44030833333333;0,8837634875;1,83459
2023-05-01;20,0;43,0;0,98;51,8989;16,68;35,2168;11,0;;10,885039583333333;4,93333;18,1909;73,06779583333334;0,3900311375;1,62731
2023-05-02;28,0;75,0;1,15;75,9023;27,95;47,953;7,0;;11,397563333333332;4,55;19,35;69,16945;0,4719255;1,76256
2023-05-03;34,0;94,0;1,07;94,8307;35,22;59,6116;8,0;;11,918050833333334;5,18333;20,325;68,1423625;0,4799951875;1,73021
2023-05-04;41,0;98,0;1,17;84,0771;32,85;51,2262;9,0;;10,545492083333334;5,11667;17,8417;78,36462083333333;0,5641683458333333;1,58336
2023-05-05;50,0;115,0;1,37;92,5459;34,83;57,718;10,0;;12,020833333333334;5,94167;19,7417;74,69443333333334;0,5860530083333334;1,96444
2023-05-06;52,0;102,0;1,61;83,4023;26,25;57,1567;6,0;;8,912852083333334;5,81667;12,9417;87,43058333333333;0,6823194416666666;2,12364
2023-05-07;78,0;142,0;1,91;101,178;35,18;65,9988;14,0;;11,724271666666667;4,20833;22,2583;75,37577499999999;0,3767247583333333;1,18977
2023-05-08;61,0;140,0;2,01;144,054;48,68;95,3719;7,0;;14,43229125;5,23333;26,8667;57,89205833333333;0,3795406708333333;1,01418
2023-05-09;45,0;135,0;2,0;182,291;53,89;128,406;6,0;;16,593755416666667;7,75833;28,4333;46,28472083333333;0,3899393208333333;0,764774
2023-05-10;50,0;165,0;1,86;170,848;56,29;114,56;6,0;;16,797572916666667;9,48334;27,05;47,0833375;0,43665675;1,43596
2023-05-11;39,0;122,0;1,68;135,796;45,77;90,0248;7,0;;17,40825;10,2167;27,0909;49,25000416666666;0,4829678;1,9779
2023-05-12;31,0;118,0;1,78;141,216;38,8;102,414;6,0;;17,381595833333332;9,325;28,5;51,11110416666667;0,45427875;1,79847
2023-05-13;42,0;124,0;1,96;123,615;42,14;81,4775;12,0;;17,01524625;9,05833;27,3083;55,96180833333333;0,46475111249999995;1,39013
2023-05-14;40,0;109,0;1,85;91,4893;30,83;60,6604;15,0;;15,277439583333333;8,94167;25,6083;64,3888875;0,89871685;2,46551
2023-05-15;35,0;73,0;1,02;36,9348;21,48;15,4507;9,0;;13,108341666666668;10,025;16,1417;81,92019166666667;0,6913405250000001;1,464
2023-05-16;34,0;75,0;1,03;42,6675;20,73;21,9422;9,0;;14,169766666666666;10,3909;19,1833;77,75695416666666;1,0477618208333335;2,19585
2023-05-17;14,0;42,0;1,04;50,9741;18,44;32,537;5,0;;13,013883333333332;10,1167;17,6667;84,44030416666666;0,515759675;1,34835
2023-05-18;26,0;71,0;1,47;100,978;27,61;73,3651;5,0;;13,337155416666667;6,99167;20,9917;74,73059166666667;0,38986864583333336;1,25863
2023-05-19;29,0;80,0;1,16;70,3361;31,5;38,8319;6,0;;14,014920833333333;8,66667;20,8833;70,1458375;0,4195262079166666;1,30856
2023-05-20;43,0;95,0;1,58;93,4395;27,78;65,6635;13,0;;12,815626250000001;6,125;21,6;69,70485833333333;0,5001482666666667;2,05939
2023-05-21;40,0;83,0;1,17;44,4738;27,08;17,3907;4,0;;10,614139583333333;8,24167;12,8917;77,67360833333333;0,54206725;1,1417
2023-05-22;26,0;74,0;1,42;114,066;32,49;81,5709;4,0;;11,995105;9,05;15,0417;79,71808333333333;0,6610708125;1,43975
2023-05-23;40,0;107,0;2,18;212,009;38,67;173,343;1,0;;11,709716666666667;10,1083;13,4417;86,59725416666667;0,48298644166666665;2,40224
2023-05-24;32,0;86,0;1,69;144,654;28,68;115,973;1,0;;11,187116666666666;8,35001;14,825;86,81394166666666;0,3163891916666667;1,00774
2023-05-25;46,0;111,0;1,72;146,203;30,89;115,318;1,0;;11,097577083333334;9,47501;13,0;88,64207499999999;0,41861375833333336;1,05236
2023-05-26;25,0;67,0;1,13;65,7495;23,77;41,9773;3,0;;10,831601666666666;4,85833;16,7417;78,93059583333333;0,4697518583333333;1,32858
2023-05-27;33,0;83,0;1,29;72,5852;31,0;41,5872;5,0;;12,488572499999998;7,06667;20,375;72,33712916666667;0,30626154708333336;1,12822
2023-05-28;63,0;114,0;2,16;122,419;37,37;85,0468;3,0;;11,582636666666666;6,28333;18,025;76,45904166666666;0,4254791470833334;1,43721
2023-05-29;63,0;132,0;1,79;124,766;45,02;79,7435;6,0;;15,00941;9,60834;23,6167;65,16319583333333;0,4786731;1,13388
2023-05-30;64,0;139,0;1,87;154,6;52,39;102,21;2,0;;13,289585;8,05;19,8917;67,22220833333334;0,39110166249999995;0,925663
2023-05-31;67,0;160,0;2,07;166,425;54,52;111,903;5,0;;13,907994583333334;6,35;21,7167;66,12223333333334;0,4454315;1,4851
2023-06-01;45,0;129,0;1,87;144,666;41,5;103,164;7,0;;13,309654583333334;8,10834;19,3167;64,79514999999999;0,7474446208333333;1,84864
2023-06-02;35,0;94,0;1,55;115,807;35,02;80,7894;3,0;;12,865342916666668;8,69167;19,3083;74,66288333333334;0,6829461499999999;1,91317
2023-06-03;31,0;73,0;1,51;83,5551;22,38;61,1764;2,0;;13,007895833333334;11,2167;15,2667;87,631975;0,43767899875;1,5225
2023-06-04;43,0;95,0;1,97;106,78;26,89;79,8901;7,0;;13,162154166666667;8,16667;21,1001;77,650025;0,33423441666666664;1,49903
2023-06-05;45,0;133,0;2,03;163,027;46,02;117,005;4,0;;14,244442916666666;7,49167;24,2917;60,896158333333325;0,3257079;0,975792
2023-06-06;52,0;161,0;2,19;207,79;51,71;156,078;1,0;;13,719794166666667;8,25;19,6;58,52777916666667;0,32941116666666664;0,720148
2023-06-07;57,0;158,0;2,13;207,219;60,58;146,641;1,0;;14,119792083333332;9,16667;23,225;59,68402916666667;0,2853208208333333;0,746886
2023-06-08;27,0;67,0;1,16;72,973;24,4;48,5699;4,0;;11,867368749999999;6,725;17,7833;83,5271125;0,7793368333333334;2,30118
2023-06-09;10,0;21,0;0,86;30,1679;18,99;11,1732;2,0;;11,428127083333335;8,66666;13,3167;95,13065;0,713666875;1,53746
2023-06-10;13,0;29,0;0,91;26,1408;15,9;10,2451;5,0;;8,873260416666666;4,275;11,6333;82,5237;0,6691585916666667;1,10318
2023-06-11;32,0;56,0;1,27;48,4429;17,66;30,7852;7,0;;5,8340275;1,15;12,65;84,80560416666667;0,4154062416666667;1,26748
2023-06-12;57,0;113,0;1,86;143,567;36,65;106,915;2,0;;6,835225136363636;0,233333;16,0083;77,90112083333334;0,24433995833333333;0,728635
2023-06-13;52,0;129,0;2,01;188,949;49,31;139,643;2,0;;7,744785541666666;0,183333;19,1833;60,49305416666667;0,4036659083333333;1,01967
2023-06-14;44,0;122,0;1,84;183,007;47,44;135,564;2,0;;9,290622666666666;0,366667;19,9833;51,197916666666664;0,3371444416666667;0,805858
2023-06-15;51,0;132,0;2,14;207,701;51,22;156,484;4,0;;11,960417916666666;4,45;21,325;50,32638333333333;0,36756191666666665;1,08977
2023-06-16;50,0;163,0;2,54;235,753;49,91;185,839;1,0;;10,292601666666666;4,96667;21,6417;58,81481111111111;0,4294210777777778;1,06637
2023-06-17;55,0;147,0;2,65;195,431;53,37;142,061;7,0;;14,354860833333333;5,8;26,3583;47,159725;0,49237012500000005;0,682699
2023-06-18;43,0;87,0;1,79;91,2427;25,21;66,0288;8,0;;9,6294425;5,74167;12,825;72,2153125;0,73294025;2,29707
2023-06-19;42,0;94,0;1,42;74,6697;32,72;41,953;5,0;;12,348965416666667;8,81667;17,6917;73,02746666666667;0,5127953125;1,36265
2023-06-20;39,0;101,0;1,43;104,045;32,33;71,7123;3,0;;11,207984583333333;8,13335;15,8667;80,878475;0,5045331166666667;1,81205
2023-06-21;35,0;77,0;1,29;58,5853;25,89;32,6937;2,0;;11,990969999999999;9,14999;13,775;84,6906625;0,43019241666666663;1,37509
2023-06-22;17,0;30,0;1,3;77,7924;26,91;50,8801;1,0;;12,704508333333335;10,85;14,3833;94,97202499999999;0,8568540416666667;3,70289
2023-06-23;15,0;29,0;1,55;107,735;23,27;84,4646;1,0;;14,498258333333332;13,5417;15,9;98,62502916666666;0,5647923083333334;2,40524
2023-06-24;16,0;36,0;1,45;66,0425;18,11;47,9345;1,0;;14,169383333333334;12,5583;16,05;94,63824583333333;0,6377379666666666;2,01858
2023-06-25;24,0;47,0;1,32;56,5875;15,72;40,865;1,0;;13,624308333333333;12,1833;15,2417;95,166375;0,3971756791666667;1,21298
2023-06-26;18,0;43,0;1,3;50,745;13,41;37,3361;1,0;;12,8295125;11,7167;14,2583;96,71600000000001;0,3610469125;1,70045
2023-06-27;17,0;85,0;1,28;95,4279;24,38;71,048;2,0;;9,624582916666666;6,45833;12,5083;82,3778;0,38226819166666665;1,69083
2023-06-28;47,0;154,0;2,2;222,105;34,24;187,861;1,0;;7,8024249999999995;3,375;12,6833;88,798625;0,33497058333333335;0,979193
2023-06-29;51,0;164,0;2,63;248,061;42,85;205,209;2,0;;10,427085;3,3;19,8583;73,874325;0,46522376249999997;1,22526
2023-06-30;48,0;150,0;2,43;216,315;49,16;167,16;3,0;;12,198964583333334;5,01667;22,2417;64,48579583333334;0,48593399583333335;1,1916
2023-07-01;40,0;104,0;1,79;127,483;37,3;90,1823;5,0;;12,579862916666668;5,43333;22,4083;65,30587916666667;0,686450625;1,44115
2023-07-02;35,0;64,0;1,22;40,7832;19,4;21,3801;4,0;;8,030902916666667;5,05;11,3167;93,1979625;0,6370226583333333;1,47833
2023-07-03;46,0;103,0;1,7;109,885;35,36;74,5259;3,0;;9,664932916666666;4,35833;17,8833;79,42784999999999;0,4860959083333333;1,28193
2023-07-04;29,0;95,0;1,76;132,578;30,38;102,198;6,0;;10,35069;4,80833;16,6333;74,37849583333333;0,6818596874999999;2,03718
2023-07-05;22,0;70,0;1,37;112,937;28,01;84,9274;6,0;;10,52711;4,05;17,375;73,53125;0,5190435;1,61944
2023-07-06;27,0;96,0;1,32;91,1187;30,75;60,3649;3,0;;10,437505833333333;7,7;13,875;79,94005833333334;0,3267655875;0,952821
2023-07-07;43,0;116,0;1,93;144,855;29,42;115,436;2,0;;9,04860625;6,55833;12,0;86,73892916666667;0,4777724875;1,66043
2023-07-08;37,0;86,0;1,79;117,528;25,57;91,9626;5,0;;9,66736375;4,45;17,0167;81,909725;0,5123678083333333;1,68287
2023-07-09;38,0;87,0;1,62;69,7898;24,67;45,1172;3,0;;10,604892916666666;6,15833;13,8083;86,21180416666665;0,3265905333333333;0,715589
2023-07-10;33,0;79,0;1,4;89,0583;25,47;63,5879;5,0;;9,968057083333333;2,54167;18,525;78,56112916666667;0,7687001666666666;1,89461
2023-07-11;27,0;67,0;1,12;61,0004;22,82;38,1846;3,0;;9,648609583333334;6,39167;11,9583;88,77881666666667;0,5489965875;1,90156
2023-07-12;6,0;27,0;1,03;45,8431;18,14;27,7073;8,0;;10,352017083333333;7,85;14,1833;84,87154166666666;0,7275894875;1,9573
2023-07-13;31,0;126,0;2,11;171,01;34,04;136,967;2,0;;10,779867916666667;4,08333;17,9833;76,53818333333334;0,34046932916666667;0,958481
2023-07-14;44,0;133,0;2,06;163,598;37,23;126,365;1,0;;10,277435416666666;6,78333;14,5583;76,42332916666668;0,3877692125;0,817714
2023-07-15;43,0;108,0;1,8;87,9877;26,71;61,2781;2,0;;9,800000416666666;6,6;14,2917;71,45518750000001;0,5409358541666667;1,58358
2023-07-16;69,0;137,0;2,36;118,762;31,9;86,8591;6,0;;10,696871250000001;4,33333;19,8917;73,73928333333333;0,4159037625;1,30989
2023-07-17;68,0;181,0;2,53;233,459;44,36;189,099;1,0;;9,414864583333333;4,11667;14,9;78,2254;0,23957878749999997;0,469777
2023-07-18;61,0;182,0;2,51;260,413;58,39;202,021;1,0;;12,838189583333333;8,84166;17,7667;65,28126666666667;0,5503813166666667;2,08981
2023-07-19;43,0;160,0;2,11;208,261;53,91;154,349;1,0;;14,068020833333334;11,2333;19,1917;57,312533333333334;0,46530944583333333;1,24341
2023-07-20;47,0;149,0;2,17;205,102;51,0;154,102;1,0;;12,609025;7,48333;17,85;68,31945833333333;0,4860867;1,37636
2023-07-21;22,0;67,0;1,23;75,4296;27,78;47,6495;1,0;;11,570175833333332;8,80911;15,1667;84,43435;0,6098761958333333;2,2627
2023-07-22;10,0;23,0;1,05;39,1972;17,68;21,5199;7,0;;9,163195416666666;6,54167;11,0583;96,29520416666666;0,708864925;1,72285
2023-07-23;31,0;68,0;1,88;101,78;23,2;78,5813;1,0;;7,652780416666666;4,93333;9,77499;94,75905416666666;0,36747212916666666;0,935397
2023-07-24;47,0;117,0;2,18;161,066;32,76;128,307;3,0;;10,390625416666667;4,95;18,4833;79,91738333333333;0,3888651375;1,01473
2023-07-25;33,0;92,0;1,77;133,263;29,32;103,942;4,0;;10,867360416666665;6,65833;16,2;81,20139166666667;0,8442308416666666;2,32363
2023-07-26;32,0;94,0;1,38;80,5413;24,23;56,3131;2,0;;10,232291666666667;5,675;15,8667;83,9896125;0,5330146416666667;1,68478
2023-07-27;44,0;146,0;1,8;120,967;32,92;88,0435;4,0;;11,710076666666666;5,21667;19,525;73,36144166666666;0,40726392083333335;1,1616
2023-07-28;55,0;160,0;2,13;154,64;44,31;110,329;3,0;;14,084027916666665;5,95833;24,2833;63,98959583333333;0,5092507041666666;1,90921
2023-07-29;41,0;119,0;1,74;99,5299;35,36;64,1726;6,0;;16,358674166666667;8,75835;25,0833;59,23610416666667;0,5443934166666667;1,24776
2023-07-30;47,0;128,0;1,95;85,9312;32,78;53,1529;8,0;;15,681245833333334;10,6417;23,475;63,440975;0,4483157541666667;1,17494
2023-07-31;46,0;123,0;1,68;100,887;35,54;65,3492;8,0;;14,58784875;8,56667;22,6;70,15246666666667;0,5467448333333333;1,55796
2023-08-01;41,0;113,0;1,54;112,642;35,81;76,8352;8,0;;13,558334166666667;6,225;23,0;72,84237916666666;0,4438807333333333;1,5791
2023-08-02;41,0;129,0;1,73;144,967;42,37;102,599;7,0;;14,199645416666668;7,20833;23,4583;64,73991666666667;0,5269342;1,69885
2023-08-03;39,0;123,0;1,63;134,481;41,19;93,2937;8,0;;14,806937916666667;6,80833;25,425;60,8368125;0,47682966666666665;1,5353
2023-08-04;36,0;119,0;1,48;117,945;40,89;77,0497;10,0;;15,330562500000001;7,45833;25,7417;58,6389;0,667316375;1,99901
2023-08-05;23,0;49,0;0,99;28,5387;19,71;8,83066;7,0;;9,060422083333334;6,13333;11,3167;91,29547916666667;0,7460497916666666;1,43509
2023-08-06;24,0;61,0;1,2;40,5183;19,09;21,4289;9,0;;12,052084583333333;7,0;17,625;78,07670416666666;0,4540815916666667;1,13085
2023-08-07;36,0;100,0;1,47;108,181;34,63;73,5522;3,0;;10,868064166666668;4,56667;16,975;78,51043750000001;0,46005952499999997;1,42692
2023-08-08;47,0;121,0;1,49;105,246;35,21;70,0403;7,0;;13,3444375;7,20833;20,2667;75,09276666666666;0,5943081666666666;1,86148
2023-08-09;50,0;122,0;1,35;94,6602;35,55;59,1107;2,0;;12,566599166666668;9,65833;15,425;79,28125833333333;0,6901941208333334;1,5379
2023-08-10;6,0;24,0;0,79;19,0718;13,77;5,30374;12,0;;11,47982375;7,28333;17,7583;74,81597916666666;1,44700875;2,41079
2023-08-11;18,0;61,0;1,1;54,9684;22,73;32,2379;5,0;;10,487498333333333;6,99167;15,8583;78,4444625;0,5439113458333333;2,4302
2023-08-12;32,0;98,0;1,54;91,4012;30,13;61,2666;7,0;;12,614922083333333;5,90833;22,0833;66,84306666666667;0,4495002416666667;1,18255
2023-08-13;34,0;98,0;1,74;98,5228;27,75;70,769;9,0;;15,474996249999998;6,825;26,2833;57,90971666666667;0,5055392291666666;1,27465
2023-08-14;26,0;84,0;1,3;87,674;32,25;55,4257;8,0;;16,38471458333333;8,83333;26,95;59,017374999999994;0,7482595291666666;1,63293
2023-08-15;22,0;44,0;0,86;18,3488;13,43;4,92058;6,0;;11,541045416666668;9,49165;14,3;89,507;1,0852687916666668;2,33231
2023-08-16;15,0;49,0;0,9;35,5913;18,83;16,7599;4,0;;12,554520833333333;10,1917;15,2583;82,9754625;0,65226825;1,76231
2023-08-17;11,0;38,0;0,85;30,1337;15,41;14,7225;6,0;;12,2396125;10,6083;15,0917;83,79515833333333;1,1375150583333333;2,86291
2023-08-18;19,0;65,0;1,04;48,145;24,69;23,4516;4,0;;12,09725875;9,21667;15,7667;73,91702500000001;0,7070363749999999;1,55614
2023-08-19;18,0;36,0;1,16;51,6295;24,33;27,3007;1,0;;10,571112916666666;9,43333;11,79;94,14108750000001;0,5531040958333333;1,57549
2023-08-20;15,0;29,0;1,12;39,2316;15,26;23,9746;4,0;;12,2354475;9,98334;16,425;90,07712500000001;0,3562696125;1,18558
2023-08-21;11,0;49,0;1,05;49,5083;20,92;28,5909;1,0;;12,698491666666667;10,1917;17,6917;83,7056;0,8386093333333333;1,79716
2023-08-22;3,0;22,0;0,75;14,5835;10,25;4,3407;11,0;;13,387845416666666;9,27499;15,9833;72,63197083333334;3,025809875;5,68434
2023-08-23;5,0;11,0;0,86;30,0019;18,36;11,6435;9,0;;8,553064583333333;7,48333;9,77499;96,10073333333334;0,8383602083333334;2,2568
2023-08-24;15,0;40,0;1,11;64,6853;23,48;41,203;6,0;;9,840972916666667;5,48333;14,925;82,37501666666667;0,4609840375;1,23711
2023-08-25;16,0;57,0;1,01;45,607;21,83;23,775;8,0;;10,176769166666666;4,38333;17,4667;74,9872;0,5191083541666667;1,52813
2023-08-26;32,0;89,0;1,45;79,7402;30,08;49,6581;10,0;;10,817012916666668;4,5;18,7083;68,08682916666667;0,49972791250000004;1,74001
2023-08-27;30,0;75,0;1,29;58,7096;25,33;33,3771;13,0;;12,926387499999999;3,43333;22,5;58,37499583333334;0,4633215041666667;1,23647
2023-08-28;21,0;80,0;1,25;79,801;29,75;50,0512;6,0;;13,504857916666666;9,02499;16,1;57,04860416666667;0,7818120249999999;2,03624
2023-08-29;18,0;71,0;1,18;77,7716;25,06;52,7113;10,0;;12,911522083333333;4,55833;21,175;60,28124583333334;0,892561;2,45961
2023-08-30;15,0;57,0;0,9;40,9835;23,98;17,0035;8,0;;12,464237916666667;7,99167;18,225;71,66320416666667;0,7929302125;2,08407
2023-08-31;26,0;88,0;1,16;65,7588;27,27;38,4887;9,0;;13,560735833333334;6,45;20,8333;70,15664583333334;0,854980925;2,60165
2023-09-01;24,0;86,0;1,1;54,5892;25,36;29,2299;3,0;;13,526033333333332;11,3667;16,1083;69,80556666666666;0,860532375;1,4701
2023-09-02;24,0;58,0;0,97;33,8388;21,31;12,5331;5,0;;12,414250000000001;10,675;15,425;75,40277916666666;0,93841425;1,89303
2023-09-03;16,0;42,0;0,86;20,2009;14,95;5,25229;11,0;;12,956941666666667;9,75;17,2583;77,59723333333334;0,8180499166666667;1,96669
2023-09-04;14,0;44,0;1,0;44,0099;23,6;20,4074;3,0;;11,898620833333332;10,7917;13,3;84,77778333333333;0,5825332666666666;1,59267
2023-09-05;41,0;102,0;1,66;137,623;35,45;102,175;1,0;;11,420130833333333;8,53333;14,1833;88,87189583333333;0,35244568375;0,753786
2023-09-06;20,0;32,0;1,13;68,7596;24,71;44,0461;3,0;;10,209125;8,23334;11,4333;97,23554583333333;0,7993969291666666;2,13016
2023-09-07;11,0;34,0;0,88;34,8568;23,17;11,6865;6,0;;10,893784583333334;6,81667;15,875;84,49312083333334;0,6586232916666667;2,1573
2023-09-08;16,0;46,0;1,0;44,1518;24,24;19,9126;5,0;;12,721959583333332;9,45833;17,3167;79,97254583333334;0,770037585;1,82075
2023-09-09;20,0;64,0;1,26;54,9456;22,6;32,3423;4,0;;12,876495833333331;10,875;16,4583;77,357675;0,5465717666666666;1,27635
2023-09-10;33,0;84,0;1,64;77,4176;30,81;46,6083;2,0;;11,760309583333333;9,59003;13,85;83,24309583333333;0,46367344166666663;2,31445
2023-09-11;6,0;16,0;0,81;14,9846;10,86;4,12288;18,0;;12,46562375;8,49167;17,4583;73,5659875;1,4086586666666667;3,16281
2023-09-12;9,0;33,0;0,8;19,875;14,85;5,02056;12,0;;10,905876666666666;7,28333;15,1;70,00031666666666;0,9124449375;1,89904
2023-09-13;18,0;64,0;1,02;62,8487;25,67;37,1767;6,0;;10,64062625;5,28333;14,6333;78,39932916666667;0,5641455208333334;1,56543
2023-09-14;26,0;88,0;1,2;62,7953;29,64;33,1529;9,0;;14,858365833333332;9,80911;22,5917;67,96528333333333;0,4734372416666666;1,37415
2023-09-15;24,0;84,0;1,3;;;;12,0;;16,947954166666666;8,9091;26,1417;63,59407916666667;0,6895815791666666;1,8389
2023-09-16;6,0;26,0;0,8;;;;10,0;;14,3253575;8,925;20,0667;72,16004166666666;1,1742866416666666;2,75124
2023-09-17;13,0;25,0;0,87;;;;9,0;;10,2017025;7,80001;12,0167;85,73265416666668;1,0338773958333334;1,95471
2023-09-18;31,0;60,0;1,15;;;;7,0;;10,976813333333332;7,9;15,0083;77,14870416666666;0,562582875;1,26603
2023-09-19;38,0;86,0;1,48;;;;7,0;;13,403198333333334;9,11665;19,875;68,10070833333333;0,6587666708333334;1,97561
2023-09-20;23,0;60,0;1,23;;;;8,0;;12,584029166666667;10,0417;16,1667;77,94098749999999;1,06674695125;2,16631
2023-09-21;14,0;49,0;0,89;36,5429;22,63;13,9135;7,0;;13,459379166666666;9,84167;19,75;75,21181666666666;0,8146293416666667;2,70759
2023-09-22;15,0;58,0;0,93;46,4065;27,15;19,2565;2,0;;12,290308333333334;10,2;15,15;82,27779583333334;0,4952610416666667;1,32674
2023-09-23;27,0;68,0;0,98;41,8743;21,28;20,5963;7,0;;12,979522083333334;9,00833;17,8833;83,59375;0,6873685541666666;1,76796
2023-09-24;22,0;57,0;1,01;29,0157;16,43;12,5872;14,0;;12,508084583333334;8,53333;19,5182;79,16884583333334;0,5850753375000001;1,58579
2023-09-25;13,0;48,0;1,02;50,418;15,48;34,9361;13,0;;12,01076375;6,48333;18,8417;73,0798875;1,3840502125;3,32326
2023-09-26;7,0;31,0;0,81;22,2865;15,66;6,62271;14,0;;12,108340833333335;7,20833;17,8583;66,04861666666666;1,1161019583333334;2,02143
2023-09-27;16,0;60,0;0,98;51,0862;26,2;24,8854;12,0;;13,692010416666667;5,24167;21,3583;64,63889583333334;0,8386761041666667;2,50501
2023-09-28;17,0;59,0;0,92;45,0524;24,58;20,4685;13,0;;13,281245;6,66667;19,5167;59,7291625;0,8104425083333333;2,27415
2023-09-29;24,0;80,0;1,16;63,6768;32,82;30,8584;15,0;;15,501737916666668;6,38333;24,3083;59,9615;0,6794645583333333;2,14201
2023-09-30;24,0;74,0;1,17;51,7416;26,06;25,6775;18,0;;16,18368166666667;9,3;24,725;67,47917083333333;0,9993699375;2,77292
2023-10-01;16,0;29,0;0,81;14,2276;12,34;1,88667;10,0;;10,787524583333335;9,83333;13,0333;92,52789583333333;1,2214589166666667;2,34195
2023-10-02;9,0;26,0;0,76;14,8391;13,32;1,52198;18,0;;11,476459166666666;9,24167;15,375;74,760425;0,9978692083333334;1,48737
2023-10-03;8,0;26,0;0,79;21,5983;17,63;3,96896;13,0;;11,561113333333333;8,30911;17,025;73,17014166666667;0,9093411541666666;1,74431
2023-10-04;11,0;42,0;0,89;36,8888;19,03;17,8608;15,0;;13,061835416666668;5,24167;20,8083;66,065975;0,7968916291666667;2,57636
2023-10-05;11,0;45,0;0,83;27,9485;16,12;11,8319;15,0;;12,712153333333333;6,40833;19,375;69,902775;1,1348621166666668;3,09443
2023-10-06;18,0;48,0;0,81;22,0233;17,35;4,67375;14,0;;11,589937916666665;7,65;16,9167;72,34408333333333;1,1889910833333335;2,67898
2023-10-07;20,0;54,0;1,0;37,0482;19,27;17,7735;16,0;;14,234708750000001;6,15833;22,1083;63,19097083333333;0,8495058333333333;2,47385
2023-10-08;17,0;52,0;0,93;28,4254;19,12;9,30624;17,0;;16,44861416666667;8,01668;25,1667;59,618066666666664;0,6227030541666666;2,19532
2023-10-09;17,0;53,0;0,98;33,0693;20,63;12,4394;18,0;;17,652425;9,08333;26,1667;53,152775;0,9963304875;2,88647
2023-10-10;16,0;59,0;0,83;34,8004;22,26;12,5359;8,0;;12,53513375;8,56667;17,5182;69,97916666666667;1,1235435;2,44041
2023-10-11;15,0;58,0;0,83;26,2924;18,47;7,82083;13,0;;12,789929166666667;8,24167;19,875;72,07639583333334;1,0003248875;2,20979
2023-10-12;17,0;62,0;0,91;43,2024;24,1;19,1016;16,0;;15,652923333333334;7,19167;24,0201;59,0486;0,677388525;2,08481
2023-10-13;19,0;74,0;1,03;54,3197;28,43;25,888;19,0;;17,305206666666667;8,76668;25,575;53,038199999999996;0,8192492379166666;2,93994
2023-10-14;16,0;57,0;0,88;27,9473;19,51;8,43336;19,0;;17,07292083333333;9,175;25,0167;52,92013333333333;1,0054552666666667;2,71613
2023-10-15;16,0;54,0;0,93;27,8835;17,56;10,3258;16,0;;15,594444583333333;8,45;23,7;56,04165833333334;1,0601435458333333;2,59007
2023-10-16;10,0;47,0;0,82;27,2985;17,34;9,95923;16,0;;15,78784625;7,875;23,3727;54,871537499999995;0,9219849041666667;2,27611
2023-10-17;16,0;68,0;0,87;34,8264;22,51;12,3158;20,0;;17,675687916666664;8,91667;26,6833;51,003479166666665;1,0304773791666666;2,60093
2023-10-18;12,0;44,0;0,79;15,0566;12,95;2,1084;19,0;;14,718389166666666;9,73334;21,375;64,85765416666666;1,2052282375;2,45004
2023-10-19;19,0;74,0;1,0;55,2953;29,37;25,9224;18,0;;17,79580208333333;8,20833;26,4;55,1805625;0,7840468416666666;2,0978
2023-10-20;23,0;82,0;1,0;53,4001;33,87;19,5268;6,0;;16,154129166666667;11,9909;21,225;67,1771;0,7405657;1,8327
2023-10-21;25,0;62,0;0,89;28,6804;21,92;6,76243;6,0;;13,36285;10,6667;15,7667;85,7569875;0,7584128041666666;1,62735
2023-10-22;25,0;57,0;0,89;20,0033;14,78;5,22295;14,0;;14,7461875;11,9833;21,3667;80,48962916666666;1,1049111166666667;2,5599
2023-10-23;13,0;37,0;0,82;17,4896;14,03;3,45756;14,0;;11,339244444444445;10,875;12,0417;94,97651111111111;1,085117111111111;1,44901
2023-10-24;17,0;58,0;0,86;29,4986;18,45;11,0506;15,0;;;;;;;
2023-10-25;15,0;59,0;0,86;32,6339;18,46;14,1734;19,0;;;;;;;
2023-10-26;14,0;60,0;0,79;29,6076;18,11;11,4947;16,0;;;;;;;
2023-10-27;8,0;30,0;0,78;16,6709;11,82;4,85163;15,0;;;;;;;
2023-10-28;11,0;42,0;0,91;29,3597;20,57;8,79401;10,0;;;;;;;
2023-10-29;4,0;14,0;0,76;14,7277;9,49;5,24037;13,0;;;;;;;
2023-10-30;7,0;29,0;0,88;27,8072;16,31;11,4938;;;;;;;;
2023-10-31;10,0;39,0;0,8;23,4264;14,51;8,9119;13,0;;;;;;;
2023-11-01;7,0;27,0;0,89;27,6474;19,12;8,53036;6,0;;;;;;;
2023-11-02;10,0;30,0;1,01;46,451;18,87;27,5853;;;;;;;;
2023-11-03;10,0;41,0;1,03;57,0644;27,75;29,319;;;;;;;;
2023-11-04;16,0;58,0;1,04;43,8945;17,51;26,3842;;;;;;;;
2023-11-05;11,0;41,0;0,79;12,2949;10,24;2,05227;17,0;;;;;;;
2023-11-06;9,0;48,0;0,79;23,5659;14,69;8,87781;15,0;;;;;;;
2023-11-07;6,0;34,0;0,78;17,2034;13,12;4,08575;16,0;;;;;;;
2023-11-08;7,0;50,0;0,86;32,3081;20,06;12,2485;18,0;;;;;;;
2023-11-09;11,0;59,0;0,85;33,3969;21,89;11,51;20,0;;;;;;;
2023-11-10;6,0;20,0;0,87;29,9531;16,2;13,7552;5,0;;;;;;;
2023-11-11;7,0;28,0;0,87;22,9222;13,25;9,6713;;;;;;;;
2023-11-12;9,0;28,0;0,77;11,4986;9,51;1,98886;10,0;;;;;;;
2023-11-13;7,0;33,0;0,78;20,6701;14,89;5,78241;15,0;;;;;;;
2023-11-14;9,0;47,0;0,8;30,0749;18,27;11,8;15,0;;;;;;;
2023-11-15;8,0;43,0;0,79;24,3884;14,45;9,93597;;;;;;;;
2023-11-16;9,0;44,0;0,81;24,9421;15,1;9,84161;20,0;;;;;;;
2023-11-17;8,0;41,0;0,96;42,2006;21,32;20,8799;8,0;;;;;;;
2023-11-18;15,0;50,0;1,17;47,1306;22,11;25,0206;;;;;;;;
2023-11-19;14,0;40,0;0,92;24,157;13,35;10,8061;;;;;;;;
2023-11-20;7,0;;1,01;24,016;14,25;9,76993;15,0;;;;;;;
2023-11-21;5,0;40,0;0,76;22,4481;13,04;9,40695;14,0;;;;;;;
2023-11-22;9,0;45,0;0,78;23,9526;14,42;9,53101;16,0;;;;;;;
2023-11-23;10,0;51,0;0,79;26,9543;18,26;8,68944;23,0;;;;;;;
2023-11-24;11,0;58,0;0,79;24,0982;16,9;7,20085;18,0;;;;;;;
2023-11-25;17,0;52,0;0,84;19,645;13,46;6,17993;18,0;;;;;;;
2023-11-26;13,0;45,0;0,82;17,5622;12,15;5,41709;19,0;;;;;;;
2023-11-27;8,0;38,0;0,82;17,9319;11,97;5,96011;12,0;;;;;;;
2023-11-28;10,0;39,0;0,84;17,0784;13,21;3,87245;13,0;;;;;;;
2023-11-29;8,0;43,0;0,8;20,8147;15,34;5,47239;21,0;;;;;;;
2023-11-30;11,0;59,0;0,78;20,4448;14,97;5,47086;19,0;;;;;;;
2023-12-01;7,0;36,0;0,8;16,1384;11,68;4,46118;13,0;;;;;;;
2023-12-02;6,0;38,0;0,8;16,5931;11,22;5,37563;14,0;;;;;;;
2023-12-03;7,0;40,0;0,74;12,8964;10,38;2,51175;19,0;;;;;;;
2023-12-04;12,0;52,0;0,75;20,8228;13,53;7,28807;16,0;;;;;;;
2023-12-05;9,0;47,0;0,75;14,4733;10,6;3,86907;13,0;;;;;;;
2023-12-06;12,0;50,0;0,81;24,3722;16,51;7,8592;18,0;;;;;;;
2023-12-07;42,0;89,0;1,21;36,783;24,24;12,542;22,0;;;;;;;
2023-12-08;34,0;71,0;0,95;16,8008;12,88;3,9182;18,0;;;;;;;
2023-12-09;11,0;46,0;0,81;17,0469;12,71;4,33496;24,0;;;;;;;
2023-12-10;;78,0;0,93;20,3203;15,05;5,26952;25,0;;19,294999999999998;14,625;28,25;49,08335;0,1986378;0,624121
2023-12-11;;59,0;0,82;14,7169;11,11;3,60874;16,0;;18,335425;16,85;20,2583;61,437525;1,013501;1,4572
2023-12-12;9,0;50,0;0,84;21,9076;14,88;7,02531;18,0;;21,759020833333334;13,0167;29,375;52,072920833333335;1,2544979875;2,95408
2023-12-13;9,0;53,0;0,76;22,2047;16,58;5,6238;22,0;;23,7638875;14,7583;31,6917;42,35069583333333;1,0421822791666666;2,71222
2023-12-14;11,0;64,0;0,74;18,985;16,21;2,77257;16,0;;20,585358333333335;15,8333;25,8818;47,6006875;1,623813075;3,59477
2023-12-15;13,0;62,0;0,81;24,2427;17,6;6,64407;16,0;;19,38055;11,3583;28,0417;56,354170833333335;1,4850511666666666;3,03341
2023-12-16;5,0;31,0;0,74;10,5412;8,45;2,09229;12,0;;15,499308333333333;10,375;21,025;64,74999166666667;1,7902643750000002;3,0112
2023-12-17;4,0;24,0;0,75;9,83659;8,12;1,71315;14,0;;17,388883333333332;10,2333;25,275;55,5101;1,1637930416666666;2,58757
2023-12-18;5,0;40,0;0,72;19,3717;12,91;6,46594;17,0;;20,231533333333335;10,9417;29,4917;47,7500125;1,1189342083333333;2,94199
2023-12-19;35,0;84,0;0,88;19,7424;16,02;3,71917;16,0;;17,820137499999998;12,3083;23,6583;52,81945416666667;1,5747573191666666;3,11673
2023-12-20;33,0;82,0;0,92;26,8711;19,42;7,45185;19,0;;19,95734583333333;10,0583;29,8182;51,70834583333333;1,1953452500000001;2,76704
2023-12-21;23,0;75,0;0,85;26,6345;17,36;9,2773;20,0;;21,009720833333333;12,625;29,0083;49,760416666666664;1,3687338833333333;3,15118
2023-12-22;14,0;61,0;0,78;26,414;17,81;8,59975;21,0;;22,2993;12,3;31,4333;50,670141666666666;1,180927625;2,69476
2023-12-23;10,0;51,0;0,78;17,9999;14,51;3,48906;19,0;;23,019791666666666;17,45;30,6583;44,29514583333333;1,1616532416666667;3,49569
2023-12-24;11,0;42,0;0,74;12,2176;9,67;2,54833;19,0;;20,873966666666664;12,8;28,5417;54,02778333333333;1,3422313333333333;3,237
2023-12-25;12,0;42,0;0,83;15,6766;12,01;3,66597;25,0;;24,944129166666666;14,8667;34,5333;46,0729125;1,0207183308333334;2,50265
2023-12-26;15,0;63,0;0,83;22,9701;14,44;8,53;15,0;;20,805204166666666;15,8333;27,025;55,87500416666666;1,5982123041666665;3,00334
2023-12-27;13,0;49,0;0,78;15,6244;13,5;2,12346;16,0;;19,826741666666667;14,1083;26,2583;66,96180416666667;1,41281475;2,87263
2023-12-28;12,0;44,0;0,78;18,7248;14,14;4,58719;7,0;;16,175345833333335;13,7583;18,85;78,60450833333333;1,0364000416666668;1,81169
2023-12-29;16,0;54,0;0,82;26,5235;15,01;11,5158;19,0;;21,0059;12,6333;29,9917;61,31322083333333;1,1793906875;2,68053
2023-12-30;9,0;31,0;0,77;8,14229;7,02;1,12406;16,0;;17,954766666666668;13,4167;24,0333;72,70139166666667;1,643220875;2,79039
2023-12-31;9,0;30,0;0,76;6,94167;5,52;1,42063;16,0;;19,436804166666665;12,6667;27,95;64,1562625;1,4092445416666666;2,79176
2024-01-01;8,0;34,0;0,72;7,67715;6,0;1,67802;17,0;;20,7565875;12,65;30,0167;56,02462916666667;1,2883903333333333;3,329
2024-01-02;13,0;49,0;0,78;19,4201;12,95;6,47448;18,0;;22,082575000000002;12,8;30,8;54,43055416666667;1,2694622916666667;3,1714
2024-01-03;16,0;62,0;0,79;21,9229;15,83;6,09646;18,0;;22,41700833333333;14,975;29,6;55,420141666666666;1,3657193083333334;3,04081
2024-01-04;17,0;66,0;0,84;23,7906;15,16;8,63271;17,0;;21,230879166666668;14,6667;27,8667;63,197920833333335;1,5323547791666667;3,25671
2024-01-05;12,0;52,0;0,81;20,2312;12,82;7,40719;13,0;;19,01597083333333;14,3917;24,1333;72,45517916666667;1,6473987416666667;3,16326
2024-01-06;11,0;42,0;0,77;12,3085;9,74;2,56771;16,0;;19,487508333333334;14,3091;25,5833;71,05904583333334;1,6253083750000001;3,32191
2024-01-07;7,0;33,0;0,73;9,63451;7,14;2,49771;15,0;;21,559366666666666;13,35;29,4167;55,59723333333333;1,2230829583333334;2,73143
2024-01-08;9,0;45,0;0,7;18,1369;12,11;6,03052;17,0;;22,155554166666665;14,3333;29,6333;47,32639583333333;1,2304131858333334;2,90876
2024-01-09;9,0;50,0;0,74;22,9697;14,74;8,22946;17,0;;21,65695;13,7667;29,3417;44,826391666666666;1,2507876624999998;2,80016
2024-01-10;12,0;57,0;0,75;23,604;14,79;8,80978;21,0;;22,170487499999997;13,8;29,5917;47,156258333333334;1,2591720208333335;2,90724
2024-01-11;14,0;66,0;0,75;26,167;16,46;9,71104;20,0;;22,2913125;16,8417;29,8833;45,729170833333335;1,3545654166666665;3,26061
2024-01-12;15,0;68,0;0,75;24,2958;16,22;8,0775;17,0;;21,046179166666665;14,5417;28,6;54,94444583333333;1,3001033333333334;3,06079
2024-01-13;13,0;49,0;0,74;14,5869;11,29;3,29535;16,0;;19,6732625;11,75;26,875;58,385416666666664;1,5000177083333333;3,08004
2024-01-14;10,0;41,0;0,73;16,5455;12,2;4,34458;22,0;;23,609041666666666;12,875;32,9;42,53819583333333;0,9648233333333334;2,56293
2024-01-15;9,0;56,0;0,76;23,3561;14,15;9,205;18,0;;22,83298333333333;15,6583;29,7917;39,47570416666667;1,5198326291666666;3,26346
2024-01-16;10,0;49,0;0,75;22,4034;14,36;8,04832;17,0;;21,87430833333333;12,0917;31,2833;47,559025;1,0665868625000001;2,42342
2024-01-17;14,0;68,0;0,81;28,8056;18,67;10,1345;18,0;;22,76250416666667;16,0333;30,4167;49,3888875;1,3324501874999999;3,59209
2024-01-18;14,0;59,0;0,75;21,7163;15,51;6,20431;18,0;;23,406937499999998;14,9333;31,5417;51,482329166666666;1,2422044583333334;2,46124
2024-01-19;15,0;68,0;0,75;28,6367;20,33;8,30937;25,0;;25,0059;16,7083;33,175;42,020833333333336;1,0610001166666667;2,91551
2024-01-20;18,0;63,0;0,78;21,5735;16,31;5,26396;23,0;;23,794441666666668;16,65;30,7667;43,322920833333335;1,3209535220833333;3,00885
2024-01-21;18,0;60,0;0,78;15,5668;12,81;2,76042;24,0;;24,442083333333333;15,975;33,0182;47,03471666666667;1,0411319166666666;2,85721
2024-01-22;20,0;73,0;0,85;29,0251;20,49;8,53609;22,0;;25,1996625;17,0;33,575;49,524300000000004;1,2847163333333333;3,0444
2024-01-23;18,0;68,0;0,81;25,3465;17,8;7,54302;19,0;;22,809025000000002;15,975;29,7333;57,13540416666667;1,381003875;2,85156
2024-01-24;17,0;71,0;0,75;30,0652;20,53;9,53358;23,0;;25,48132083333333;16,3667;34,9917;51,628479166666665;1,2050754166666666;3,0886
2024-01-25;17,0;74,0;0,78;30,4855;20,57;9,91553;18,0;;23,9760375;18,45;30,6917;56,74305416666667;1,483642792916667;3,2
2024-01-26;13,0;52,0;0,81;21,2193;15,69;5,52698;15,0;;21,76874583333333;15,0333;30,0917;63,9375;1,4483521666666668;2,65522
2024-01-27;14,0;48,0;0,77;15,9434;13,0;2,94354;21,0;;24,2993125;16,1833;33,025;56,71180416666667;1,1910200416666668;2,8045
2024-01-28;15,0;49,0;0,77;11,7548;10,05;1,70646;16,0;;23,257333333333335;17,425;29,1417;59,14930416666667;1,5297641666666666;3,22553
2024-01-29;14,0;57,0;0,79;23,6926;15,97;7,72323;21,0;;24,230833333333333;16,8818;31,95;55,7118125;1,2915599208333333;3,26369
2024-01-30;18,0;70,0;0,81;30,3202;19,39;10,9281;24,0;;25,4482625;16,975;33,8583;51,003454166666664;1,0437916250000001;2,73421
2024-01-31;20,0;76,0;0,7;45,7937;28,74;17,0516;24,0;;27,25209166666667;17,5667;35,85;40,388891666666666;1,0190333541666667;2,59935
2024-02-01;;75,0;0,79;31,0463;22,17;8,87508;25,0;;26,273266666666668;18,45;34,1083;37,760416666666664;1,1426421916666667;3,20553
2024-02-02;;73,0;0,81;29,8503;20,05;9,80537;23,0;;26,4047625;17,1083;34,4583;41,604170833333335;1,1712493416666667;2,73298
2024-02-03;17,0;68,0;0,81;26,2296;21,0;5,22719;26,0;;27,0099125;18,2909;35,0637;36,374991666666666;0,9606730250000001;2,5034
2024-02-04;29,0;83,0;0,91;18,6209;14,69;3,93469;21,0;;23,2895875;17,5417;29,1;52,177075;1,4690444166666667;3,43561
2024-02-05;21,0;63,0;0,79;23,6442;15,42;8,22011;22,0;;23,617016666666668;15,125;31,9417;56,302083333333336;1,1680058333333332;2,63804
2024-02-06;19,0;69,0;0,79;25,9427;18,61;7,33688;22,0;;24,365283333333334;17,5667;30,6917;46,38540416666667;1,2372549625;2,91318
2024-02-07;15,0;61,0;0,75;28,6922;20,68;8,01437;23,0;;25,427904166666668;16,9;33,8667;49,027775;1,0144685333333332;2,71647
2024-02-08;11,0;55,0;0,77;21,3751;14,2;7,17951;16,0;;25,05656666666667;18,75;32,1667;51,66319166666667;1,2945665125;3,98853
2024-02-09;10,0;52,0;0,76;23,4612;16,16;7,30156;18,0;;22,99614166666667;16,25;29,8833;39,92709166666666;1,2997691458333334;3,15401
2024-02-10;14,0;56,0;0,77;24,8141;15,86;8,95824;20,0;;24,137154166666665;15,375;31,525;44,993075000000005;1,011730575;2,90653
2024-02-11;10,0;46,0;0,74;14,2469;11,25;2,9976;16,0;;22,384404166666666;15,4917;29,35;49,291670833333335;1,2491613179166667;2,8862
2024-02-12;13,0;61,0;0,8;30,6165;21,37;9,24594;18,0;;24,496170833333334;16,05;33,4833;49,24653333333333;0,9087974583333334;2,27123
2024-02-13;13,0;70,0;0,84;30,4442;19,82;10,6206;19,0;;23,581599999999998;16,975;30,025;48,527791666666666;1,4069223166666667;2,89541
2024-02-14;14,0;63,0;0,75;20,7412;14,55;6,19031;18,0;;21,15010416666667;14,6417;30,25;66,34027916666666;1,2502244166666667;2,62292
2024-02-15;14,0;59,0;0,72;26,1635;17,3;8,85866;19,0;;22,506933333333333;14,7667;31,5667;64,69096666666667;1,2072492916666666;3,30887
2024-02-16;14,0;60,0;0,9;27,3535;18,25;9,10059;19,0;;22,158337500000002;15,9;28,6583;64,98962916666666;1,3071742916666667;2,96838
2024-02-17;14,0;56,0;0,82;18,746;14,29;4,45483;24,0;;24,3489;15,9333;32,1417;53,701391666666666;0,9882217125;2,41519
2024-02-18;12,0;53,0;0,83;16,5738;12,51;4,06604;24,0;;24,9145125;16,9818;32,9333;46,340291666666666;1,2284027333333334;3,13123
2024-02-19;15,0;57,0;0,78;19,0317;13,13;5,89844;18,0;;19,957291666666666;14,8333;25,8583;65,395825;1,572838;2,84529
2024-02-20;11,0;50,0;0,8;16,5349;13,0;3,53458;17,0;;20,553475000000002;14,85;28,1917;67,95835833333334;1,3414383333333333;2,86934
2024-02-21;9,0;44,0;0,76;15,9269;11,05;4,87896;13,0;;20,083683333333333;14,6167;28,0167;68,67362916666667;1,45239325;3,35191
2024-02-22;6,0;26,0;0,79;19,0483;12,99;6,05458;4,0;;15,632708333333333;14,275;17,6417;85,34754166666666;1,0397599291666666;2,20199
2024-02-23;11,0;36,0;0,9;41,3254;18,12;23,2091;15,0;;20,667708333333334;12,7333;29,75;66,71464583333334;0,69078425;2,30489
2024-02-24;9,0;37,0;0,8;17,6033;12,09;5,51788;19,0;;22,652424999999997;15,6833;30,575;55,909725;0,9620216958333333;3,06899
2024-02-25;11,0;40,0;0,81;15,215;12,19;3,02563;22,0;;22,61923333333333;15,2667;30,2091;56,406241666666666;1,1197732958333333;2,91327
2024-02-26;15,0;58,0;0,84;26,8647;17,11;9,7552;19,0;;22,603129166666665;14,2583;30,3333;57,427083333333336;1,0963617041666667;2,8677
2024-02-27;11,0;56,0;;29,9306;17,93;11,9973;20,0;;22,847570833333332;15,5167;30,35;47,17364166666667;1,1136699791666667;2,99769
2024-02-28;10,0;62,0;;32,9505;20,27;12,6769;21,0;;23,0903;14,525;31,6667;48,704879166666665;0,8559404583333333;2,38698
2024-02-29;8,0;63,0;;46,0685;22,61;23,4611;19,0;;24,027366666666666;16,2;32,4667;47,635416666666664;0,9295369166666667;2,50897
2024-03-01;12,0;72,0;;40,8501;21,73;19,1233;17,0;;22,610079166666665;15,3917;29,6917;46,8923625;1,00945061125;2,93599
2024-03-02;12,0;64,0;;29,1237;19,4;9,72386;20,0;;22,688441666666666;15,5417;30,35;49,690979166666665;0,8695238541666667;2,34184
2024-03-03;9,0;56,0;;18,5785;15,46;3,11844;21,0;;22,637154166666665;14,9583;30,2167;45,27777916666667;0,9997163750000001;2,74298
2024-03-04;12,0;61,0;;31,5769;20,2;11,3724;21,0;;22,888895833333333;14,3167;31,4667;43,2222625;0,950271075;3,08952
2024-03-05;12,0;68,0;;38,6054;21,34;17,266;19,0;;22,0010125;14,2083;30,075;46,4583375;1,0390609041666667;2,73647
2024-03-06;17,0;74,0;;36,8764;22,16;14,7115;18,0;;21,540629166666665;14,375;29,0667;52,826391666666666;1,0977335124999998;2,82068
2024-03-07;10,0;58,0;;33,1157;18,37;14,7462;13,0;;19,9942125;12,8083;27,6167;51,72790416666667;1,1633867916666667;3,40528
2024-03-08;7,0;55,0;;29,6129;17,45;12,1608;12,0;;18,781941666666665;10,725;27,1083;46,96875;1,0673325541666667;2,97363
2024-03-09;8,0;51,0;;26,7449;15,37;11,3702;18,0;;21,2069375;11,9417;29,9083;52,2881875;0,8223760541666666;2,12953
2024-03-10;11,0;54,0;;20,8828;14,6;6,28229;19,0;;20,77188333333333;13,3167;28,5167;53,479170833333335;1,1290840416666665;3,09511
2024-03-11;10,0;56,0;;28,9094;17,8;11,1115;17,0;;19,574995833333332;12,7167;27,5167;58,59375;1,1363633708333334;2,79057
2024-03-12;5,0;47,0;;28,0351;17,51;10,5238;14,0;;19,653858333333332;11,375;27,6667;53,14899583333334;0,8366931375000001;2,45479
2024-03-13;7,0;51,0;0,27;25,8729;16,93;8,94719;14,0;;20,4014;12,6333;28,3917;56,697920833333335;0,7883544875;2,29544
2024-03-14;8,0;66,0;0,33;35,8806;23,64;12,2392;18,0;;20,937141666666665;12,4167;28,7833;49,395849999999996;0,7830873875000001;2,229
2024-03-15;13,0;73,0;0,37;38,5756;24,24;14,3315;18,0;;20,340620833333332;12,0333;28,8417;49,0798625;0,8932693416666666;2,63311
2024-03-16;13,0;63,0;0,29;28,38;20,35;8,03354;20,0;;20,2701375;11,975;28,725;45,923608333333334;0,7262127875000001;2,22737
2024-03-17;12,0;60,0;0,38;27,7899;19,11;8,67604;22,0;;20,888195833333334;12,25;29,3333;43,559041666666666;0,7770487033333334;2,29243
2024-03-18;15,0;67,0;0,44;52,0003;29,6;22,4004;16,0;;21,798625;13,0417;30,5667;43,01735416666667;0,6213789116666667;2,21919
2024-03-19;16,0;86,0;0,52;58,5163;28,43;30,0885;16,0;;20,577083333333334;14,1917;27,425;50,3368125;1,1492079083333333;3,22642
2024-03-20;10,0;55,0;0,28;28,0099;20,7;7,3075;8,0;;15,527145833333334;12,25;18,1917;74,43089583333334;0,9369655416666666;2,11125
2024-03-21;16,0;77,0;0,59;50,2975;28,22;22,0819;17,0;;21,262504166666666;12,7333;30,1833;56,90625416666666;0,7248813541666667;2,13238
2024-03-22;11,0;65,0;0,65;53,4118;26,28;27,135;18,0;;23,093725000000003;14,3667;31,525;47,68055416666667;0,8467003833333333;2,53738
2024-03-23;9,0;56,0;0,49;32,9748;20,12;12,851;15,0;;22,0073625;14,4167;29,8;48,84722083333333;0,6722741958333334;2,33972
2024-03-24;8,0;43,0;0,57;29,1878;15,38;13,8054;17,0;;22,934020833333335;14,6667;31,15;53,694449999999996;0,7245539750000001;2,08105
2024-03-25;8,0;51,0;0,43;26,3828;17,02;9,36542;12,0;;21,304100000000002;14,8667;29,1583;58,528099999999995;1,0214589;2,85979
2024-03-26;15,0;67,0;0,59;48,1159;26,59;21,5262;15,0;;21,00903333333333;13,8917;29,375;62,197920833333335;0,7803206333333333;2,36536
2024-03-27;13,0;75,0;0,69;55,6531;26,49;29,1677;18,0;;22,12465;15,5167;29,8333;61,170141666666666;0,7459175991666666;2,43083
2024-03-28;15,0;65,0;0,58;39,5714;25,22;14,3544;20,0;;21,93070416666667;15,2833;29,5273;59,99305833333333;0,7788108166666666;2,8781
2024-03-29;20,0;60,0;0,63;32,1383;23,18;8,95833;30,0;;21,987816666666664;13,85;30,9909;57,32670833333333;0,6734136708333334;2,63932
2024-03-30;16,0;56,0;0,53;20,8691;16,82;4,05396;28,0;;22,914616666666664;15,3;31,0417;52,680566666666664;0,7789356166666667;2,22522
2024-03-31;10,0;54,0;0,53;27,2113;18,76;8,44646;19,0;;21,460795833333332;14,775;28,5667;42,81249583333334;0,7482464750000001;2,39863
2024-04-01;;54,0;0,39;26,9431;20,29;6,65094;17,0;;19,527054166666666;14,7833;25,8167;39,3159875;0,8566421208333334;1,89017
2024-04-02;;85,0;0,56;55,4842;30,78;24,703;11,0;;17,87986666666667;12,0167;24,0417;45,87848333333333;0,6263798083333333;2,46828
2024-04-03;;82,0;0,55;47,842;26,16;21,6797;3,0;;16,353520833333334;14,2333;19,1667;63,8333375;0,6791382416666667;1,73107
2024-04-04;;80,0;0,61;49,2938;27,28;22,012;17,0;;18,7142375;11,775;26,3833;61,7430625;0,6193831958333333;1,99606
2024-04-05;;81,0;0,74;63,816;30,93;32,8883;21,0;;19,397908333333334;11,2917;28,05;54,99653333333333;0,7952767791666667;2,60862
2024-04-06;15,0;74,0;0,57;34,8058;23,49;11,3191;18,0;;18,272225000000002;11,0667;25,4667;56,947945833333335;0,6735318541666667;2,16989
2024-04-07;19,0;67,0;0,67;31,2914;22,42;8,8726;27,0;;19,1437875;11,0091;28,55;55,968758333333334;0,5766674625;2,43944
2024-04-08;17,0;64,0;0,56;43,4464;26,76;16,6886;16,0;;18,430204166666666;11,4083;25,7333;55,99305416666667;0,7153030166666667;2,25952
2024-04-09;22,0;88,0;0,71;54,9622;32,47;22,4898;19,0;;18,846179166666666;11,2167;26,9417;59,354175;0,61227492375;2,14434
2024-04-10;22,0;76,0;0,64;46,7615;28,07;18,6879;20,0;;18,88159166666667;12,2833;27,0417;52,464975;0,8283012083333333;2,57823
2024-04-11;15,0;76,0;0,5;48,4;28,62;19,781;7,0;;14,7007;10,925;20,0167;56,2326375;0,7579360374999999;1,66341
2024-04-12;14,0;72,0;0,52;46,2185;26,1;20,1193;3,0;;13,351395833333333;11,3417;16,2333;73,17707916666667;0,6226412333333333;1,99376
2024-04-13;15,0;60,0;0,51;32,7112;18,58;14,1286;12,0;;13,377083749999999;9,79167;19,25;74,95834166666667;0,8164977083333333;1,67789
2024-04-14;13,0;49,0;0,48;22,2876;15,37;6,91385;17,0;;15,31562375;9,05833;21,8583;65,30555833333334;0,900173725;1,87174
2024-04-15;9,0;35,0;0,46;30,4345;20,72;9,71802;10,0;;14,674304166666667;11,4833;17,975;67,27778333333333;0,6431480416666667;1,32589
2024-04-16;18,0;73,0;0,81;78,3632;34,28;44,0822;11,0;;15,938467916666667;9,68333;23,9417;62,35764583333333;0,4508515833333333;1,56376
2024-04-17;22,0;99,0;1,09;117,347;49,38;67,9622;12,0;;17,861799583333333;9,02499;29,1583;52,3923625;0,34217462083333333;0,745525
2024-04-18;20,0;93,0;0,89;93,1288;40,58;52,5485;;;20,297229166666664;10,975;30,875;41,961820833333334;0,6902801666666667;2,09689
2024-04-19;22,0;95,0;0,82;80,9658;34,63;46,3334;;;17,852429166666667;11,775;24,6583;55,500008333333334;0,5848614666666666;1,65974
2024-04-20;28,0;97,0;0,75;52,7833;33,09;19,6933;;;16,634020833333334;12,8583;22,2;69,77781666666667;0,5428140041666667;1,72473
2024-04-21;18,0;65,0;0,5;23,1137;18,5;4,61021;;;14,6395875;12,75;16,875;76,6386;0,8944846000000001;1,80947
2024-04-22;13,0;58,0;0,69;55,1184;22,19;32,928;;;14,447232916666666;9,28333;20,55;77,98612083333333;0,8525377083333333;2,73557
2024-04-23;15,0;69,0;0,55;41,6888;27,14;14,5484;;;16,440616666666667;11,175;23,9333;69,23264583333334;0,5771024291666667;1,9014
2024-04-24;18,0;75,0;0,67;67,3602;27,42;39,9397;;;14,680200833333332;8,7;23,3333;58,541670833333335;0,6575063333333333;2,77906
2024-04-25;16,0;64,0;0,65;65,8442;29,19;36,6558;;;13,891317916666667;5,875;21,7167;56,8819375;0,563699175;1,89717
2024-04-26;12,0;52,0;0,61;53,7739;24,22;29,5539;10,0;;13,6743325;7,8091;19,7417;65,21876666666667;0,6148964625000001;1,79019
2024-04-27;11,0;51,0;0,48;24,6102;18,97;5,64146;15,0;;13,504170416666668;7,64167;20,2667;63,280945833333334;0,6919253333333333;1,7062
2024-04-28;20,0;67,0;0,67;38,4106;26,26;12,1498;8,0;;10,756600416666666;7,83334;15,65;66,534725;0,452596725;1,26972
2024-04-29;11,0;46,0;0,46;28,3559;21,31;7,04969;12,0;;13,2791975;8,35001;18,0333;54,059041666666666;0,8219435;1,93216
2024-04-30;9,0;32,0;0,46;25,4215;17,9;7,52635;;;13,425695833333334;11,2333;16,4083;69,76043333333332;1,0939803333333333;2,36533
2024-05-01;13,0;31,0;0,57;23,6259;15,24;8,38406;;;11,021217083333333;6,49167;14,2917;80,4270875;0,8398982500000001;2,21795
2024-05-02;16,0;52,0;0,76;63,2203;25,28;37,9356;;;8,797572083333334;3,35833;14,7917;75,60419166666667;0,44667111666666665;1,28324
2024-05-03;21,0;59,0;0,6;49,3877;27,14;22,248;9,0;;10,7670125;4,4;17,3917;63,75346666666667;0,5227108916666666;1,82802
2024-05-04;21,0;59,0;0,73;46,4143;27,05;19,3628;11,0;;12,0392425;7,1;19,75;57,684358333333336;0,41595237500000004;2,19385
2024-05-05;32,0;82,0;1,41;79,865;27,85;52,0125;7,0;;10,75341625;6,54167;16,875;73,6423625;0,38811153333333337;1,88867
2024-05-06;19,0;60,0;0,86;64,9332;23,59;41,3433;5,0;;10,285103333333334;5,275;16,8417;74,02021666666667;0,68946855;2,27049
2024-05-07;9,0;29,0;0,64;54,2381;23,17;31,0721;5,0;;6,239237916666667;3,59167;9,98334;85,06529583333334;1,2601316666666666;4,80234
2024-05-08;17,0;46,0;0,88;77,4778;29,36;48,1129;5,0;;6,918405833333334;0,808333;15,6917;78,93476249999999;0,2965774666666667;0,706365
2024-05-09;29,0;74,0;1,22;111,085;32,68;78,4088;5,0;;8,777425;1,925;17,5333;77,3569875;0,5489150666666667;1,91187
2024-05-10;30,0;85,0;1,29;115,566;29,07;86,4984;4,0;;7,984369999999999;4,23333;11,75;82,05904583333334;0,47686914333333336;1,52827
2024-05-11;39,0;88,0;1,23;101,198;29,71;71,4913;7,0;;7,8614524999999995;2,39167;15,025;80,09376666666667;0,41127844583333334;1,40355
2024-05-12;29,0;56,0;0,79;42,4967;23,38;19,1176;12,0;;8,414580416666666;4,39167;13,9583;74,940975;0,48071691666666666;1,50273
2024-05-13;32,0;68,0;0,85;70,6189;31,2;39,4183;8,0;;7,690272916666667;1,49167;15,65;71,23963333333333;0,33993924166666667;1,24984
2024-05-14;40,0;113,0;1,3;143,701;38,14;105,563;8,0;;8,046808333333333;1,13333;16,2818;66,16668333333332;0,4700505875;1,80082
2024-05-15;33,0;91,0;1,27;122,691;30,88;91,807;6,0;;6,5416670833333335;2,94167;10,35;74,97918750000001;0,5624805333333334;1,96713
2024-05-16;31,0;84,0;1,05;106,863;31,79;75,0699;7,0;;6,709029041666667;0,225;14,8583;70,2215375;0,3631002083333333;1,28003
2024-05-17;32,0;97,0;1,09;113,099;33,8;79,2968;8,0;;7,5007020833333335;2,26667;15,05;69,49307916666667;0,5063017041666666;1,922
2024-05-18;38,0;92,0;1,2;93,335;34,24;59,0988;9,0;;7,879165;1,275;16,1333;69,95835416666667;0,4737602083333334;1,39883
2024-05-19;48,0;110,0;1,39;96,9376;39,0;57,9396;8,0;;9,571179583333333;1,04167;17,4167;62,590275;0,384975625;0,854783
2024-05-20;34,0;68,0;1,14;95,92;35,99;59,9313;;;9,414931666666666;8,13333;10,9667;80,5278625;0,7506873541666667;4,03405
2024-05-21;15,0;27,0;0,67;35,7007;19,05;16,6529;;;10,481224166666667;8,60001;14,8917;93,41668333333332;0,5481498083333333;1,52728
2024-05-22;15,0;27,0;0,72;49,1127;23,23;25,8792;;;8,34861375;6,325;10,05;97,51994166666667;0,6738548291666667;1,60535
2024-05-23;12,0;39,0;0,83;67,6775;25,66;42,0182;;;7,871181666666666;5,075;13,1583;85,27016666666667;0,6107772125;1,35059
2024-05-24;36,0;108,0;1,64;182,325;38,16;144,17;;;8,382299583333333;3,3;13,3167;85,71184166666667;0,3965383333333334;0,823306
2024-05-25;31,0;74,0;1,31;112,783;27,95;84,8369;3,0;;11,0871525;8,52499;15,825;79,2083375;0,7205960833333332;2,0134
2024-05-26;23,0;44,0;0,82;46,6045;18,49;28,1158;7,0;;10,03680625;6,44167;15,6083;85,13543750000001;0,44965359166666663;1,32915
2024-05-27;37,0;101,0;1,45;157,826;36,91;120,919;1,0;;9,128820833333334;3,20833;15,6083;82,31912083333334;0,2616481;0,598175
2024-05-28;34,0;97,0;1,48;163,202;38,16;125,04;2,0;;11,072254166666667;4,23333;20,7091;73,10765833333333;0,41417742500000004;1,08757
2024-05-29;53,0;145,0;1,9;196,313;53,46;142,858;2,0;;11,83437375;8,43333;18,825;75,20138333333334;0,3505897125;0,891215
2024-05-30;55,0;150,0;2,12;220,195;55,82;164,374;3,0;;12,955210416666667;6,66667;21,975;67,70835;0,3892015833333333;0,670981
2024-05-31;44,0;124,0;1,93;191,681;44,86;146,824;2,0;;10,707988333333333;6,46667;16,55;73,98263333333334;0,5338065;1,70378
2024-06-01;49,0;115,0;1,84;135,12;37,55;97,5725;5,0;;11,285764166666667;4,025;19,4167;76,70139999999999;0,45223265;1,45702
2024-06-02;64,0;147,0;2,21;146,999;44,72;102,277;3,0;;13,124223333333333;9,54166;20,2417;75,29514166666667;0,3928183041666667;0,877633
2024-06-03;44,0;121,0;1,5;135,613;38,83;96,7845;1,0;;13,555958333333335;11,0;17,1333;70,5069375;0,6103065041666667;1,34569
2024-06-04;60,0;162,0;1,79;212,544;46,72;165,82;1,0;;11,96389625;7,85834;15,8667;80,2257;0,3855041458333333;0,8473
2024-06-05;56,0;149,0;2,13;246,565;51,35;195,22;1,0;;13,030204166666666;10,15;17,1083;69,9198375;0,4192386416666667;0,937591
2024-06-06;63,0;180,0;2,06;255,765;54,32;201,442;1,0;;12,236665499999999;8,54167;16,0583;71,02917;0,288682756;0,862427
2024-06-07;56,0;164,0;2,6;267,089;57,18;209,913;2,0;;13,905556666666667;8,125;21,6583;67,9063;0,2765525541666667;0,839301
2024-06-08;28,0;79,0;1,17;85,0001;25,92;59,0763;4,0;;12,788192500000001;8,56667;15,8083;73,55209166666667;0,993447125;2,79261
2024-06-09;9,0;19,0;0,64;30,4012;18,01;12,3927;7,0;;9,589616666666666;7,23333;12,05;85,4201375;1,0138584166666667;4,00476
2024-06-10;27,0;70,0;1,43;137,953;30,92;107,03;1,0;;10,825695416666667;8,13335;14,575;88,62366250000001;0,33752397083333335;0,80944
2024-06-11;41,0;125,0;1,98;221,788;34,58;187,213;1,0;;11,0482675;9,73334;12,8333;87,46844166666666;0,3687058916666666;1,42572
2024-06-12;31,0;93,0;1,66;173,477;29,83;143,642;1,0;;10,701045;8,875;13,05;84,63755;0,6983500291666668;2,58703
2024-06-13;5,0;13,0;0,51;35,8405;23,69;12,1486;5,0;;9,9843725;8,19167;11,4;92,4305875;1,1516729166666666;3,07219
2024-06-14;11,0;31,0;0,85;59,8068;20,52;39,2911;7,0;;9,90212;6,10833;15,125;84,77505833333333;0,7341981833333334;1,88085
2024-06-15;31,0;74,0;1,36;94,8853;23,36;71,5303;4,0;;9,1482625;4,50833;15,35;81,43755;0,3705668541666667;1,47236
2024-06-16;40,0;81,0;1,46;80,0752;23,73;56,3483;7,0;;8,933687083333334;3,25;16,2667;84,01673333333333;0,361853425;1,65343
2024-06-17;44,0;95,0;1,39;108,174;33,09;75,0878;1,0;;8,317735416666666;4,08333;12,0583;89,99685833333332;0,584774875;1,85746
2024-06-18;8,0;14,0;0,59;42,0624;22,27;19,7902;4,0;;10,046182916666668;8,51668;11,675;90,99307083333333;1,0548175;3,84596
2024-06-19;11,0;36,0;0,87;68,1829;22,38;45,7996;5,0;;10,920483333333332;7,96667;16,3583;83,83680833333334;0,5242101041666667;1,34066
2024-06-20;24,0;66,0;1,36;99,0227;22,35;76,6769;2,0;;9,335449166666667;7,575;11,4917;89,964975;0,4278724166666667;1,48889
2024-06-21;9,0;21,0;0,6;39,8403;23,71;16,1278;3,0;;7,662881666666667;6,71667;9,70833;95,2604625;1,2150641249999998;3,50615
2024-06-22;5,0;9,0;0,47;21,9542;17,21;4,74194;11,0;;7,6250004166666665;6,275;9,425;92,42745000000001;1,0788723333333332;2,61338
2024-06-23;10,0;19,0;0,51;23,9708;18,42;5,54865;9,0;;7,608338333333333;5,79167;10,05;89,5152043478261;0,485670125;1,06814
2024-06-24;14,0;36,0;0,53;41,2351;20,45;20,7836;4,0;;7,459029166666666;5,61667;9,54167;85,72854583333333;0,6793877916666666;1,71754
2024-06-25;17,0;50,0;0,68;53,8233;22,33;31,4904;6,0;;6,977082500000001;3,45;10,8583;80,03127500000001;0,4704072666666667;1,05869
2024-06-26;42,0;120,0;1,84;165,464;37,84;127,622;2,0;;6,8402775;1,2;15,0917;80,6146;0,3045871291666667;0,935247
2024-06-27;31,0;93,0;1,33;123,027;35,9;87,1259;2,0;;10,027784166666667;3,78333;18,6583;69,16320833333333;0,6085241333333333;1,6221
2024-06-28;37,0;105,0;1,34;115,003;33,07;81,9341;3,0;;9,007990833333333;4,75;16,25;81,84029583333334;0,3506202958333333;0,94074
2024-06-29;72,0;156,0;2,5;161,954;40,11;121,845;3,0;;8,9229125;4,0;17,1417;84,27434166666667;0,39127991666666667;1,06486
2024-06-30;57,0;123,0;2,23;130,824;35,78;95,0385;8,0;;11,331600833333333;4,41667;21,0167;71,74654166666666;0,4327385291666667;0,799043
2024-07-01;37,0;106,0;1,67;162,873;42,67;120,204;4,0;;11,739930833333334;3,96667;22,2583;65,03126666666667;0,4545914041666666;0,719014
2024-07-02;33,0;113,0;1,37;146,02;42,19;103,828;5,0;;11,4350675;5,00833;20,05;64,83680833333334;0,5658874708333334;1,5672
2024-07-03;34,0;101,0;1,25;129,648;41,32;88,3245;4,0;;10,986147083333334;6,06667;18,55;69,6388875;0,47404973749999996;1,24488
2024-07-04;28,0;79,0;0,77;68,64;29,82;38,822;3,0;;7,196150416666666;3,29167;13,5833;74,73959166666667;0,5517779375;1,41232
2024-07-05;57,0;141,0;1,55;172,019;47,85;124,168;3,0;;7,522565;0,566667;17,2417;69,5726125;0,31041825;0,804165
2024-07-06;56,0;119,0;1,7;142,659;39,17;103,492;7,0;;7,057294583333333;1,575;14,8417;71,24275833333333;0,6086300666666666;1,56777
2024-07-07;61,0;113,0;1,49;92,5699;34,02;58,5466;9,0;;6,33228975;0,191667;15,1083;72,934025;0,31403431249999997;0,984211
2024-07-08;59,0;127,0;1,67;163,071;45,66;117,413;5,0;;7,028126374999999;0,65;16,6;71,54545833333333;0,3023615416666667;0,786292
2024-07-09;43,0;96,0;1,3;129,43;35,94;93,4879;6,0;;5,505430130434783;0,608333;12,2833;79,17031304347826;0,8216038130434783;2,19769
2024-07-10;28,0;69,0;0,64;47,4699;24,3;23,173;7,0;;5,763539166666667;2,46667;10,2583;77,02087083333333;0,5201041083333333;1,21796
2024-07-11;56,0;121,0;1,4;105,191;29,82;75,376;4,0;;5,4857615;0,325;13,025;78,45139999999999;0,3873361708333333;0,951563
2024-07-12;50,0;115,0;1,42;119,248;35,11;84,1403;5,0;;7,6734883181818185;0,675;16,4917;69,2673625;0,6527050416666667;1,824
2024-07-13;81,0;150,0;2,17;142,527;42,25;100,277;6,0;;7,770003954545455;0,491667;17,24;74,09375416666667;0,4188857166666667;1,02939
2024-07-14;77,0;134,0;1,87;100,787;34,9;65,8907;11,0;;7,762500125;0,658333;17,75;65,69445;0,5055700458333333;1,29804
2024-07-15;67,0;145,0;1,71;135,717;40,17;95,5507;5,0;;8,113886666666668;1,36667;18,475;64,965275;0,47345225;1,16355
2024-07-16;62,0;139,0;1,79;116,049;38,98;77,069;9,0;;11,837854583333334;5,225;20,8917;56,750025;0,7303512375;1,70285
2024-07-17;43,0;114,0;1,25;90,9471;34,07;56,8804;6,0;;11,798615833333335;4,08334;20,3083;56,43408333333334;0,6454850833333333;1,33167
2024-07-18;42,0;101,0;1,0;72,8013;27,43;45,3689;2,0;;10,657634166666666;8,125;13,9333;68,43750833333333;0,6112433958333333;1,40642
2024-07-19;39,0;91,0;0,91;55,4517;23,26;32,1929;5,0;;10,10417;6,43333;16,825;79,940975;0,44723891666666665;1,49061
2024-07-20;53,0;102,0;1,43;78,4425;22,33;56,1131;9,0;;8,077430416666667;3,50001;13,275;87,71183333333333;0,8529037641666667;2,20871
2024-07-21;34,0;78,0;0,9;33,4923;14,64;18,8503;11,0;;10,267367083333333;6,74167;15,7167;77,19449583333333;0,6963976333333334;1,64136
2024-07-22;39,0;103,0;1,33;94,5051;29,84;64,6641;5,0;;10,288201666666668;2,475;20,3667;70,35069583333333;0,37452739166666665;0,808276
2024-07-23;29,0;71,0;0,99;64,0166;20,41;43,6084;4,0;;7,822570833333334;3,975;11,1167;86,25001250000001;0,7361954166666668;2,23568
2024-07-24;41,0;102,0;1,55;138,717;32,87;105,848;4,0;;10,000345833333332;3,66667;19,5417;73,31319583333332;0,3963282458333333;1,01889
2024-07-25;36,0;98,0;1,17;110,76;35,2;75,558;4,0;;10,535073333333333;4,00833;18,3667;66,51389583333334;0,6884939999999999;2,07987
2024-07-26;48,0;110,0;1,2;101,719;33,71;68,0071;3,0;;8,700701666666667;3,13333;14,7417;76,83337916666666;0,5277729958333334;1,2054
2024-07-27;38,0;85,0;0,82;50,113;21,9;28,2085;9,0;;8,692712916666666;2,825;17,5667;69,65289583333333;0,612941025;1,68845
2024-07-28;58,0;115,0;1,56;79,887;28,15;51,7328;13,0;;10,80733125;2,45;19,0918;59,5522375;0,4749152625;1,01448
2024-07-29;52,0;131,0;1,59;151,338;50,49;100,843;5,0;;12,560415416666666;3,34167;24,9833;57,48237916666667;0,44831992083333333;1,03096
2024-07-30;50,0;162,0;1,47;184,263;52,74;131,523;1,0;;12,143758333333333;10,1833;15,95;61,82646666666667;0,49283204166666666;1,13453
2024-07-31;48,0;123,0;1,07;116,76;38,96;77,8011;1,0;;10,755562916666667;9,28334;12,6417;75,1841375;0,7241143333333334;1,49095
2024-08-01;22,0;68,0;0,84;80,9554;27,72;53,2351;2,0;;9,58960125;8,03334;10,7833;83,3091625;0,5784450166666667;1,73881
2024-08-02;;;;;;;;;9,002778333333334;7,09167;14,4;83,90290833333334;2,1124965;5,9026
2024-08-03;13,0;36,0;0,84;67,6241;26,22;41,4061;8,0;;9,293413333333334;4,96667;16,0917;80,62511666666667;0,5222948625;1,23832
2024-08-04;32,0;73,0;1,33;93,3315;27,86;65,4746;5,0;;10,4684075;6,93333;16,2417;76,87485833333334;0,40918773333333336;1,14871
2024-08-05;15,0;41,0;0,8;73,0544;29,54;43,5094;2,0;;8,315697083333333;6,44167;10,1083;84,784825;0,6646918333333333;2,29499
2024-08-06;6,0;16,0;0,45;31,7168;21,64;10,0742;10,0;;7,85242625;4,725;11,8333;80,69446666666667;0,83611675;1,52764
2024-08-07;17,0;45,0;0,55;54,3599;27,08;27,2814;4,0;;6,566319166666666;2,45833;11,0083;80,84656666666667;0,3965156916666666;1,0928
2024-08-08;36,0;95,0;1,26;124,47;37,96;86,5142;5,0;;7,119786666666666;0,575;15,4;76,10419166666667;0,3534832958333333;0,69701
2024-08-09;35,0;98,0;1,26;135,952;43,88;92,0743;5,0;;10,087495541666668;0,983333;19,7833;61,98610416666667;0,5127650166666667;1,17255
2024-08-10;35,0;100,0;1,11;107,186;39,02;68,1656;8,0;;11,836808333333332;5,15;20,7417;57,43055833333333;0,6541307583333333;1,632
2024-08-11;41,0;104,0;1,54;97,2324;31,38;65,8521;14,0;;12,420141666666666;4,99167;22,0667;62,57986666666667;0,4687992083333333;1,23255
2024-08-12;36,0;99,0;1,23;115,851;41,81;74,0428;9,0;;14,637873333333333;6,58333;25,3917;64,16319166666666;0,5481166666666667;1,3449
2024-08-13;32,0;95,0;1,13;99,97;34,72;65,2515;10,0;;14,060477916666665;7,83333;22,325;71,984525;0,8629202291666666;2,18787
2024-08-14;38,0;97,0;0,95;71,6595;28,86;42,7981;2,0;;11,21974125;9,20833;14,3667;91,89062608695652;0,5516927708333333;1,30993
2024-08-15;;;1,13;66,9403;23,17;43,775;7,0;;10,208812083333333;6,45;14,825;90,85645833333332;0,547120575;1,49222
2024-08-16;;;1,02;49,968;24,37;25,5962;;;10,28322125;8,27274;12,6091;83,570425;0,6274853333333333;1,49413
2024-08-17;;;;;;;;;11,510352777777777;6,62727;16,0667;70,1314888888889;0,6435703333333334;1,47795
2024-08-18;;;;;;;;;9,452253529411765;7,15;11,675;73,99610588235294;0,668731705882353;1,53917
2024-08-19;27,0;62,0;;;;;6,0;;8,286148095238095;5,63334;11,2333;79,7017380952381;0,5289366442857142;1,13026
2024-08-20;;;;;;;;;7,492507619047619;5,2;11,1222;76,89588095238095;0,7228194476190476;1,77993
2024-08-21;18,0;50,0;;;;;;;7,577534782608695;1,825;13,0417;72,2318956521739;0,7139547260869565;2,44188
2024-08-22;;;;;;;;;8,785350555555556;2,31818;12,65;66,88006666666666;0,7027477;1,67561
2024-08-23;;;;;;;;;8,863825;5,43;11,8;66,78592;1,2941189;2,25735
2024-08-24;;;;;;;;;;;;;;
2024-08-25;;;;;;;;;;;;;;
2024-08-26;;;;;;;;;;;;;12,5;12,5
2024-08-27;;;;;;;;;;;;;12,5;12,5
2024-08-28;19,0;62,0;;46,8884;24,73;22,1604;8,0;;;;;;;
2024-08-29;16,0;38,0;;25,4578;20,84;4,61528;6,0;;;;;;;
2024-08-30;13,0;46,0;;34,4334;20,44;13,9893;14,0;;11,40625125;7,76667;15,825;71,8229375;0,47565294999999996;1,20193
2024-08-31;31,0;83,0;;79,4891;30,33;49,1596;;;12,324999166666666;3,45;21,925;64,55627916666667;0,35713036249999996;1,26602
2024-09-01;29,0;71,0;;56,187;26,5;29,6847;;;15,739917499999999;5,73333;25,8083;53,378462500000005;0,8083058583333335;2,43757
2024-09-02;9,0;35,0;;26,9786;19,14;7,83723;;;12,4840225;8,35001;16,2417;67,92015416666666;1,2673452083333332;3,23651
2024-09-03;14,0;59,0;;30,6251;21,55;9,07654;;;11,86316375;8,03333;16,95;64,97570416666666;0,8686679166666668;1,81865
2024-09-04;21,0;96,0;;71,7842;31,37;40,4102;;;11,676039166666667;3,30833;21,7833;55,618050000000004;0,4407541625;1,47339
2024-09-05;25,0;97,0;0,69;88,6464;34,66;53,9834;18,0;;14,985353333333334;5,975;25,05;49,177708333333335;0,7777479625;2,28974
2024-09-06;19,0;79,0;0,41;50,7946;25,61;25,1879;13,0;;13,717361666666667;8,8;20,225;64,62500833333333;0,83173895;2,56125
2024-09-07;16,0;51,0;0,26;25,415;17,43;7,98431;14,0;;11,490965833333334;6,31667;17,5583;78,34375833333333;0,801755125;2,35369
2024-09-08;24,0;71,0;0,39;28,9566;20,46;8,49181;22,0;;13,566662916666667;7,4;21,1083;66,5101125;0,5346170416666667;1,07727
2024-09-09;23,0;81,0;0,39;54,2275;27,83;26,4016;16,0;;16,118405416666665;9,63333;23,8917;57,107641666666666;0,6722250041666666;1,89691
2024-09-10;12,0;49,0;0,3;38,68;17,97;20,708;16,0;;13,560685416666667;8,61667;18,9583;65,3229125;1,1915117750000002;2,6002
2024-09-11;13,0;;0,27;35,033;20,69;14,3472;17,0;;13,943397916666667;6,71667;20,95;64,9826625;0,6776992083333333;1,91458
2024-09-12;17,0;67,0;0,27;36,7333;19,25;17,4865;18,0;;12,386457499999999;8,16667;18,5;66,149325;1,1959093791666666;2,80354
2024-09-13;16,0;74,0;0,36;38,5353;24,38;14,1532;18,0;;12,779512083333335;6,33333;20,025;64,3611125;0,798010375;1,87629
2024-09-14;26,0;94,0;0,69;62,7102;27,49;35,2183;21,0;;15,050004166666668;6,04167;24,5;56,64584583333333;0,6244806083333333;2,21307
2024-09-15;19,0;91,0;0,7;59,9698;25,8;34,1673;18,0;;15,910414583333333;7,13333;25,725;45,10765;0,5534103166666667;1,87996
2024-09-16;20,0;83,0;0,62;83,2853;37,37;45,9136;12,0;;16,795832083333334;8,125;27,575;43,79513333333333;0,5499289541666667;1,88763
2024-09-17;15,0;66,0;0,3;28,4712;20,35;8,11835;22,0;;14,865624583333334;7,65;21,1583;59,06944583333333;0,7904843375;2,41316
2024-09-18;31,0;106,0;0,79;61,8976;26,22;35,6764;15,0;;13,517769999999999;9,27499;20,9182;67,190975;0,9586068208333334;2,77125
2024-09-19;6,0;30,0;0,19;22,2066;12,36;9,84573;17,0;;12,278821666666667;6,95;18,9167;68,52082083333333;1,3464601166666668;2,94179
2024-09-20;22,0;64,0;0,63;49,6893;24,17;25,5224;7,0;;11,567703333333334;6,74167;17,2583;76,38197916666667;0,3522249375;1,55277
2024-09-21;10,0;26,0;0,17;13,1638;10,28;2,88153;17,0;;11,492019999999998;7,775;17,5917;78,717425;1,173264625;2,73995
2024-09-22;10,0;31,0;0,31;28,4485;22,53;5,91477;8,0;;10,5440925;8,64999;12,9583;75,93055;0,5607170416666667;1,65312
2024-09-23;7,0;27,0;0,31;28,3675;20,5;7,86501;10,0;;12,067357083333334;8,825;15,7833;79,62499166666667;0,8946048166666666;2,32526
2024-09-24;11,0;38,0;0,31;36,6256;18,24;18,3825;14,0;;10,348999000000001;5,21667;18,775;66,43108363636364;2,2503094141666664;10,6938
2024-09-25;13,0;45,0;0,33;37,2471;21,03;16,2145;16,0;;12,101742083333333;5,10833;19,75;62,725699999999996;0,7420451250000001;1,55344
2024-09-26;20,0;80,0;0,63;73,7924;32,19;41,5998;17,0;;15,865277916666665;5,50833;27,5;47,829858333333334;0,5102795;2,05456
2024-09-27;22,0;75,0;0,58;73,7246;31,03;42,6903;20,0;;16,439990833333333;8,175;23,3583;50,6979125;0,6969710833333332;1,77203
2024-09-28;16,0;68,0;0,4;35,6907;23,84;11,855;25,0;;18,234729166666668;11,9333;25,975;46,128479166666665;0,6429550333333333;2,35622
2024-09-29;15,0;47,0;0,46;29,2672;16,15;13,1177;17,0;;13,414235833333334;9,5;18,4083;65,21875;1,0359126416666666;2,3713
2024-09-30;9,0;37,0;0,18;18,6705;13,36;5,30656;18,0;;12,174307916666665;8,89999;18,3083;71,53124583333333;1,0481094375;2,43958
2024-10-01;10,0;34,0;0,2;25,7965;16,9;8,89531;15,0;;12,702082916666667;7,78333;17,9667;68,37499583333333;0,8829404391666666;1,86437
2024-10-02;16,0;52,0;0,28;39,3367;23,27;16,0671;16,0;;13,509028333333333;6,65;21,775;55,38195833333333;0,5782023916666666;1,89786
2024-10-03;18,0;73,0;0,49;58,9099;32,15;26,7646;21,0;;17,260102083333333;8,05833;26,9667;45,4305625;0,6382515916666667;2,18022
2024-10-04;18,0;84,0;0,58;64,9106;31,37;33,5399;18,0;;18,184025000000002;10,2;27,0167;43,68403333333333;0,8481805458333334;2,85919
2024-10-05;15,0;55,0;0,36;35,0124;18,98;16,0281;27,0;;18,832636666666666;9,39168;27,95;48,48611666666667;0,8262415458333333;1,98324
2024-10-06;13,0;52,0;0,35;22,045;16,48;5,56438;15,0;;18,215975;14,5833;21,9917;61,0764;0,9425154166666667;2,60185
2024-10-07;13,0;35,0;0,26;24,6907;14,83;9,8578;17,0;;16,777775000000002;11,6333;23,3333;73,0871375;1,1350272083333333;2,27988
2024-10-08;5,0;15,0;0,18;22,4667;14,05;8,4175;7,0;;11,916316666666667;10,975;13,1917;91,72572083333334;0,7829343333333334;1,43589
2024-10-09;13,0;37,0;0,46;48,8071;18,4;30,4049;11,0;;14,500235833333333;9,29169;20,489;78,4556125;0,648050925;1,74963
2024-10-10;15,0;53,0;0,46;47,0851;17,76;29,3216;12,0;;14,454158000000001;9,75;19,6667;80,39585500000001;1,11261746;2,92663
2024-10-11;12,0;40,0;0,17;22,9754;15,93;7,0425;10,0;;13,680204166666668;11,45;17,375;82,13544583333334;0,8848345833333333;1,80773
2024-10-12;18,0;44,0;0,36;25,6269;17,51;8,11844;10,0;;14,786804166666668;12,3667;17,9333;72,99309166666667;0,6469096625;1,53185
2024-10-13;15,0;37,0;0,31;19,743;12,78;6,96573;25,0;;16,341215416666667;8,27499;24,2223;58,40626666666666;0,7377283083333334;1,74229
2024-10-14;13,0;50,0;0,25;;53,78;;19,0;;16,063832916666666;9,50836;23,9583;55,0035125;0,592575025;1,73648
2024-10-15;18,0;68,0;0,52;;26,69;;26,0;;18,649668333333334;9,58333;30,0417;50,52777916666667;0,6800324083333334;2,02462
2024-10-16;11,0;50,0;0,23;;17,64;;22,0;;15,0739625;10,25;20,4417;53,232641666666666;1,1146158166666666;3,03872
2024-10-17;15,0;56,0;0,3;;21,39;;25,0;;17,206595416666666;7,38333;28,3667;58,419829166666666;0,6011903166666667;2,50508
2024-10-18;16,0;59,0;0,28;;18,8;;30,0;;20,553479166666666;11,35;30,4083;54,000008333333334;0,7186388625000001;2,17023
2024-10-19;14,0;57,0;0,26;;10,79;;18,0;;15,705208333333333;11,1583;22,5917;72,5243375;1,221447275;2,85835
2024-10-20;4,0;14,0;0,12;;1,48;;23,0;;14,035066666666665;10,2167;19,1667;69,73960833333334;1,3775025416666666;2,69356
2024-10-21;6,0;31,0;0,21;;12,49;;21,0;;17,290975833333334;9,87502;25,1167;57,569470833333334;0,8770740416666666;2,10264
2024-10-22;10,0;45,0;0,23;;18,59;;18,0;;16,435766666666666;11,4667;24,9417;69,63858333333333;1,1600208208333334;3,27374
2024-10-23;6,0;24,0;0,13;;12,47;;20,0;;14,482641666666666;11,0167;19,5833;72,70144583333332;1,082299325;2,46899
2024-10-24;8,0;37,0;0,19;;16,5;;25,0;;17,789930833333333;8,91669;27,6583;53,822925;0,8922734166666667;2,63921
2024-10-25;10,0;40,0;0,2;;16,3;;23,0;;16,591327500000002;8,94167;25,2083;59,1770875;0,88160675;1,8889
2024-10-26;13,0;51,0;0,32;;20,88;;32,0;;20,095833333333335;10,0583;30,9167;47,18402916666667;0,86977285;2,31672
2024-10-27;13,0;46,0;0,23;;14,41;;31,0;;20,162183333333335;11,225;29,2417;50,486108333333334;0,8255494791666668;2,12638
2024-10-28;17,0;61,0;0,37;;24,5;;28,0;;22,45;13,5;33,0333;51,43403333333333;0,8897628416666666;2,60363
2024-10-29;14,0;58,0;0,24;;19,51;;17,0;;17,917866666666665;13,4083;23,2455;68,14173333333333;1,302337125;2,54514
2024-10-30;15,0;51,0;0,21;;17,24;;21,0;;18,118016666666666;11,5417;25,3833;68,4305875;1,1491752916666667;2,67678
2024-10-31;12,0;42,0;0,19;;14,87;;23,0;;18,226733333333332;12,05;25,9667;64,6111125;1,2451995833333334;2,72728
2024-11-01;9,0;24,0;0,11;;6,98;;24,0;;13,970658333333333;10,7333;20,4818;73,0830125;1,1204294166666666;2,0649
2024-11-02;7,0;29,0;0,15;;11,33;;22,0;;16,96181875;8,175;25,9;56,64236666666667;0,8144377875000001;2,06502
2024-11-03;6,0;32,0;0,11;;9,81;;15,0;;15,298255416666665;9,05833;21,325;62,253475;0,9400646291666667;2,59879
2024-11-04;9,0;38,0;0,15;;28,39;;16,0;;15,467350416666667;6,40833;24,8583;55,79584583333334;0,7978139083333334;2,31979
2024-11-05;11,0;48,0;0,18;;15,19;;22,0;;18,6125;9,175;27,5917;46,253458333333334;0,8453466375;2,25722
2024-11-06;13,0;54,0;0,21;;16,03;;24,0;;20,065216666666668;12,5917;27,7917;41,75694583333333;0,9167764083333334;2,18047
2024-11-07;13,0;59,0;0,29;;17,78;;23,0;;19,6288125;12,5667;24,9667;50,12846666666667;0,706074;1,6525
2024-11-08;13,0;59,0;0,27;;16,64;;28,0;;21,646175;12,9083;30,325;45,215287499999995;0,7835891041666666;2,17673
2024-11-09;10,0;56,0;0,25;;13,7;;23,0;;20,99305;13,75;28,15;40,2326375;1,17465625;2,95018
2024-11-10;5,0;25,0;0,11;;5,25;;20,0;;17,533254166666666;12,19;22,5333;58,069449999999996;1,3929472083333334;2,45698
2024-11-11;6,0;39,0;0,16;;12,1;;21,0;;19,347854166666668;11,575;26,8727;42,0868125;0,9621471458333333;1,99962
2024-11-12;10,0;56,0;0,21;;18,25;;25,0;;22,087845833333333;12,3;31,1333;36,60765;0,8433424083333333;1,95424
2024-11-13;16,0;79,0;0,24;;17,09;;26,0;;20,748204166666667;14,3667;27,5917;47,51040833333334;1,2485242416666666;2,92997
2024-11-14;15,0;63,0;0,16;;12,55;;26,0;;18,725383333333333;11,8667;26,6417;60,579874999999994;1,2135836666666666;2,61219
2024-11-15;12,0;53,0;0,2;;12,13;;19,0;;17,70660416666667;10,125;24,3417;66,83332916666667;1,2582642916666666;2,50978
2024-11-16;13,0;46,0;0,18;;10,87;;12,0;;15,550283333333333;13,025;17,5;69,4479125;0,91918975;1,61873
2024-11-17;12,0;42,0;0,12;;6,96;;25,0;;17,740624999999998;12,65;25,475;49,40625416666666;0,9455774583333333;2,10832
2024-11-18;11,0;49,0;0,15;;12,6;;23,0;;18,517016666666667;10,925;26,625;44,84028333333333;1,0159627583333333;2,47298
2024-11-19;11,0;49,0;0,15;;10,45;;24,0;;17,500695833333335;10,2583;25,1583;51,041675;1,3022205833333333;2,59993
2024-11-20;12,0;54,0;0,15;;12,17;;20,0;;18,31145;12,45;25,1083;54,84375;0,9534084374999999;2,18056
2024-11-21;11,0;58,0;0,19;;13,67;;23,0;;19,5298625;11,9333;27,6417;50,0486125;1,1330733874999999;2,87964
2024-11-22;7,0;42,0;0,14;;9,33;;23,0;;19,255995833333333;11,8;26,6583;48,8125125;1,1234784583333333;2,42252
2024-11-23;6,0;39,0;0,13;;8,28;;24,0;;20,820829166666666;12,675;29,1333;45,46527916666667;1,1719988208333334;2,64798
2024-11-24;4,0;29,0;0,12;;5,47;;21,0;;20,825004166666666;13,2;28,275;44,802075;1,1120325;2,6118
2024-11-25;6,0;39,0;0,11;;7,67;;19,0;;20,1131875;13,6167;26,725;43,46180833333333;1,3442432708333334;2,65665
2024-11-26;7,0;43,0;0,2;;;;18,0;;18,8128375;11,2833;26,3583;45,81944583333333;1,2348404625;2,74527
2024-11-27;8,0;47,0;0,14;;9,23;;21,0;;17,139225;10,6917;24,4333;49,6388875;1,2784997916666667;2,59398
2024-11-28;7,0;41,0;0,12;;10,01;;23,0;;18,152238636363634;9,48335;25,8909;45,337154545454545;1,132235090909091;2,46027
2024-11-29;;;;;;;;;23,65337142857143;16,5;27,8417;26,373014285714284;1,6639357142857143;2,63133
2024-11-30;8,0;46,0;0,2;;11,86;;21,0;;18,6496875;11,25;25,9;37,92709583333333;1,4070157666666667;2,98554
2024-12-01;6,0;25,0;0,1;;4,44;;22,0;;16,17496125;9,7;23,7167;53,53125416666666;1,14178575;2,38242
2024-12-02;8,0;43,0;0,12;;13,11;;21,0;;18,6864625;10,8333;25,9417;44,79862083333333;1,1531021375000001;2,64597
2024-12-03;11,0;54,0;0,13;20,569;13,66;6,91208;23,0;;18,448966666666667;10,5417;26,2;47,44447916666667;1,1697408;2,75883
2024-12-04;17,0;58,0;0,12;17,7148;12,07;5,64125;24,0;;16,941666666666666;10,6833;24,6667;58,06219166666667;1,3476960416666666;2,50742
2024-12-05;9,0;36,0;0,11;11,3476;8,45;2,89417;19,0;;14,422568750000002;9,35001;21,7167;63,597229166666665;1,2397964166666666;2,1951
2024-12-06;7,0;41,0;0,11;19,9232;12,13;7,78898;18,0;;17,46424625;9,47501;24,8417;52,35765416666666;0,9482626541666667;2,22305
2024-12-07;11,0;49,0;0,12;20,4348;12,56;7,87578;23,0;;18,9357;11,65;26,4417;43,256949999999996;1,1759006666666667;3,09477
2024-12-08;7,0;32,0;0,11;10,1188;6,52;3,59917;23,0;;17,281634583333332;9,50833;24,6667;37,39929583333333;1,2643735333333332;2,87115
2024-12-09;12,0;49,0;0,17;27,863;15,25;12,6096;23,0;;20,171152916666667;9,83333;29,8667;41,645825;0,8876261375;2,44873
2024-12-10;14,0;61,0;0,16;29,0506;16,15;12,9047;25,0;;21,2017375;13,0333;28,4333;43,2013875;1,1727124208333333;2,82029
2024-12-11;14,0;60,0;0,14;26,0899;15,55;10,5425;28,0;;21,666974999999997;12,6909;30,2167;40,100699999999996;1,0884698333333334;2,64435
2024-12-12;9,0;44,0;0,11;16,9186;11,82;5,10264;24,0;;19,326391666666666;12,2417;27,6833;43,27778333333333;1,2060345000000001;2,57932
2024-12-13;14,0;59,0;0,21;30,9325;17,34;13,5969;26,0;;21,75695;13,4167;29,7917;43,69446250000001;0,9334921916666666;2,45736
2024-12-14;12,0;53,0;0,15;20,5112;13,02;7,49269;28,0;;22,131249999999998;13,85;30,5833;41,8159625;1,1463526708333334;2,84463
2024-12-15;12,0;46,0;0,13;14,017;9,78;4,23227;23,0;;20,2288125;13,1583;27,5583;49,013875000000006;1,2037335416666666;2,84707
2024-12-16;11,0;53,0;0,12;21,7056;12,12;9,58182;22,0;;19,439933333333332;11,8083;28,175;55,1736125;1,3379720833333335;2,67425
2024-12-17;12,0;49,0;0,13;22,0019;12,45;9,55634;20,0;;18,748379166666666;12,1001;26,175;58,30555833333333;1,2810845416666667;2,68234
2024-12-18;12,0;48,0;0,14;23,6895;13,77;9,92093;23,0;;20,805895833333334;12,3583;28,8833;51,635416666666664;1,027976375;2,51198
2024-12-19;16,0;61,0;0,2;34,5239;18,84;15,6883;25,0;;23,751058333333333;14,8917;32,4667;40,534733333333335;0,9191562083333333;2,19445
2024-12-20;21,0;73,0;0,22;23,7624;15,85;7,9163;24,0;;22,416666666666668;15,2917;29,6167;37,81597083333333;1,1020152083333332;2,12496
2024-12-21;17,0;53,0;0,22;18,6339;11,58;7,0575;29,0;;24,122225;15,2333;32,0667;40,923608333333334;1,0090119583333335;1,96425
2024-12-22;18,0;54,0;0,24;15,7392;11,5;4,23921;33,0;;25,622645833333333;17,575;34,1183;39,524316666666664;1,024867175;2,5304
2024-12-23;15,0;63,0;0,17;26,0135;16,53;9,47879;23,0;;23,59305833333333;16,8583;29,8917;45,7395875;1,2550854541666667;2,84235
2024-12-24;12,0;51,0;0,15;21,7705;13,59;8,17557;28,0;;23,256249999999998;15,8917;30,3167;44,63194583333333;1,1739985833333333;2,78113
2024-12-25;11,0;42,0;0,11;10,7959;7,42;3,37694;28,0;;21,75509166666667;14,989;28,375;50,413199999999996;1,2802185416666667;2,72296
2024-12-26;12,0;46,0;0,11;15,3758;9,77;5,60611;19,0;;18,5763875;12,35;25,7333;67,722225;1,5285115416666668;2,66098
2024-12-27;10,0;46,0;0,11;19,6177;12,01;7,60958;22,0;;20,329166666666666;13,4917;27,9917;60,6388875;1,291452125;2,42951
2024-12-28;10,0;40,0;0,12;13,9487;9,16;4,78782;24,0;;21,059716666666667;14,2667;28,8167;58,107641666666666;1,2550632083333333;2,67277
2024-12-29;12,0;39,0;0,11;11,5772;7,21;4,36652;27,0;;22,360762500000003;14,3;31,1583;54,69096666666667;1,230647625;2,60194
2024-12-30;14,0;52,0;0,13;19,7496;11,22;8,5274;22,0;;22,306250000000002;14,4583;29,6;51,739275;1,2468428333333332;2,56396
2024-12-31;11,0;47,0;0,12;19,8098;9,89;9,92441;19,0;;23,017004166666666;15,2667;30,7333;43,5486125;1,1708567083333332;2,41699
2025-01-01;11,0;43,0;0,14;12,3503;7,85;4,50194;22,0;;22,784716666666668;16,075;29,8167;43,326391666666666;1,2467250833333334;2,74632
2025-01-02;9,0;46,0;0,11;22,642;12,41;10,2276;23,0;;22,69722916666667;14,0083;31,1667;34,607625;1,0651356416666666;2,67019
2025-01-03;13,0;57,0;0,14;27,3168;15,54;11,7809;25,0;;22,9815875;15,075;30,6333;42,621525;1,163885625;2,76094
2025-01-04;12,0;48,0;0,11;15,1686;9,89;5,27625;27,0;;22,347920833333333;14,925;29,8;53,645829166666665;1,1913710416666667;2,32683
2025-01-05;12,0;46,0;0,11;12,5714;8,36;4,2068;32,0;;25,4026375;18,4801;31,9;47,715275;1,1406917916666666;2,53777
2025-01-06;11,0;49,0;0,12;16,9279;10,52;6,41166;25,0;;23,481949999999998;17,9167;29,2417;53,40973333333333;1,3501542083333333;2,53215
2025-01-07;9,0;38,0;0,11;12,9175;8,22;4,69639;17,0;;19,021529166666667;14,3667;25,4;71,34798333333333;1,4871030416666666;2,50594
2025-01-08;11,0;44,0;0,13;18,1455;10,18;7,96723;21,0;;21,114237499999998;14,075;29,0083;59,43751666666666;1,1632112916666666;2,75258
2025-01-09;10,0;49,0;0,14;24,0899;13,18;10,9059;22,0;;23,58570416666667;15,1083;31,2667;47,7083375;1,1078826708333334;2,53936
2025-01-10;11,0;52,0;0,14;24,892;13,24;11,6536;23,0;;24,384370833333335;16,125;32,1833;44,24652916666667;1,0811035729166667;2,83309
2025-01-11;12,0;48,0;0,15;20,8225;13,47;7,35264;26,0;;24,86102916666667;16,1417;33,2728;34,947916666666664;1,0169681166666666;2,57768
2025-01-12;11,0;43,0;0,11;14,6929;10,01;4,67902;19,0;;22,07496666666667;16,1917;27,4167;48,33334583333333;1,3396962958333332;2,80042
2025-01-13;10,0;37,0;0,11;14,5668;8,6;5,96375;21,0;;21,658375000000003;14,6091;29,075;61,694762499999996;1,3122604583333333;2,39531
2025-01-14;10,0;46,0;0,14;20,8075;11,45;9,35265;23,0;;23,33785;16,075;30,4167;45,29513333333333;1,2806778333333333;2,69405
2025-01-15;10,0;52,0;0,12;23,157;13,89;9,26698;21,0;;23,815270833333333;15,2083;31,7333;37,1111125;1,0302832083333333;2,32158
2025-01-16;6,0;32,0;0,1;15,2959;8,23;7,0656;17,0;;24,712845833333333;18,0917;32,6333;44,1354125;1,09919175;2,34309
2025-01-17;10,0;50,0;0,12;22,4441;12,03;10,4163;21,0;;23,297920833333333;15,5667;31,0167;35,80209166666666;1,1241697041666667;2,66789
2025-01-18;8,0;41,0;0,1;14,4233;9,09;5,32949;19,0;;21,767704166666665;15,325;28,4833;36,48264583333333;1,2394061666666667;2,75048
2025-01-19;9,0;31,0;0,11;15,3758;10,24;5,13388;26,0;;23,457291666666666;13,3583;33,0417;30,444441666666666;0,8768960375;2,45831
2025-01-20;11,0;55,0;0,12;22,9857;13,26;9,72069;23,0;;22,473325;14,7417;30,5583;41,190979166666665;1,1784348416666666;3,05707
2025-01-21;15,0;52,0;0,16;24,5563;14,52;10,0332;21,0;;21,0545125;13,8583;29,3333;53,2708375;1,3032125416666667;2,84824
2025-01-22;9,0;42,0;0,11;18,8584;9,91;8,95102;15,0;;20,143245833333335;14,35;27,0818;62,88888333333333;1,4450237083333333;2,84764
2025-01-23;8,0;43,0;0,11;19,914;11,91;8,00542;20,0;;21,8566;13,4167;30,1917;49,642374999999994;1,1798129166666667;2,40975
2025-01-24;11,0;49,0;0,14;23,5957;13,9;9,69176;26,0;;24,422908333333336;15,5083;32,7083;44,26736666666667;0,8909026458333335;2,19694
2025-01-25;14,0;52,0;0,15;19,8457;13,38;6,46722;30,0;;24,662983333333333;17,325;32,6365;36,61459583333333;1,04734895;2,76152
2025-01-26;16,0;50,0;0,15;16,9684;11,21;5,75541;31,0;;23,404175;15,9917;30,975;38,86459166666666;1,2244336458333334;2,96596
2025-01-27;12,0;53,0;0,14;24,8225;13,38;11,4429;23,0;;23,692391666666666;15,1833;31,95;43,5833375;1,0059235416666665;2,38309
2025-01-28;11,0;51,0;0,13;23,7543;14,42;9,33412;24,0;;24,4826375;16,7833;32,75;40,79864166666667;1,0284474041666667;2,45074
2025-01-29;13,0;65,0;0,15;34,2415;18,87;15,3735;23,0;;23,13960833333333;16,1;30,6091;36,77084583333333;1,1927053291666667;2,88312
2025-01-30;16,0;62,0;;;20,46;;21,0;;21,9115125;14,8083;29,5182;51,06597083333333;1,1054041208333334;2,983
2025-01-31;12,0;54,0;;;20,46;;;;23,320795833333335;14,3917;31,5909;45,4236125;1,0230663083333333;2,62475
2025-02-01;10,0;42,0;0,12;19,4649;12,59;6,87231;22,0;;23,530208333333334;15,975;31,8;44,7743125;1,1344091208333333;2,53272
2025-02-02;11,0;40,0;0,13;15,4985;10,64;4,86305;22,0;;23,0048625;15,3083;30,4917;45,517358333333334;1,1387331958333333;2,47323
2025-02-03;9,0;45,0;0,12;25,0054;14,21;10,7994;21,0;;23,65912916666667;15,375;31,475;38,229166666666664;0,8990827499999999;1,99768
2025-02-04;9,0;43,0;0,13;22,5783;14,83;7,74616;;;24,402087499999997;17,6417;31,5667;34,465275;1,0416864579166667;2,88195
2025-02-05;10,0;48,0;0,13;27,1987;15,08;12,1212;;;24,413191666666666;15,6333;32,775;35,201391666666666;0,7851500333333333;2,18788
2025-02-06;10,0;52,0;0,13;;;;;;24,842362499999997;16,4083;34,4;37,85069166666667;0,9130617000000001;2,85963
2025-02-07;15,0;64,0;0,15;;;;;;23,8784125;16,3417;30,95;41,91319583333333;1,0716336083333333;2,63892
2025-02-08;19,0;64,0;0,19;;;;;;25,60625;16,6667;35,0333;44,9166625;0,6973748375;2,24556
2025-02-09;19,0;66,0;0,35;;;;;;25,042016666666665;18,7833;30,675;46,79167916666666;1,2025463916666668;3,12688
2025-02-10;13,0;53,0;0,14;;6,86;;;;22,320483333333332;17,0833;28,325;58,39235416666667;1,2941447083333333;2,85534
2025-02-11;18,0;51,0;0,15;;13,08;;;;22,7743;16,2167;30,0333;49,45835833333334;1,0248735583333335;2,61059
2025-02-12;16,0;62,0;0,13;26,8357;17,17;9,66312;;;22,5857625;14,9583;29,95;31,69792083333333;0,9360010624999999;2,44595
2025-02-13;20,0;65,0;0,19;31,3076;19,19;12,1128;;;23,096966666666663;15,375;31,3273;34,885420833333335;1,0101793083333332;2,62089
2025-02-14;16,0;55,0;0,13;22,0119;14,88;7,12729;;;21,502791666666667;14,3167;29,0417;38,12153333333333;1,0177149833333334;2,6228
2025-02-15;10,0;43,0;0,11;17,2531;11,22;6,03292;;;18,950916666666668;12,3889;26,225;39,56944583333333;1,1921412208333333;2,67594
2025-02-16;11,0;39,0;0,1;13,1424;9,43;3,71667;;;19,912154166666667;10,425;29,2167;46,51737083333333;0,9181699041666667;2,25089
2025-02-17;13,0;51,0;0,12;21,5185;13,98;7,54285;;;22,170833333333334;13,6083;31,0083;42,66670833333333;0,8546218125;2,26651
2025-02-18;12,0;62,0;0,19;32,4811;18,15;14,3322;;;22,361462500000002;14,3667;31,2917;36,2708375;0,9334168708333332;2,89578
2025-02-19;14,0;63,0;0,12;19,7323;12,14;7,59125;22,0;;19,055933333333332;13,175;26,075;59,61111666666667;1,2118529999999998;2,41856
2025-02-20;12,0;62,0;0,14;25,7153;14,53;11,186;24,0;;20,56007083333333;13,0833;29,8;58,71875416666666;1,0758128333333332;2,63019
2025-02-21;12,0;62,0;0,17;29,9028;17,27;12,6287;26,0;;23,096866666666667;14,2;31,95;50,28819583333333;0,8870983708333333;2,50574
2025-02-22;12,0;62,0;0,18;28,9524;17,86;11,0881;28,0;;24,621641666666665;15,7333;32,5917;44,17360416666667;0,8742457541666666;2,3556
2025-02-23;8,0;45,0;0,13;15,9852;10,79;5,19708;27,0;;24,863191666666665;16,6333;33,2583;39,51388333333333;0,9037434583333334;2,33257
2025-02-24;9,0;49,0;0,14;22,0934;14,1;7,99618;20,0;;24,6187875;15,7;32,825;43,65972083333333;0,7852030541666667;2,01094
2025-02-25;;;;;;;;;23,127075;16,9083;31,65;50,7812625;0,5596746125;2,21531
2025-02-26;10,0;59,0;0,21;40,7875;20,76;20,0272;25,0;;23,97395416666667;16,1083;32,5667;34,614583333333336;0,97337515;2,47196
2025-02-27;15,0;72,0;0,21;33,4551;19,46;13,9993;23,0;;21,777308333333334;14,9333;29,0818;40,65625;1,1188381958333333;2,7086
2025-02-28;8,0;48,0;0,16;17,4668;11,66;5,81097;18,0;;20,544791666666665;15,275;27,175;53,451391666666666;1,2658767916666667;2,26047
2025-03-01;7,0;36,0;0,14;15,3394;8,46;6,88292;18,0;;20,630804166666667;13,9083;27,95;64,26387916666667;1,2291978749999999;2,65995
2025-03-02;6,0;31,0;0,13;12,1378;7,74;4,39549;14,0;;18,885762500000002;13,3333;24,6417;66,659725;1,228647875;2,72879
2025-03-03;6,0;40,0;0,18;23,8123;12,33;11,4871;;;20,313575;12,2667;28,5333;55,65279999999999;0,8383275833333333;2,19087
2025-03-04;9,0;55,0;0,18;27,1651;14,2;12,9616;;;21,631941666666666;13,4583;29,6333;50,8229125;0,8180128708333333;2,06282
2025-03-05;9,0;55,0;0,17;24,9326;14,06;10,872;;;21,724658333333334;14,475;29,1417;47,47222083333333;1,0531615208333334;2,50287
2025-03-06;8,0;50,0;0,18;22,7734;12,47;10,3065;;;19,487154166666667;14,15;26,0917;60,309045833333336;1,2019335291666666;2,40224
2025-03-07;6,0;41,0;0,17;19,8173;12,69;7,12611;;;20,1257;14,1667;26,9583;62,39237083333333;0,990315725;2,39269
2025-03-08;7,0;50,0;0,19;19,3769;13,38;5,99514;20,0;;21,849316666666667;14,0333;30,05;52,53787916666667;0,7128643208333334;2,03012
2025-03-09;10,0;47,0;0,24;20,7594;14,31;6,45437;29,0;;22,476041666666664;14,0417;31,575;42,1423625;0,81643755;2,04934
2025-03-10;13,0;69,0;0,27;36,0251;19,39;16,6331;27,0;;21,47500416666667;14,0417;29,1833;45,50694166666667;0,7932387041666668;2,24773
2025-03-11;11,0;62,0;0,22;30,8649;19,63;11,2368;24,0;;22,574299999999997;14,4083;31,3333;45,177083333333336;0,7858103750000001;2,08293
2025-03-12;16,0;72,0;0,29;42,7201;22,98;19,7415;28,0;;23,176391666666664;14,9583;31,975;44,222225;0,7712993625000001;2,41203
2025-03-13;15,0;74,0;0,25;36,4903;22,47;14,0158;26,0;;21,731941666666668;14,4083;29,8167;46,378475;0,9480269041666666;2,87597
2025-03-14;14,0;59,0;0,16;20,1526;15,45;4,69771;19,0;;17,24792916666667;11,875;23,3417;72,21527083333334;1,2265937916666667;2,34968
2025-03-15;13,0;49,0;0,18;14,3171;10,99;3,33062;22,0;;17,03472916666667;13,1333;22,7083;73,46182083333333;1,0069744583333333;1,8556
2025-03-16;11,0;51,0;0,2;17,1388;12,32;4,81684;24,0;;19,680904166666668;11,0167;28,6083;59,916666666666664;0,7994102083333333;2,06236
2025-03-17;14,0;66,0;0,29;39,1843;23,55;15,6344;22,0;;21,95590833333333;13,3417;31,2667;50,062491666666666;0,5653568375;2,04014
2025-03-18;16,0;88,0;0,44;59,3399;28,61;30,7349;24,0;;23,002770833333333;14,1917;33,8583;40,39236666666667;0,6950271250000001;2,29238
2025-03-19;13,0;71,0;0,2;37,9837;19,98;18,0026;18,0;;18,828120833333333;13,7167;24,75;56,01390416666666;1,1214148041666667;2,58029
2025-03-20;13,0;63,0;0,26;30,8496;18,96;11,8944;22,0;;18,894795833333333;11,925;26,5417;64,95139166666667;0,8912022583333333;2,27626
2025-03-21;15,0;72,0;0,37;43,7873;23,74;20,0426;22,0;;21,212816666666665;13,7909;29,2667;56,267358333333334;0,6598334874999999;1,85697
2025-03-22;11,0;57,0;0,24;29,682;15,53;14,1516;23,0;;21,41667083333333;14,7167;28,675;55,55555416666667;0,8613296208333333;2,07683
2025-03-23;15,0;53,0;0,19;17,9107;13,07;4,83938;22,0;;18,660416666666666;13,45;25,5917;55,697920833333335;1,0583817541666667;2,48721
2025-03-24;15,0;58,0;0,17;26,4485;16,67;9,77409;20,0;;16,762149166666667;9,49165;24,2;52,854175;0,8422460833333333;2,2011
2025-03-25;14,0;65,0;0,18;22,5857;14,87;7,71521;20,0;;15,515633333333334;11,3167;21,325;62,13540833333334;0,9848942541666666;2,07763
2025-03-26;20,0;69,0;0,29;40,3826;22,35;18,0345;22,0;;17,534716666666665;10,0083;27,425;57,57639583333333;0,6631229875;1,85894
2025-03-27;18,0;60,0;0,18;19,7559;15,66;4,09681;25,0;;16,6572875;13,1;23,0083;59,09722083333333;0,8394925208333334;1,7397
2025-03-28;22,0;79,0;0,35;44,9124;27,11;17,7983;18,0;;16,523258333333334;9,51671;23,3333;64,5729875;0,4692065375;1,34118
2025-03-29;22,0;;0,59;50,2461;22,81;27,4388;20,0;;18,188541666666666;11,875;26,3417;62,04861666666667;0,9382549208333333;2,5431
2025-03-30;5,0;;0,18;17,1138;10,85;6,26549;8,0;;12,8291625;11,0583;15,1833;83,48957916666667;0,5577310666666667;1,48242
2025-03-31;13,0;;0,36;54,1172;22,28;31,8375;10,0;;14,034379583333333;8,46667;22,6833;65,03125;0,4199030666666667;1,50227
2025-04-01;;;0,59;91,0249;31,96;59,0623;11,0;;15,222574999999999;9,05;23,75;56,87152916666667;0,48138719583333334;1,33538
2025-04-02;;76,0;0,57;92,2798;36,55;55,7308;13,0;;16,3836875;8,49167;25,8667;51,572916666666664;0,5275022583333333;1,89472
2025-04-03;;86,0;0,69;100,785;38,61;62,1754;15,0;;18,346179166666666;9,10001;28,7667;42,388891666666666;0,4750400041666667;1,28454
2025-04-04;;80,0;0,5;79,7365;34,56;45,173;21,0;;19,4385375;10,725;28,2833;44,020833333333336;0,7491407083333333;2,10402
2025-04-05;16,0;43,0;0,21;26,8569;14,73;12,1317;11,0;;13,066327916666667;9,45;17,3667;82,25000833333333;1,0544473749999999;2,08413
2025-04-06;13,0;37,0;0,15;13,9476;10,84;3,1075;21,0;;15,446533333333333;12,0167;22,1583;69,621525;0,7948037499999999;2,11239
2025-04-07;18,0;74,0;0,53;71,9305;33,86;38,0661;15,0;;18,047225;9,22501;28,3833;57,24999583333334;0,4226125041666666;1,59154
2025-04-08;21,0;84,0;0,46;70,2506;28,66;41,5924;20,0;;17,673958333333335;10,8417;26,3333;56,76736666666667;0,8741279166666667;2,32556
2025-04-09;27,0;69,0;0,24;29,1708;20,05;9,12244;16,0;;14,073266666666667;10,775;21,95;81,18055416666667;1,0593049583333334;2,19984
2025-04-10;17,0;56,0;0,2;23,8725;17,66;6,21;14,0;;14,793750000000001;12,2833;19,0583;74,24305833333334;0,8426130833333333;1,78748
2025-04-11;11,0;48,0;0,16;26,1486;17,8;8,34563;6,0;;13,252083333333333;9,5;17,05;78,31597083333334;0,701472;1,30289
2025-04-12;21,0;66,0;0,52;52,0925;25,09;27,0055;16,0;;14,589932500000002;6,8;24,2167;61,6770875;0,36024163333333337;1,5564
2025-04-13;21,0;66,0;0,7;62,1272;23,44;38,6859;22,0;;16,392710416666667;8,51668;24,6917;50,166670833333335;0,718184625;1,93614
2025-04-14;11,0;48,0;0,17;33,2881;21,47;11,8176;12,0;;14,58957625;8,20833;22,2333;57,54861666666667;0,6433291208333333;2,40592
2025-04-15;14,0;65,0;0,26;44,8687;25,19;19,679;14,0;;15,689239166666667;8,25833;24,175;62,50694583333333;0,5682064541666667;1,77862
2025-04-16;14,0;67,0;0,3;46,7729;26,2;20,5762;15,0;;16,21527125;9,44167;24,0;59,06596666666667;0,5244166124999999;1,6574
2025-04-17;17,0;88,0;0,48;75,6351;34,47;41,1627;5,0;;15,8739625;10,6;21,5167;54,80555833333333;0,5193572541666667;1,80663
2025-04-18;25,0;78,0;0,82;79,2252;30,29;48,939;19,0;;16,638201249999998;8,08333;27,4667;53,965275;0,456741525;1,7487
2025-04-19;20,0;67,0;0,54;53,4855;27,56;25,93;21,0;;16,483336666666666;9,60001;25,65;50,565958333333334;0,601143425;1,81147
2025-04-20;21,0;62,0;0,34;28,6313;21,91;6,7259;20,0;;15,254509166666667;7,93334;24,9583;61,35415416666667;0,5530921458333333;2,02862
2025-04-21;21,0;81,0;0,55;67,4031;32,47;34,9317;12,0;;16,177075833333333;9,25;23,3833;55,18403333333333;0,55628255;1,4866
2025-04-22;20,0;84,0;0,53;73,8289;32,55;41,2819;12,0;;17,27847458333333;9,5;26,1417;50,81598333333333;0,4659214166666667;1,33502
2025-04-23;19,0;74,0;0,49;62,7931;30,39;32,4042;3,0;;16,093058333333335;14,025;19,3833;72,15277083333334;0,49784515416666664;1,48251
2025-04-24;11,0;45,0;0,27;33,9674;17,23;16,7382;8,0;;15,6576375;12,6583;19,3417;78,67361666666666;0,8826184583333333;1,8288
2025-04-25;10,0;41,0;0,35;50,0242;21,97;28,0503;5,0;;14,230904166666667;11,1667;17,8333;78,50694583333333;0,7966310833333333;1,83078
2025-04-26;14,0;42,0;0,37;37,5788;18,76;18,8207;8,0;;13,591666666666667;10,0;19,9583;77,76737083333333;0,42496615416666667;0,849963
2025-04-27;22,0;65,0;0,75;62,1355;22,06;40,079;15,0;;15,286115;7,49167;26,35;61,25346666666667;0,3353930583333333;0,987038
2025-04-28;18,0;73,0;0,54;75,4001;33,5;41,9029;15,0;;16,91180041666667;8,22501;27,4333;49,677083333333336;0,616600075;1,99048
2025-04-29;24,0;72,0;0,32;51,4066;27,71;23,6964;4,0;;11,82812875;6,825;18,6417;77,0729125;0,6722010708333334;1,69397
2025-04-30;30,0;66,0;0,26;33,2638;26,17;7,0966;5,0;;10,240626666666666;8,84167;11,4583;87,20833750000001;0,6393269583333333;0,999012
2025-05-01;34,0;79,0;0,36;35,3817;27,89;7,48972;14,0;;13,14270125;9,63333;18,6917;65,253475;0,5171627541666667;1,40029
2025-05-02;36,0;111,0;0,84;93,7295;37,81;55,9196;12,0;;13,744789166666665;5,93333;23,125;62,864583333333336;0,3874087;1,21505
2025-05-03;32,0;112,0;0,94;94,2501;36,38;57,8664;16,0;;15,08506875;6,95;25,0917;52,6111125;0,6140795083333334;1,78993
2025-05-04;27,0;82,0;0,7;66,624;31,68;34,94;16,0;;15,161805000000001;7,09167;25,1;50,503475;0,4323493291666667;1,42244
2025-05-05;30,0;85,0;0,59;70,5205;34,04;36,4844;13,0;;15,52465875;7,81667;24,1167;58,8263875;0,5475148541666667;1,68922
2025-05-06;43,0;121,0;0,55;79,3008;39,83;39,4721;3,0;;12,474655416666666;8,75833;16,6167;72,916675;0,31057580833333337;0,66444
2025-05-07;41,0;106,0;0,64;96,5485;39,58;56,9645;2,0;;12,322229166666666;10,625;15,575;77,48264583333334;0,6616553208333333;1,74712
2025-05-08;15,0;24,0;0,52;71,9683;28,97;43,002;1,0;;10,674316666666668;10,475;11,0083;96,909725;0,5610511666666667;1,58627
2025-05-09;24,0;69,0;1,18;;30,28;;4,0;;;;;;;
2025-05-10;36,0;114,0;1,61;;43,46;;7,0;;;;;;;
2025-05-11;28,0;69,0;0,87;;26,5;;8,0;;;;;;;
2025-05-12;35,0;81,0;0,73;;33,89;;4,0;;;;;;;
2025-05-13;55,0;105,0;1,16;155,573;30,02;125,558;6,0;;;;;;;
2025-05-14;;97,0;0,8;93,5854;32,41;61,1732;6,0;;;;;;;
2025-05-15;;129,0;1,02;128,07;38,47;89,5991;7,0;;;;;;;
2025-05-16;;105,0;0,9;102,853;26,94;75,9082;6,0;;;;;;;
2025-05-17;;82,0;0,52;47,5379;26,02;21,5193;2,0;;;;;;;
2025-05-18;;80,0;0,82;72,5518;28,65;43,9001;1,0;;;;;;;
2025-05-19;16,0;44,0;0,54;57,7856;24,13;33,6524;3,0;;;;;;;
2025-05-20;24,0;93,0;1,09;117,366;27,88;89,4865;4,0;;;;;;;
2025-05-21;24,0;69,0;0,41;58,2046;27,16;31,0447;10,0;;;;;;;
2025-05-22;41,0;123,0;1,03;146,111;50,35;95,7646;4,0;;;;;;;
2025-05-23;47,0;124,0;1,16;142,21;43,63;98,5829;2,0;;;;;;;
2025-05-24;50,0;133,0;0,85;116,346;40,28;76,0656;7,0;;;;;;;
2025-05-25;34,0;81,0;0,62;81,6444;23,35;58,2947;7,0;;;;;;;
2025-05-26;12,0;29,0;0,1;44,4384;21,53;22,9035;2,0;;;;;;;
2025-05-27;7,0;26,0;0,11;34,3461;15,66;18,6851;9,0;;;;;;;
2025-05-28;38,0;116,0;0,89;164,878;36,73;128,152;3,0;;;;;;;
2025-05-29;34,0;107,0;0,81;163,462;42,38;121,079;4,0;;;;;;;
2025-05-30;29,0;89,0;0,58;117,486;31,36;86,1276;5,0;;;;;;;
2025-05-31;46,0;114,0;1,01;131,033;34,44;96,598;6,0;;;;;;;
2025-06-01;48,0;105,0;0,96;107,775;33,78;73,9996;9,0;;;;;;;
2025-06-02;47,0;134,0;0,78;138,122;39,25;98,8751;2,0;;;;;;;
2025-06-03;70,0;191,0;1,4;228,989;53,18;175,809;1,0;;;;;;;
2025-06-04;63,0;155,0;0,85;147,878;41,13;106,744;4,0;;;;;;;
2025-06-05;62,0;162,0;0,98;162,974;47,66;115,314;4,0;;;;;;;
2025-06-06;46,0;108,0;0,76;114,504;29,24;85,2629;7,0;;;;;;;
2025-06-07;54,0;119,0;0,33;59,1178;33,09;26,032;6,0;;;;;;;
2025-06-08;70,0;144,0;1,26;128,489;37,01;91,4822;9,0;;;;;;;
2025-06-09;43,0;123,0;1,05;146,582;43,69;102,894;4,0;;;;;;;
2025-06-10;34,0;130,0;1,01;196,398;50,35;146,048;3,0;;;;;;;
2025-06-11;34,0;75,0;0,26;59,6131;27,35;32,2646;1,0;;;;;;;
2025-06-12;18,0;44,0;0,36;74,6617;25,12;49,5424;4,0;;;;;;;
2025-06-13;24,0;66,0;0,68;117,214;24,4;92,8123;5,0;;;;;;;
2025-06-14;31,0;77,0;0,57;100,051;26,99;73,0634;4,0;;;;;;;
2025-06-15;22,0;56,0;0,44;58,7879;23,04;35,7438;6,0;;;;;;;
2025-06-16;7,0;21,0;0,26;49,587;16,36;33,2297;10,0;;;;;;;
2025-06-17;23,0;73,0;0,49;107,293;23,85;83,4406;2,0;;;;;;;
2025-06-18;34,0;107,0;0,86;154,923;32,51;122,416;2,0;;;;;;;
2025-06-19;42,0;137,0;1,18;170,649;42,06;128,593;3,0;;;;;;;
2025-06-20;40,0;104,0;0,86;128,336;34,74;93,5911;4,0;;;;;;;
2025-06-21;44,0;99,0;0,76;99,4838;33,55;65,9333;2,0;;;;;;;
2025-06-22;17,0;31,0;0,13;25,2208;15,51;9,71024;9,0;;;;;;;
2025-06-23;26,0;65,0;0,28;70,7787;22,75;48,0274;3,0;;;;;;;
2025-06-24;31,0;79,0;0,48;111,571;29,27;82,304;3,0;;;;;;;
2025-06-25;27,0;66,0;0,17;65,5043;24,82;40,6883;4,0;;;;;;;
2025-06-26;36,0;92,0;0,33;91,3782;27,92;63,4579;4,0;;;;;;;
2025-06-27;47,0;113,0;0,61;120,84;29,4;91,4371;1,0;;;;;;;
2025-06-28;44,0;94,0;0,38;64,3387;22,96;41,3804;4,0;;;;;;;
2025-06-29;48,0;95,0;0,79;80,068;22,23;57,8422;7,0;;;;;;;
2025-06-30;52,0;128,0;0,91;138,369;34,65;103,717;2,0;;;;;;;
2025-07-01;54,0;163,0;1,28;210,482;49,25;161,236;3,0;;;;;;;
2025-07-02;51,0;169,0;1,56;221,854;53,65;168,205;2,0;;;;;;;
2025-07-03;40,0;156,0;1,54;203,683;50,87;152,812;3,0;;;;;;;
2025-07-04;35,0;111,0;0,57;129,669;43,12;86,5448;4,0;;;;;;;
2025-07-05;32,0;64,0;0,11;23,7393;16,82;6,91625;7,0;;;;;;;
2025-07-06;17,0;49,0;0,36;48,9882;17,58;31,4058;7,0;;;;;;;
2025-07-07;25,0;77,0;0,49;104,758;31,98;72,7751;3,0;;;;;;;
2025-07-08;35,0;93,0;0,57;126,339;36,81;89,5275;3,0;;;;;;;
2025-07-09;35,0;70,0;0,1;49,0877;25,52;23,5714;1,0;;;;;;;
2025-07-10;53,0;120,0;0,35;92,6166;40,42;52,1964;3,0;;;;;;;
2025-07-11;61,0;161,0;1,27;171,082;48,23;122,857;3,0;;;;;;;
2025-07-12;65,0;152,0;1,28;173,157;46,57;126,589;5,0;;;;;;;
2025-07-13;65,0;109,0;0,76;80,7914;23,57;57,2219;7,0;;;;;;;
2025-07-14;57,0;109,0;0,27;62,3319;26,74;35,5933;4,0;;;;;;;
2025-07-15;59,0;126,0;0,65;126,19;32,91;93,2808;3,0;;;;;;;
2025-07-16;51,0;110,0;0,91;111,368;29,66;81,7043;6,0;;;;;;;
2025-07-17;51,0;158,0;1,6;164,26;47,88;116,384;3,0;;;;;;;
2025-07-18;39,0;138,0;1,04;174,462;48,02;126,438;4,0;;;;;;;
2025-07-19;42,0;114,0;0,79;129,453;41,5;87,95;5,0;;;;;;;
2025-07-20;48,0;114,0;1,0;110,136;36,49;73,642;7,0;;;;;;;
2025-07-21;49,0;131,0;0,82;129,864;41,7;88,1604;5,0;;;;;;;
2025-07-22;51,0;159,0;1,09;181,544;51,94;129,602;4,0;;;;;;;
2025-07-23;45,0;120,0;0,74;142,654;37,46;105,189;5,0;;;;;;;
2025-07-24;33,0;86,0;0,37;70,6746;25,82;44,8526;3,0;;;;;;;
2025-07-25;43,0;122,0;0,71;148,539;36,9;111,635;2,0;;;;;;;
2025-07-26;53,0;119,0;0,84;129,407;35,02;94,385;2,0;;;;;;;
2025-07-27;54,0;99,0;0,68;85,156;27,14;58,0135;3,0;;;;;;;
2025-07-28;50,0;136,0;0,95;145,79;41,19;104,605;4,0;;;;;;;
2025-07-29;44,0;148,0;0,64;140,949;49,97;90,9788;2,0;;;;;;;
2025-07-30;30,0;99,0;0,36;94,4443;33,47;60,9753;2,0;;;;;;;
2025-07-31;13,0;43,0;0,15;44,5194;19,86;24,6593;4,0;;;;;;;
2025-08-01;6,0;13,0;0,11;29,6039;19,1;10,5007;7,0;;;;;;;
2025-08-02;10,0;22,0;0,17;35,1039;17,7;17,4058;10,0;;;;;;;
2025-08-03;35,0;73,0;0,74;90,3909;21,27;69,1165;2,0;;;;;;;
2025-08-04;34,0;108,0;1,09;173,456;37,3;136,156;2,0;;;;;;;
2025-08-05;31,0;104,0;0,71;153,04;32,41;120,628;3,0;;;;;;;
2025-08-06;24,0;80,0;0,52;92,5638;27,12;65,4418;5,0;;;;;;;
2025-08-07;29,0;73,0;0,3;66,9377;24,67;42,2682;6,0;;;;;;;
2025-08-08;43,0;119,0;0,77;125,604;36,79;88,8123;7,0;;;;;;;
2025-08-09;21,0;40,0;0,11;25,4598;20,5;4,95633;3,0;;;;;;;
2025-08-10;38,0;80,0;0,39;55,6206;25,94;29,6777;9,0;;;;;;;
2025-08-11;40,0;117,0;;143,988;42,72;101,265;2,0;;;;;;;
2025-08-12;31,0;102,0;;122,726;39,74;82,9847;3,0;;;;;;;
2025-08-13;42,0;131,0;0,92;159,49;48,42;111,07;6,0;;;;;;;
2025-08-14;30,0;88,0;0,43;101,304;29,21;72,0918;9,0;;;;;;;
2025-08-15;10,0;21,0;0,14;15,1068;11,25;3,85649;10,0;;;;;;;
2025-08-16;15,0;41,0;0,21;40,4332;18,03;22,4009;9,0;;;;;;;
2025-08-17;17,0;43,0;0,37;43,9135;14,68;29,2332;9,0;;;;;;;
2025-08-18;23,0;53,0;0,4;75,1761;18,95;56,2284;7,0;;;;;;;
2025-08-19;14,0;41,0;0,15;35,0185;19,29;15,7288;12,0;;;;;;;
2025-08-20;14,0;47,0;0,24;52,0303;26,77;25,259;9,0;;;;;;;
2025-08-21;4,0;21,0;0,1;15,2653;13,48;1,7867;18,0;;;;;;;
2025-08-22;4,0;9,0;0,11;20,5885;16,05;4,5366;16,0;;;;;;;
2025-08-23;19,0;40,0;0,39;60,3591;22,76;37,5957;10,0;;;;;;;
2025-08-24;24,0;64,0;0,45;65,6681;23,72;41,9449;13,0;;;;;;;
2025-08-25;26,0;89,0;0,54;98,4703;34,65;63,8252;7,0;;;;;;;
2025-08-26;31,0;109,0;0,55;110,993;40,55;70,4423;10,0;;;;;;;
2025-08-27;32,0;90,0;0,43;84,6576;32,81;51,8484;9,0;;;;;;;
2025-08-28;26,0;48,0;0,14;34,9031;20,75;14,1514;6,0;;;;;;;
2025-08-29;14,0;30,0;0,1;14,7827;13,05;1,72917;16,0;;;;;;;
2025-08-30;18,0;36,0;0,16;25,2653;19,42;5,84485;9,0;;;;;;;
2025-08-31;25,0;49,0;0,25;31,1322;19,08;12,0503;9,0;;;;;;;
2025-09-01;29,0;68,0;0,43;69,3278;23,07;46,2599;11,0;;;;;;;
2025-09-02;16,0;42,0;0,13;25,7433;17,82;7,92808;8,0;;;;;;;
2025-09-03;20,0;59,0;0,19;38,8047;21,14;17,6637;10,0;;;;;;;
2025-09-04;32,0;103,0;0,39;86,8022;30,1;56,7;11,0;;;;;;;
2025-09-05;30,0;102,0;0,32;65,7988;28,17;37,6317;13,0;;;;;;;
2025-09-06;25,0;52,0;0,13;23,969;18,08;5,88501;8,0;;;;;;;
2025-09-07;17,0;34,0;0,11;11,572;10,11;1,45809;16,0;;;;;;;
2025-09-08;14,0;52,0;0,19;35,4736;17,43;18,0414;16,0;;;;;;;
2025-09-09;16,0;64,0;0,29;54,807;23,1;31,7116;15,0;;;;;;;
2025-09-10;12,0;56,0;0,19;47,6322;23,01;24,6253;10,0;;;;;;;
2025-09-11;22,0;90,0;0,3;72,2445;25,99;46,2519;15,0;;;;;;;
2025-09-12;26,0;96,0;0,45;65,6658;24,84;40,8272;20,0;;;;;;;
2025-09-13;10,0;40,0;0,11;19,1149;13,33;5,78376;19,0;;;;;;;
2025-09-14;13,0;41,0;0,12;17,2294;12,75;4,47615;16,0;;;;;;;
2025-09-15;21,0;85,0;0,25;56,8093;26,05;30,7547;14,0;;;;;;;
2025-09-16;25,0;76,0;0,31;59,6727;27,48;32,1921;21,0;;;;;;;
2025-09-17;22,0;53,0;0,14;21,1125;16,45;4,65896;17,0;;;;;;;
2025-09-18;23,0;54,0;0,12;18,4401;12,64;5,80012;19,0;;;;;;;
2025-09-19;14,0;53,0;0,15;19,1507;11,85;7,29633;21,0;;;;;;;
2025-09-20;7,0;19,0;0,1;10,9482;8,01;2,93739;17,0;;;;;;;
2025-09-21;5,0;9,0;0,1;8,46902;6,8;1,66743;22,0;;;;;;;
2025-09-22;11,0;45,0;0,18;43,903;21,19;22,7102;11,0;;;;;;;
2025-09-23;20,0;68,0;0,24;69,3278;25,79;43,5366;16,0;;;;;;;
2025-09-24;21,0;70,0;0,28;63,0373;26,51;36,5273;22,0;;;;;;;
2025-09-25;17,0;62,0;0,16;44,2677;21,6;22,6721;18,0;;;;;;;
2025-09-26;11,0;31,0;0,19;26,4991;14,79;11,7102;13,0;;;;;;;
2025-09-27;16,0;42,0;0,35;52,3162;18,21;34,1061;15,0;;;;;;;
2025-09-28;21,0;50,0;;43,0292;16,3;26,7253;20,0;;;;;;;
2025-09-29;10,0;35,0;0,11;20,3834;13,33;7,05069;13,0;;;;;;;
2025-09-30;15,0;50,0;0,14;30,675;19,66;11,0111;16,0;;;;;;;
2025-10-01;20,0;72,0;0,27;50,2503;24,79;25,4648;20,0;;;;;;;
2025-10-02;21,0;74,0;0,25;46,3788;27,36;19,0189;25,0;;;;;;;
2025-10-03;18,0;76,0;0,17;35,1669;18,31;16,8607;18,0;;;;;;;
2025-10-04;6,0;22,0;0,1;7,34172;5,72;1,61847;25,0;;;;;;;
2025-10-05;5,0;12,0;0,11;9,20166;7,33;1,87094;24,0;;;;;;;
2025-10-06;10,0;36,0;0,18;36,41;19,74;16,6651;13,0;;;;;;;
2025-10-07;15,0;49,0;0,19;42,4435;22,35;20,0977;16,0;;;;;;;
2025-10-08;16,0;54,0;0,2;42,5871;23,83;18,7541;19,0;;;;;;;
2025-10-09;18,0;60,0;0,27;45,9794;24,34;21,6438;20,0;;;;;;;
2025-10-10;17,0;69,0;0,22;44,4876;18,28;26,2073;15,0;;;;;;;
2025-10-11;8,0;37,0;0,11;11,3163;8,86;2,45806;22,0;;;;;;;
2025-10-12;12,0;43,0;0,13;21,1901;14,41;6,78246;22,0;;;;;;;
2025-10-13;14,0;52,0;0,13;30,4852;18,23;12,2507;21,0;;;;;;;
2025-10-14;15,0;62,0;0,12;;16,22;;21,0;;;;;;;
2025-10-15;16,0;53,0;0,13;;15,71;;19,0;;;;;;;
2025-10-16;15,0;57,0;0,12;32,9084;22,07;10,8412;19,0;;;;;;;
2025-10-17;16,0;67,0;0,19;41,1617;25,36;15,8019;22,0;;;;;;;
2025-10-18;18,0;63,0;0,22;44,2087;24,6;19,6087;29,0;;;;;;;
2025-10-19;16,0;52,0;0,11;19,2706;15,08;4,18998;20,0;;;;;;;
2025-10-20;15,0;57,0;0,11;26,936;16,87;10,066;19,0;;;;;;;
2025-10-21;15,0;64,0;0,15;38,9375;23,31;15,6292;15,0;;;;;;;
2025-10-22;15,0;63,0;0,11;28,1803;16,88;11,2981;27,0;;;;;;;
2025-10-23;12,0;57,0;0,11;30,9699;20,02;10,9477;13,0;;;;;;;
2025-10-24;11,0;50,0;0,11;23,5442;13,98;9,56833;16,0;;;;;;;
2025-10-25;9,0;36,0;0,1;13,9192;10,52;3,40146;24,0;;;;;;;
2025-10-26;12,0;40,0;0,12;18,7075;13,97;4,73594;22,0;;;;;;;
2025-10-27;10,0;44,0;0,11;23,4262;14,25;9,17993;15,0;;;;;;;
2025-10-28;14,0;52,0;0,12;28,8496;16,96;11,8891;22,0;;;;;;;
2025-10-29;16,0;52,0;0,12;24,4946;14,45;10,0433;22,0;;;;;;;
2025-10-30;12,0;50,0;0,11;;12,47;;24,0;;;;;;;
2025-10-31;12,0;48,0;0,1;;2,22;;19,0;;;;;;;
2025-11-01;9,0;27,0;0,11;;0,34;;22,0;;;;;;;
2025-11-02;12,0;43,0;0,12;;;;25,0;;;;;;;
2025-11-03;11,0;40,0;0,11;;;;18,0;;;;;;;
2025-11-04;10,0;36,0;0,1;;;;24,0;;;;;;;
2025-11-05;11,0;42,0;0,13;;11,83;;22,0;;;;;;;
2025-11-06;10,0;29,0;0,1;10,4115;8,59;1,82542;18,0;;;;;;;
2025-11-07;9,0;28,0;0,13;19,8791;13,51;6,37112;19,0;;;;;;;
2025-11-08;13,0;44,0;0,13;18,3189;11,52;6,79901;19,0;;;;;;;
2025-11-09;11,0;31,0;0,1;5,35597;4,35;1,00559;24,0;;;;;;;
2025-11-10;11,0;41,0;0,12;16,7159;10,04;6,68014;21,0;;;;;;;
2025-11-11;9,0;37,0;0,11;14,674;10,58;4,0982;18,0;;;;;;;
2025-11-12;13,0;49,0;0,14;24,5712;17,05;7,52621;21,0;;;;;;;
2025-11-13;15,0;60,0;0,15;27,6523;19,95;7,70448;25,0;;;;;;;
2025-11-14;17,0;61,0;0,12;21,6685;14,74;6,9249;24,0;;;;;;;
2025-11-15;14,0;38,0;0,1;9,77264;7,66;2,10778;22,0;;;;;;;
2025-11-16;11,0;30,0;0,1;9,17744;7,76;1,41778;20,0;;;;;;;
2025-11-17;13,0;49,0;0,13;22,4474;16,13;6,32173;22,0;;;;;;;
2025-11-18;16,0;67,0;0,12;20,7911;15,92;4,87038;22,0;;;;;;;
2025-11-19;12,0;67,0;0,11;17,3276;12,41;4,91406;26,0;;;;;;;
2025-11-20;13,0;54,0;0,11;21,959;17,55;4,40955;10,0;;;;;;;
2025-11-21;16,0;58,0;0,18;34,8444;18,41;16,4355;28,0;;;;;;;
2025-11-22;17,0;55,0;0,11;21,8918;16,2;5,6893;30,0;;;;;;;
2025-11-23;16,0;49,0;0,11;14,3166;11,32;2,99893;23,0;;;;;;;
2025-11-24;16,0;52,0;0,11;15,5111;10,88;4,63139;22,0;;;;;;;
2025-11-25;19,0;53,0;0,11;14,0597;10,4;3,65507;19,0;;;;;;;
2025-11-26;15,0;41,0;0,1;12,3502;10,28;2,06736;18,0;;;;;;;
2025-11-27;13,0;51,0;0,13;21,2182;14,69;6,52536;22,0;;;;;;;
2025-11-28;9,0;39,0;0,1;10,5666;8,46;2,10417;20,0;;;;;;;
2025-11-29;8,0;29,0;0,1;9,18352;6,74;2,44507;18,0;;;;;;;
2025-11-30;13,0;31,0;0,11;8,08398;6,42;1,66106;18,0;;;;;;;
2025-12-01;10,0;43,0;0,11;13,4798;9,18;4,29496;20,0;;;;;;;
2025-12-02;11,0;45,0;0,11;13,9115;10,16;3,75549;24,0;;;;;;;
2025-12-03;13,0;60,0;0,12;18,4729;13,07;5,39986;26,0;;;;;;;
2025-12-04;12,0;56,0;0,11;;7,05;;18,0;;;;;;;
2025-12-05;15,0;47,0;0,12;;5,12;;22,0;;;;;;;
2025-12-06;17,0;51,0;0,16;;5,91;;13,0;;;;;;;
2025-12-07;12,0;28,0;0,1;;2,05;;19,0;;;;;;;
2025-12-08;12,0;34,0;0,11;;2,37;;28,0;;;;;;;
2025-12-09;17,0;48,0;0,12;;2,91;;19,0;;;;;;;
2025-12-10;13,0;44,0;0,1;;1,95;;17,0;;;;;;;
2025-12-11;12,0;34,0;0,1;;5,59;;12,0;;;;;;;
2025-12-12;13,0;43,0;0,11;;10,9;;15,0;;;;;;;
2025-12-13;9,0;34,0;0,1;12,6137;8,47;4,14184;14,0;;;;;;;
2025-12-14;8,0;26,0;0,1;7,60676;6,17;1,43455;12,0;;;;;;;
2025-12-15;10,0;40,0;0,12;19,3729;11,81;7,56173;21,0;;;;;;;
2025-12-16;32,0;76,0;0,19;24,5003;16,88;7,62458;31,0;;;;;;;
2025-12-17;31,0;80,0;0,17;22,3475;15,35;6,99307;21,0;;;;;;;
2025-12-18;16,0;54,0;0,13;20,8776;13,74;7,14253;24,0;;;;;;;
2025-12-19;14,0;48,0;0,11;17,8209;11,11;6,70656;17,0;;;;;;;
2025-12-20;10,0;31,0;0,1;7,36371;6,16;1,20306;17,0;;;;;;;
2025-12-21;8,0;25,0;0,1;6,76711;5,41;1,36184;20,0;;;;;;;
2025-12-22;11,0;39,0;0,1;12,2341;8,64;3,59476;18,0;;;;;;;
2025-12-23;16,0;49,0;0,11;19,2676;11,97;7,29272;22,0;;;;;;;
2025-12-24;18,0;50,0;0,11;15,6438;9,76;5,88346;26,0;;;;;;;
2025-12-25;13,0;42,0;0,1;8,74597;7,35;1,39122;29,0;;;;;;;
2025-12-26;13,0;45,0;0,1;9,27344;7,13;2,13879;23,0;;;;;;;
2025-12-27;14,0;43,0;0,11;12,513;9,32;3,19399;27,0;;;;;;;
2025-12-28;14,0;37,0;0,1;10,2017;7,83;2,36743;25,0;;;;;;;
2025-12-29;19,0;56,0;0,12;20,2387;12,04;8,19389;27,0;;;;;;;
2025-12-30;18,0;56,0;0,12;23,8116;13,74;10,0746;26,0;;;;;;;
2025-12-31;20,0;57,0;0,11;24,954;14,51;10,4449;26,0;;;;;;;
2026-01-01;25,0;51,0;0,13;11,969;9,47;2,49745;25,0;;;;;;;
2026-01-02;15,0;48,0;0,11;14,2075;9,58;4,62477;17,0;;;;;;;
2026-01-03;11,0;37,0;0,1;10,9389;7,49;3,45022;19,0;;;;;;;
2026-01-04;11,0;29,0;0,1;5,66695;4,63;1,04083;19,0;;;;;;;
2026-01-05;11,0;31,0;0,1;11,079;9,13;1,95167;15,0;;;;;;;
2026-01-06;11,0;39,0;;9,56625;7,5;2,06687;27,0;;;;;;;
2026-01-07;14,0;52,0;0,14;21,0315;12,16;8,87648;23,0;;;;;;;
2026-01-08;14,0;51,0;0,11;15,6797;12,44;3,23993;20,0;;;;;;;
2026-01-09;17,0;49,0;0,11;17,9088;13,41;4,49389;29,0;;;;;;;
2026-01-10;22,0;51,0;0,11;12,7727;9,62;3,15483;30,0;;;;;;;
2026-01-11;17,0;46,0;0,1;11,2213;8,87;2,35081;25,0;;;;;;;
2026-01-12;18,0;54,0;0,13;20,5338;12,99;7,54877;19,0;;;;;;;
2026-01-13;14,0;51,0;0,11;17,3336;11,66;5,67272;23,0;;;;;;;
2026-01-14;13,0;60,0;0,11;16,4355;9,59;6,8441;22,0;;;;;;;
2026-01-15;14,0;45,0;0,1;12,8348;8,53;4,30295;26,0;;;;;;;
2026-01-16;19,0;59,0;0,12;16,6577;12,73;3,92551;36,0;;;;;;;
2026-01-17;19,0;53,0;0,1;19,2159;12,97;6,24912;36,0;;;;;;;
2026-01-18;24,0;69,0;0,13;12,1913;9,05;3,14563;37,0;;;;;;;
2026-01-19;28,0;87,0;0,11;15,3786;10,86;4,51642;36,0;;;;;;;
2026-01-20;33,0;84,0;0,11;16,91;12,72;4,18833;34,0;;;;;;;
2026-01-21;21,0;68,0;0,11;;11,79;;29,0;;;;;;;
2026-01-22;22,0;58,0;0,11;;11,16;;39,0;;;;;;;
2026-01-23;28,0;64,0;0,11;;11,7;;34,0;;;;;;;
2026-01-24;22,0;51,0;0,1;;8,01;;35,0;;;;;;;
2026-01-25;12,0;36,0;0,1;;7,11;;20,0;;;;;;;
2026-01-26;10,0;28,0;0,1;;7,57;;24,0;;;;;;;
2026-01-27;10,0;35,0;0,1;;8,79;;26,0;;;;;;;
2026-01-28;14,0;50,0;0,11;23,4151;13,05;10,3635;31,0;;;;;;;
2026-01-29;17,0;58,0;0,14;27,8433;14,37;13,4698;24,0;;;;;;;
2026-01-30;10,0;39,0;0,1;13,1974;9,13;4,06715;23,0;;;;;;;
2026-01-31;11,0;28,0;0,1;12,003;8,89;3,11743;18,0;;;;;;;
2026-02-01;15,0;28,0;0,1;11,1674;8,92;2,24769;29,0;;;;;;;
2026-02-02;11,0;31,0;0,1;12,1431;7,88;4,26167;23,0;;;;;;;
2026-02-03;10,0;29,0;0,1;9,99838;7,69;2,30965;21,0;;;;;;;
2026-02-04;10,0;32,0;0,1;16,562;9,41;7,14875;19,0;;;;;;;
2026-02-05;9,0;33,0;0,1;14,3601;8,14;6,21774;21,0;;;;;;;
2026-02-06;11,0;42,0;0,11;16,047;10,56;5,4891;28,0;;;;;;;
2026-02-07;12,0;49,0;0,14;23,1361;14,39;8,74503;33,0;;;;;;;
2026-02-08;11,0;41,0;0,1;12,6512;9,43;3,21958;22,0;;;;;;;
2026-02-09;7,0;34,0;0,1;17,2901;8,31;8,98079;20,0;;;;;;;
2026-02-10;6,0;38,0;0,1;12,8618;6,94;5,9257;19,0;;;;;;;
2026-02-11;12,0;46,0;0,1;16,8711;10,4;6,46834;23,0;;;;;;;
2026-02-12;14,0;57,0;0,1;19,2391;13,17;6,06507;29,0;;;;;;;
2026-02-13;13,0;56,0;0,11;22,2496;15,65;6,60391;;;;;;;;
2026-02-14;9,0;44,0;0,11;16,1442;10,52;5,62555;;;;;;;;
2026-02-15;10,0;33,0;0,1;10,7113;7,39;3,32424;;;;;;;;
2026-02-16;12,0;49,0;0,11;25,8287;13,58;12,2479;;;;;;;;
2026-02-17;13,0;52,0;0,12;27,3028;14,94;12,3634;24,0;;;;;;;
2026-02-18;11,0;56,0;0,11;20,0736;12,31;7,76238;23,0;;;;;;;
2026-02-19;12,0;54,0;0,11;21,7495;13,39;8,36423;33,0;;;;;;;
2026-02-20;13,0;64,0;0,11;20,4428;13,92;6,52616;25,0;;;;;;;
2026-02-21;13,0;55,0;0,11;15,5875;10,15;5,44063;32,0;;;;;;;
2026-02-22;16,0;49,0;0,12;16,8595;11,51;5,35303;31,0;;;;;;;
2026-02-23;16,0;66,0;0,12;24,7634;15,26;9,50339;27,0;;;;;;;
2026-02-24;15,0;59,0;0,14;31,6049;17,24;14,3655;31,0;;;;;;;
2026-02-25;12,0;56,0;0,14;31,0634;17,38;13,6845;24,0;;;;;;;
2026-02-26;13,0;56,0;0,13;33,2044;17,09;16,1128;21,0;;;;;;;
2026-02-27;11,0;56,0;0,12;32,7241;15,68;17,0465;19,0;;;;;;;
2026-02-28;10,0;46,0;0,11;22,4;11,71;10,6925;27,0;;;;;;;
2026-03-01;9,0;35,0;0,14;20,9058;9,68;11,2295;21,0;;;;;;;
2026-03-02;7,0;35,0;0,1;15,2009;6,88;8,31828;14,0;;;;;;;
2026-03-03;12,0;59,0;0,11;22,5106;14,1;8,41489;24,0;;;;;;;
2026-03-04;13,0;69,0;0,12;;18,35;;28,0;;;;;;;
2026-03-05;16,0;76,0;0,12;;21,48;;22,0;;;;;;;
2026-03-06;18,0;84,0;0,14;;22,76;;31,0;;;;;;;
2026-03-07;13,0;55,0;0,1;;15,33;;21,0;;;;;;;
2026-03-08;11,0;39,0;0,1;;13,34;;;;;;;;;
2026-03-09;13,0;64,0;0,13;;19,22;;;;;;;;;
2026-03-10;15,0;69,0;0,13;;23,85;;14,0;;;;;;;
2026-03-11;17,0;76,0;0,16;;22,36;;;;;;;;;
2026-03-12;20,0;102,0;0,21;;27,57;;;;;;;;;
2026-03-13;22,0;116,0;0,15;;34,62;;;;;;;;;
2026-03-14;19,0;122,0;0,1;;31,25;;;;;;;;;
2026-03-15;16,0;94,0;0,1;;26,01;;;;;;;;;
2026-03-16;11,0;;0,14;;17,35;;12,0;;;;;;;
2026-03-17;9,0;47,0;0,12;24,562;12,71;11,8527;20,0;;;;;;;
2026-03-18;14,0;63,0;0,17;43,7877;18,79;24,9933;27,0;;;;;;;
2026-03-19;11,0;53,0;0,12;27,4564;15,21;12,2482;23,0;;;;;;;
2026-03-20;7,0;28,0;0,1;20,8618;10,93;9,92976;12,0;;;;;;;
2026-03-21;10,0;20,0;0,1;16,2869;9,09;7,20151;23,0;;;;;;;
2026-03-22;11,0;24,0;0,19;;13,6;;10,0;;;;;;;
2026-03-23;15,0;39,0;0,19;46,7265;18,15;28,4074;15,0;;;;;;;
2026-03-24;15,0;50,0;0,19;43,4278;17,9;25,5282;21,0;;;;;;;
2026-03-25;15,0;48,0;0,18;30,5019;16,31;14,1898;23,0;;;;;;;
2026-03-26;16,0;56,0;0,13;29,319;16,99;12,329;26,0;;;;;;;
2026-03-27;18,0;65,0;0,14;30,5794;17,44;13,1365;30,0;;;;;;;
2026-03-28;23,0;60,0;0,12;21,0389;15,1;5,93478;30,0;;;;;;;
2026-03-29;17,0;52,0;0,19;24,231;15,93;8,29974;31,0;;;;;;;
2026-03-30;19,0;57,0;0,19;36,1743;19,81;16,3661;27,0;;;;;;;
2026-03-31;21,0;61,0;0,15;31,7889;20,06;11,7291;28,0;;;;;;;
2026-04-01;19,0;57,0;0,16;26,7715;15,54;11,2335;23,0;;;;;;;
2026-04-02;;72,0;0,21;38,4058;18,73;19,6741;28,0;;;;;;;
2026-04-03;;70,0;0,26;30,5412;19,3;11,2431;31,0;;;;;;;
2026-04-04;;71,0;0,42;49,4695;21,63;27,8367;27,0;;;;;;;
2026-04-05;;54,0;0,21;30,5991;12,2;18,4026;18,0;;;;;;;
2026-04-06;;49,0;0,14;25,4544;14,29;11,1645;17,0;;;;;;;
2026-04-07;19,0;80,0;0,25;51,1037;23,77;27,329;26,0;;;;;;;
2026-04-08;20,0;72,0;0,19;33,0042;20,67;12,3354;26,0;;;;;;;
2026-04-09;21,0;73,0;0,14;28,488;19,1;9,38458;24,0;;;;;;;
2026-04-10;18,0;51,0;0,1;18,0944;13,87;4,22389;16,0;;;;;;;
2026-04-11;17,0;55,0;0,1;10,8676;9,01;1,86014;34,0;;;;;;;
2026-04-12;17,0;60,0;0,14;25,0609;16,42;8,64291;26,0;;;;;;;
2026-04-13;20,0;67,0;0,15;33,937;20,39;13,5436;27,0;;;;;;;
2026-04-14;19,0;62,0;0,16;27,1627;16,97;10,1923;15,0;;;;;;;
2026-04-15;27,0;94,0;0,39;75,4741;30,64;44,8312;19,0;;;;;;;
2026-04-16;22,0;88,0;;73,9775;28,64;45,3327;18,0;;;;;;;
2026-04-17;14,0;66,0;0,1;23,4428;18,37;5,07139;20,0;;;;;;;
2026-04-18;7,0;37,0;0,1;13,3097;10,64;2,67405;15,0;;;;;;;
2026-04-19;8,0;35,0;0,1;12,8109;8,88;3,93019;18,0;;;;;;;
2026-04-20;12,0;24,0;0,11;17,6269;12,9;4,72667;11,0;;;;;;;
2026-04-21;22,0;57,0;0,13;33,7148;17,81;15,909;12,0;;;;;;;
2026-04-22;22,0;61,0;0,18;45,8648;22,59;23,2767;16,0;;;;;;;
2026-04-23;23,0;75,0;0,35;74,3104;27,14;47,1696;16,0;;;;;;;
2026-04-24;24,0;70,0;0,2;54,3485;23,07;31,2815;17,0;;;;;;;
2026-04-25;29,0;71,0;0,3;51,9551;22,19;29,7655;19,0;;;;;;;
2026-04-26;25,0;68,0;0,41;53,7039;21,3;32,4009;15,0;;;;;;;
2026-04-27;20,0;67,0;0,24;62,1564;26,34;35,8156;10,0;;;;;;;
2026-04-28;16,0;59,0;0,15;40,205;22,18;18,0219;16,0;;;;;;;
2026-04-29;16,0;66,0;0,21;47,4076;26,5;20,9059;17,0;;;;;;;
2026-04-30;20,0;74,0;;77,1089;24,91;52,1998;16,0;;;;;;;
2026-05-01;28,0;54,0;0,32;27,83;14,62;13,2071;11,0;;;;;;;
2026-05-02;41,0;89,0;0,45;56,6009;24,15;32,4548;20,0;;;;;;;
2026-05-03;23,0;65,0;;48,9122;21,8;27,1072;22,0;;;;;;;
2026-05-04;23,0;90,0;0,53;95,3;31,68;63,618;10,0;;;;;;;
2026-05-05;22,0;92,0;;82,0129;28,78;53,2299;12,0;;;;;;;
2026-05-06;9,0;33,0;0,15;38,4215;17,54;20,8865;8,0;;;;;;;
2026-05-07;10,0;31,0;0,1;19,5442;12,87;6,67125;15,0;;;;;;;
2026-05-08;17,0;48,0;0,12;36,9724;19,56;17,4157;11,0;;;;;;;
2026-05-09;33,0;82,0;0,72;89,7526;29,42;60,3329;12,0;;;;;;;
2026-05-10;37,0;97,0;1,07;120,149;34,83;85,3221;15,0;;;;;;;
2026-05-11;29,0;88,0;0,41;98,7896;36,12;62,6647;12,0;;;;;;;
2026-05-12;30,0;66,0;0,17;53,6078;23,61;29,9947;7,0;;;;;;;
2026-05-13;53,0;107,0;;101,766;35,74;66,0231;6,0;;;;;;;
2026-05-14;65,0;154,0;0,7;119,433;42,84;76,59;10,0;;;;;;;
2026-05-15;47,0;116,0;0,39;96,6265;36,8;59,8254;7,0;;;;;;;
2026-05-16;49,0;93,0;0,26;44,4342;23,04;21,3975;16,0;;;;;;;
2026-05-17;50,0;111,0;0,87;98,4135;31,92;66,4907;18,0;;;;;;;
2026-05-18;30,0;104,0;0,6;126,996;40,09;86,9014;9,0;;;;;;;
2026-05-19;39,0;125,0;0,55;132,609;44,61;87,9957;10,0;;;;;;;
2026-05-20;60,0;152,0;;145,454;46,58;98,8726;6,0;;;;;;;
2026-05-21;52,0;80,0;0,27;39,7074;24,13;15,5767;6,0;;;;;;;
2026-05-22;61,0;102,0;0,41;81,9088;34,74;47,165;6,0;;;;;;;
2026-05-23;56,0;86,0;0,38;42,3382;25,61;16,7294;5,0;;;;;;;
2026-05-24;91,0;137,0;0,6;70,7745;38,41;32,3619;6,0;;;;;;;
2026-05-25;57,0;131,0;1,18;157,72;44,24;113,483;6,0;;;;;;;
2026-05-26;28,0;97,0;0,79;148,458;41,16;107,297;7,0;;;;;;;
2026-05-27;36,0;103,0;;86,7965;31,65;55,1434;10,0;;;;;;;
2026-05-28;41,0;120,0;;131,675;36,03;95,6418;9,0;;;;;;;
2026-05-29;59,0;161,0;0,74;158,271;50,38;107,888;6,0;;;;;;;
2026-05-30;53,0;129,0;;130,9;44,4;86,5021;14,0;;;;;;;
2026-05-31;38,0;67,0;0,1;32,4528;19,32;13,1338;7,0;;;;;;;
2026-06-01;51,0;103,0;0,29;52,9111;26,44;26,4747;6,0;;;;;;;
2026-06-02;69,0;150,0;0,58;137,827;46,98;90,8442;4,0;;;;;;;
2026-06-03;57,0;151,0;;160,787;46,65;114,138;4,0;;;;;;;
2026-06-04;39,0;123,0;;138,689;42,17;96,5173;8,0;;;;;;;
2026-06-05;44,0;101,0;0,33;74,8578;26,1;48,7531;3,0;;;;;;;
2026-06-06;55,0;113,0;;59,8602;27,84;32,0228;8,0;;;;;;;
2026-06-07;67,0;136,0;0,92;105,05;33,05;71,9965;15,0;;;;;;;
2026-06-08;45,0;109,0;;86,8011;35,7;51,1056;11,0;;;;;;;
2026-06-09;24,0;70,0;0,27;49,9944;22,47;27,5289;5,0;;;;;;;
2026-06-10;23,0;56,0;0,28;66,5557;24,28;42,2711;6,0;;;;;;;
2026-06-11;30,0;88,0;0,4;130,424;31,82;98,5992;4,0;;;;;;;
2026-06-12;44,0;125,0;0,81;193,639;41,44;152,196;3,0;;;;;;;
2026-06-13;57,0;145,0;0,93;212,082;50,29;161,793;3,0;;;;;;;
2026-06-14;83,0;166,0;;175,714;50,04;125,679;9,0;;;;;;;
2026-06-15;66,0;155,0;;202,163;56,1;146,066;3,0;;;;;;;
2026-06-16;73,0;196,0;0,96;286,992;71,25;215,743;2,0;;;;;;;
2026-06-17;47,0;105,0;;131,694;33,87;97,8199;3,0;;;;;;;
2026-06-18;26,0;58,0;0,24;53,4597;27,66;25,7986;6,0;;;;;;;
2026-06-19;34,0;95,0;0,68;127,534;31,41;96,1207;6,0;;;;;;;
2026-06-20;29,0;69,0;;65,4366;23,29;42,144;9,0;;;;;;;
2026-06-21;17,0;37,0;0,26;28,8867;14,41;14,4755;17,0;;;;;;;
2026-06-22;29,0;72,0;;91,3347;27,71;63,6238;7,0;;;;;;;
2026-06-23;29,0;89,0;0,36;113,345;32,19;81,1584;6,0;;;;;;;
2026-06-24;53,0;151,0;0,66;219,895;48,16;171,739;2,0;;;;;;;
2026-06-25;40,0;131,0;1,0;191,655;46,37;145,28;4,0;;;;;;;
2026-06-26;37,0;111,0;0,41;132,382;41,27;91,1112;6,0;;;;;;;
2026-06-27;42,0;94,0;0,42;77,4193;28,85;48,5732;11,0;;;;;;;
2026-06-28;47,0;97,0;;86,9031;25,39;61,5098;12,0;;;;;;;
2026-06-29;42,0;95,0;;88,0582;30,25;57,8064;11,0;;;;;;;
2026-06-30;36,0;94,0;0,35;105,631;32,94;72,6885;8,0;;;;;;;
2026-07-01;21,0;61,0;0,12;50,9678;24,9;26,0656;8,0;;;;;;;
2026-07-02;39,0;111,0;0,46;121,089;34,76;86,3271;;;;;;;;
2026-07-03;51,0;117,0;;135,501;36,92;98,5773;10,0;;;;;;;
2026-07-04;37,0;87,0;0,47;85,2306;29,51;55,7164;8,0;;;;;;;
2026-07-05;30,0;61,0;0,46;73,7144;26,26;47,4584;11,0;;;;;;;
2026-07-06;39,0;117,0;0,77;189,086;47,15;141,94;3,0;;;;;;;
2026-07-07;38,0;135,0;0,65;223,874;53,57;170,305;3,0;;;;;;;
2026-07-08;43,0;148,0;0,51;199,617;51,9;147,718;;;;;;;;
2026-07-09;62,0;203,0;0,93;279,689;65,49;214,195;2,0;;;;;;;
2026-07-10;40,0;112,0;;171,536;45,42;126,113;3,0;;;;;;;
2026-07-11;37,0;89,0;;122,092;33,94;88,1515;10,0;;;;;;;
2026-07-12;47,0;117,0;;113,497;36,95;76,5419;14,0;;;;;;;
2026-07-13;32,0;79,0;0,38;;36,28;;;;;;;;;
2026-07-14;29,0;89,0;0,41;;34,42;;;;;;;;;
2026-07-15;23,0;91,0;0,36;;35,48;;4,0;;;;;;;
2026-07-16;6,0;30,0;0,2;;16,22;;13,0;;;;;;;
2026-07-17;4,0;10,0;0,34;;21,5;;10,0;;;;;;;
2026-07-18;7,0;18,0;0,53;;19,37;;14,0;;;;;;;
2026-07-19;25,0;60,0;0,59;;24,69;;4,0;;;;;;;
2026-07-20;12,0;24,0;0,23;;24,83;;4,0;;;;;;;
2026-07-21;13,0;22,0;0,47;64,8523;24,38;40,4685;5,0;;;;;;;
2026-07-22;21,0;73,0;0,7;112,76;30,5;82,2582;;;;;;;;
2026-07-23;15,0;48,0;0,39;70,8588;29,09;41,7725;;;;;;;;
2026-07-24;30,0;85,0;1,22;123,544;34,06;89,4792;3,0;;;;;;;
2026-07-25;28,0;53,0;0,58;108,54;24,58;83,9633;2,0;;;;;;;
2026-07-26;24,0;56,0;0,51;;17,02;;5,0;;;;;;;
2026-07-27;9,0;35,0;;;11,86;;9,0;;;;;;;
2026-07-28;6,0;30,0;0,29;;13,13;;11,0;;;;;;;
2026-07-29;26,0;110,0;0,72;;24,39;;2,0;;;;;;;
2026-07-30;17,0;70,0;0,41;;17,38;;9,0;;;;;;;
2026-07-31;12,0;43,0;0,39;;16,24;;11,0;;;;;;;
2026-08-01;29,0;80,0;0,56;;22,48;;;;;;;;;
2026-08-02;10,0;29,0;0,43;;16,93;;8,0;;;;;;;
2026-08-03;25,0;84,0;0,95;;25,11;;;;;;;;;
2026-08-04;26,0;107,0;1,14;118,69;23,75;94,8311;3,0;;;;;;;
2026-08-05;34,0;116,0;1,16;114,981;29,81;85,6493;3,0;;;;;;;
2026-08-06;8,0;32,0;0,33;31,4152;16,89;14,7671;12,0;;;;;;;
2026-08-07;16,0;49,0;0,41;39,0386;15,04;24,2075;;;;;;;;
2026-08-08;5,0;24,0;0,2;16,6211;11,75;4,98752;21,0;;;;;;;
2026-08-09;14,0;43,0;0,38;25,5704;16,47;9,37598;16,0;;;;;;;
2026-08-10;19,0;64,0;0,45;53,8441;27,5;26,805;4,0;;;;;;;
2026-08-11;32,0;92,0;0,58;67,6378;29,83;38,303;;;;;;;;
2026-08-12;47,0;119,0;0,84;104,906;38,69;66,9022;9,0;;;;;;;
2026-08-13;40,0;116,0;1,3;150,725;44,87;106,669;3,0;;;;;;;
2026-08-14;14,0;54,0;0,43;44,9152;22,18;23,122;9,0;;;;;;;
2026-08-15;11,0;24,0;0,48;33,2732;16,54;16,9642;9,0;;;;;;;
2026-08-16;15,0;29,0;0,58;34,9837;15,83;19,4233;8,0;;;;;;;
2026-08-17;12,0;31,0;0,37;31,4164;18,66;13,1213;8,0;;;;;;;
2026-08-18;18,0;59,0;0,62;61,8055;22,28;39,9454;8,0;;;;;;;
2026-08-19;18,0;66,0;0,58;66,0148;23,55;42,8083;12,0;;;;;;;
2026-08-20;29,0;102,0;0,93;100,616;29,81;71,3384;12,0;;;;;;;
2026-08-21;37,0;137,0;1,07;112,071;38,77;73,9677;15,0;;;;;;;
2026-08-22;30,0;101,0;1,04;98,8063;37,99;61,4442;17,0;;;;;;;
2026-08-23;31,0;89,0;0,86;69,5923;25,75;44,3101;16,0;;;;;;;
2026-08-24;32,0;86,0;0,51;43,4309;21,04;20,2535;8,0;;;;;;;
2026-08-25;11,0;51,0;0,42;40,5222;24,71;16,2394;6,0;;;;;;;
2026-08-26;8,0;25,0;0,41;43,2274;21,41;22,1625;7,0;;;;;;;
2026-08-27;10,0;30,0;0,5;51,8115;16,83;35,2314;13,0;;;;;;;
2026-08-28;9,0;45,0;0,39;38,1423;20,23;18,1733;14,0;;;;;;;
2026-08-29;13,0;57,0;0,57;47,7043;20,3;27,7589;16,0;;;;;;;
2026-08-30;14,0;50,0;0,57;40,9793;16,11;25,1274;18,0;;;;;;;
2026-08-31;6,0;35,0;0,5;45,5706;19,7;25,4179;16,0;;;;;;;
2026-09-01;17,0;87,0;0,83;89,2511;33,7;56,1199;10,0;;;;;;;
2026-09-02;15,0;75,0;0,46;53,319;23,62;30,1012;19,0;;;;;;;
2026-09-03;7,0;50,0;0,29;31,1544;17,26;14,2091;14,0;;;;;;;
2026-09-04;12,0;62,0;0,35;34,6343;21,14;13,8075;18,0;;;;;;;
2026-09-05;23,0;80,0;0,71;69,6171;26,03;43,9482;18,0;;;;;;;
2026-09-06;22,0;69,0;0,76;71,356;23,6;48,1064;21,0;;;;;;;
2026-09-07;10,0;73,0;0,3;37,868;20,68;17,5086;20,0;;;;;;;
2026-09-08;12,0;63,0;0,39;50,9971;23,67;28,7058;18,0;;;;;;;
2026-09-09;11,0;65,0;0,42;43,7514;21,09;23,0483;18,0;;;;;;;
2026-09-10;17,0;88,0;0,5;72,4563;23,35;47,2299;10,0;;;;;;;
2026-09-11;8,0;33,0;0,24;16,0211;10,06;6,08549;23,0;;;;;;;
2026-09-12;16,0;47,0;0,62;34,2906;17,55;16,9948;18,0;;;;;;;
2026-09-13;17,0;60,0;0,63;45,6853;20,21;25,783;25,0;;;;;;;
2026-09-14;18,0;83,0;0,54;77,3629;32,81;45,6768;19,0;;;;;;;
2026-09-15;18,0;74,0;0,64;66,6227;27,89;39,2285;27,0;;;;;;;
2026-09-16;23,0;118,0;0,78;78,7467;35,16;44,166;20,0;;;;;;;
2026-09-17;26,0;105,0;0,77;68,062;28,33;45,3641;34,0;;;;;;;
2026-09-18;22,0;65,0;0,48;25,398;16,76;9,27962;32,0;;;;;;;
2026-09-19;15,0;51,0;0,39;20,4265;12,89;7,72223;15,0;;;;;;;
2026-09-20;;;;;;;;;;;;;;
